decile,response_rate,avg_score,n
10,0.09444444444444444,0.07158706770830012,180
9,0.05,0.04273700693904635,180
8,0.027777777777777776,0.036691543109841296,180
7,0.016666666666666666,0.03308898438530172,180
6,0.005555555555555556,0.03075526122380964,180
5,0.03333333333333333,0.028521951902015157,180
4,0.027777777777777776,0.0263893123297649,180
3,0.05,0.024194893850461308,180
2,0.011111111111111112,0.021385155179698977,180
1,0.016666666666666666,0.016765015941434237,180
