{
  "n_rows": 9000,
  "response_rate": 0.03333333333333333,
  "roc_auc": 0.629243295019157,
  "precision": 0.0,
  "recall": 0.0,
  "f1": 0.0
}