application_id,annual_income,loan_amount,loan_term_months,interest_rate_pct,employment_years,credit_score,debt_to_income,delinquencies_last_2y,credit_utilization,loan_purpose,defaulted
APP-000001,38355.71,34772.73,36,13.42,3.3,654,0.1747,0,0.2525,small_business,0
APP-000002,50126.83,47831.0,60,17.45,9.5,564,0.1857,0,0.5696,home_improvement,0
APP-000003,74065.35,16613.43,36,15.17,12.7,706,0.474,0,0.5122,other,1
APP-000004,48076.51,10012.75,60,14.35,11.9,577,0.0668,0,0.3399,auto,0
APP-000005,56870.19,12750.84,36,13.4,8.1,632,0.3033,0,0.2347,debt_consolidation,0
APP-000006,80337.74,19080.86,36,13.03,6.1,716,0.066,0,0.6676,other,0
APP-000007,54980.38,5856.9,24,15.82,14.3,653,0.5011,1,0.2038,small_business,1
APP-000008,72449.94,10403.05,60,11.07,6.6,714,0.2027,0,0.1266,small_business,1
APP-000009,139616.16,33327.62,36,17.3,10.7,613,0.1371,0,0.429,debt_consolidation,0
APP-000010,59853.21,7906.12,36,10.25,15.3,730,0.118,0,0.1362,home_improvement,0
APP-000011,114487.93,9390.65,36,15.32,10.3,582,0.3054,0,0.2547,home_improvement,0
APP-000012,85019.86,14611.38,36,10.36,2.0,756,0.1811,0,0.5476,other,0
APP-000013,32140.31,17087.91,60,11.92,0.9,652,0.0576,0,0.1483,auto,0
APP-000014,38296.61,10091.02,36,15.12,5.2,769,0.5322,2,0.4686,small_business,0
APP-000015,43565.31,15161.93,36,16.63,9.7,631,0.4134,0,0.1203,home_improvement,0
APP-000016,43123.43,20630.15,36,6.07,8.5,792,0.04,0,0.212,debt_consolidation,0
APP-000017,62243.13,45231.36,24,17.28,16.4,624,0.3458,1,0.7209,medical,0
APP-000018,87305.76,13476.22,36,16.04,8.5,576,0.1905,1,0.3972,debt_consolidation,1
APP-000019,118731.34,14156.82,36,15.11,5.0,682,0.2064,0,0.5039,small_business,0
APP-000020,75362.61,35165.69,24,12.26,1.4,752,0.2039,0,0.655,auto,0
APP-000021,52481.52,10544.8,36,10.46,11.8,726,0.214,0,0.0485,small_business,0
APP-000022,23924.7,6726.29,36,10.6,6.5,747,0.1075,1,0.4895,home_improvement,0
APP-000023,67240.13,16764.99,60,11.22,0.0,727,0.0364,2,0.5558,other,0
APP-000024,65809.02,27067.4,24,15.94,6.6,632,0.1262,1,0.4723,other,1
APP-000025,70965.45,17877.73,60,10.98,2.0,724,0.2664,1,0.3864,small_business,0
APP-000026,178641.79,13706.63,48,14.88,4.6,685,0.2424,1,0.4669,debt_consolidation,0
APP-000027,117904.34,6259.38,60,16.44,6.5,639,0.1669,0,0.4433,home_improvement,1
APP-000028,94747.6,14017.33,36,10.4,2.4,690,0.1817,0,0.5208,debt_consolidation,0
APP-000029,40959.77,29647.52,60,9.35,4.3,677,0.0333,1,0.1097,debt_consolidation,0
APP-000030,50812.88,7087.7,60,11.66,3.2,762,0.5819,0,0.0841,auto,0
APP-000031,62107.2,12581.09,60,14.41,3.3,650,0.3341,0,0.354,auto,0
APP-000032,44799.27,11581.48,60,18.36,2.0,647,0.283,1,0.8929,other,1
APP-000033,82649.62,9674.37,36,18.39,4.3,639,0.3449,0,0.3786,debt_consolidation,1
APP-000034,77146.29,16742.39,60,12.01,2.5,790,0.3127,1,0.7326,home_improvement,1
APP-000035,38551.67,18751.35,60,13.8,9.1,643,0.1677,0,0.4074,home_improvement,1
APP-000036,115452.51,18637.73,36,8.95,7.4,755,0.0718,0,0.5591,debt_consolidation,0
APP-000037,68271.76,8228.46,36,12.23,11.9,620,0.1162,0,0.3394,debt_consolidation,0
APP-000038,28344.5,5581.61,60,13.95,15.0,709,0.042,3,0.5459,home_improvement,1
APP-000039,63417.68,16883.45,36,12.69,9.5,695,0.3535,0,0.5427,debt_consolidation,0
APP-000040,74393.34,10812.64,60,9.73,8.5,752,0.4567,0,0.1598,auto,0
APP-000041,103681.9,42113.56,36,12.19,9.8,743,0.3291,0,0.429,home_improvement,0
APP-000042,55279.3,43257.23,60,12.24,8.6,685,0.1289,0,0.286,small_business,1
APP-000043,96717.82,46004.94,36,15.29,6.7,649,0.3446,2,0.3484,auto,1
APP-000044,71109.11,8405.48,60,7.79,6.4,774,0.2674,0,0.1331,debt_consolidation,0
APP-000045,34576.04,20173.76,36,14.35,1.9,643,0.403,0,0.4456,small_business,0
APP-000046,32953.82,24029.95,60,22.25,10.3,548,0.5327,0,0.566,small_business,1
APP-000047,111409.88,22510.78,36,17.85,6.4,572,0.188,0,0.5886,home_improvement,1
APP-000048,115406.38,11805.88,36,16.56,13.0,586,0.0921,1,0.4968,debt_consolidation,0
APP-000049,75897.5,30449.34,36,11.16,10.6,715,0.2507,0,0.4945,auto,0
APP-000050,133263.25,14504.0,24,11.3,3.7,808,0.2039,1,0.5795,debt_consolidation,0
APP-000051,107938.32,15618.41,60,16.21,12.1,562,0.1601,0,0.4103,debt_consolidation,0
APP-000052,90245.08,5942.95,36,17.19,0.0,635,0.2224,1,0.5092,debt_consolidation,0
APP-000053,41970.11,21075.52,36,12.62,15.2,685,0.3103,0,0.3364,small_business,0
APP-000054,149227.66,12467.31,60,13.68,0.5,770,0.0542,2,0.9723,auto,0
APP-000055,84083.63,18986.35,36,14.56,8.7,634,0.2241,1,0.4043,auto,1
APP-000056,54010.83,16618.47,36,15.69,8.4,714,0.3069,1,0.577,small_business,0
APP-000057,47163.38,16104.39,60,15.1,11.6,665,0.4411,1,0.4448,home_improvement,0
APP-000058,73526.32,14120.6,36,9.39,5.0,831,0.2299,0,0.5715,medical,0
APP-000059,29144.87,22882.59,60,10.48,0.0,688,0.2236,0,0.2455,debt_consolidation,0
APP-000060,90942.77,12920.19,48,9.95,5.0,701,0.1643,0,0.1572,debt_consolidation,0
APP-000061,41127.35,6234.72,36,14.38,5.5,685,0.0263,0,0.7869,auto,0
APP-000062,77655.25,20168.92,48,11.63,0.0,656,0.078,0,0.4516,home_improvement,0
APP-000063,50602.93,9069.58,60,12.15,6.7,735,0.3841,0,0.2048,medical,0
APP-000064,57252.21,6726.65,36,17.09,1.7,613,0.3127,0,0.365,small_business,1
APP-000065,45198.8,8014.46,60,14.08,9.4,564,0.1044,0,0.4632,auto,1
APP-000066,60159.37,17089.79,36,14.14,5.4,671,0.2614,2,0.13,medical,0
APP-000067,160981.5,13710.58,36,12.16,15.3,727,0.1882,1,0.2092,medical,0
APP-000068,126370.22,4208.86,60,9.8,5.3,646,0.02,0,0.0946,debt_consolidation,0
APP-000069,77056.37,11607.23,24,12.26,8.4,691,0.2034,1,0.406,debt_consolidation,0
APP-000070,64215.59,28568.44,36,16.35,5.5,609,0.3327,0,0.6841,home_improvement,1
APP-000071,97475.77,11160.68,36,9.39,0.0,742,0.2935,0,0.2207,debt_consolidation,0
APP-000072,111806.88,13173.04,60,13.46,5.6,718,0.46,0,0.0956,home_improvement,0
APP-000073,43644.38,26551.43,48,11.18,9.9,681,0.1899,1,0.0971,other,0
APP-000074,62628.26,23000.88,36,14.71,9.2,690,0.2641,0,0.5434,debt_consolidation,0
APP-000075,27108.5,26226.34,24,14.02,5.2,599,0.2224,0,0.1935,debt_consolidation,1
APP-000076,111438.88,2903.94,60,15.27,0.0,602,0.184,0,0.3714,debt_consolidation,0
APP-000077,175142.32,39630.22,36,15.95,9.4,673,0.1093,0,0.727,debt_consolidation,0
APP-000078,67547.22,20973.52,36,13.84,8.4,710,0.2155,0,0.4115,auto,0
APP-000079,23438.56,50000.0,36,13.63,10.3,713,0.2878,0,0.5334,medical,0
APP-000080,87064.98,9211.01,48,14.42,5.3,659,0.4338,0,0.2067,small_business,0
APP-000081,42115.86,5214.0,36,11.75,0.0,723,0.2747,0,0.4947,auto,0
APP-000082,47274.9,14560.83,60,12.26,8.9,762,0.4898,0,0.1531,home_improvement,1
APP-000083,87807.24,12359.6,60,15.8,6.5,675,0.2409,2,0.5846,small_business,0
APP-000084,73447.68,21184.58,24,17.17,12.8,698,0.3306,2,0.5182,debt_consolidation,1
APP-000085,51423.49,27047.84,36,14.92,6.6,668,0.1812,2,0.8121,debt_consolidation,1
APP-000086,47587.81,13784.13,36,14.78,6.3,673,0.159,0,0.8067,debt_consolidation,0
APP-000087,69047.08,12610.6,24,14.64,8.4,690,0.4656,1,0.2562,auto,0
APP-000088,53401.77,19635.24,48,8.36,3.8,779,0.2293,0,0.0527,home_improvement,0
APP-000089,38166.32,12496.87,36,8.36,3.6,733,0.111,0,0.3387,debt_consolidation,0
APP-000090,55409.83,11905.01,60,13.88,6.1,728,0.5066,0,0.3952,medical,0
APP-000091,76507.73,26461.4,48,14.12,2.4,654,0.241,0,0.1709,debt_consolidation,0
APP-000092,59674.07,30108.87,36,17.09,5.5,628,0.2052,0,0.7057,auto,0
APP-000093,32980.06,27189.99,60,14.27,15.2,703,0.0687,1,0.7653,home_improvement,0
APP-000094,104494.9,13152.02,36,9.93,11.2,752,0.0244,2,0.5241,home_improvement,0
APP-000095,18000.0,4191.55,36,14.05,7.9,780,0.5698,1,0.541,debt_consolidation,0
APP-000096,52464.25,13305.65,36,20.45,13.5,538,0.4144,0,0.7051,auto,1
APP-000097,48264.29,9342.0,60,13.38,2.8,822,0.3667,0,0.8302,home_improvement,0
APP-000098,69791.56,13449.05,36,13.75,17.7,704,0.2833,0,0.4524,debt_consolidation,1
APP-000099,85113.44,9824.86,36,10.98,4.4,733,0.2098,1,0.2231,debt_consolidation,1
APP-000100,111634.97,14326.62,36,18.87,15.5,579,0.2785,0,0.6346,other,1
APP-000101,46174.74,7935.68,36,16.36,15.5,666,0.1884,3,0.3183,other,1
APP-000102,86137.67,6898.7,36,13.23,0.0,728,0.2576,0,0.2121,auto,0
APP-000103,71405.87,29468.14,48,16.37,13.1,612,0.3109,0,0.382,debt_consolidation,0
APP-000104,28584.04,8262.67,60,20.09,5.2,512,0.2862,0,0.4548,other,1
APP-000105,161846.21,14502.79,60,13.89,3.9,699,0.3394,1,0.2594,small_business,0
APP-000106,32582.5,25223.28,36,14.65,8.9,677,0.0912,1,0.4093,auto,0
APP-000107,79499.12,24641.82,36,10.99,2.0,764,0.0529,0,0.614,home_improvement,0
APP-000108,78379.94,22992.33,24,18.07,8.8,671,0.4057,0,0.8013,debt_consolidation,1
APP-000109,74194.72,17284.52,36,16.32,2.3,675,0.4629,0,0.3688,debt_consolidation,1
APP-000110,51264.08,22066.72,60,13.65,7.3,720,0.2876,1,0.4156,other,0
APP-000111,96685.99,32154.09,36,11.94,12.5,740,0.2249,2,0.6104,home_improvement,1
APP-000112,30735.27,18553.56,60,16.59,8.2,639,0.2919,0,0.3983,debt_consolidation,0
APP-000113,62978.25,4995.67,36,11.88,4.9,735,0.3245,1,0.405,debt_consolidation,0
APP-000114,49586.94,10671.74,60,15.29,8.9,650,0.3581,0,0.3867,medical,0
APP-000115,46959.44,21715.87,60,11.74,0.2,681,0.1691,0,0.4032,debt_consolidation,0
APP-000116,79852.9,10078.79,60,14.38,2.7,719,0.2044,2,0.6891,other,0
APP-000117,109024.97,37107.17,60,11.81,4.6,729,0.2252,1,0.2922,small_business,1
APP-000118,55126.17,13978.28,60,15.64,10.0,698,0.4723,0,0.2535,auto,0
APP-000119,94548.62,15234.96,36,15.49,8.3,617,0.4187,0,0.2074,home_improvement,1
APP-000120,66570.58,27840.74,36,17.15,8.9,572,0.2537,0,0.0766,auto,0
APP-000121,42346.08,13040.97,36,14.16,6.4,669,0.1876,1,0.7738,medical,0
APP-000122,57430.2,16060.93,60,10.03,3.0,736,0.1088,0,0.6248,auto,0
APP-000123,56296.59,24425.81,24,11.91,13.2,706,0.3735,1,0.1784,debt_consolidation,0
APP-000124,46525.03,6173.29,60,10.82,3.4,694,0.0606,0,0.1673,home_improvement,0
APP-000125,79842.75,12288.65,36,16.89,8.4,680,0.507,0,0.7824,debt_consolidation,0
APP-000126,72749.17,23454.39,60,13.57,6.0,698,0.3005,0,0.7082,home_improvement,0
APP-000127,30291.75,15062.33,36,18.94,9.0,622,0.4003,0,0.3773,debt_consolidation,1
APP-000128,29419.41,33960.64,60,15.0,3.8,725,0.4059,1,0.6058,debt_consolidation,0
APP-000129,79697.31,5813.09,24,15.22,11.2,729,0.4604,0,0.3557,debt_consolidation,0
APP-000130,43949.88,5440.92,36,14.65,12.7,659,0.2114,0,0.3198,medical,0
APP-000131,75141.05,22659.22,60,15.28,11.0,705,0.2362,1,0.5959,debt_consolidation,0
APP-000132,94559.99,23958.35,36,21.92,7.2,580,0.3878,2,0.5435,other,1
APP-000133,35315.78,12962.54,36,12.84,4.5,690,0.2952,0,0.3452,medical,0
APP-000134,33011.28,18290.42,60,12.24,19.2,672,0.2856,0,0.3396,home_improvement,0
APP-000135,145200.34,22339.77,60,11.46,2.0,753,0.0949,0,0.6195,medical,0
APP-000136,76948.88,9044.06,36,14.5,10.5,668,0.2559,0,0.5687,debt_consolidation,1
APP-000137,53151.79,9623.2,48,11.55,8.0,730,0.0535,1,0.4362,other,0
APP-000138,41516.7,16186.7,36,12.71,6.2,657,0.0653,1,0.1233,home_improvement,0
APP-000139,50875.2,24496.25,36,20.91,7.3,547,0.3708,1,0.7452,small_business,1
APP-000140,36704.98,7373.51,48,13.59,4.2,667,0.2609,2,0.2372,debt_consolidation,0
APP-000141,99327.76,12927.27,36,11.33,8.4,691,0.2922,0,0.0661,home_improvement,0
APP-000142,44770.38,12584.82,36,17.18,7.9,689,0.3053,2,0.5107,home_improvement,0
APP-000143,109868.46,18477.71,36,13.86,18.5,690,0.4427,0,0.4012,other,0
APP-000144,53628.75,14427.03,60,16.52,11.3,651,0.229,1,0.2827,medical,1
APP-000145,39392.65,10564.89,36,12.55,8.8,661,0.1484,0,0.6341,home_improvement,1
APP-000146,52971.95,29913.71,36,18.77,9.1,615,0.3769,1,0.2714,debt_consolidation,0
APP-000147,18444.89,10605.57,60,16.42,14.8,564,0.1062,0,0.3844,debt_consolidation,1
APP-000148,61339.15,12240.29,60,16.3,2.1,674,0.3337,0,0.6032,medical,0
APP-000149,59903.21,5760.82,36,15.51,5.7,637,0.1795,1,0.3695,home_improvement,0
APP-000150,96569.58,9585.44,60,7.55,0.0,743,0.1473,0,0.4209,debt_consolidation,0
APP-000151,26284.01,19559.73,36,20.48,9.0,553,0.297,1,0.7105,small_business,1
APP-000152,113531.82,17463.23,36,14.09,10.3,697,0.223,0,0.6775,other,1
APP-000153,96377.71,20529.62,36,8.49,2.0,803,0.1319,1,0.1068,debt_consolidation,0
APP-000154,118553.96,19959.76,36,11.66,13.0,669,0.155,0,0.1966,medical,0
APP-000155,63375.73,48668.05,60,13.7,3.3,680,0.2437,0,0.1544,debt_consolidation,0
APP-000156,105747.88,9397.0,36,17.3,5.0,705,0.5319,0,0.3857,auto,0
APP-000157,32078.63,5668.26,60,13.13,7.0,709,0.1789,1,0.3919,debt_consolidation,0
APP-000158,91528.47,7883.94,36,14.02,13.7,656,0.2446,0,0.3234,auto,0
APP-000159,44890.63,9641.06,36,17.95,2.6,622,0.2754,2,0.7703,auto,1
APP-000160,29421.17,8240.32,36,13.02,7.8,718,0.1571,2,0.3379,small_business,1
APP-000161,37894.27,15309.48,36,19.54,10.0,569,0.3767,0,0.6402,debt_consolidation,1
APP-000162,65172.8,29984.74,60,12.78,9.1,728,0.2243,0,0.3134,other,0
APP-000163,43760.15,35415.55,60,13.76,9.2,657,0.2385,0,0.6354,debt_consolidation,1
APP-000164,77859.24,19426.68,60,15.12,9.9,680,0.3715,1,0.5231,debt_consolidation,0
APP-000165,27287.62,50000.0,60,15.1,4.0,650,0.2357,0,0.3236,medical,0
APP-000166,23415.08,11792.36,36,15.2,14.1,763,0.4849,0,0.4607,home_improvement,0
APP-000167,125603.89,5625.37,36,14.66,6.0,694,0.291,1,0.3582,small_business,1
APP-000168,100304.58,26708.77,36,16.61,5.4,661,0.3206,2,0.222,small_business,0
APP-000169,39280.37,4991.64,60,17.65,12.6,660,0.5508,0,0.4877,debt_consolidation,0
APP-000170,64906.48,9358.14,36,19.81,3.7,671,0.5102,1,0.5468,other,1
APP-000171,106033.03,19605.57,24,6.79,7.9,819,0.0435,1,0.2441,debt_consolidation,0
APP-000172,79487.8,13664.04,60,18.41,3.2,604,0.2635,1,0.539,medical,1
APP-000173,69793.04,12979.82,36,14.0,17.8,743,0.3067,0,0.7201,debt_consolidation,0
APP-000174,109953.9,7310.34,36,9.4,16.9,713,0.021,0,0.3047,other,0
APP-000175,45770.75,14409.44,24,8.77,6.0,769,0.084,0,0.2878,debt_consolidation,0
APP-000176,65980.08,25952.63,36,14.67,8.8,716,0.1076,1,0.8543,debt_consolidation,1
APP-000177,64445.5,14668.91,36,13.9,6.5,680,0.093,0,0.6045,home_improvement,0
APP-000178,57023.39,8958.63,60,9.44,4.9,739,0.2699,0,0.5005,other,0
APP-000179,53908.09,7032.74,60,11.33,7.0,693,0.2576,0,0.2794,other,0
APP-000180,67313.72,9066.48,24,12.38,6.3,724,0.3395,1,0.3318,auto,0
APP-000181,66082.43,18205.11,60,9.1,0.0,763,0.2455,0,0.465,other,0
APP-000182,39296.76,17697.76,60,13.67,7.7,685,0.1568,0,0.7887,other,1
APP-000183,95511.75,9114.39,60,15.02,6.3,655,0.3226,0,0.2486,medical,0
APP-000184,40679.42,4022.52,60,16.54,7.9,643,0.2633,0,0.6016,debt_consolidation,0
APP-000185,58535.61,18499.73,60,14.37,6.2,706,0.2252,1,0.4194,small_business,1
APP-000186,56410.35,8614.77,36,20.85,4.9,629,0.3972,0,0.9149,auto,1
APP-000187,77190.55,21624.02,36,14.21,10.4,660,0.1802,0,0.298,home_improvement,0
APP-000188,23505.1,9352.14,36,15.31,8.9,624,0.2013,0,0.436,debt_consolidation,0
APP-000189,99685.87,8175.7,36,14.58,12.8,709,0.2412,0,0.4797,auto,0
APP-000190,46966.37,15847.13,60,14.59,8.7,636,0.2233,1,0.3726,debt_consolidation,0
APP-000191,116742.38,50000.0,48,20.78,5.6,605,0.3628,0,0.734,other,1
APP-000192,51669.52,22389.36,36,15.37,9.3,616,0.163,2,0.0656,debt_consolidation,0
APP-000193,63493.81,15692.08,60,16.2,0.0,647,0.4325,1,0.1382,debt_consolidation,1
APP-000194,162878.51,17854.98,60,14.93,16.0,652,0.2245,1,0.4067,small_business,0
APP-000195,56898.27,5251.44,36,12.27,7.7,695,0.4386,0,0.1394,debt_consolidation,0
APP-000196,117805.53,7562.42,60,14.6,16.3,671,0.0825,2,0.5635,debt_consolidation,0
APP-000197,66229.69,3379.78,36,11.69,2.6,701,0.3574,0,0.3753,medical,1
APP-000198,79343.64,39546.43,36,16.74,1.5,706,0.3631,1,0.5972,other,1
APP-000199,67219.77,35164.34,36,10.7,8.1,723,0.2226,0,0.3243,debt_consolidation,0
APP-000200,97646.72,18210.23,60,15.82,8.1,569,0.09,0,0.4654,debt_consolidation,0
APP-000201,46774.22,15682.03,36,12.4,8.0,615,0.2152,1,0.1605,small_business,0
APP-000202,40530.06,5895.72,36,11.49,7.3,712,0.3511,1,0.2098,other,0
APP-000203,47840.41,12768.16,60,15.14,3.7,692,0.1933,0,0.2815,medical,0
APP-000204,68186.61,41006.72,60,12.68,0.0,737,0.1272,1,0.8062,debt_consolidation,0
APP-000205,58463.01,15648.42,36,15.94,7.8,590,0.2347,0,0.0927,debt_consolidation,0
APP-000206,91406.74,10450.54,36,15.27,0.7,652,0.3847,3,0.2753,debt_consolidation,1
APP-000207,121590.46,5230.29,60,13.29,0.3,663,0.0706,1,0.7114,debt_consolidation,0
APP-000208,40690.1,32288.98,60,12.46,4.8,690,0.1527,0,0.4406,auto,0
APP-000209,45699.71,13922.41,36,15.47,8.4,682,0.2836,0,0.6824,debt_consolidation,0
APP-000210,32622.18,5234.35,36,12.65,15.4,707,0.1301,0,0.7271,medical,0
APP-000211,172253.34,8483.09,36,11.66,10.9,673,0.2526,0,0.0571,auto,0
APP-000212,75235.91,6911.43,60,13.63,12.9,760,0.5781,0,0.5642,medical,0
APP-000213,81833.97,13433.31,36,16.64,9.4,778,0.6175,0,0.6973,debt_consolidation,0
APP-000214,34161.09,16352.9,60,19.3,8.2,615,0.3189,2,0.2548,small_business,0
APP-000215,64963.51,10829.6,24,18.44,17.8,683,0.2405,3,0.7189,auto,0
APP-000216,82998.81,22756.16,60,11.56,0.5,726,0.4424,0,0.3478,auto,1
APP-000217,57573.57,15178.11,24,13.35,4.6,714,0.2383,1,0.3956,debt_consolidation,1
APP-000218,108932.23,26850.64,60,15.77,5.0,656,0.2788,1,0.6141,debt_consolidation,0
APP-000219,197169.98,11786.75,24,9.64,10.5,695,0.0261,1,0.1994,other,0
APP-000220,41256.02,50000.0,36,20.91,2.1,588,0.4361,0,0.6781,home_improvement,1
APP-000221,39796.76,10451.5,36,11.48,9.9,679,0.1647,0,0.1705,debt_consolidation,1
APP-000222,42651.58,8586.72,36,19.96,9.1,595,0.4352,0,0.6868,home_improvement,1
APP-000223,140521.83,7995.62,36,12.99,10.2,709,0.1319,0,0.6589,auto,0
APP-000224,107202.31,12830.22,60,12.8,10.1,615,0.1922,0,0.1855,other,0
APP-000225,60906.14,5348.51,60,11.93,13.4,689,0.1632,2,0.3228,debt_consolidation,0
APP-000226,66150.73,17201.47,36,12.0,6.3,699,0.1251,1,0.4065,other,1
APP-000227,43923.36,4802.19,36,16.12,8.9,684,0.2335,2,0.717,debt_consolidation,1
APP-000228,99643.65,15925.44,36,19.34,3.2,643,0.4207,0,0.8235,medical,1
APP-000229,54164.97,6622.17,60,13.12,2.2,668,0.0602,2,0.1571,auto,0
APP-000230,57371.66,11623.15,36,10.99,14.4,749,0.2137,0,0.4839,debt_consolidation,0
APP-000231,87060.77,20589.52,36,18.2,2.8,655,0.3097,2,0.7026,debt_consolidation,1
APP-000232,59391.42,50000.0,36,13.07,9.4,681,0.2344,0,0.1744,home_improvement,0
APP-000233,58067.35,7759.43,36,15.37,8.9,648,0.2218,0,0.6281,other,1
APP-000234,65330.79,13289.37,48,14.37,11.8,739,0.3225,0,0.6981,medical,0
APP-000235,95216.94,9529.27,36,12.28,0.0,685,0.1433,1,0.2406,other,0
APP-000236,143266.13,8754.99,36,14.83,10.5,636,0.0793,0,0.6954,small_business,1
APP-000237,86092.36,9577.96,60,11.82,6.2,680,0.4247,0,0.1314,home_improvement,0
APP-000238,95581.39,23385.29,36,15.42,3.8,666,0.3427,2,0.4872,small_business,0
APP-000239,59054.3,10925.25,48,10.74,5.4,761,0.0608,0,0.4873,debt_consolidation,0
APP-000240,46276.96,50000.0,36,10.3,11.2,677,0.1122,0,0.401,debt_consolidation,0
APP-000241,88970.13,18456.5,60,19.35,9.8,600,0.2306,1,0.4669,small_business,1
APP-000242,70568.43,8071.53,60,10.56,5.9,709,0.2518,1,0.1179,small_business,0
APP-000243,32836.0,11721.91,24,8.05,1.4,784,0.0718,0,0.7418,debt_consolidation,0
APP-000244,55529.47,9107.31,60,11.98,1.7,749,0.4208,0,0.4138,medical,0
APP-000245,62464.39,23062.05,36,13.2,9.9,616,0.0979,2,0.4661,medical,1
APP-000246,50874.79,5604.99,36,10.47,0.8,664,0.0711,0,0.4345,other,0
APP-000247,132372.56,6661.85,60,11.68,6.0,678,0.1673,0,0.1971,medical,0
APP-000248,81835.41,10288.76,60,13.01,18.6,679,0.2015,0,0.7189,home_improvement,0
APP-000249,125651.38,21547.46,36,11.14,8.6,702,0.3613,1,0.183,home_improvement,0
APP-000250,73761.09,29645.89,36,15.36,9.8,660,0.349,0,0.4416,home_improvement,0
APP-000251,67589.55,32293.41,36,17.07,1.7,627,0.3802,1,0.376,auto,1
APP-000252,41463.78,19716.06,48,13.15,1.0,735,0.2302,0,0.5965,other,0
APP-000253,65373.27,13819.39,60,16.39,10.1,615,0.2517,0,0.4605,home_improvement,0
APP-000254,65408.56,22989.36,36,14.24,5.2,633,0.2552,0,0.2613,debt_consolidation,1
APP-000255,33722.75,7465.84,60,15.18,11.8,614,0.2133,1,0.1317,debt_consolidation,0
APP-000256,50169.84,4974.11,36,10.25,7.1,716,0.1382,0,0.0556,auto,0
APP-000257,55657.21,18678.97,60,9.7,22.5,686,0.0363,0,0.1169,small_business,0
APP-000258,79269.82,8091.83,60,15.12,4.4,731,0.4467,0,0.5756,debt_consolidation,0
APP-000259,81112.36,13961.04,60,12.35,8.3,634,0.1174,0,0.6916,debt_consolidation,0
APP-000260,49173.48,15541.79,36,14.84,2.9,607,0.2558,1,0.1802,medical,1
APP-000261,81405.65,16744.3,36,15.26,11.6,654,0.2378,1,0.1611,debt_consolidation,0
APP-000262,59560.31,24979.81,36,14.25,8.9,669,0.2402,1,0.4938,small_business,0
APP-000263,18000.0,23494.17,48,13.95,2.6,692,0.1797,0,0.5551,debt_consolidation,0
APP-000264,51507.65,16236.29,60,18.51,5.5,582,0.2924,1,0.4511,debt_consolidation,1
APP-000265,109104.03,11220.92,36,14.81,13.1,708,0.4416,1,0.5264,other,0
APP-000266,28994.92,15435.2,36,17.34,12.6,628,0.3176,1,0.4408,debt_consolidation,1
APP-000267,68612.8,10260.96,36,16.88,0.6,642,0.3317,1,0.6145,debt_consolidation,0
APP-000268,139116.63,12938.66,48,10.81,4.9,748,0.0828,1,0.6017,debt_consolidation,0
APP-000269,45118.53,50000.0,36,22.71,15.1,553,0.4756,1,0.8601,debt_consolidation,1
APP-000270,65067.09,16116.1,36,12.55,6.2,699,0.2876,2,0.27,debt_consolidation,1
APP-000271,34759.73,18826.98,60,10.99,7.8,698,0.3682,0,0.1278,debt_consolidation,0
APP-000272,141947.63,9630.83,36,12.12,11.6,633,0.2141,0,0.0604,debt_consolidation,0
APP-000273,62451.33,26200.83,48,19.79,1.0,654,0.6171,3,0.4159,debt_consolidation,1
APP-000274,66471.16,22535.83,36,10.14,2.7,751,0.302,1,0.1557,medical,0
APP-000275,124518.15,22628.57,36,9.14,5.5,794,0.1414,2,0.3862,auto,0
APP-000276,89290.66,16424.69,48,12.36,12.4,742,0.0965,0,0.2759,home_improvement,0
APP-000277,42695.16,26416.24,60,13.28,11.5,789,0.0567,3,0.8216,debt_consolidation,1
APP-000278,47641.01,30317.53,36,16.22,10.2,640,0.3285,0,0.8553,medical,1
APP-000279,82430.4,17087.48,60,17.03,6.3,588,0.1984,0,0.4858,other,0
APP-000280,48173.5,13567.45,36,15.36,12.0,677,0.3706,0,0.4593,other,0
APP-000281,23526.1,24361.4,36,16.59,6.3,727,0.4049,1,0.1256,debt_consolidation,0
APP-000282,63359.93,8582.76,60,17.58,9.6,572,0.1958,1,0.3614,debt_consolidation,1
APP-000283,31940.83,9561.38,60,19.05,11.1,626,0.0871,0,0.8235,debt_consolidation,0
APP-000284,141203.56,14058.6,36,17.46,14.6,633,0.4795,0,0.5343,debt_consolidation,0
APP-000285,70756.57,5281.24,60,12.91,6.7,701,0.202,1,0.5581,medical,0
APP-000286,42093.92,23433.2,60,12.89,5.3,693,0.3788,0,0.4306,home_improvement,0
APP-000287,46481.0,8295.05,36,16.11,12.8,635,0.1586,1,0.4265,debt_consolidation,1
APP-000288,26245.02,11030.72,36,15.2,13.1,690,0.0896,2,0.9656,home_improvement,1
APP-000289,38345.82,12812.82,24,16.81,4.5,614,0.2855,0,0.6562,medical,0
APP-000290,105871.11,14834.2,48,17.2,2.0,655,0.2361,0,0.7932,debt_consolidation,0
APP-000291,189738.08,11879.68,60,16.83,12.4,607,0.2872,1,0.4415,small_business,0
APP-000292,92116.82,13944.34,36,13.96,0.0,671,0.139,0,0.5668,debt_consolidation,1
APP-000293,62190.79,14007.1,36,12.62,0.0,634,0.1736,1,0.2616,other,0
APP-000294,52828.29,11188.32,36,12.92,5.7,720,0.4965,1,0.5631,debt_consolidation,0
APP-000295,41069.64,9259.92,36,16.47,7.0,678,0.4741,0,0.2883,small_business,0
APP-000296,174700.82,27150.72,60,18.26,1.7,667,0.2263,1,0.8115,other,0
APP-000297,59369.93,4278.46,36,9.77,7.5,783,0.071,0,0.708,other,0
APP-000298,179448.74,12869.16,36,11.82,7.7,702,0.1757,0,0.3459,small_business,0
APP-000299,126884.43,11047.31,36,12.99,4.3,659,0.2459,1,0.2948,small_business,0
APP-000300,28185.42,18486.63,60,16.14,15.7,646,0.3842,1,0.3953,auto,1
APP-000301,47215.87,6238.0,60,19.91,8.4,611,0.2184,1,0.5092,small_business,0
APP-000302,47145.83,10851.17,60,14.89,11.6,676,0.2793,1,0.0908,debt_consolidation,0
APP-000303,62555.93,13664.21,36,11.35,0.0,698,0.186,0,0.1917,medical,0
APP-000304,63145.17,26971.79,48,14.87,0.0,569,0.1439,0,0.5442,medical,1
APP-000305,250000.0,17580.95,60,18.25,8.6,601,0.4074,0,0.3948,other,0
APP-000306,38757.25,7298.91,60,20.12,14.8,650,0.6314,0,0.8189,home_improvement,1
APP-000307,72551.22,10928.92,48,19.49,2.0,616,0.4717,0,0.7865,home_improvement,1
APP-000308,87383.89,24241.32,60,15.16,7.1,683,0.2347,3,0.4008,auto,0
APP-000309,64950.97,7226.1,36,16.23,0.9,691,0.3219,0,0.4183,debt_consolidation,0
APP-000310,68530.16,13853.46,24,12.34,3.3,673,0.0801,0,0.3983,debt_consolidation,0
APP-000311,39365.07,14423.5,60,12.52,7.4,712,0.1976,2,0.0853,home_improvement,0
APP-000312,68408.74,11592.92,24,13.12,4.3,646,0.1554,0,0.1986,home_improvement,0
APP-000313,83084.55,50000.0,60,13.52,0.6,677,0.3094,0,0.2218,debt_consolidation,0
APP-000314,76068.6,11413.13,48,17.78,0.5,622,0.1781,1,0.6441,home_improvement,1
APP-000315,85463.01,18821.74,60,12.25,0.0,697,0.2289,1,0.3088,home_improvement,1
APP-000316,128052.34,9297.02,36,10.74,8.6,684,0.2488,0,0.2558,debt_consolidation,0
APP-000317,101914.19,19692.59,60,15.67,9.2,610,0.0721,0,0.2945,home_improvement,0
APP-000318,67262.89,24027.65,60,9.96,9.2,671,0.2156,0,0.1347,auto,0
APP-000319,37037.96,10310.16,36,12.99,2.4,678,0.114,1,0.3454,debt_consolidation,0
APP-000320,48734.38,14047.18,36,16.38,11.0,696,0.2168,0,0.6521,other,0
APP-000321,58496.35,8626.91,24,12.98,9.7,698,0.3616,0,0.1866,other,1
APP-000322,73369.86,7466.26,36,14.69,6.5,638,0.1799,0,0.3399,home_improvement,1
APP-000323,51665.36,26456.19,60,12.09,5.8,724,0.2793,0,0.259,debt_consolidation,0
APP-000324,41480.99,10515.27,36,14.18,3.6,710,0.1792,0,0.5586,medical,0
APP-000325,36746.83,3576.03,60,16.96,7.4,638,0.0703,1,0.6172,small_business,1
APP-000326,29424.33,40368.72,36,16.02,13.8,614,0.2316,1,0.6594,auto,1
APP-000327,58067.78,9106.0,36,17.49,11.6,642,0.1451,0,0.7348,small_business,0
APP-000328,32102.95,12569.24,60,17.37,5.3,595,0.1191,1,0.6581,medical,0
APP-000329,40210.77,37557.55,24,11.91,8.9,692,0.0954,1,0.4942,auto,0
APP-000330,53802.2,13355.63,48,11.06,1.5,749,0.2776,0,0.5872,debt_consolidation,0
APP-000331,34231.52,13189.4,36,13.69,9.8,762,0.4588,1,0.4424,auto,1
APP-000332,77996.84,7112.18,24,19.36,2.8,617,0.4992,0,0.7603,debt_consolidation,0
APP-000333,92730.21,5617.83,36,13.38,9.6,726,0.1561,1,0.6729,auto,0
APP-000334,49932.01,13166.09,60,11.53,19.9,685,0.1216,1,0.1944,other,0
APP-000335,52699.93,17896.02,36,19.75,3.9,541,0.3272,1,0.3541,debt_consolidation,1
APP-000336,84129.19,17311.19,60,13.63,19.7,661,0.2879,0,0.0959,medical,1
APP-000337,46139.51,10968.39,48,18.0,8.7,654,0.2651,2,0.521,debt_consolidation,0
APP-000338,44641.99,14671.37,36,15.35,3.1,750,0.3866,0,0.6795,auto,0
APP-000339,115434.88,4995.65,36,19.78,2.9,629,0.3947,1,0.5149,debt_consolidation,0
APP-000340,99364.75,18935.63,36,11.03,17.1,713,0.2236,0,0.2836,other,0
APP-000341,86758.75,15922.99,60,10.85,8.7,674,0.2286,0,0.1157,debt_consolidation,0
APP-000342,101361.84,45552.79,36,14.08,4.0,596,0.1718,0,0.1505,other,1
APP-000343,25160.96,14563.04,24,15.89,5.6,648,0.1338,0,0.8966,small_business,0
APP-000344,124490.37,8393.02,36,12.16,8.4,769,0.4783,1,0.5277,medical,0
APP-000345,78459.07,14079.63,36,15.09,6.5,670,0.2803,0,0.6233,small_business,1
APP-000346,105589.86,11989.42,48,11.97,8.1,733,0.2114,1,0.2694,small_business,1
APP-000347,78274.74,18658.08,24,12.53,14.5,729,0.2546,0,0.2732,other,0
APP-000348,66544.52,14727.94,24,16.75,1.4,654,0.3004,0,0.742,debt_consolidation,1
APP-000349,56953.71,6982.31,36,15.32,9.4,606,0.1997,0,0.1296,medical,0
APP-000350,77526.25,5614.86,60,14.44,6.2,613,0.1394,1,0.2297,debt_consolidation,0
APP-000351,55966.22,16888.54,60,7.01,4.3,764,0.0723,0,0.5796,medical,0
APP-000352,98589.8,32341.62,36,10.86,11.3,689,0.1741,0,0.4178,debt_consolidation,0
APP-000353,30352.78,15182.91,36,16.6,0.0,579,0.1397,0,0.4171,medical,1
APP-000354,50120.54,23239.68,60,10.24,0.0,728,0.3076,0,0.4351,medical,0
APP-000355,173452.26,26090.67,24,14.0,7.5,576,0.2493,0,0.164,home_improvement,1
APP-000356,48128.22,16926.63,36,13.67,5.9,632,0.5009,0,0.0973,medical,1
APP-000357,57963.82,9040.76,36,14.22,0.4,685,0.3788,1,0.2996,small_business,0
APP-000358,42552.92,16239.19,36,6.4,0.0,826,0.159,0,0.1644,small_business,0
APP-000359,76370.25,29202.4,36,11.23,15.2,727,0.3463,1,0.407,home_improvement,0
APP-000360,45648.93,19717.08,36,15.94,8.6,652,0.3906,0,0.2832,medical,0
APP-000361,59459.42,22379.18,36,13.49,6.6,682,0.2647,1,0.2861,other,0
APP-000362,97694.3,11088.09,36,8.98,16.4,733,0.2829,1,0.0829,debt_consolidation,0
APP-000363,46478.08,12894.28,36,10.64,11.1,762,0.1926,0,0.488,debt_consolidation,0
APP-000364,94909.2,13535.11,36,11.19,14.5,666,0.1335,0,0.275,debt_consolidation,1
APP-000365,96453.14,14074.61,24,11.37,1.2,667,0.0903,0,0.3775,auto,0
APP-000366,107852.68,28547.36,48,13.24,1.0,632,0.1371,0,0.5192,home_improvement,1
APP-000367,69536.16,3716.52,60,9.98,9.3,719,0.1129,0,0.2595,small_business,0
APP-000368,250000.0,14759.12,60,9.43,8.4,740,0.1161,1,0.2248,auto,0
APP-000369,107830.81,13846.61,36,16.0,12.1,568,0.133,1,0.2939,debt_consolidation,1
APP-000370,75969.24,6544.85,36,13.28,0.0,657,0.1361,1,0.3271,other,1
APP-000371,42689.1,21408.19,36,14.03,9.7,610,0.0343,0,0.3627,small_business,0
APP-000372,62041.21,9525.18,60,14.49,11.0,689,0.1654,0,0.7949,debt_consolidation,0
APP-000373,128898.36,11787.85,36,12.35,10.7,608,0.1523,0,0.3578,home_improvement,1
APP-000374,147667.61,42370.07,36,16.09,4.7,603,0.1591,2,0.3216,debt_consolidation,0
APP-000375,132156.29,26047.8,60,13.19,8.8,745,0.3957,0,0.7195,debt_consolidation,0
APP-000376,94753.58,20233.73,24,15.29,3.0,670,0.1733,1,0.4209,debt_consolidation,1
APP-000377,35575.97,18083.49,36,17.23,5.2,677,0.3292,1,0.6975,other,0
APP-000378,82123.56,13179.13,36,15.56,1.8,705,0.1006,0,0.9165,home_improvement,0
APP-000379,35820.28,46237.33,48,10.58,3.1,736,0.294,0,0.2974,home_improvement,1
APP-000380,31829.74,23090.14,60,15.71,5.4,656,0.4121,0,0.2077,auto,0
APP-000381,72906.91,9387.79,36,11.54,4.3,657,0.0669,1,0.3475,medical,1
APP-000382,83556.5,6437.17,48,15.88,3.1,657,0.3362,1,0.4371,other,1
APP-000383,100284.21,20144.17,36,9.46,0.7,743,0.2085,1,0.2469,small_business,0
APP-000384,82517.69,14037.67,36,17.25,15.3,676,0.3662,0,0.7122,home_improvement,1
APP-000385,83893.53,6330.41,60,18.18,4.2,663,0.3233,1,0.5133,home_improvement,0
APP-000386,40518.31,18591.95,60,14.27,8.0,703,0.3904,0,0.3879,other,0
APP-000387,61805.88,12405.16,60,8.99,0.0,786,0.3798,0,0.3922,auto,0
APP-000388,31531.0,19725.94,60,12.26,12.6,684,0.1991,0,0.4426,other,0
APP-000389,24847.82,18734.34,36,17.53,7.3,664,0.2303,0,0.3788,debt_consolidation,1
APP-000390,92748.89,10189.48,36,9.25,4.5,793,0.0746,0,0.4518,other,0
APP-000391,45281.0,20930.32,36,13.97,4.5,757,0.2346,3,0.7954,auto,1
APP-000392,98808.79,10863.01,24,14.28,10.4,749,0.4248,1,0.3788,debt_consolidation,0
APP-000393,110652.44,11280.52,36,16.15,0.0,651,0.4325,0,0.3818,medical,0
APP-000394,48284.71,10648.63,36,20.48,2.8,645,0.244,1,0.7219,auto,0
APP-000395,86291.97,27941.52,24,21.08,6.0,574,0.5283,1,0.5125,debt_consolidation,1
APP-000396,47324.68,12322.37,60,10.04,5.9,736,0.3106,0,0.1208,home_improvement,0
APP-000397,26799.02,32142.07,36,10.36,17.8,684,0.1349,0,0.0969,small_business,0
APP-000398,68963.39,40795.42,36,15.58,5.0,576,0.1289,1,0.303,debt_consolidation,0
APP-000399,51850.67,9446.95,60,12.82,11.0,750,0.4336,0,0.5763,home_improvement,0
APP-000400,52622.54,2664.38,48,12.6,14.7,660,0.065,3,0.328,home_improvement,0
APP-000401,167762.95,26574.82,36,13.19,9.5,668,0.3736,0,0.201,debt_consolidation,1
APP-000402,31248.64,11891.28,48,16.99,3.5,592,0.2931,1,0.1443,other,0
APP-000403,78113.7,8773.72,60,11.13,0.7,709,0.1483,0,0.3885,small_business,0
APP-000404,40321.3,10305.65,60,17.55,9.9,709,0.6344,0,0.7961,debt_consolidation,0
APP-000405,100519.6,11399.35,36,14.01,13.9,677,0.2325,1,0.67,other,1
APP-000406,75010.96,30769.4,24,16.83,9.0,656,0.1938,3,0.4361,other,1
APP-000407,77981.57,15909.19,48,11.99,12.1,832,0.2236,0,0.7483,debt_consolidation,0
APP-000408,41299.08,30527.74,36,16.29,18.2,610,0.3096,2,0.3347,small_business,1
APP-000409,45010.92,19313.35,60,17.07,10.3,638,0.4753,0,0.5523,debt_consolidation,1
APP-000410,101440.0,12119.25,60,11.92,1.5,721,0.1101,1,0.6768,other,0
APP-000411,152074.45,11562.2,60,17.04,6.7,621,0.2475,0,0.4878,auto,1
APP-000412,81853.82,20083.16,60,18.7,12.7,617,0.2819,0,0.6423,auto,0
APP-000413,42250.89,23335.96,48,10.68,5.4,746,0.119,0,0.4887,debt_consolidation,0
APP-000414,76483.71,25849.43,60,10.39,13.3,715,0.2831,0,0.2916,other,0
APP-000415,208423.87,12459.16,48,15.1,6.2,708,0.1855,0,0.8543,debt_consolidation,0
APP-000416,68275.45,16050.95,36,12.02,8.0,691,0.126,1,0.2544,debt_consolidation,0
APP-000417,131114.49,20346.16,60,18.09,4.9,640,0.4302,0,0.6003,debt_consolidation,0
APP-000418,45559.96,11605.15,60,12.82,7.2,665,0.3877,0,0.2185,small_business,1
APP-000419,63700.09,7507.36,60,13.14,7.5,675,0.2393,0,0.5674,debt_consolidation,0
APP-000420,87512.23,9083.97,36,11.8,0.0,729,0.1533,1,0.7862,other,1
APP-000421,78657.65,12608.21,36,15.63,4.5,705,0.2331,0,0.6947,auto,1
APP-000422,44993.62,21289.82,60,16.17,1.0,626,0.0514,0,0.5892,debt_consolidation,1
APP-000423,44071.75,30094.9,24,11.69,4.7,726,0.4348,0,0.4358,debt_consolidation,0
APP-000424,104455.78,6603.77,48,14.91,2.9,583,0.1195,1,0.3318,debt_consolidation,1
APP-000425,115161.06,10254.21,36,15.53,11.1,661,0.204,0,0.8694,medical,1
APP-000426,134318.81,11782.18,36,16.55,11.1,614,0.2689,1,0.2062,small_business,0
APP-000427,154512.33,22990.58,36,17.82,9.0,630,0.5232,0,0.4086,debt_consolidation,0
APP-000428,69338.8,10674.36,60,10.96,0.8,792,0.3252,0,0.2044,small_business,0
APP-000429,55980.96,11301.14,24,15.14,6.1,595,0.3225,0,0.1374,debt_consolidation,0
APP-000430,124320.5,6392.93,60,17.76,0.4,632,0.4367,2,0.6208,small_business,1
APP-000431,91529.43,19192.6,60,13.0,5.8,710,0.2174,0,0.7018,other,1
APP-000432,40561.07,13204.23,48,12.55,9.4,653,0.2909,0,0.221,small_business,0
APP-000433,39576.76,9922.48,36,14.11,11.0,689,0.2157,1,0.2863,auto,0
APP-000434,82311.74,12473.81,24,14.68,8.6,763,0.5447,0,0.2469,small_business,0
APP-000435,59697.82,27877.11,60,14.45,12.2,718,0.3422,2,0.3321,debt_consolidation,1
APP-000436,64180.59,8095.55,36,13.35,7.7,653,0.1338,1,0.4374,debt_consolidation,1
APP-000437,108766.49,8899.42,36,18.28,5.4,672,0.497,0,0.7338,debt_consolidation,0
APP-000438,93571.43,29977.74,60,7.89,10.4,711,0.1575,0,0.1322,medical,0
APP-000439,123066.69,15151.48,36,10.23,10.6,717,0.0973,0,0.3504,auto,0
APP-000440,25719.51,21383.21,36,12.73,4.1,681,0.4231,0,0.3746,auto,1
APP-000441,73406.92,18304.83,60,13.9,8.2,701,0.3553,2,0.1229,other,0
APP-000442,90725.44,14205.86,36,16.7,5.2,701,0.3207,1,0.8848,debt_consolidation,1
APP-000443,31237.71,11847.72,36,15.23,0.0,675,0.2973,0,0.4255,auto,0
APP-000444,47467.12,23487.12,36,16.53,8.5,645,0.3533,0,0.3999,debt_consolidation,1
APP-000445,43421.49,28454.43,60,11.65,0.7,723,0.3455,1,0.2147,debt_consolidation,1
APP-000446,65680.52,27193.5,60,14.36,8.0,697,0.1838,1,0.4308,auto,0
APP-000447,141990.08,7290.52,60,18.52,0.0,559,0.4332,0,0.5108,other,1
APP-000448,171610.98,30907.44,60,20.9,3.3,632,0.4235,0,0.5529,medical,1
APP-000449,43970.95,11781.68,24,13.01,4.5,652,0.1716,0,0.5608,debt_consolidation,1
APP-000450,83691.28,9358.0,48,17.3,11.9,668,0.3937,1,0.492,medical,0
APP-000451,84996.51,13143.65,36,10.75,4.1,750,0.2472,0,0.1043,debt_consolidation,0
APP-000452,78292.17,23481.27,60,10.81,1.7,850,0.3735,1,0.6203,other,0
APP-000453,78720.02,19838.37,60,15.36,8.1,537,0.0636,0,0.3786,auto,1
APP-000454,75202.44,12503.7,36,13.95,5.5,698,0.4154,0,0.5023,debt_consolidation,0
APP-000455,146118.94,23570.47,60,10.24,10.1,684,0.1251,0,0.2879,debt_consolidation,0
APP-000456,110340.52,15725.25,48,15.04,1.9,670,0.197,2,0.4698,debt_consolidation,1
APP-000457,39076.19,10400.2,36,12.95,7.4,711,0.2508,1,0.2233,other,0
APP-000458,95233.65,9616.58,48,16.78,17.6,689,0.2372,1,0.8182,home_improvement,0
APP-000459,99755.93,18395.11,60,15.26,5.4,659,0.3297,0,0.4481,small_business,0
APP-000460,75608.72,13822.37,36,11.18,7.3,682,0.1758,0,0.435,auto,0
APP-000461,111884.93,6529.67,24,15.31,0.0,712,0.282,1,0.3862,medical,0
APP-000462,71140.93,23700.65,60,11.5,2.7,707,0.2426,0,0.2804,debt_consolidation,0
APP-000463,71565.4,10974.66,36,11.66,8.6,691,0.3931,0,0.0309,other,0
APP-000464,68894.94,36509.7,36,14.69,5.0,646,0.068,1,0.5246,debt_consolidation,0
APP-000465,24671.04,6426.4,60,7.28,9.3,844,0.2628,1,0.5455,medical,0
APP-000466,62539.36,13057.17,48,13.45,8.4,701,0.2503,0,0.5333,auto,0
APP-000467,47163.82,9661.62,36,10.09,0.6,724,0.1447,0,0.2988,auto,0
APP-000468,36777.72,8235.08,36,13.02,11.1,651,0.1169,0,0.3941,other,0
APP-000469,129375.11,10933.27,60,16.36,0.9,691,0.2721,0,0.6625,debt_consolidation,1
APP-000470,82798.25,40490.92,36,10.27,3.1,691,0.1383,0,0.3619,medical,1
APP-000471,64075.9,15757.29,60,18.55,7.5,569,0.2258,0,0.6469,home_improvement,0
APP-000472,49564.84,9161.02,60,12.78,13.6,638,0.2604,0,0.1559,home_improvement,0
APP-000473,74929.57,5020.57,24,12.98,2.0,637,0.0597,1,0.2928,debt_consolidation,1
APP-000474,104613.92,5342.85,60,18.41,7.2,645,0.5866,0,0.3435,debt_consolidation,1
APP-000475,43704.18,10622.77,60,16.77,7.2,618,0.3035,1,0.4295,debt_consolidation,0
APP-000476,64849.53,10040.33,60,13.07,9.5,683,0.1768,1,0.4129,debt_consolidation,0
APP-000477,98598.81,12733.03,36,9.42,11.8,761,0.2505,1,0.5807,home_improvement,0
APP-000478,25664.45,3881.73,36,12.0,4.7,688,0.1225,0,0.2329,medical,0
APP-000479,63228.41,13749.1,60,13.27,11.1,611,0.0615,0,0.5885,auto,0
APP-000480,52895.98,26317.44,60,15.03,12.5,620,0.1601,1,0.4386,home_improvement,0
APP-000481,60955.8,37166.08,60,11.19,14.5,658,0.155,0,0.2158,home_improvement,0
APP-000482,51090.86,4832.53,36,11.8,8.8,598,0.1647,0,0.2496,debt_consolidation,1
APP-000483,69438.89,9109.71,36,16.35,7.2,698,0.3983,0,0.7373,medical,0
APP-000484,163649.73,8834.75,36,10.72,4.4,758,0.0649,0,0.7658,debt_consolidation,0
APP-000485,55640.12,15778.8,60,13.95,0.0,647,0.2367,0,0.203,debt_consolidation,0
APP-000486,74769.39,7146.91,60,18.92,5.2,684,0.4786,1,0.7696,home_improvement,1
APP-000487,169332.72,38469.33,60,15.62,7.0,655,0.1151,0,0.6894,home_improvement,0
APP-000488,49917.91,14870.68,36,15.16,6.0,643,0.2896,0,0.3041,debt_consolidation,0
APP-000489,155311.29,13500.46,60,12.28,9.2,691,0.1615,0,0.2999,medical,0
APP-000490,65166.29,36522.28,36,16.92,0.0,642,0.1958,0,0.6394,medical,0
APP-000491,152886.75,14365.67,36,14.13,5.7,633,0.0419,0,0.4769,auto,0
APP-000492,93175.41,18289.45,36,18.1,15.5,586,0.3397,0,0.4477,auto,1
APP-000493,75324.04,9380.99,36,12.22,11.0,684,0.305,0,0.1714,auto,0
APP-000494,62984.24,6548.64,60,13.25,9.3,742,0.2745,0,0.6377,debt_consolidation,1
APP-000495,48175.35,10177.09,48,13.08,8.3,721,0.1762,2,0.3636,small_business,0
APP-000496,67408.24,50000.0,24,12.01,4.9,767,0.2374,0,0.5845,medical,1
APP-000497,99995.06,20932.45,36,16.09,0.0,641,0.4214,0,0.3933,home_improvement,0
APP-000498,64592.21,17002.81,36,18.54,8.6,729,0.4766,1,0.643,auto,0
APP-000499,55835.41,8230.54,60,17.99,0.0,616,0.2224,0,0.5049,home_improvement,0
APP-000500,57628.18,24598.22,36,7.87,5.0,721,0.0735,0,0.1451,medical,0
APP-000501,104666.18,6597.47,36,7.88,6.5,775,0.0699,1,0.189,auto,0
APP-000502,117034.03,5843.07,24,14.13,4.5,709,0.1456,1,0.3952,other,0
APP-000503,47188.73,10485.51,60,9.09,16.3,776,0.3579,0,0.2557,other,0
APP-000504,47156.18,45049.12,36,16.94,14.7,645,0.5017,1,0.549,medical,0
APP-000505,77982.12,43594.34,36,16.87,11.1,672,0.2349,0,0.3891,medical,1
APP-000506,135314.63,11161.06,36,13.14,2.3,627,0.3241,0,0.03,small_business,1
APP-000507,112669.94,9807.16,36,13.08,15.1,682,0.3644,0,0.5991,debt_consolidation,1
APP-000508,35641.06,5599.84,36,14.78,9.3,696,0.2817,1,0.7314,small_business,1
APP-000509,57261.63,15171.31,24,13.25,2.3,682,0.1406,2,0.4154,home_improvement,0
APP-000510,41583.26,15928.6,60,16.01,6.6,652,0.432,1,0.1132,debt_consolidation,0
APP-000511,57167.25,22921.87,36,13.31,10.8,652,0.1041,0,0.4258,debt_consolidation,0
APP-000512,140401.2,24590.47,36,9.59,3.8,700,0.2919,0,0.104,small_business,0
APP-000513,32836.44,12931.21,60,14.26,7.1,671,0.5773,2,0.3873,debt_consolidation,0
APP-000514,29884.26,20018.26,36,16.78,7.9,613,0.1665,0,0.5871,debt_consolidation,1
APP-000515,43670.87,9657.92,36,20.78,1.5,570,0.3255,0,0.8538,debt_consolidation,1
APP-000516,74611.63,19799.04,36,14.44,5.3,645,0.2797,0,0.0651,debt_consolidation,1
APP-000517,87562.22,10804.41,36,17.7,1.9,600,0.3167,1,0.567,debt_consolidation,0
APP-000518,80187.09,18927.85,24,16.64,10.4,632,0.2835,1,0.5496,auto,0
APP-000519,114287.39,18059.64,60,15.47,2.4,655,0.3288,0,0.5866,debt_consolidation,0
APP-000520,27885.48,15090.34,36,11.67,7.8,672,0.2413,0,0.1976,small_business,0
APP-000521,114983.52,22988.21,60,14.31,0.2,641,0.2847,1,0.0761,other,1
APP-000522,55956.89,5831.75,60,9.95,1.4,807,0.3568,0,0.4935,home_improvement,1
APP-000523,92342.5,7818.54,24,14.64,1.2,607,0.5042,0,0.143,debt_consolidation,0
APP-000524,34437.4,12397.74,60,12.75,5.2,750,0.3253,0,0.3067,medical,0
APP-000525,65154.83,6278.03,36,15.43,7.3,671,0.1779,1,0.6327,debt_consolidation,0
APP-000526,72805.92,11452.03,36,16.7,8.1,642,0.229,1,0.5074,home_improvement,0
APP-000527,113199.05,11668.15,60,12.47,0.0,714,0.2874,0,0.1078,other,0
APP-000528,30370.3,30993.12,24,11.69,5.7,654,0.204,0,0.0687,other,1
APP-000529,65966.6,15749.65,60,13.07,3.1,633,0.0948,0,0.3382,small_business,0
APP-000530,38608.57,26343.4,48,10.03,8.9,784,0.2038,0,0.7313,debt_consolidation,0
APP-000531,82849.47,17272.58,36,19.44,5.3,553,0.2092,0,0.5419,auto,1
APP-000532,94391.52,10627.68,24,10.3,6.1,666,0.1247,0,0.306,auto,0
APP-000533,120569.82,15669.32,48,12.59,3.1,691,0.1655,0,0.4077,home_improvement,0
APP-000534,50278.28,22136.24,36,8.47,14.3,762,0.0337,0,0.2655,auto,0
APP-000535,101438.83,28971.76,36,12.34,0.7,657,0.1859,1,0.3437,debt_consolidation,0
APP-000536,124913.32,13428.9,36,9.19,4.7,834,0.2554,0,0.3243,debt_consolidation,0
APP-000537,29536.56,5576.67,24,10.05,7.0,724,0.1806,2,0.3909,medical,0
APP-000538,87209.46,5353.89,60,17.45,5.4,543,0.2013,1,0.5089,debt_consolidation,1
APP-000539,102973.6,11999.07,36,20.67,3.1,596,0.5576,0,0.6584,debt_consolidation,0
APP-000540,57408.86,3736.56,36,14.88,0.0,694,0.3062,0,0.4881,small_business,0
APP-000541,36350.79,41071.29,60,14.47,3.4,614,0.2566,0,0.4606,other,0
APP-000542,102207.6,20498.87,60,12.36,2.2,712,0.2737,0,0.2181,medical,0
APP-000543,36547.87,10028.81,60,16.32,14.1,654,0.2215,2,0.3818,small_business,0
APP-000544,59666.97,7618.3,60,15.87,16.7,611,0.2062,0,0.5489,other,0
APP-000545,63760.11,26323.39,36,16.47,6.3,624,0.1857,2,0.4286,debt_consolidation,0
APP-000546,91637.95,7600.69,36,13.48,0.2,729,0.1284,1,0.5219,home_improvement,0
APP-000547,48115.49,8033.15,60,21.11,9.8,563,0.3915,0,0.4643,home_improvement,1
APP-000548,46795.5,9298.94,24,10.82,2.1,741,0.1369,0,0.5944,debt_consolidation,0
APP-000549,68160.6,15491.93,60,11.26,4.0,742,0.3148,1,0.365,small_business,0
APP-000550,105367.55,20784.58,24,13.83,3.7,661,0.0418,2,0.4807,home_improvement,0
APP-000551,194875.96,28959.51,60,14.98,4.2,599,0.1841,0,0.5073,home_improvement,0
APP-000552,31525.49,26581.94,60,13.73,4.9,712,0.291,0,0.3118,debt_consolidation,0
APP-000553,75622.32,14506.51,36,17.58,0.6,652,0.3354,0,0.6954,debt_consolidation,1
APP-000554,38584.49,26207.65,36,16.56,3.3,592,0.096,0,0.6373,other,0
APP-000555,105997.62,9825.38,60,13.04,11.1,791,0.2007,1,0.7115,debt_consolidation,0
APP-000556,41425.05,5043.23,60,17.98,6.3,629,0.3614,0,0.5291,debt_consolidation,0
APP-000557,47019.2,9824.63,60,19.52,7.1,595,0.1057,3,0.6037,debt_consolidation,1
APP-000558,48986.13,9084.03,60,13.28,0.0,697,0.1238,0,0.5452,home_improvement,0
APP-000559,62665.55,10050.24,24,16.99,10.8,676,0.1522,1,0.7101,medical,0
APP-000560,75908.0,8312.09,24,9.1,3.4,766,0.3118,0,0.3699,home_improvement,0
APP-000561,81987.27,11097.34,36,14.68,11.6,658,0.2679,2,0.1236,debt_consolidation,0
APP-000562,64820.3,20775.17,60,16.09,7.2,659,0.2896,1,0.2225,debt_consolidation,0
APP-000563,34330.69,39212.59,48,11.86,4.0,699,0.1127,1,0.4097,small_business,1
APP-000564,92178.29,5330.51,36,8.51,0.0,692,0.0736,0,0.03,auto,0
APP-000565,63368.51,6870.68,60,13.4,16.3,693,0.4714,1,0.1046,auto,0
APP-000566,113524.65,9162.42,36,11.16,10.1,696,0.1544,1,0.1456,auto,0
APP-000567,46278.28,22607.44,60,12.35,10.4,690,0.0674,0,0.3238,small_business,0
APP-000568,30123.19,12874.89,36,14.99,14.7,656,0.1759,0,0.6274,debt_consolidation,0
APP-000569,63947.01,9527.34,36,15.77,7.5,728,0.334,1,0.5959,home_improvement,0
APP-000570,121079.16,21973.87,24,16.59,12.6,659,0.3572,0,0.5389,medical,0
APP-000571,70220.44,25250.73,60,16.2,4.3,727,0.4203,0,0.6818,debt_consolidation,0
APP-000572,59059.52,14343.08,60,8.28,9.8,760,0.1242,0,0.1829,small_business,0
APP-000573,42803.54,9031.71,36,14.1,3.7,641,0.3441,0,0.1897,home_improvement,0
APP-000574,151126.19,16960.9,36,4.0,4.2,819,0.0749,0,0.0536,small_business,0
APP-000575,39653.45,12665.14,48,11.71,6.9,639,0.0712,1,0.5366,other,1
APP-000576,45887.74,12608.37,36,14.92,0.8,639,0.2852,0,0.4353,medical,1
APP-000577,85456.18,10772.07,48,11.47,8.0,711,0.2504,2,0.5599,other,0
APP-000578,26668.88,24794.92,36,14.36,5.1,706,0.4157,0,0.4738,medical,0
APP-000579,119843.99,16761.41,60,11.5,0.0,684,0.1091,0,0.1715,other,1
APP-000580,87706.85,26439.4,60,15.45,4.4,727,0.472,0,0.6701,home_improvement,0
APP-000581,100084.84,31475.76,36,9.82,4.9,695,0.3446,0,0.3288,home_improvement,0
APP-000582,84968.74,18922.61,60,10.3,10.3,800,0.3309,1,0.4333,medical,0
APP-000583,60162.42,10809.14,36,12.12,7.8,677,0.0995,0,0.2778,debt_consolidation,0
APP-000584,39020.06,26510.42,60,17.79,13.0,630,0.3445,1,0.321,home_improvement,0
APP-000585,60773.33,18996.11,48,18.8,8.8,648,0.4336,0,0.7254,other,0
APP-000586,40701.86,50000.0,24,11.28,4.0,707,0.1903,0,0.2912,auto,0
APP-000587,82083.89,17357.22,60,15.75,6.2,708,0.4838,1,0.3941,debt_consolidation,0
APP-000588,95740.52,21732.48,36,11.91,4.9,692,0.1026,0,0.055,debt_consolidation,0
APP-000589,132059.87,17160.23,60,14.41,8.7,631,0.1109,0,0.4813,debt_consolidation,0
APP-000590,77698.48,13690.08,60,8.2,6.8,744,0.1273,1,0.2891,debt_consolidation,0
APP-000591,101309.83,12479.03,60,5.48,3.7,792,0.0727,0,0.0933,other,0
APP-000592,56359.89,17198.29,36,14.8,6.5,682,0.4385,0,0.5145,home_improvement,0
APP-000593,51666.74,19617.67,48,9.38,8.6,785,0.0827,2,0.6164,debt_consolidation,0
APP-000594,81593.51,28323.55,36,9.04,2.0,730,0.1498,1,0.1525,medical,0
APP-000595,53994.4,17344.61,36,12.99,7.9,809,0.1074,0,0.7195,debt_consolidation,0
APP-000596,73965.33,11085.89,60,12.98,0.0,707,0.4142,0,0.45,debt_consolidation,1
APP-000597,39056.72,11996.0,36,13.38,11.5,688,0.3206,0,0.4386,auto,0
APP-000598,42572.39,6731.82,36,14.9,8.9,729,0.1431,0,0.5122,auto,0
APP-000599,88180.31,38002.53,36,13.69,13.8,655,0.1441,0,0.3405,other,1
APP-000600,99484.17,10593.79,60,14.88,1.5,704,0.4162,0,0.4644,auto,0
APP-000601,40498.8,25413.08,60,12.4,11.6,757,0.2252,0,0.6063,home_improvement,0
APP-000602,89683.08,17022.71,36,12.68,10.7,728,0.1629,1,0.5416,small_business,0
APP-000603,50333.67,17293.2,36,15.75,5.7,678,0.4547,1,0.461,other,1
APP-000604,65517.01,13545.15,60,10.9,4.8,692,0.054,0,0.2795,auto,0
APP-000605,128319.16,9181.82,36,11.69,1.6,724,0.0945,0,0.4901,other,1
APP-000606,95773.03,8268.05,60,8.09,0.4,722,0.1189,0,0.3091,small_business,0
APP-000607,95240.55,39514.14,60,9.62,3.1,724,0.1337,0,0.2958,other,0
APP-000608,162488.4,15490.8,60,12.36,0.8,700,0.1542,0,0.8412,debt_consolidation,0
APP-000609,46364.09,27849.19,36,13.9,13.7,632,0.1941,1,0.3665,auto,0
APP-000610,40494.55,32375.26,60,18.0,0.0,641,0.4104,1,0.4822,home_improvement,0
APP-000611,45959.87,11425.61,60,11.74,7.2,707,0.2497,0,0.3711,medical,0
APP-000612,57525.41,18537.25,36,13.33,8.5,728,0.0795,1,0.8652,auto,0
APP-000613,20993.29,14883.53,60,7.73,8.1,721,0.2223,0,0.3038,other,0
APP-000614,58839.99,7410.99,36,10.76,8.5,641,0.1124,0,0.2213,other,0
APP-000615,50048.54,13021.09,60,11.66,10.8,671,0.1379,0,0.4677,debt_consolidation,0
APP-000616,94688.44,20387.1,60,15.33,4.5,612,0.4378,0,0.4018,auto,0
APP-000617,76980.23,10855.93,36,15.84,6.9,599,0.2945,1,0.12,auto,0
APP-000618,48718.21,12010.0,36,16.21,5.2,685,0.4458,2,0.3703,home_improvement,0
APP-000619,86277.47,13112.89,24,12.16,12.4,759,0.2104,2,0.3225,debt_consolidation,0
APP-000620,91978.38,49344.96,36,13.29,15.9,686,0.0591,0,0.4298,debt_consolidation,0
APP-000621,44947.06,5004.81,60,11.51,1.1,791,0.1016,1,0.5529,small_business,0
APP-000622,51302.3,19396.68,36,18.76,0.0,670,0.4324,1,0.7717,home_improvement,0
APP-000623,22336.3,12518.56,60,14.35,9.1,682,0.362,0,0.3549,other,0
APP-000624,38508.17,9999.84,36,18.31,11.3,623,0.3157,1,0.6122,home_improvement,0
APP-000625,45513.18,12341.66,60,15.18,15.3,660,0.3854,1,0.4713,other,0
APP-000626,67355.67,21353.74,60,17.83,9.8,611,0.3019,0,0.5929,home_improvement,1
APP-000627,41289.31,22073.38,60,14.39,12.8,590,0.2298,1,0.0605,small_business,0
APP-000628,50801.73,16151.91,60,13.74,14.0,612,0.2377,2,0.1088,debt_consolidation,0
APP-000629,36097.68,27328.73,60,10.95,13.1,685,0.0762,1,0.5387,medical,0
APP-000630,70564.13,30267.42,48,13.59,10.5,637,0.3126,1,0.476,small_business,0
APP-000631,79736.73,23281.21,60,14.05,0.7,651,0.1576,1,0.4143,other,1
APP-000632,78848.05,10563.0,24,11.07,6.5,704,0.0245,1,0.5155,small_business,0
APP-000633,65386.81,19315.83,36,15.35,7.9,590,0.2034,1,0.3092,debt_consolidation,1
APP-000634,31021.24,19369.22,36,14.32,6.1,685,0.2656,1,0.6842,home_improvement,0
APP-000635,48269.96,9034.79,60,10.58,6.3,729,0.2485,1,0.2189,debt_consolidation,0
APP-000636,53457.13,5835.0,60,12.3,13.6,734,0.5024,1,0.266,debt_consolidation,0
APP-000637,53560.16,4485.9,48,12.6,3.1,710,0.3281,0,0.2968,auto,0
APP-000638,67382.02,15099.55,60,18.58,10.1,677,0.3905,1,0.7646,auto,0
APP-000639,128849.77,17236.2,36,18.02,7.9,644,0.4758,0,0.7141,small_business,0
APP-000640,95985.15,7306.14,60,16.6,2.6,675,0.1657,1,0.6878,other,0
APP-000641,40462.63,26598.3,36,13.12,1.7,776,0.4145,2,0.6036,auto,0
APP-000642,90018.99,15838.37,36,10.1,0.0,696,0.1467,1,0.3833,small_business,0
APP-000643,88387.66,31716.31,48,14.35,8.7,674,0.136,0,0.4029,debt_consolidation,0
APP-000644,44144.79,17976.39,36,8.77,6.2,713,0.2795,0,0.1935,debt_consolidation,0
APP-000645,97694.27,7812.11,60,11.46,2.8,683,0.2344,1,0.1179,auto,1
APP-000646,60184.0,18914.93,60,16.69,0.0,693,0.4552,1,0.4369,other,0
APP-000647,33036.39,21387.63,60,15.34,8.4,666,0.1684,0,0.498,debt_consolidation,1
APP-000648,80873.37,10554.23,36,15.57,5.7,656,0.1572,0,0.7858,medical,0
APP-000649,72134.25,6282.29,36,8.37,3.3,738,0.1894,0,0.1022,auto,0
APP-000650,58270.85,15368.51,24,19.07,2.2,567,0.0566,1,0.4218,debt_consolidation,0
APP-000651,63841.9,8114.55,36,10.75,5.4,708,0.0609,0,0.206,home_improvement,0
APP-000652,46026.91,27778.53,36,15.16,8.6,652,0.2348,0,0.3197,other,0
APP-000653,87116.81,11449.96,36,20.43,5.0,569,0.4912,0,0.4559,auto,1
APP-000654,63658.38,39425.68,60,15.6,1.2,623,0.0911,0,0.538,debt_consolidation,0
APP-000655,70406.3,4229.72,60,14.16,6.2,678,0.2577,2,0.2246,other,0
APP-000656,77154.92,15679.12,60,15.74,11.2,686,0.4542,0,0.5371,home_improvement,0
APP-000657,37344.52,33221.47,24,8.98,6.7,723,0.1375,0,0.4614,other,0
APP-000658,42314.57,8651.84,36,9.63,6.8,727,0.1569,0,0.4569,debt_consolidation,0
APP-000659,22502.22,13221.07,36,18.08,5.0,590,0.3547,1,0.2399,medical,0
APP-000660,85239.38,11477.49,36,13.58,2.5,702,0.2785,0,0.2576,home_improvement,0
APP-000661,36325.74,9752.89,36,12.19,2.3,722,0.1397,1,0.4544,debt_consolidation,0
APP-000662,69270.61,16710.37,60,11.27,0.0,693,0.2306,0,0.3709,other,0
APP-000663,77669.42,6840.11,48,13.2,11.8,709,0.3159,0,0.3869,debt_consolidation,0
APP-000664,86792.19,13596.15,36,19.35,8.6,568,0.413,0,0.4072,debt_consolidation,1
APP-000665,36468.87,19558.8,48,11.97,6.9,623,0.1716,0,0.3354,home_improvement,0
APP-000666,62998.42,12799.35,60,12.74,7.8,759,0.1245,1,0.5098,auto,0
APP-000667,144911.31,8117.56,24,15.71,8.0,664,0.314,0,0.4084,small_business,1
APP-000668,148006.81,26354.95,60,10.0,3.2,809,0.4832,0,0.4486,other,1
APP-000669,104407.59,22146.9,36,16.13,5.0,606,0.3285,0,0.3155,debt_consolidation,0
APP-000670,76430.66,7926.88,36,10.17,4.4,771,0.3048,1,0.2637,home_improvement,0
APP-000671,40122.46,6845.33,60,16.22,17.8,645,0.0599,0,0.6739,debt_consolidation,1
APP-000672,91773.69,8348.09,24,12.01,11.1,730,0.1613,0,0.7035,medical,0
APP-000673,60252.08,19893.78,60,10.79,7.3,663,0.1402,0,0.2722,other,0
APP-000674,85067.14,17013.05,36,12.87,12.6,687,0.2531,0,0.364,auto,0
APP-000675,47972.24,22928.87,48,14.88,12.1,715,0.4321,1,0.6797,medical,0
APP-000676,59822.35,12000.9,48,17.16,0.3,644,0.3208,0,0.5017,home_improvement,0
APP-000677,70328.56,8480.78,60,15.59,5.5,726,0.4036,1,0.7068,other,0
APP-000678,73156.48,24706.83,60,14.33,6.4,665,0.4128,1,0.3547,home_improvement,1
APP-000679,82382.59,10518.64,60,16.47,9.3,690,0.4742,1,0.6714,debt_consolidation,0
APP-000680,49223.62,16156.89,36,17.85,5.5,527,0.1115,2,0.3301,home_improvement,1
APP-000681,34110.69,5901.42,36,14.7,6.1,660,0.1821,1,0.5522,debt_consolidation,1
APP-000682,141781.07,10419.29,48,9.6,4.4,753,0.258,0,0.5162,debt_consolidation,0
APP-000683,214697.33,26039.08,36,12.01,11.2,720,0.2057,0,0.7049,debt_consolidation,0
APP-000684,80571.84,9570.73,24,15.92,0.0,731,0.2947,2,0.772,home_improvement,0
APP-000685,34428.03,23255.95,60,15.45,4.6,683,0.2777,0,0.4464,auto,0
APP-000686,44846.86,3751.51,36,8.16,0.0,777,0.2494,0,0.1972,home_improvement,0
APP-000687,82993.62,10482.44,24,15.17,1.9,697,0.1532,1,0.8071,home_improvement,1
APP-000688,123732.6,13128.2,60,14.64,7.9,642,0.0794,0,0.1508,other,0
APP-000689,36313.87,39838.03,48,11.57,8.0,730,0.1481,0,0.4843,small_business,1
APP-000690,61234.3,7360.24,60,7.72,5.1,734,0.1278,0,0.3528,medical,0
APP-000691,71409.77,21398.58,36,12.57,11.6,717,0.1719,0,0.4725,debt_consolidation,1
APP-000692,98433.87,26766.98,36,13.28,12.6,657,0.1944,0,0.281,other,0
APP-000693,55117.03,9541.82,48,13.38,6.2,696,0.2321,1,0.4958,debt_consolidation,1
APP-000694,30684.46,11675.64,36,8.77,7.6,761,0.1209,0,0.5259,debt_consolidation,0
APP-000695,87580.83,15741.39,60,14.09,4.5,708,0.2148,0,0.5555,other,0
APP-000696,111529.52,6140.38,36,14.64,9.3,594,0.2703,0,0.6358,medical,0
APP-000697,62473.56,11136.06,36,14.34,1.1,644,0.2006,2,0.2888,auto,0
APP-000698,78956.93,30395.47,24,17.12,14.6,641,0.238,0,0.8803,medical,1
APP-000699,51760.72,19634.5,36,16.23,11.6,636,0.3651,0,0.5851,auto,0
APP-000700,43311.42,13239.87,36,18.7,1.1,558,0.383,1,0.2817,debt_consolidation,1
APP-000701,106385.75,15482.81,60,9.47,2.9,790,0.2651,0,0.619,debt_consolidation,0
APP-000702,78287.29,20309.2,36,14.4,8.4,629,0.2963,0,0.0795,debt_consolidation,0
APP-000703,82250.07,22695.04,36,18.91,5.0,633,0.1472,1,0.4763,debt_consolidation,0
APP-000704,133673.8,10500.56,36,19.42,9.0,567,0.2867,1,0.7637,other,0
APP-000705,39175.95,35314.26,36,9.83,4.9,730,0.166,0,0.1308,debt_consolidation,0
APP-000706,49869.75,31113.15,36,14.37,13.4,675,0.2629,0,0.4748,medical,0
APP-000707,70119.1,21476.47,60,18.66,6.5,660,0.596,0,0.5915,small_business,0
APP-000708,49576.5,8892.71,60,13.1,17.4,663,0.3666,0,0.1665,small_business,0
APP-000709,94660.12,8023.85,60,13.41,9.2,714,0.4693,0,0.2621,home_improvement,0
APP-000710,59408.4,11997.74,36,16.12,0.4,652,0.4715,0,0.3059,home_improvement,0
APP-000711,40365.34,15020.15,36,17.03,15.9,565,0.2704,0,0.1297,other,1
APP-000712,67084.81,5198.78,60,19.08,11.4,605,0.3633,0,0.5787,auto,0
APP-000713,70537.88,19318.64,36,16.73,8.2,602,0.1408,1,0.2807,small_business,0
APP-000714,101802.5,30596.23,48,14.02,9.4,696,0.3043,2,0.4446,other,0
APP-000715,78499.71,20257.07,60,10.47,1.1,734,0.2189,1,0.1183,small_business,1
APP-000716,81104.43,9796.63,36,10.64,0.0,765,0.0761,2,0.5048,debt_consolidation,0
APP-000717,75802.2,9146.71,60,18.3,6.3,585,0.384,1,0.1676,medical,0
APP-000718,59384.93,17254.33,36,17.03,12.7,716,0.4852,3,0.8551,debt_consolidation,0
APP-000719,46090.28,13266.37,36,15.44,8.3,644,0.197,1,0.2655,auto,1
APP-000720,74666.36,18748.48,24,8.32,14.2,850,0.1735,0,0.5855,other,0
APP-000721,55394.89,20555.88,48,13.62,12.4,760,0.3301,1,0.4163,medical,0
APP-000722,146277.01,27315.25,36,13.71,6.6,779,0.4511,1,0.6016,home_improvement,0
APP-000723,123795.97,7519.63,60,11.91,11.8,727,0.0769,0,0.7153,debt_consolidation,0
APP-000724,88071.59,16488.9,60,9.66,13.4,702,0.1652,0,0.1612,other,1
APP-000725,77948.74,11743.89,36,14.13,6.1,657,0.3395,1,0.2208,debt_consolidation,0
APP-000726,62312.8,13693.76,36,11.13,5.5,645,0.1353,1,0.2953,debt_consolidation,0
APP-000727,35482.79,23938.92,48,14.69,7.1,634,0.2154,1,0.3167,debt_consolidation,0
APP-000728,58593.55,25497.02,36,10.54,0.0,716,0.0952,0,0.4684,debt_consolidation,0
APP-000729,68241.94,32630.45,60,11.72,7.8,771,0.3446,0,0.4818,home_improvement,0
APP-000730,72568.17,18559.67,24,14.17,9.7,659,0.2092,0,0.6063,medical,0
APP-000731,81431.71,13603.66,60,18.14,7.2,638,0.2522,1,0.7531,debt_consolidation,0
APP-000732,101152.14,12521.9,24,16.45,8.1,594,0.191,1,0.4079,debt_consolidation,1
APP-000733,46625.77,5301.51,36,7.86,6.3,694,0.1691,0,0.0533,debt_consolidation,0
APP-000734,46829.39,31538.06,60,13.39,0.0,751,0.3795,2,0.3836,home_improvement,0
APP-000735,130425.02,12030.53,36,14.04,14.0,754,0.3214,0,0.653,debt_consolidation,0
APP-000736,94109.45,19444.59,36,9.12,4.8,760,0.0933,0,0.1946,auto,0
APP-000737,53883.12,21498.14,36,12.71,3.7,704,0.3885,0,0.3958,debt_consolidation,0
APP-000738,61739.62,7041.81,60,9.05,12.6,685,0.0531,0,0.3061,debt_consolidation,0
APP-000739,61873.04,8487.61,48,13.55,10.9,754,0.3359,0,0.4936,home_improvement,0
APP-000740,65992.62,35567.07,24,16.99,7.7,616,0.1789,0,0.6378,home_improvement,1
APP-000741,81554.8,17160.35,36,12.33,10.0,654,0.1027,0,0.4855,debt_consolidation,0
APP-000742,219463.03,10354.37,36,10.37,1.3,779,0.1781,0,0.7474,debt_consolidation,0
APP-000743,71198.41,13475.42,60,15.17,6.1,618,0.1907,1,0.3002,other,0
APP-000744,89338.67,27225.83,36,15.42,12.3,678,0.2173,0,0.5884,debt_consolidation,0
APP-000745,28929.98,24929.48,48,10.57,3.5,717,0.3,0,0.1311,medical,0
APP-000746,51502.75,6195.49,36,10.21,2.0,685,0.1557,0,0.3415,home_improvement,0
APP-000747,117239.46,37413.56,48,6.52,6.9,747,0.2216,0,0.0769,debt_consolidation,0
APP-000748,78846.16,25394.04,60,9.85,7.0,768,0.2764,1,0.3362,home_improvement,0
APP-000749,18000.0,13272.75,36,9.18,9.4,708,0.0938,1,0.1518,small_business,1
APP-000750,89829.95,7264.14,60,13.57,0.3,761,0.4417,0,0.8388,small_business,0
APP-000751,163221.17,26721.64,36,18.72,0.0,626,0.3397,0,0.536,debt_consolidation,0
APP-000752,24936.97,19115.06,60,13.57,10.6,671,0.3149,1,0.4889,debt_consolidation,0
APP-000753,134786.68,6225.32,36,5.22,1.6,820,0.06,1,0.1766,debt_consolidation,0
APP-000754,18000.0,12673.88,36,13.1,3.8,793,0.054,2,0.6318,home_improvement,0
APP-000755,101964.71,50000.0,36,18.29,0.0,606,0.5071,1,0.4495,auto,1
APP-000756,64730.72,14639.45,36,15.58,11.1,679,0.1219,2,0.7281,debt_consolidation,0
APP-000757,21039.49,9429.15,60,15.46,8.1,688,0.27,0,0.4575,debt_consolidation,0
APP-000758,80522.24,8078.62,60,12.23,7.9,704,0.1884,1,0.3462,other,0
APP-000759,112932.51,40526.9,36,14.25,7.9,754,0.421,1,0.5207,debt_consolidation,0
APP-000760,77405.13,23708.87,36,9.36,0.0,787,0.4244,0,0.2204,home_improvement,0
APP-000761,86065.15,32801.14,60,12.61,2.1,682,0.2768,0,0.4127,auto,1
APP-000762,53345.13,16744.94,36,12.55,4.5,745,0.4281,1,0.59,debt_consolidation,0
APP-000763,26600.24,30008.47,36,14.6,3.1,718,0.4148,1,0.5032,debt_consolidation,0
APP-000764,90602.52,8865.11,60,13.1,5.3,679,0.0815,1,0.4016,debt_consolidation,0
APP-000765,150546.07,15933.94,36,19.17,7.6,582,0.2706,0,0.3471,other,0
APP-000766,111785.97,17126.72,36,9.66,11.0,739,0.1555,0,0.3669,debt_consolidation,0
APP-000767,25033.3,32329.1,36,13.56,0.0,715,0.1088,0,0.5859,debt_consolidation,0
APP-000768,31413.51,17445.43,24,14.1,6.5,703,0.3344,0,0.322,debt_consolidation,0
APP-000769,43307.37,10088.05,60,14.09,9.7,623,0.2489,1,0.2222,debt_consolidation,1
APP-000770,30257.95,15049.0,60,10.38,2.3,794,0.3529,0,0.393,auto,0
APP-000771,66393.45,5483.97,60,11.52,5.6,689,0.0598,1,0.2999,debt_consolidation,0
APP-000772,78510.07,3773.44,36,14.67,8.6,614,0.2357,0,0.5286,medical,0
APP-000773,32716.05,23484.17,60,21.4,6.6,604,0.4641,2,0.7972,medical,0
APP-000774,94387.53,11667.38,60,11.02,9.5,719,0.2222,1,0.3315,small_business,1
APP-000775,86740.18,12460.04,48,12.37,6.9,721,0.2596,0,0.4927,debt_consolidation,0
APP-000776,49962.41,23478.8,60,16.05,5.1,653,0.0723,2,0.7599,other,0
APP-000777,59834.16,32603.34,60,12.18,1.2,707,0.2609,0,0.34,medical,0
APP-000778,25495.01,19769.72,60,10.86,7.6,719,0.0702,0,0.5919,debt_consolidation,0
APP-000779,55417.83,44364.11,60,14.2,6.9,688,0.3935,0,0.5771,small_business,1
APP-000780,65230.82,19408.45,48,12.77,2.0,639,0.2339,0,0.4414,other,0
APP-000781,70484.03,17277.97,36,13.02,9.1,736,0.1467,0,0.6166,debt_consolidation,1
APP-000782,77964.08,16669.39,60,17.6,12.2,729,0.5185,1,0.8625,other,1
APP-000783,73085.01,6879.6,60,15.0,3.5,713,0.3566,1,0.3694,home_improvement,1
APP-000784,57254.27,25244.99,36,17.39,3.2,632,0.3048,2,0.5108,medical,1
APP-000785,74571.68,3510.57,36,15.52,3.1,603,0.2697,0,0.2715,other,0
APP-000786,105147.34,10320.39,36,11.07,0.0,684,0.1352,2,0.0397,home_improvement,0
APP-000787,62087.72,14694.13,60,14.93,15.5,734,0.4979,1,0.5592,small_business,1
APP-000788,75704.14,9171.37,36,10.72,4.5,740,0.1424,0,0.4081,debt_consolidation,0
APP-000789,59443.43,11157.7,36,10.83,2.6,714,0.1572,2,0.1479,small_business,1
APP-000790,47652.88,42139.54,36,17.89,1.4,654,0.2405,0,0.8026,medical,1
APP-000791,83543.67,27508.15,24,18.22,4.8,633,0.2232,0,0.6729,debt_consolidation,0
APP-000792,49793.22,9741.24,60,14.42,3.4,679,0.2201,1,0.2223,home_improvement,0
APP-000793,78236.62,11043.04,36,18.56,13.0,680,0.3834,1,0.6225,debt_consolidation,0
APP-000794,65887.57,6913.57,36,9.82,0.9,744,0.1779,0,0.5149,debt_consolidation,1
APP-000795,56176.51,21824.76,36,15.15,0.0,652,0.0535,0,0.5655,debt_consolidation,0
APP-000796,55527.52,12544.7,60,16.25,9.0,657,0.42,1,0.3505,home_improvement,0
APP-000797,50931.89,4634.82,48,9.78,6.0,799,0.3026,0,0.382,debt_consolidation,0
APP-000798,29500.37,15372.85,36,9.04,5.5,770,0.314,0,0.2436,debt_consolidation,0
APP-000799,78114.6,18704.36,36,15.77,9.0,629,0.5385,0,0.135,auto,0
APP-000800,72641.02,25349.79,60,6.36,7.1,765,0.1841,0,0.2727,auto,0
APP-000801,97732.0,13896.03,60,18.33,6.3,615,0.2826,0,0.6693,auto,0
APP-000802,50364.57,11681.42,60,12.43,0.2,655,0.1001,0,0.351,debt_consolidation,0
APP-000803,161446.11,45887.01,36,16.92,0.0,661,0.4223,0,0.7178,other,1
APP-000804,54169.28,14555.5,60,16.45,3.3,675,0.2504,1,0.4843,medical,1
APP-000805,42705.8,22009.95,60,10.23,1.6,716,0.1184,0,0.2681,debt_consolidation,0
APP-000806,40343.02,10603.83,36,13.03,7.7,686,0.2271,1,0.4842,debt_consolidation,1
APP-000807,28278.58,21634.65,60,14.44,0.0,716,0.3406,2,0.4256,auto,1
APP-000808,135646.01,6233.16,60,16.23,4.5,657,0.2937,0,0.3066,debt_consolidation,0
APP-000809,125524.33,11091.17,60,12.66,5.7,702,0.1659,1,0.4416,medical,0
APP-000810,86725.24,7194.74,60,15.91,6.3,685,0.4048,0,0.439,other,0
APP-000811,42277.91,10208.94,36,14.65,8.3,599,0.2998,0,0.2026,debt_consolidation,0
APP-000812,155057.46,29946.76,36,14.55,5.0,708,0.2105,1,0.5942,debt_consolidation,0
APP-000813,54902.68,10165.5,36,16.21,3.5,686,0.2645,1,0.7223,other,0
APP-000814,57125.74,21993.29,48,15.55,12.1,639,0.4259,0,0.2475,medical,0
APP-000815,129576.52,34958.53,36,15.57,5.1,655,0.2592,0,0.6958,debt_consolidation,1
APP-000816,89180.67,14269.92,36,14.02,12.9,657,0.3415,0,0.2823,other,0
APP-000817,186964.13,25804.1,60,10.44,5.0,666,0.1509,0,0.3583,other,0
APP-000818,73242.36,19730.75,36,7.21,6.4,782,0.1011,1,0.4068,medical,0
APP-000819,53721.46,15513.06,60,7.8,5.9,801,0.4077,0,0.2519,auto,0
APP-000820,48459.14,22406.07,36,19.65,7.5,522,0.4358,0,0.5509,debt_consolidation,1
APP-000821,26784.65,42153.29,24,16.27,4.6,708,0.3421,1,0.8456,debt_consolidation,1
APP-000822,56863.93,10019.49,24,9.11,6.9,735,0.0623,1,0.2757,medical,0
APP-000823,112594.41,8312.93,36,11.93,13.4,667,0.1413,1,0.3458,debt_consolidation,0
APP-000824,86645.72,8034.61,36,14.96,11.2,734,0.43,0,0.4463,auto,1
APP-000825,65636.71,25814.0,36,8.66,11.3,776,0.1517,0,0.3661,small_business,0
APP-000826,40318.84,27915.49,60,17.61,0.5,600,0.3314,0,0.3203,debt_consolidation,1
APP-000827,72478.24,10619.24,36,13.09,1.2,688,0.4544,0,0.3881,medical,0
APP-000828,105692.91,4200.74,24,9.33,7.5,793,0.0391,0,0.6021,debt_consolidation,0
APP-000829,79928.5,9803.99,36,16.02,10.0,608,0.1599,0,0.3386,other,0
APP-000830,70415.97,19923.58,36,13.13,4.2,673,0.1702,0,0.3438,debt_consolidation,0
APP-000831,44338.24,13949.58,24,14.66,3.4,654,0.2072,0,0.6073,medical,0
APP-000832,98556.95,16098.89,36,9.52,12.8,741,0.1534,2,0.0893,medical,0
APP-000833,18000.0,10703.91,60,9.95,9.6,749,0.2075,0,0.214,home_improvement,0
APP-000834,78112.74,26110.05,60,12.84,11.3,689,0.3697,0,0.1601,auto,0
APP-000835,223216.43,17693.55,60,16.53,4.5,682,0.3793,2,0.2884,auto,1
APP-000836,31511.99,20374.77,60,18.92,4.2,580,0.3316,1,0.6955,medical,1
APP-000837,57889.15,15901.39,36,13.05,10.8,763,0.2671,0,0.5924,small_business,0
APP-000838,64753.65,19654.03,36,15.96,5.3,660,0.3395,0,0.5064,other,0
APP-000839,52057.43,18918.12,24,18.23,3.8,672,0.5293,1,0.5823,home_improvement,1
APP-000840,106894.99,8464.37,48,11.15,2.4,736,0.4323,0,0.1083,medical,0
APP-000841,81545.71,18002.76,36,19.36,4.2,691,0.4352,2,0.7353,debt_consolidation,1
APP-000842,69929.77,22947.83,36,14.84,10.4,738,0.5424,0,0.7175,small_business,0
APP-000843,95304.6,28335.93,60,11.87,0.0,715,0.4335,0,0.3064,medical,1
APP-000844,65524.73,18457.87,36,15.89,9.3,692,0.36,0,0.7067,home_improvement,0
APP-000845,250000.0,8283.81,24,9.61,3.3,698,0.1327,0,0.1859,debt_consolidation,0
APP-000846,69897.77,9057.42,60,16.8,5.6,615,0.1021,1,0.632,other,0
APP-000847,71387.49,11265.7,36,16.48,5.8,671,0.2059,1,0.4153,home_improvement,0
APP-000848,28598.74,16184.24,36,13.98,5.5,743,0.3642,0,0.6687,auto,1
APP-000849,50075.46,13507.59,36,17.09,5.2,628,0.3503,0,0.512,debt_consolidation,0
APP-000850,112744.99,7556.32,36,20.12,4.5,639,0.1973,2,0.806,other,0
APP-000851,34239.09,7530.12,60,14.2,3.9,629,0.1228,0,0.3396,debt_consolidation,0
APP-000852,23075.23,4293.09,60,15.14,12.4,689,0.1445,0,0.6722,debt_consolidation,1
APP-000853,66016.1,2374.66,36,10.01,6.6,761,0.3963,0,0.1373,other,0
APP-000854,125504.88,13433.01,36,11.41,5.9,712,0.1633,0,0.3894,other,1
APP-000855,66335.84,50000.0,36,17.1,3.6,554,0.2648,0,0.3921,debt_consolidation,1
APP-000856,55315.18,41111.21,48,12.18,4.7,718,0.143,1,0.3679,home_improvement,1
APP-000857,26637.32,8221.68,36,16.33,3.6,654,0.2337,2,0.438,auto,0
APP-000858,80758.99,15817.11,36,13.62,9.9,710,0.163,0,0.5865,other,0
APP-000859,89281.95,6200.89,60,16.21,3.1,671,0.3493,0,0.5708,home_improvement,1
APP-000860,27637.01,6774.23,60,17.18,0.0,630,0.2785,0,0.7171,medical,0
APP-000861,112051.98,7239.95,60,13.1,6.8,676,0.1444,0,0.3629,auto,1
APP-000862,93870.96,12722.34,60,16.38,5.2,654,0.3705,0,0.2494,auto,1
APP-000863,111932.83,13043.92,36,9.44,3.9,698,0.0738,0,0.0745,small_business,0
APP-000864,86011.35,16788.86,60,17.45,10.6,629,0.3899,1,0.7288,medical,1
APP-000865,88957.17,21302.28,60,15.66,0.0,615,0.2719,0,0.5621,debt_consolidation,0
APP-000866,83457.15,11926.44,24,11.49,13.6,722,0.2753,0,0.2305,other,0
APP-000867,98618.02,14807.68,36,9.64,11.2,744,0.3007,0,0.2428,other,0
APP-000868,27150.18,7688.59,36,12.35,3.7,714,0.1434,0,0.68,small_business,0
APP-000869,31622.81,6648.16,60,13.82,4.5,642,0.215,0,0.4032,debt_consolidation,0
APP-000870,45654.56,6078.42,60,17.06,8.8,637,0.1637,3,0.4731,debt_consolidation,0
APP-000871,61073.23,21130.39,60,17.36,8.9,640,0.1047,2,0.4895,auto,0
APP-000872,78311.38,11919.34,36,9.47,3.6,732,0.0868,0,0.5962,debt_consolidation,0
APP-000873,75962.09,4898.35,60,15.82,0.0,632,0.115,1,0.396,other,0
APP-000874,111118.6,13979.01,24,11.24,16.0,731,0.2012,0,0.1977,home_improvement,0
APP-000875,112805.49,7027.51,36,12.36,10.8,717,0.2906,0,0.3174,auto,0
APP-000876,42761.68,37984.13,48,11.02,7.2,752,0.2281,0,0.492,other,0
APP-000877,72886.53,10364.97,60,14.07,7.3,742,0.3987,2,0.266,home_improvement,0
APP-000878,43268.64,21529.46,60,13.48,9.3,711,0.3394,0,0.4403,debt_consolidation,1
APP-000879,59384.23,27268.91,36,17.63,9.8,595,0.3495,0,0.4844,medical,1
APP-000880,75856.78,8333.56,36,9.66,0.0,715,0.12,0,0.5449,medical,0
APP-000881,18000.0,15153.87,36,18.5,4.9,687,0.4415,1,0.7914,home_improvement,1
APP-000882,206806.67,19988.56,24,17.18,4.5,658,0.3287,1,0.3756,medical,0
APP-000883,85307.59,15505.04,60,6.36,5.8,759,0.1064,0,0.1847,other,0
APP-000884,48835.12,17878.29,36,14.68,10.0,671,0.1965,0,0.8166,home_improvement,0
APP-000885,163943.97,6705.74,36,13.85,0.0,649,0.3891,0,0.1749,debt_consolidation,1
APP-000886,55015.79,19995.15,36,11.15,0.4,745,0.068,1,0.6193,home_improvement,0
APP-000887,69268.94,10937.24,60,13.9,3.4,657,0.3227,0,0.3818,home_improvement,1
APP-000888,51448.0,17757.9,60,17.28,7.2,646,0.2575,0,0.5646,debt_consolidation,1
APP-000889,143644.77,24723.2,36,22.29,10.2,615,0.3242,1,0.8596,debt_consolidation,1
APP-000890,61805.64,21371.49,36,15.46,13.8,632,0.3105,0,0.3181,auto,0
APP-000891,69835.3,17750.37,60,12.6,5.2,637,0.0738,1,0.3024,debt_consolidation,0
APP-000892,115839.16,21043.32,36,15.43,10.2,716,0.4287,2,0.4231,other,1
APP-000893,86078.03,21615.85,36,17.06,9.7,621,0.2762,0,0.8521,debt_consolidation,1
APP-000894,63326.27,34520.02,36,18.21,8.9,572,0.347,0,0.462,debt_consolidation,1
APP-000895,110761.02,14216.44,60,11.36,6.4,698,0.0825,1,0.1856,small_business,0
APP-000896,219831.03,15946.57,60,15.86,4.7,643,0.1992,1,0.4173,other,0
APP-000897,75697.44,24897.0,36,12.9,1.7,679,0.1159,0,0.3889,debt_consolidation,0
APP-000898,68746.93,10910.48,36,11.08,1.4,754,0.469,0,0.2075,debt_consolidation,0
APP-000899,70547.64,6683.85,36,17.42,8.1,684,0.4059,0,0.825,debt_consolidation,1
APP-000900,121923.46,19302.26,36,10.33,6.3,768,0.1492,0,0.6189,medical,0
APP-000901,48753.27,12866.86,36,14.68,4.6,676,0.3145,2,0.0864,home_improvement,0
APP-000902,56871.53,7197.85,36,10.58,9.5,738,0.0826,0,0.4248,debt_consolidation,0
APP-000903,31075.34,19384.29,36,15.16,5.6,648,0.1544,0,0.2965,debt_consolidation,0
APP-000904,36823.3,33255.02,36,13.68,2.4,686,0.3824,0,0.2069,home_improvement,0
APP-000905,50695.81,5634.44,36,13.27,5.3,626,0.0529,2,0.3122,other,1
APP-000906,63277.99,26235.07,36,12.2,10.2,633,0.2249,1,0.1002,auto,0
APP-000907,151949.35,3328.93,60,14.41,1.9,667,0.2366,1,0.3638,home_improvement,0
APP-000908,84071.18,11495.81,36,14.29,7.4,603,0.4208,1,0.2123,debt_consolidation,0
APP-000909,41954.66,42167.42,60,11.97,6.3,689,0.1562,1,0.323,debt_consolidation,0
APP-000910,45830.81,11985.78,60,16.11,3.1,662,0.5521,1,0.299,debt_consolidation,0
APP-000911,125746.33,15276.46,60,12.64,5.2,694,0.2307,0,0.543,small_business,0
APP-000912,111626.7,22569.76,36,18.13,0.0,604,0.1079,2,0.7047,other,0
APP-000913,65884.24,5358.02,36,9.2,7.0,721,0.021,0,0.4909,other,0
APP-000914,52561.01,15119.17,48,8.51,0.4,778,0.3242,0,0.3677,other,0
APP-000915,111536.85,15050.21,36,13.15,11.3,766,0.2219,0,0.7925,other,0
APP-000916,40349.95,42704.09,36,8.39,6.1,790,0.0686,0,0.5477,other,0
APP-000917,78457.88,7081.03,24,15.79,3.9,682,0.3016,1,0.5478,debt_consolidation,0
APP-000918,193497.31,11621.49,48,15.81,11.7,660,0.1822,0,0.7432,debt_consolidation,0
APP-000919,71733.51,8462.99,60,14.33,1.9,708,0.3134,0,0.5054,debt_consolidation,1
APP-000920,44794.92,7958.1,36,13.07,3.1,666,0.1366,2,0.1652,medical,0
APP-000921,79151.54,27883.7,60,20.06,0.0,579,0.2373,0,0.8116,debt_consolidation,1
APP-000922,51872.2,14725.88,60,15.56,12.4,728,0.2499,1,0.5711,small_business,0
APP-000923,33288.49,10505.72,24,15.43,14.9,666,0.2429,1,0.4828,medical,1
APP-000924,91002.28,10738.1,36,20.2,0.0,595,0.2939,0,0.8479,medical,1
APP-000925,111157.46,10459.15,24,15.65,2.8,651,0.2489,1,0.4692,debt_consolidation,0
APP-000926,55988.82,11015.93,60,12.28,6.8,668,0.2678,2,0.2879,debt_consolidation,1
APP-000927,54234.33,6964.11,60,11.08,4.2,681,0.1631,0,0.1706,debt_consolidation,1
APP-000928,40969.83,12479.48,60,14.23,6.4,681,0.1037,1,0.3687,other,0
APP-000929,60486.38,11773.0,60,9.27,6.0,759,0.0869,0,0.3086,medical,0
APP-000930,49622.8,9342.99,36,17.65,8.3,605,0.3861,0,0.5592,auto,0
APP-000931,40008.49,15864.37,60,14.52,2.2,671,0.1259,0,0.6358,debt_consolidation,1
APP-000932,161197.18,16664.56,60,11.11,7.4,629,0.1104,0,0.1541,home_improvement,0
APP-000933,81312.83,10499.14,60,15.79,1.5,753,0.6718,2,0.2227,home_improvement,0
APP-000934,85553.07,13337.12,36,13.86,4.6,647,0.2843,1,0.2176,small_business,0
APP-000935,99327.16,50000.0,24,18.02,0.0,660,0.4738,0,0.6743,small_business,1
APP-000936,94111.91,49600.45,24,9.65,4.7,741,0.2346,0,0.3587,debt_consolidation,0
APP-000937,53308.43,7867.78,36,10.26,3.9,757,0.0573,0,0.5622,other,0
APP-000938,74084.96,8531.53,48,5.71,10.7,765,0.0317,0,0.4345,debt_consolidation,0
APP-000939,57125.62,7843.58,60,19.82,6.2,585,0.4075,2,0.5447,other,1
APP-000940,80226.17,26768.88,60,9.88,7.1,708,0.0985,0,0.3545,debt_consolidation,0
APP-000941,76584.82,11507.53,36,11.49,6.4,696,0.1771,0,0.4286,debt_consolidation,0
APP-000942,54093.3,16662.48,36,9.48,0.0,677,0.2004,0,0.5123,small_business,0
APP-000943,34340.45,46172.75,24,15.44,0.0,684,0.3656,2,0.5092,debt_consolidation,0
APP-000944,69726.54,14412.26,60,12.52,5.1,755,0.2555,1,0.5131,home_improvement,0
APP-000945,58929.27,21840.65,60,8.32,7.8,740,0.1414,0,0.2455,home_improvement,0
APP-000946,26232.75,19609.08,36,10.23,5.4,732,0.1384,0,0.2383,debt_consolidation,0
APP-000947,82935.64,10308.64,48,15.18,2.6,692,0.0594,0,0.8575,auto,1
APP-000948,103311.79,26801.62,36,13.58,5.4,812,0.4719,1,0.6904,other,0
APP-000949,218765.06,8858.01,36,16.69,5.0,657,0.2286,1,0.6505,other,0
APP-000950,53872.09,31540.7,36,14.07,10.0,586,0.0391,0,0.2164,debt_consolidation,1
APP-000951,50189.49,10313.23,36,16.39,9.8,665,0.3156,0,0.5923,medical,0
APP-000952,38162.95,10989.36,36,13.59,4.0,683,0.205,0,0.6496,debt_consolidation,1
APP-000953,71846.75,7712.37,36,11.62,6.3,756,0.531,1,0.1893,debt_consolidation,1
APP-000954,71629.0,8483.12,36,14.88,7.7,650,0.3526,1,0.3759,debt_consolidation,1
APP-000955,44034.13,11320.61,60,14.85,8.4,708,0.1435,0,0.8181,other,0
APP-000956,59765.04,3539.43,36,18.39,13.9,594,0.2991,1,0.7183,other,0
APP-000957,25144.21,12664.67,36,9.29,6.4,743,0.1463,1,0.1856,small_business,0
APP-000958,101397.47,10799.76,60,12.64,11.8,684,0.3505,0,0.2294,medical,0
APP-000959,44901.05,22927.91,36,17.16,1.3,664,0.2948,0,0.8233,home_improvement,0
APP-000960,63927.67,18531.6,48,9.27,3.6,804,0.1222,0,0.4917,medical,0
APP-000961,32772.0,9618.79,24,12.37,0.0,742,0.4229,0,0.1956,medical,0
APP-000962,49149.05,11113.82,60,14.43,7.2,620,0.2158,0,0.6393,home_improvement,1
APP-000963,56836.77,12655.23,36,13.17,9.4,674,0.1123,1,0.3464,debt_consolidation,1
APP-000964,64648.68,34329.45,36,6.28,0.0,839,0.1831,0,0.2458,debt_consolidation,0
APP-000965,81831.22,8999.89,24,8.47,7.3,795,0.0468,1,0.4032,other,0
APP-000966,129689.52,9551.4,60,12.77,9.2,734,0.265,0,0.6521,home_improvement,0
APP-000967,92396.45,7535.08,60,13.07,9.0,573,0.1385,0,0.0491,other,0
APP-000968,103154.33,6138.41,60,14.02,1.1,757,0.2054,0,0.8124,debt_consolidation,0
APP-000969,130127.83,17326.04,36,16.15,10.0,643,0.136,1,0.7415,medical,0
APP-000970,85442.79,16310.88,48,13.07,6.5,757,0.3044,0,0.4527,debt_consolidation,0
APP-000971,63864.77,30512.93,48,12.95,9.2,638,0.1134,0,0.2869,debt_consolidation,0
APP-000972,105505.28,26527.07,36,10.6,5.9,708,0.2228,0,0.1333,debt_consolidation,0
APP-000973,108791.34,50000.0,36,15.17,8.2,643,0.54,0,0.1833,debt_consolidation,0
APP-000974,88738.95,13891.85,36,12.49,11.5,659,0.2913,0,0.0611,other,1
APP-000975,32335.51,12466.46,60,15.3,5.6,716,0.1575,0,0.8671,debt_consolidation,0
APP-000976,43401.17,6821.08,36,17.81,7.8,604,0.1175,1,0.8025,medical,1
APP-000977,56966.15,21718.49,36,8.43,12.1,818,0.1924,0,0.4127,home_improvement,0
APP-000978,94500.52,15531.94,60,19.47,5.9,620,0.3933,0,0.5011,home_improvement,0
APP-000979,64337.39,21155.14,60,15.04,1.4,617,0.3732,0,0.3634,medical,1
APP-000980,112177.7,7489.16,36,12.86,9.5,716,0.569,0,0.2284,debt_consolidation,0
APP-000981,122205.11,17780.09,60,12.0,13.0,755,0.1511,0,0.6815,other,0
APP-000982,115583.02,16332.62,36,9.29,12.3,661,0.116,0,0.1542,small_business,0
APP-000983,115936.98,15717.72,60,15.06,9.7,618,0.2913,0,0.1389,auto,0
APP-000984,39513.02,9755.73,36,13.79,0.0,627,0.0965,0,0.5449,home_improvement,0
APP-000985,81945.33,28903.33,36,16.34,3.6,620,0.3827,0,0.4267,debt_consolidation,1
APP-000986,48558.7,47623.53,60,14.0,3.9,698,0.4305,0,0.15,other,0
APP-000987,29454.17,7615.22,36,11.29,6.7,676,0.1931,0,0.3644,home_improvement,0
APP-000988,56622.2,22021.21,60,12.85,14.1,705,0.2073,1,0.8174,debt_consolidation,0
APP-000989,122763.66,2731.9,36,10.03,1.6,701,0.242,1,0.2979,home_improvement,0
APP-000990,81088.69,21369.02,36,13.17,16.6,728,0.2559,0,0.5657,small_business,0
APP-000991,171217.69,4901.1,60,19.39,4.8,656,0.3236,1,0.8562,auto,0
APP-000992,70771.6,10693.84,36,13.47,3.0,637,0.1281,2,0.3433,small_business,1
APP-000993,210467.78,6770.63,60,13.43,10.3,689,0.3731,0,0.0444,small_business,0
APP-000994,70781.49,12795.51,60,15.39,10.7,677,0.4276,0,0.4533,debt_consolidation,0
APP-000995,65705.18,23585.9,24,11.46,9.4,695,0.1966,0,0.2285,other,0
APP-000996,35173.05,4937.74,36,19.52,3.0,639,0.272,1,0.8396,home_improvement,0
APP-000997,110770.16,11771.14,36,12.13,8.8,717,0.2862,0,0.715,auto,0
APP-000998,51078.68,10766.02,36,21.65,1.8,612,0.4747,0,0.9013,debt_consolidation,1
APP-000999,47646.27,36276.02,24,14.7,2.9,654,0.286,1,0.6813,other,1
APP-001000,120226.56,18626.22,36,7.25,6.1,745,0.0744,0,0.3517,debt_consolidation,0
APP-001001,113333.43,7325.51,60,17.95,2.8,614,0.5627,1,0.4974,debt_consolidation,1
APP-001002,111918.61,11031.98,36,11.92,11.2,741,0.1766,1,0.3854,home_improvement,0
APP-001003,54627.4,35754.96,60,19.62,3.9,598,0.1301,2,0.7849,debt_consolidation,1
APP-001004,63428.85,21943.71,36,16.67,5.5,588,0.2637,0,0.206,debt_consolidation,1
APP-001005,63159.11,8512.82,24,19.23,2.5,593,0.2615,2,0.6421,auto,1
APP-001006,94632.03,12419.25,36,14.68,11.2,687,0.1146,2,0.7233,home_improvement,1
APP-001007,137016.08,12651.62,36,12.96,3.5,722,0.1297,0,0.6524,other,0
APP-001008,77563.55,10613.42,48,12.41,11.6,755,0.3665,0,0.534,debt_consolidation,0
APP-001009,167726.55,5377.51,36,12.3,11.3,750,0.3705,1,0.2985,auto,0
APP-001010,99987.04,9787.72,60,11.56,4.5,730,0.0844,0,0.6545,home_improvement,0
APP-001011,58072.0,32455.96,60,12.94,6.6,632,0.0747,1,0.2156,auto,0
APP-001012,96753.72,11624.15,36,20.09,4.4,631,0.3298,1,0.5838,medical,1
APP-001013,147413.06,13657.13,60,11.34,9.0,726,0.1517,0,0.2902,home_improvement,0
APP-001014,169620.91,15731.32,60,8.26,5.6,762,0.1114,0,0.1354,other,1
APP-001015,114903.78,50000.0,24,14.23,4.6,620,0.2994,0,0.1996,home_improvement,1
APP-001016,65806.0,14574.83,60,8.7,6.7,755,0.1872,0,0.1406,debt_consolidation,0
APP-001017,58578.9,27347.82,36,16.8,0.0,569,0.161,0,0.2533,auto,0
APP-001018,85704.1,10249.25,60,15.52,6.2,703,0.2052,1,0.8143,small_business,0
APP-001019,145168.48,12474.63,36,13.67,9.4,674,0.2399,0,0.515,debt_consolidation,1
APP-001020,80045.6,14605.95,60,12.92,7.1,668,0.1737,1,0.6097,home_improvement,1
APP-001021,80847.33,9254.89,60,10.52,10.8,682,0.239,0,0.03,other,0
APP-001022,66623.56,12884.08,60,15.96,4.8,630,0.3734,0,0.2134,auto,0
APP-001023,55534.23,24269.45,60,13.06,4.4,706,0.5151,0,0.3657,other,0
APP-001024,60133.24,9115.14,24,16.95,1.5,684,0.3044,1,0.5253,medical,0
APP-001025,69365.65,14500.75,60,11.76,4.7,734,0.2972,0,0.3258,auto,0
APP-001026,148275.98,21872.15,36,11.5,15.3,772,0.2675,0,0.3072,debt_consolidation,0
APP-001027,57935.17,8988.61,36,14.32,7.7,687,0.3552,1,0.351,other,0
APP-001028,66662.4,27371.13,36,12.07,3.9,633,0.3013,1,0.1837,home_improvement,0
APP-001029,42905.76,15126.09,60,13.86,2.0,614,0.1161,0,0.3807,auto,1
APP-001030,91686.04,13175.74,60,12.32,0.0,778,0.4194,0,0.6837,home_improvement,0
APP-001031,125260.21,4524.12,24,11.57,2.8,771,0.1337,2,0.77,medical,0
APP-001032,141761.52,11675.04,60,11.76,9.9,731,0.1913,0,0.4202,auto,0
APP-001033,71664.98,17987.41,60,12.06,4.6,683,0.3842,0,0.1903,medical,0
APP-001034,85633.57,39902.89,36,12.0,2.2,727,0.4292,2,0.2649,other,1
APP-001035,60381.52,20156.45,36,8.83,2.7,756,0.2502,0,0.2233,home_improvement,0
APP-001036,83750.01,27864.52,60,15.09,9.4,644,0.2397,0,0.3243,auto,1
APP-001037,75572.36,7191.27,60,14.62,6.1,682,0.2463,1,0.5775,home_improvement,0
APP-001038,66843.51,13471.71,36,15.37,3.7,616,0.1519,0,0.7017,home_improvement,0
APP-001039,69443.19,29434.92,36,12.88,5.1,673,0.13,1,0.4404,home_improvement,0
APP-001040,80746.12,8664.75,24,11.89,16.4,770,0.2796,1,0.3057,debt_consolidation,0
APP-001041,56440.9,25380.41,36,9.36,12.0,743,0.0892,1,0.1388,debt_consolidation,0
APP-001042,57857.83,22186.26,36,13.69,13.1,688,0.1509,0,0.5457,auto,0
APP-001043,147513.7,17004.68,36,18.54,0.0,524,0.162,2,0.1757,auto,0
APP-001044,238757.82,11983.15,36,11.0,5.8,642,0.16,1,0.1626,auto,0
APP-001045,36462.75,8183.32,48,13.11,3.6,686,0.3964,0,0.2053,debt_consolidation,0
APP-001046,35510.95,40604.08,36,16.12,8.9,667,0.2819,0,0.5332,debt_consolidation,0
APP-001047,41056.69,20918.39,36,8.56,11.3,682,0.111,0,0.2835,debt_consolidation,0
APP-001048,61855.98,17667.13,36,9.5,8.0,694,0.2029,0,0.3207,small_business,0
APP-001049,99919.21,11412.35,60,13.16,2.6,649,0.1792,2,0.3071,other,0
APP-001050,86330.99,14822.02,36,11.89,3.5,680,0.0556,1,0.5016,debt_consolidation,0
APP-001051,70595.2,15953.6,36,13.47,9.3,671,0.2994,0,0.2915,auto,0
APP-001052,83786.87,18284.92,36,12.16,9.7,639,0.3549,0,0.0824,debt_consolidation,1
APP-001053,46627.29,22199.42,60,10.73,7.1,787,0.3447,0,0.3468,debt_consolidation,0
APP-001054,57812.69,9210.23,36,19.91,7.1,652,0.4208,1,0.507,debt_consolidation,1
APP-001055,64376.06,6193.64,36,17.88,6.7,549,0.2324,1,0.4344,debt_consolidation,1
APP-001056,30385.44,15226.41,60,8.88,7.7,783,0.0911,0,0.7944,auto,0
APP-001057,37224.17,5263.32,60,14.38,9.7,631,0.2136,0,0.4354,other,0
APP-001058,37941.12,12018.24,36,11.99,9.3,732,0.1811,1,0.3649,debt_consolidation,0
APP-001059,93799.47,10792.14,36,14.46,6.6,641,0.1728,0,0.4488,medical,0
APP-001060,73124.07,19285.68,60,12.45,6.3,713,0.1282,0,0.4784,auto,0
APP-001061,87155.74,45789.51,60,11.9,6.1,677,0.2053,1,0.1635,other,0
APP-001062,26879.2,4694.0,60,14.03,3.0,738,0.3113,1,0.5897,medical,0
APP-001063,31889.45,50000.0,60,16.38,2.9,668,0.3833,0,0.106,debt_consolidation,0
APP-001064,89365.14,12666.56,60,16.86,8.9,642,0.1917,1,0.8325,auto,1
APP-001065,18000.0,17740.99,60,9.76,3.3,695,0.1162,0,0.0988,debt_consolidation,0
APP-001066,117004.15,6382.41,36,15.89,10.2,658,0.4792,1,0.1551,other,0
APP-001067,27090.82,25850.61,60,19.7,6.3,568,0.095,0,0.5225,home_improvement,1
APP-001068,97435.71,14853.01,60,14.27,10.2,645,0.2203,0,0.2214,auto,1
APP-001069,42430.47,13992.17,48,5.95,9.4,846,0.2059,1,0.0761,debt_consolidation,0
APP-001070,107539.8,4713.66,36,18.06,10.3,574,0.1061,2,0.6669,home_improvement,1
APP-001071,250000.0,15134.1,36,17.44,4.4,694,0.5178,0,0.4862,other,0
APP-001072,21829.49,23682.33,60,14.96,8.3,666,0.098,2,0.6221,medical,0
APP-001073,90755.43,12643.04,60,10.29,9.8,787,0.2504,1,0.0933,home_improvement,0
APP-001074,27288.6,28650.88,36,14.36,0.0,616,0.1766,0,0.3652,other,0
APP-001075,79777.09,27972.67,48,11.86,14.2,686,0.2296,1,0.2384,other,0
APP-001076,58858.52,9997.28,36,12.97,16.7,720,0.33,0,0.7594,debt_consolidation,0
APP-001077,69177.99,36573.16,36,14.94,10.8,670,0.3655,0,0.3319,medical,0
APP-001078,41962.56,14885.98,48,11.0,10.1,635,0.2094,0,0.1903,home_improvement,0
APP-001079,94542.27,14924.45,48,14.95,9.1,679,0.055,2,0.4812,auto,0
APP-001080,32432.97,15356.79,36,12.36,5.0,662,0.4166,1,0.0779,debt_consolidation,0
APP-001081,117963.25,15094.82,36,12.91,6.0,662,0.4472,0,0.3123,debt_consolidation,0
APP-001082,53407.28,3154.0,36,11.49,10.8,734,0.2362,1,0.3322,other,0
APP-001083,33151.76,13020.89,48,13.11,2.1,703,0.2897,1,0.133,other,0
APP-001084,139764.23,6573.59,60,12.25,1.7,712,0.2257,0,0.4698,small_business,1
APP-001085,62932.5,37241.49,60,12.5,4.7,699,0.2634,1,0.0883,other,1
APP-001086,162398.39,36382.1,60,11.32,9.5,736,0.2344,0,0.3512,auto,1
APP-001087,116820.46,23766.4,36,14.98,2.6,756,0.4804,1,0.5244,small_business,0
APP-001088,44312.97,12627.0,36,16.8,5.5,663,0.255,0,0.5458,small_business,0
APP-001089,62401.68,8080.87,60,12.66,6.0,728,0.3388,2,0.3674,home_improvement,0
APP-001090,68888.24,9902.15,36,20.33,1.9,605,0.3601,0,0.9342,home_improvement,0
APP-001091,135234.84,44740.58,36,14.66,0.0,549,0.1534,0,0.4123,debt_consolidation,0
APP-001092,80189.76,9705.32,36,8.29,1.9,786,0.0629,0,0.176,auto,0
APP-001093,70739.76,3698.41,60,12.66,7.7,661,0.1459,0,0.4063,debt_consolidation,0
APP-001094,59053.57,26354.65,36,12.2,8.7,695,0.1065,0,0.506,debt_consolidation,0
APP-001095,63441.61,34620.31,24,18.52,8.7,609,0.4703,0,0.5897,medical,1
APP-001096,121582.31,37958.51,48,15.09,9.2,606,0.1772,0,0.5155,home_improvement,0
APP-001097,65115.71,26480.02,24,16.1,3.7,639,0.3185,0,0.3652,debt_consolidation,0
APP-001098,53773.92,29108.5,36,14.79,2.7,717,0.198,1,0.7134,small_business,0
APP-001099,49571.88,14952.08,60,12.79,8.2,650,0.2171,0,0.3013,other,0
APP-001100,49828.15,4348.79,60,17.76,5.5,661,0.4306,0,0.3974,debt_consolidation,0
APP-001101,33161.22,14736.39,36,19.25,10.6,637,0.5329,1,0.4278,debt_consolidation,1
APP-001102,45340.79,20793.92,24,11.8,8.2,748,0.0996,1,0.3255,debt_consolidation,0
APP-001103,133436.94,13405.86,36,10.48,12.3,730,0.3128,0,0.5133,small_business,0
APP-001104,58863.41,13056.21,36,11.22,4.4,652,0.0615,0,0.3004,small_business,0
APP-001105,91149.85,8289.26,60,12.79,11.3,720,0.2359,1,0.2559,debt_consolidation,0
APP-001106,19778.28,8110.34,60,13.95,15.7,666,0.2947,0,0.6114,small_business,1
APP-001107,85385.53,42109.56,36,11.63,6.7,660,0.1054,1,0.1968,debt_consolidation,0
APP-001108,60155.81,43002.99,60,13.05,8.7,677,0.2453,0,0.5585,home_improvement,1
APP-001109,51588.36,14477.75,36,13.28,2.3,717,0.1144,1,0.6215,other,0
APP-001110,70898.41,17071.87,36,14.17,10.5,628,0.1221,1,0.3917,debt_consolidation,0
APP-001111,51233.37,8209.16,60,12.11,11.6,709,0.442,0,0.2885,debt_consolidation,0
APP-001112,23451.33,21048.77,36,14.09,4.3,825,0.4621,0,0.6933,home_improvement,0
APP-001113,101196.71,40235.32,36,19.18,9.1,691,0.4991,3,0.6044,medical,1
APP-001114,73042.08,5972.67,60,16.78,7.8,682,0.2924,1,0.6839,other,0
APP-001115,55907.3,18976.49,36,12.49,8.3,675,0.2485,1,0.084,other,0
APP-001116,40879.07,19821.78,36,12.18,10.2,708,0.1732,0,0.3084,debt_consolidation,0
APP-001117,32099.99,19690.98,24,16.06,8.8,587,0.0839,1,0.337,debt_consolidation,1
APP-001118,72374.63,37599.2,36,11.51,5.9,779,0.503,0,0.6729,small_business,0
APP-001119,141011.15,47230.47,36,14.06,10.2,737,0.1453,2,0.3863,debt_consolidation,0
APP-001120,71658.17,12663.55,36,17.62,11.5,643,0.3302,0,0.4047,other,0
APP-001121,33470.41,21425.66,36,12.27,4.0,682,0.2736,0,0.2848,auto,0
APP-001122,72417.16,15226.0,36,14.21,6.5,648,0.3886,0,0.488,debt_consolidation,0
APP-001123,63356.83,10049.49,48,13.29,0.0,697,0.3262,0,0.5947,small_business,1
APP-001124,98408.6,16966.16,60,12.35,9.1,684,0.1578,1,0.4999,debt_consolidation,0
APP-001125,86974.87,21404.87,48,11.62,12.0,693,0.1364,0,0.2885,home_improvement,0
APP-001126,18000.0,16444.11,48,14.74,5.3,620,0.0635,0,0.6392,medical,1
APP-001127,84445.26,8697.74,60,13.13,7.1,652,0.082,2,0.3541,medical,0
APP-001128,40153.8,11081.57,36,11.4,5.5,746,0.1033,1,0.4318,auto,0
APP-001129,32850.19,11130.87,36,14.4,4.8,649,0.1336,0,0.583,auto,1
APP-001130,59377.78,8895.37,24,21.74,7.5,527,0.3692,0,0.5183,other,1
APP-001131,79174.43,17391.85,36,14.75,3.0,671,0.2192,0,0.6272,other,0
APP-001132,29572.2,18479.35,60,10.76,5.4,820,0.4027,0,0.1919,medical,0
APP-001133,91157.06,25591.72,36,13.46,2.4,729,0.2667,1,0.0919,debt_consolidation,0
APP-001134,93764.84,8817.41,60,14.87,9.2,646,0.1782,0,0.5021,auto,1
APP-001135,66482.31,10373.05,36,11.61,7.6,677,0.2326,0,0.173,other,0
APP-001136,42859.53,35723.15,36,13.39,4.6,719,0.1776,0,0.7451,debt_consolidation,0
APP-001137,40621.03,13180.53,36,19.15,6.7,578,0.3087,0,0.4508,home_improvement,0
APP-001138,106360.55,14755.63,36,18.1,5.5,630,0.1544,1,0.7405,home_improvement,1
APP-001139,31468.92,13099.69,36,12.61,11.6,703,0.1566,1,0.8276,debt_consolidation,0
APP-001140,108346.36,27974.87,60,10.16,4.5,772,0.2039,0,0.3468,auto,0
APP-001141,60044.84,28611.18,36,11.72,9.4,655,0.0702,0,0.3205,home_improvement,0
APP-001142,62077.69,27655.08,60,13.55,3.3,771,0.4462,0,0.6005,small_business,0
APP-001143,28631.43,14725.16,60,15.3,10.2,636,0.2721,2,0.2064,small_business,1
APP-001144,60579.91,8741.97,36,21.83,11.2,500,0.4142,0,0.588,small_business,1
APP-001145,87261.41,44290.59,60,11.43,11.4,723,0.294,1,0.491,home_improvement,0
APP-001146,34223.43,23826.73,24,11.18,13.1,711,0.2655,0,0.5152,debt_consolidation,0
APP-001147,82577.11,11126.02,36,14.28,7.8,723,0.2942,2,0.5688,auto,0
APP-001148,67837.37,33114.25,36,11.48,12.1,720,0.1092,2,0.333,small_business,1
APP-001149,47721.62,10628.04,48,13.21,13.8,691,0.2395,0,0.4574,home_improvement,0
APP-001150,97966.97,32863.3,36,12.9,1.5,665,0.1167,0,0.371,other,0
APP-001151,22585.41,34177.03,36,16.63,3.8,667,0.4279,1,0.6551,debt_consolidation,1
APP-001152,76768.47,8496.79,60,12.53,0.0,653,0.1727,1,0.3923,other,0
APP-001153,141417.45,20319.24,36,13.38,11.3,657,0.1415,0,0.2162,debt_consolidation,0
APP-001154,129743.57,22824.15,60,17.01,0.0,575,0.1892,0,0.3598,debt_consolidation,1
APP-001155,78374.18,50000.0,36,14.2,0.0,610,0.0876,1,0.4018,medical,1
APP-001156,56237.31,9427.34,36,12.62,1.6,671,0.1005,1,0.1485,debt_consolidation,0
APP-001157,47904.15,33282.23,36,19.19,0.0,550,0.4066,0,0.5766,debt_consolidation,0
APP-001158,56203.72,14646.62,36,17.63,7.7,564,0.1924,0,0.4637,debt_consolidation,0
APP-001159,84387.12,7057.97,36,12.5,1.6,661,0.1131,0,0.2897,home_improvement,0
APP-001160,44119.87,13525.22,60,12.58,0.0,673,0.229,0,0.381,small_business,0
APP-001161,93499.0,14520.74,36,17.31,6.3,662,0.4402,2,0.3372,debt_consolidation,0
APP-001162,180965.12,7845.91,36,13.83,6.6,542,0.1218,0,0.1253,auto,0
APP-001163,63097.64,17378.07,60,11.03,0.0,770,0.4227,0,0.271,small_business,0
APP-001164,34092.51,25271.52,60,15.76,3.3,597,0.1389,0,0.4761,debt_consolidation,0
APP-001165,34086.79,16648.25,60,13.81,6.2,633,0.1583,0,0.5566,debt_consolidation,0
APP-001166,94362.03,10589.67,36,16.05,4.9,607,0.2821,0,0.2308,other,1
APP-001167,63162.39,13303.6,60,15.97,5.0,755,0.4546,0,0.719,small_business,0
APP-001168,99014.48,14461.84,36,12.97,11.8,704,0.1208,3,0.344,medical,0
APP-001169,50311.96,16447.86,60,12.88,16.2,653,0.1938,0,0.2172,small_business,0
APP-001170,96842.56,27600.96,36,13.71,5.1,648,0.2138,0,0.3722,debt_consolidation,0
APP-001171,60244.04,16977.24,36,14.33,0.6,690,0.1982,1,0.596,home_improvement,0
APP-001172,45731.41,6427.49,60,16.96,5.4,608,0.5647,0,0.2023,auto,0
APP-001173,53619.24,10464.64,60,11.94,7.4,702,0.2563,0,0.268,debt_consolidation,0
APP-001174,36590.96,15965.67,48,12.12,6.3,648,0.0843,0,0.2972,small_business,0
APP-001175,168895.45,27830.73,36,14.81,9.2,710,0.2837,0,0.4147,medical,0
APP-001176,62061.39,30781.06,60,12.91,16.5,708,0.3907,0,0.3134,small_business,0
APP-001177,88566.53,40587.74,36,15.58,0.0,646,0.267,0,0.7342,home_improvement,1
APP-001178,50233.9,15641.15,36,15.59,4.2,561,0.2792,1,0.2762,home_improvement,1
APP-001179,39230.79,22575.56,36,14.04,13.4,666,0.2041,0,0.2825,debt_consolidation,0
APP-001180,58097.62,6237.38,36,19.83,4.2,596,0.3529,2,0.3085,debt_consolidation,1
APP-001181,110273.06,18605.92,24,10.16,10.1,685,0.2084,1,0.0849,small_business,0
APP-001182,50624.52,7771.75,60,13.29,9.3,665,0.1265,1,0.2424,debt_consolidation,0
APP-001183,42799.74,13983.47,36,15.94,12.1,646,0.2795,0,0.4685,debt_consolidation,0
APP-001184,70036.05,50000.0,60,14.13,15.1,605,0.0395,0,0.396,debt_consolidation,1
APP-001185,82592.44,17291.41,60,11.18,8.0,749,0.3864,0,0.4588,debt_consolidation,0
APP-001186,143015.7,8785.8,36,14.33,0.0,654,0.2081,2,0.1426,small_business,0
APP-001187,77029.43,18369.03,60,11.69,3.3,816,0.1995,0,0.7077,home_improvement,0
APP-001188,88544.37,10742.9,36,14.72,16.3,682,0.3635,1,0.0591,other,0
APP-001189,91802.49,8305.49,60,14.75,0.1,700,0.2742,0,0.5956,debt_consolidation,1
APP-001190,37372.68,49105.43,36,16.03,8.7,682,0.1112,0,0.8743,auto,0
APP-001191,40935.1,26920.81,36,9.84,0.0,700,0.2376,0,0.3175,home_improvement,1
APP-001192,38633.39,17717.62,36,12.81,0.4,743,0.186,0,0.6366,home_improvement,0
APP-001193,34293.55,11552.38,60,10.94,10.5,744,0.1694,1,0.2438,other,0
APP-001194,95221.71,12108.29,36,16.26,6.7,578,0.127,0,0.5319,other,1
APP-001195,74709.8,35473.58,60,14.28,4.8,730,0.3552,1,0.5509,other,1
APP-001196,67528.21,17321.76,36,15.35,2.8,709,0.4947,2,0.4165,debt_consolidation,0
APP-001197,18725.45,2425.7,48,15.42,0.0,682,0.3898,2,0.6418,debt_consolidation,1
APP-001198,174341.52,50000.0,36,14.05,9.6,779,0.3924,1,0.6317,auto,0
APP-001199,42314.79,16124.26,36,11.26,5.2,782,0.0876,2,0.2672,debt_consolidation,0
APP-001200,174035.17,17695.36,36,9.11,0.0,732,0.0473,0,0.4703,auto,0
APP-001201,32419.22,27233.06,36,12.63,6.6,648,0.1804,1,0.0618,medical,1
APP-001202,44010.78,18993.22,60,14.24,9.1,611,0.2608,1,0.2843,medical,0
APP-001203,22578.98,22361.83,60,15.65,5.6,724,0.477,0,0.6385,small_business,0
APP-001204,77339.69,11340.6,36,10.99,7.0,759,0.1126,1,0.6846,auto,0
APP-001205,38312.8,7105.49,36,18.15,6.7,562,0.2037,1,0.4883,debt_consolidation,0
APP-001206,38835.98,17059.1,36,15.4,3.3,743,0.3395,0,0.7546,debt_consolidation,0
APP-001207,33635.45,33264.31,60,14.32,6.7,665,0.12,2,0.377,medical,0
APP-001208,94397.79,9958.47,60,17.84,9.8,575,0.1647,1,0.5665,home_improvement,1
APP-001209,91458.91,9505.73,60,12.04,11.2,707,0.1874,2,0.3962,debt_consolidation,0
APP-001210,155114.5,29439.57,60,12.37,10.1,733,0.1766,0,0.4964,home_improvement,0
APP-001211,46770.29,11122.24,36,14.88,3.5,660,0.402,0,0.5272,small_business,1
APP-001212,72198.59,11427.51,36,16.46,9.4,619,0.1595,1,0.2978,small_business,0
APP-001213,35005.54,11678.21,60,12.38,8.6,779,0.3508,0,0.626,medical,0
APP-001214,55344.02,13963.68,36,14.92,3.3,641,0.2938,0,0.5671,home_improvement,0
APP-001215,50670.38,5820.8,24,10.57,4.4,747,0.1197,1,0.7144,debt_consolidation,0
APP-001216,81233.14,10605.06,36,14.1,9.6,592,0.1337,0,0.2383,medical,0
APP-001217,105906.62,16572.79,60,12.82,12.7,704,0.1112,0,0.7189,debt_consolidation,0
APP-001218,104595.37,16504.39,60,13.97,0.0,702,0.0567,0,0.8098,medical,0
APP-001219,43373.01,28382.84,60,10.53,13.9,731,0.2651,1,0.2937,auto,0
APP-001220,104967.61,42139.95,36,11.57,11.7,767,0.2427,1,0.3328,debt_consolidation,0
APP-001221,63638.99,34861.71,36,15.49,7.4,633,0.4501,0,0.6943,debt_consolidation,0
APP-001222,55622.11,24646.8,36,10.3,5.4,710,0.0796,0,0.2887,debt_consolidation,0
APP-001223,46261.11,13301.58,60,16.41,8.3,601,0.193,1,0.5602,other,1
APP-001224,49680.78,10102.36,36,14.14,3.6,600,0.2325,0,0.0561,auto,1
APP-001225,150009.39,14651.14,60,15.63,5.7,646,0.2712,0,0.2823,debt_consolidation,1
APP-001226,75334.97,20364.32,36,13.82,0.0,704,0.365,0,0.2415,other,0
APP-001227,70682.71,23356.44,60,10.28,0.0,777,0.3512,0,0.2158,home_improvement,0
APP-001228,57311.93,20812.18,60,13.66,17.0,788,0.3717,1,0.4978,home_improvement,1
APP-001229,210283.58,13515.9,36,15.12,6.8,659,0.13,2,0.2334,other,0
APP-001230,121606.73,22886.08,60,17.4,7.4,698,0.4642,0,0.5224,debt_consolidation,1
APP-001231,45983.26,30127.99,36,14.89,6.4,735,0.4984,0,0.7141,debt_consolidation,0
APP-001232,57000.04,24158.63,60,13.34,2.8,724,0.2073,1,0.4385,medical,0
APP-001233,58647.79,14233.25,60,17.24,5.1,670,0.2323,2,0.6235,debt_consolidation,1
APP-001234,69714.32,8939.83,36,16.23,6.9,684,0.4367,1,0.4969,auto,0
APP-001235,46423.17,8817.69,36,16.74,5.6,674,0.2991,1,0.5158,debt_consolidation,0
APP-001236,80239.76,9767.32,60,14.32,3.1,668,0.284,0,0.4157,debt_consolidation,0
APP-001237,130502.13,16831.5,60,13.63,8.7,660,0.1783,0,0.7312,debt_consolidation,0
APP-001238,34599.73,19602.06,48,17.78,7.3,673,0.6375,0,0.2355,home_improvement,1
APP-001239,37821.47,6383.52,60,12.89,8.3,656,0.2543,0,0.287,debt_consolidation,0
APP-001240,51545.82,10824.71,36,13.46,9.7,614,0.3834,0,0.1826,debt_consolidation,1
APP-001241,52705.79,16697.42,36,16.82,5.7,730,0.1574,0,0.7278,other,1
APP-001242,169635.31,8604.92,36,12.8,5.7,710,0.3909,1,0.3731,debt_consolidation,0
APP-001243,105131.05,18649.38,24,13.68,13.2,789,0.4465,0,0.6469,home_improvement,0
APP-001244,102274.67,12131.92,36,14.48,2.3,701,0.4503,0,0.6149,debt_consolidation,1
APP-001245,57253.67,9531.15,60,14.36,0.0,656,0.3539,0,0.3446,home_improvement,0
APP-001246,56653.67,14954.43,36,13.81,9.0,644,0.2416,1,0.3008,debt_consolidation,1
APP-001247,32380.9,18204.54,36,13.47,3.7,683,0.5378,0,0.1969,medical,1
APP-001248,94596.7,8864.03,60,15.37,1.7,712,0.2814,0,0.6783,debt_consolidation,1
APP-001249,82277.15,12596.68,60,15.46,10.5,666,0.0943,0,0.4137,other,0
APP-001250,120501.96,19018.31,60,17.84,5.8,595,0.4409,1,0.2392,other,1
APP-001251,58744.0,9319.76,36,11.88,0.8,637,0.2018,1,0.2207,debt_consolidation,1
APP-001252,60723.65,5543.63,60,11.81,15.2,681,0.2585,1,0.2291,debt_consolidation,0
APP-001253,70527.95,5947.29,36,8.71,0.0,723,0.0352,0,0.3567,debt_consolidation,0
APP-001254,99733.15,11377.97,36,18.26,6.1,594,0.292,0,0.6165,medical,1
APP-001255,32094.47,6749.48,60,12.88,0.0,695,0.2199,0,0.5245,debt_consolidation,0
APP-001256,92544.93,11851.68,36,15.53,7.7,693,0.2392,0,0.3984,other,0
APP-001257,64363.67,38084.81,60,12.48,3.6,654,0.1252,2,0.078,small_business,0
APP-001258,39104.65,6517.96,36,19.26,10.2,646,0.3245,0,0.8895,small_business,1
APP-001259,23897.56,12307.86,36,13.41,6.4,637,0.1146,0,0.3809,medical,1
APP-001260,60878.49,49943.15,36,15.54,12.6,688,0.2455,1,0.7027,other,1
APP-001261,130228.36,18372.67,36,11.53,4.6,745,0.2293,0,0.5651,debt_consolidation,0
APP-001262,145217.98,11714.99,36,11.24,0.0,749,0.3208,1,0.2209,home_improvement,0
APP-001263,77089.56,13238.86,36,17.28,7.6,615,0.2102,1,0.7137,debt_consolidation,1
APP-001264,166692.37,18600.32,36,14.33,5.4,669,0.231,1,0.3956,other,1
APP-001265,63673.95,38771.92,60,16.62,0.0,553,0.2565,1,0.1846,medical,0
APP-001266,102716.52,10657.39,36,16.02,1.8,686,0.301,0,0.3143,small_business,0
APP-001267,52341.86,9344.0,48,15.19,3.2,715,0.3476,1,0.5578,debt_consolidation,0
APP-001268,50773.77,6517.17,48,11.74,13.5,771,0.273,0,0.49,other,0
APP-001269,46954.68,15393.48,36,19.6,9.7,576,0.4394,0,0.5693,home_improvement,0
APP-001270,24175.35,6416.35,36,12.62,4.9,617,0.2191,0,0.2472,home_improvement,0
APP-001271,120565.3,11080.14,60,13.81,8.6,688,0.1481,2,0.7245,other,0
APP-001272,47770.28,8560.1,60,19.24,0.0,586,0.5026,0,0.474,home_improvement,1
APP-001273,44242.98,27035.22,36,13.57,4.0,690,0.3362,0,0.3922,home_improvement,0
APP-001274,36892.23,10797.11,60,12.3,8.3,716,0.2886,1,0.1699,medical,1
APP-001275,58926.73,18253.71,24,15.6,7.2,606,0.2704,0,0.2572,debt_consolidation,0
APP-001276,151542.12,5718.89,36,10.46,4.1,688,0.1839,0,0.1463,debt_consolidation,0
APP-001277,177576.43,15649.25,36,20.44,6.3,610,0.0818,1,0.7492,debt_consolidation,1
APP-001278,29287.8,7216.11,36,13.59,8.0,760,0.4594,1,0.3949,debt_consolidation,0
APP-001279,54830.81,11327.94,36,15.34,6.5,692,0.4794,2,0.3165,other,1
APP-001280,39563.05,50000.0,24,15.7,10.4,643,0.1154,0,0.8401,medical,1
APP-001281,104458.45,24898.56,24,18.04,7.9,608,0.4264,0,0.3305,home_improvement,0
APP-001282,74585.95,13459.29,48,14.6,8.8,703,0.3384,1,0.5323,home_improvement,1
APP-001283,47886.52,50000.0,36,13.43,14.2,759,0.1237,0,0.849,home_improvement,0
APP-001284,67304.18,8527.94,60,14.72,10.2,635,0.2214,1,0.3018,auto,0
APP-001285,51688.04,28502.0,60,12.22,14.3,655,0.193,1,0.1066,other,0
APP-001286,141065.65,5960.76,36,13.2,3.5,636,0.2321,2,0.2111,other,1
APP-001287,84514.9,12587.11,36,9.34,0.0,770,0.1933,0,0.1081,home_improvement,0
APP-001288,89649.04,6635.48,36,16.78,5.9,569,0.1459,0,0.6897,debt_consolidation,1
APP-001289,18070.25,16833.46,60,10.37,5.5,755,0.2215,0,0.2102,home_improvement,0
APP-001290,62949.24,14978.43,36,15.1,13.1,658,0.3013,1,0.4853,medical,1
APP-001291,176677.94,12130.26,36,12.99,1.4,676,0.1808,1,0.1165,home_improvement,0
APP-001292,122845.72,27317.89,60,19.13,6.1,660,0.5069,1,0.4687,auto,1
APP-001293,26783.45,10435.69,36,13.83,8.3,694,0.2778,0,0.6604,medical,1
APP-001294,55921.16,17526.65,36,14.07,7.0,638,0.4458,0,0.14,debt_consolidation,0
APP-001295,36512.62,23337.71,60,10.86,5.7,741,0.117,0,0.0608,home_improvement,0
APP-001296,147778.72,6134.2,60,12.37,8.1,744,0.1341,3,0.346,home_improvement,0
APP-001297,73086.29,9393.97,36,16.11,11.4,623,0.2089,2,0.2057,debt_consolidation,1
APP-001298,44963.25,14960.12,36,9.68,13.4,719,0.4136,0,0.035,debt_consolidation,1
APP-001299,66074.51,20897.67,36,13.41,6.6,659,0.2742,1,0.339,auto,0
APP-001300,18594.24,33064.71,36,17.57,2.8,683,0.4284,1,0.6846,home_improvement,1
APP-001301,38613.65,12793.51,36,8.44,13.4,768,0.0475,0,0.4618,debt_consolidation,0
APP-001302,66147.05,12068.46,36,14.98,1.7,641,0.2623,0,0.6189,medical,0
APP-001303,97544.77,8741.16,48,9.14,14.6,734,0.02,0,0.2837,small_business,1
APP-001304,25599.08,17558.52,60,10.17,12.5,707,0.0626,1,0.5395,debt_consolidation,0
APP-001305,54132.39,12204.69,60,13.01,13.2,669,0.0804,0,0.4541,small_business,0
APP-001306,105534.34,12369.21,60,14.8,9.6,701,0.3648,1,0.6539,other,0
APP-001307,32384.82,13731.51,36,14.33,0.0,694,0.3747,0,0.2935,medical,1
APP-001308,72558.64,19967.24,36,20.63,1.8,613,0.2458,3,0.8664,auto,1
APP-001309,67091.34,10456.09,36,15.61,7.9,645,0.2186,0,0.4935,debt_consolidation,0
APP-001310,148011.48,9265.49,36,17.66,3.5,619,0.1424,2,0.4122,other,0
APP-001311,58202.13,18625.82,24,13.59,5.1,664,0.2792,0,0.4246,home_improvement,1
APP-001312,59860.63,2507.35,60,10.69,9.3,758,0.3054,1,0.4075,other,0
APP-001313,97980.45,10216.61,36,18.94,5.7,714,0.4521,1,0.8515,medical,1
APP-001314,34389.11,7436.42,24,21.85,1.0,597,0.4836,0,0.6129,debt_consolidation,1
APP-001315,58461.2,29137.86,36,16.29,10.5,664,0.1602,0,0.6481,debt_consolidation,1
APP-001316,52229.07,11227.97,60,12.74,8.8,694,0.1754,2,0.7444,auto,0
APP-001317,60807.28,10474.39,60,13.41,5.4,723,0.2462,0,0.5253,medical,0
APP-001318,97672.73,14096.8,36,11.88,9.7,642,0.1855,1,0.099,debt_consolidation,0
APP-001319,84807.57,10265.95,36,16.25,6.9,608,0.1826,1,0.252,auto,0
APP-001320,45377.65,11480.07,60,12.79,12.5,677,0.1966,1,0.2964,other,0
APP-001321,69408.05,15340.14,24,16.55,7.2,713,0.3862,1,0.8662,home_improvement,0
APP-001322,132926.89,11351.67,48,13.69,12.5,694,0.4031,0,0.373,home_improvement,1
APP-001323,43611.97,11304.52,60,14.91,0.0,629,0.4057,0,0.238,debt_consolidation,0
APP-001324,69690.73,8070.84,60,9.01,8.6,782,0.4265,0,0.2563,small_business,1
APP-001325,59244.33,7425.75,36,13.86,4.7,674,0.2371,0,0.533,debt_consolidation,1
APP-001326,63063.67,15019.03,60,14.58,2.6,691,0.0813,1,0.7696,other,0
APP-001327,29715.58,17321.99,36,15.84,11.7,642,0.1315,1,0.3349,home_improvement,0
APP-001328,127938.98,6333.28,24,10.13,10.5,744,0.0544,0,0.4063,medical,0
APP-001329,44821.97,22531.51,36,13.47,0.0,713,0.2739,0,0.6201,debt_consolidation,0
APP-001330,106367.68,22585.23,36,14.73,9.7,698,0.2646,1,0.6632,debt_consolidation,0
APP-001331,48237.01,25520.15,24,9.62,9.2,613,0.1022,0,0.2144,small_business,0
APP-001332,48141.52,17254.7,60,9.5,3.2,743,0.0657,0,0.4667,home_improvement,0
APP-001333,116359.72,20981.82,60,10.6,2.7,724,0.245,0,0.1613,medical,0
APP-001334,104736.94,50000.0,24,10.13,0.0,739,0.2214,0,0.3616,other,0
APP-001335,71847.58,12173.56,60,11.02,5.0,682,0.1999,0,0.1912,other,0
APP-001336,93666.4,7906.2,60,10.65,5.7,676,0.3894,1,0.1096,other,0
APP-001337,56592.81,5955.97,24,10.74,10.1,669,0.1564,0,0.315,debt_consolidation,0
APP-001338,64739.45,40142.66,60,8.63,7.7,812,0.1484,1,0.6402,medical,0
APP-001339,47314.06,40449.14,60,12.99,1.7,649,0.2158,0,0.3443,other,1
APP-001340,100317.33,8481.44,60,9.21,7.6,611,0.0261,1,0.1523,home_improvement,0
APP-001341,46597.59,9509.61,36,12.91,5.4,658,0.0568,1,0.4035,debt_consolidation,0
APP-001342,132590.09,12015.94,60,18.51,2.3,649,0.5629,1,0.5029,small_business,0
APP-001343,55856.55,29494.91,60,9.14,0.0,753,0.0369,1,0.2337,home_improvement,0
APP-001344,65643.03,6872.4,36,17.62,9.3,601,0.2981,1,0.5434,medical,0
APP-001345,93557.55,4634.41,36,13.58,8.5,647,0.0224,1,0.2895,other,0
APP-001346,65748.85,50000.0,36,11.73,9.0,691,0.0389,0,0.1231,medical,0
APP-001347,56339.24,17380.09,36,6.45,3.2,754,0.1788,0,0.0657,home_improvement,0
APP-001348,64069.99,18872.55,36,8.57,7.3,721,0.0379,1,0.296,home_improvement,0
APP-001349,99825.14,12873.71,36,8.81,0.3,774,0.1379,1,0.165,home_improvement,0
APP-001350,47286.19,18997.43,60,14.05,2.1,700,0.3554,0,0.3363,debt_consolidation,1
APP-001351,61178.36,6024.95,60,13.21,6.7,668,0.1817,0,0.6461,small_business,1
APP-001352,65321.74,8903.24,36,15.57,7.7,730,0.2456,1,0.5924,small_business,0
APP-001353,98434.19,15411.9,36,13.86,0.0,601,0.1212,1,0.288,debt_consolidation,0
APP-001354,61958.29,3884.65,36,19.63,1.7,581,0.4082,0,0.6667,debt_consolidation,1
APP-001355,154836.67,12166.53,36,14.88,4.9,737,0.3051,1,0.6409,other,0
APP-001356,60294.97,11739.2,48,12.69,10.8,692,0.0995,0,0.2707,debt_consolidation,0
APP-001357,57991.66,12165.31,36,8.93,2.8,736,0.2072,0,0.2444,medical,0
APP-001358,59876.96,10533.08,60,15.01,7.1,631,0.2963,0,0.15,home_improvement,0
APP-001359,34549.72,8137.89,36,9.0,7.6,755,0.0448,1,0.3174,auto,0
APP-001360,39518.08,5039.82,24,14.4,5.4,719,0.5658,1,0.5088,debt_consolidation,0
APP-001361,50383.67,15769.88,60,15.15,7.7,678,0.2022,0,0.8709,auto,1
APP-001362,112121.78,12183.43,36,15.15,0.4,692,0.2314,1,0.9243,home_improvement,0
APP-001363,63974.64,6530.51,36,14.06,3.5,700,0.0991,0,0.7028,medical,0
APP-001364,51509.08,15035.56,36,14.44,13.0,630,0.4101,0,0.3301,debt_consolidation,0
APP-001365,117111.2,12220.04,60,15.62,13.3,658,0.3247,1,0.3215,home_improvement,1
APP-001366,136859.15,11097.89,36,13.59,10.3,699,0.5116,0,0.1455,medical,0
APP-001367,118744.11,4150.17,60,20.05,11.5,655,0.3642,3,0.7889,debt_consolidation,1
APP-001368,43159.57,21545.22,48,18.15,0.0,595,0.3774,2,0.2803,debt_consolidation,0
APP-001369,51247.56,7092.08,60,11.77,2.2,697,0.2156,0,0.4542,debt_consolidation,1
APP-001370,155241.28,15041.99,48,12.82,5.1,728,0.1232,0,0.6876,home_improvement,0
APP-001371,72976.27,9073.45,60,12.16,17.4,742,0.3892,1,0.2046,debt_consolidation,0
APP-001372,57164.11,11573.14,60,13.45,5.1,711,0.3246,0,0.5777,other,0
APP-001373,91761.64,28289.15,36,16.65,9.9,727,0.4957,0,0.3065,home_improvement,0
APP-001374,105413.51,19736.85,60,9.94,8.2,737,0.2717,1,0.2543,small_business,1
APP-001375,49406.97,27926.38,60,11.84,8.1,685,0.1617,1,0.0811,other,0
APP-001376,72220.1,17562.61,24,17.74,6.4,557,0.0931,1,0.4017,debt_consolidation,1
APP-001377,101406.39,18245.38,60,11.76,1.1,747,0.308,0,0.4834,auto,0
APP-001378,37242.46,5160.78,36,15.03,0.0,628,0.1726,1,0.3164,other,0
APP-001379,65386.32,12061.08,36,18.19,12.3,614,0.2165,1,0.6549,auto,1
APP-001380,38072.04,12726.69,36,17.97,3.7,616,0.1198,1,0.884,home_improvement,0
APP-001381,40539.17,29484.78,24,9.25,0.0,824,0.3742,0,0.4714,home_improvement,0
APP-001382,49605.38,10810.69,24,12.35,8.5,706,0.2922,0,0.3227,debt_consolidation,0
APP-001383,81728.65,16907.67,36,21.06,8.4,620,0.4606,3,0.8053,medical,1
APP-001384,55690.88,16528.53,24,14.94,10.0,640,0.1621,1,0.1536,other,0
APP-001385,47614.94,28377.6,36,18.6,11.5,680,0.4274,0,0.8114,other,1
APP-001386,66628.57,13417.73,36,14.85,2.4,711,0.5504,1,0.2396,debt_consolidation,0
APP-001387,37481.41,23435.81,36,11.95,2.6,696,0.3864,0,0.1948,auto,0
APP-001388,79855.03,5394.21,60,14.78,5.1,626,0.2998,0,0.2986,debt_consolidation,0
APP-001389,111882.91,5686.06,60,12.49,10.2,698,0.2233,1,0.4001,other,0
APP-001390,62575.22,3856.69,36,13.55,0.0,645,0.2747,0,0.1972,debt_consolidation,0
APP-001391,58975.13,22874.44,36,7.97,7.1,741,0.1688,1,0.192,other,0
APP-001392,77760.89,21431.79,36,12.85,10.7,683,0.1948,0,0.5179,small_business,0
APP-001393,24550.25,24393.3,36,17.8,10.5,636,0.2827,1,0.9404,debt_consolidation,0
APP-001394,84104.46,9789.19,36,8.63,9.7,720,0.0831,0,0.2282,debt_consolidation,0
APP-001395,250000.0,10457.2,60,15.55,11.3,702,0.2507,1,0.3887,small_business,0
APP-001396,61283.01,13516.9,48,14.19,0.0,652,0.2431,1,0.33,debt_consolidation,0
APP-001397,61387.56,33498.29,36,13.4,13.8,722,0.3073,0,0.5111,medical,0
APP-001398,92880.96,38728.24,60,12.37,8.0,716,0.358,0,0.3162,other,0
APP-001399,143186.35,22978.47,36,13.65,12.5,750,0.5052,0,0.3297,medical,0
APP-001400,103790.23,17569.07,60,13.4,1.2,721,0.4493,0,0.4134,home_improvement,0
APP-001401,23096.84,31458.54,60,11.94,0.0,668,0.2227,0,0.2349,home_improvement,0
APP-001402,85184.43,12500.39,36,16.49,14.5,582,0.3669,0,0.304,debt_consolidation,0
APP-001403,223388.8,11558.29,60,12.89,2.3,691,0.2978,0,0.4537,other,0
APP-001404,87633.12,13454.53,60,15.72,5.1,700,0.2711,0,0.5503,debt_consolidation,0
APP-001405,37344.23,8219.38,36,14.47,8.9,683,0.4382,0,0.2265,debt_consolidation,0
APP-001406,74415.59,13100.41,36,18.29,10.0,505,0.1634,0,0.4443,debt_consolidation,1
APP-001407,35151.15,7584.09,60,15.15,11.4,719,0.264,0,0.7145,other,0
APP-001408,117464.13,26275.93,36,20.07,7.5,627,0.3998,0,0.7301,debt_consolidation,0
APP-001409,41081.74,19875.49,36,10.69,1.8,720,0.1597,0,0.457,other,0
APP-001410,67358.17,33224.74,48,11.31,9.7,779,0.3591,0,0.5188,auto,0
APP-001411,43062.51,5635.94,36,15.45,9.8,665,0.2872,0,0.589,small_business,1
APP-001412,50003.46,43690.6,36,12.32,0.0,705,0.1545,1,0.5536,other,0
APP-001413,132653.38,5824.73,60,15.11,12.9,682,0.1465,1,0.8386,small_business,0
APP-001414,68309.35,7236.44,36,10.05,0.0,710,0.2071,0,0.1763,other,0
APP-001415,49698.27,10115.53,36,10.94,11.2,686,0.1333,0,0.2224,debt_consolidation,0
APP-001416,37512.64,30957.85,60,18.22,3.6,650,0.263,0,0.3626,small_business,0
APP-001417,26468.9,16526.77,36,12.68,9.7,628,0.0808,0,0.4107,medical,0
APP-001418,35650.83,12587.79,60,8.2,8.8,772,0.2012,0,0.4406,medical,0
APP-001419,68588.69,9156.14,48,11.91,6.3,705,0.0711,0,0.3529,other,0
APP-001420,104052.91,6528.04,36,9.0,8.5,728,0.0507,0,0.1999,other,0
APP-001421,49670.87,27968.32,36,12.74,6.1,703,0.2862,0,0.4258,auto,0
APP-001422,138137.31,23042.94,60,9.59,9.7,737,0.0542,0,0.202,home_improvement,0
APP-001423,46061.94,31771.51,60,16.7,16.3,628,0.5612,1,0.3187,home_improvement,0
APP-001424,57982.52,18252.52,36,14.61,0.5,685,0.2571,0,0.5461,home_improvement,0
APP-001425,38713.58,3132.18,36,13.65,0.0,709,0.3426,1,0.3945,home_improvement,0
APP-001426,104580.06,7044.81,36,11.29,4.6,755,0.3239,0,0.3594,home_improvement,1
APP-001427,177894.8,18987.37,60,7.55,4.3,835,0.2512,0,0.3078,debt_consolidation,0
APP-001428,27902.47,11701.45,60,16.91,4.8,704,0.0705,0,0.8888,debt_consolidation,0
APP-001429,55049.32,10485.78,36,14.64,2.3,642,0.1608,2,0.3986,small_business,0
APP-001430,119280.95,7646.72,60,17.06,10.4,611,0.3283,1,0.5486,home_improvement,0
APP-001431,32454.96,25122.17,36,15.06,0.3,628,0.2823,0,0.2041,other,1
APP-001432,85318.86,18892.03,36,16.91,8.5,635,0.4538,0,0.1956,medical,1
APP-001433,116826.97,19391.59,48,21.84,9.4,512,0.2344,2,0.9073,debt_consolidation,1
APP-001434,67487.14,10040.83,36,16.43,7.9,641,0.3546,1,0.3235,debt_consolidation,1
APP-001435,84649.02,16061.03,48,9.85,8.7,722,0.1879,0,0.3819,debt_consolidation,0
APP-001436,151353.84,6674.17,36,9.82,10.8,684,0.1944,1,0.0751,other,1
APP-001437,165609.4,13448.24,60,16.75,6.7,665,0.4016,0,0.6809,debt_consolidation,1
APP-001438,63095.09,3346.62,60,13.91,4.9,586,0.0674,0,0.3412,medical,1
APP-001439,50342.31,5839.48,36,10.57,8.7,741,0.2805,1,0.3907,other,0
APP-001440,41795.84,12027.65,36,12.13,9.2,710,0.2761,0,0.4932,other,0
APP-001441,103889.73,50000.0,60,14.1,10.5,679,0.2108,0,0.6696,debt_consolidation,0
APP-001442,33647.37,5102.43,36,21.11,0.0,552,0.2113,1,0.7502,debt_consolidation,0
APP-001443,57578.64,7048.9,60,12.62,5.7,652,0.1635,1,0.3247,debt_consolidation,1
APP-001444,68284.2,16442.64,48,18.58,1.7,705,0.5325,0,0.9617,debt_consolidation,0
APP-001445,51057.17,40464.05,36,11.79,9.0,678,0.151,1,0.5366,debt_consolidation,1
APP-001446,74343.85,16303.97,60,13.53,9.8,691,0.3532,0,0.3685,medical,0
APP-001447,222594.93,21788.69,36,15.01,5.3,720,0.3337,0,0.6152,other,0
APP-001448,61314.72,11921.44,36,11.72,3.2,689,0.2033,1,0.2247,medical,1
APP-001449,52740.97,10783.19,36,12.15,9.2,718,0.1103,2,0.2862,auto,0
APP-001450,105820.74,15207.91,60,14.01,5.9,631,0.2026,0,0.6773,debt_consolidation,0
APP-001451,72921.78,9898.08,60,12.99,12.9,609,0.1655,0,0.2681,small_business,0
APP-001452,129705.75,22070.12,36,14.45,14.5,708,0.3195,0,0.5092,medical,0
APP-001453,70346.8,5711.67,24,14.92,11.0,720,0.2068,0,0.8111,other,0
APP-001454,57693.48,24296.71,36,17.03,7.5,710,0.3327,0,0.659,other,0
APP-001455,27610.59,14834.42,60,15.48,14.7,688,0.3424,0,0.5001,home_improvement,0
APP-001456,29871.79,12802.12,36,17.51,7.6,661,0.3824,1,0.4171,debt_consolidation,1
APP-001457,26930.3,5591.33,36,12.91,4.3,692,0.451,1,0.1697,debt_consolidation,0
APP-001458,77981.38,8214.26,36,12.07,3.5,702,0.2848,0,0.2473,home_improvement,0
APP-001459,33801.58,29060.11,36,14.57,3.3,705,0.5154,2,0.4056,other,0
APP-001460,118755.22,12847.65,48,12.05,6.5,831,0.3456,0,0.6782,home_improvement,0
APP-001461,65950.58,17040.96,36,14.23,8.6,627,0.2239,1,0.2126,small_business,0
APP-001462,57810.91,8706.07,36,10.52,0.1,850,0.1921,0,0.8894,medical,0
APP-001463,43351.31,14257.7,36,14.93,4.5,607,0.5385,0,0.2676,debt_consolidation,1
APP-001464,87625.45,6542.38,36,9.06,7.5,702,0.3455,0,0.1789,debt_consolidation,0
APP-001465,44178.06,15364.82,36,19.03,9.4,611,0.303,0,0.4806,auto,0
APP-001466,40504.21,17977.49,36,18.4,6.4,698,0.2594,0,0.5965,auto,0
APP-001467,114984.26,17463.36,36,15.01,7.6,737,0.314,0,0.8223,home_improvement,0
APP-001468,77061.63,8585.45,36,17.83,0.9,682,0.335,2,0.4742,debt_consolidation,0
APP-001469,58068.37,11890.73,36,10.92,2.4,736,0.2491,0,0.4597,auto,0
APP-001470,88435.64,19800.78,48,11.74,6.2,655,0.3646,0,0.1252,debt_consolidation,0
APP-001471,65279.27,12826.52,36,22.03,8.8,561,0.2845,1,0.6311,other,0
APP-001472,78119.02,12274.35,36,15.31,7.5,716,0.4185,2,0.4779,debt_consolidation,0
APP-001473,43916.95,43735.49,60,14.61,2.7,682,0.3165,0,0.5494,debt_consolidation,0
APP-001474,175594.72,8352.62,36,18.34,5.4,652,0.3716,1,0.4147,home_improvement,1
APP-001475,49213.58,27134.1,36,15.71,13.3,656,0.2214,1,0.6425,medical,0
APP-001476,137177.42,7421.89,60,11.34,8.9,704,0.2616,1,0.3082,medical,0
APP-001477,59366.51,21198.31,36,14.22,5.8,633,0.1802,1,0.5394,home_improvement,1
APP-001478,95755.1,21864.78,60,9.64,1.9,702,0.0353,0,0.2161,other,0
APP-001479,92463.55,10784.79,36,11.18,3.3,749,0.392,0,0.03,home_improvement,0
APP-001480,112716.53,7156.44,60,10.1,6.5,799,0.1906,0,0.6843,home_improvement,0
APP-001481,43418.6,4624.17,60,11.62,7.7,761,0.2505,0,0.59,home_improvement,0
APP-001482,108928.56,10149.08,36,11.62,9.0,689,0.3551,0,0.1517,debt_consolidation,1
APP-001483,157697.46,19675.13,36,11.57,8.2,695,0.2505,0,0.2803,medical,0
APP-001484,57409.78,7761.1,60,15.56,4.8,657,0.1139,0,0.4942,debt_consolidation,0
APP-001485,66091.9,15338.7,36,12.42,4.2,653,0.1824,0,0.2004,auto,0
APP-001486,50558.59,6158.41,36,11.33,15.7,731,0.1355,1,0.5691,debt_consolidation,0
APP-001487,55042.07,12660.58,60,14.82,4.0,662,0.0963,1,0.3024,other,0
APP-001488,147801.51,7454.84,60,14.91,0.7,701,0.396,0,0.6059,home_improvement,0
APP-001489,40139.25,13858.79,60,19.02,0.0,624,0.2948,2,0.7547,other,1
APP-001490,41354.04,10843.03,60,11.81,4.9,759,0.4537,0,0.3362,home_improvement,0
APP-001491,140839.33,7269.85,60,14.56,10.7,661,0.3391,3,0.3553,debt_consolidation,0
APP-001492,87721.81,9894.73,60,10.81,3.9,743,0.3028,0,0.3374,small_business,0
APP-001493,179857.52,8434.56,48,15.41,13.1,639,0.2018,0,0.5185,auto,0
APP-001494,52361.77,6767.1,60,16.39,6.5,636,0.421,0,0.4684,small_business,1
APP-001495,69061.83,27170.76,48,10.77,11.5,757,0.2974,0,0.1295,home_improvement,0
APP-001496,47335.58,11766.39,24,11.22,3.1,644,0.1125,0,0.2352,auto,0
APP-001497,69628.35,4042.48,48,18.22,3.2,589,0.1327,1,0.6746,other,0
APP-001498,27738.49,10101.11,36,12.11,6.9,620,0.1369,0,0.1062,auto,0
APP-001499,90302.53,24647.65,60,13.76,8.7,730,0.2088,0,0.6137,home_improvement,0
APP-001500,75918.08,9323.71,48,18.11,5.7,724,0.5197,2,0.496,auto,0
APP-001501,63228.87,34564.95,36,18.28,7.8,636,0.3107,1,0.4971,auto,0
APP-001502,53893.64,8822.32,36,17.05,9.1,643,0.207,1,0.7283,other,0
APP-001503,42305.0,19416.54,36,12.6,0.1,719,0.1419,1,0.5497,home_improvement,0
APP-001504,92175.05,26453.78,36,7.61,5.0,756,0.1461,0,0.0497,home_improvement,0
APP-001505,37049.84,18826.42,60,12.7,4.2,676,0.247,0,0.4837,small_business,0
APP-001506,83104.37,6533.5,48,13.99,4.4,712,0.3945,0,0.2763,medical,0
APP-001507,175936.64,8394.0,36,12.47,8.3,731,0.4489,1,0.5728,auto,0
APP-001508,132613.33,28582.36,36,9.05,4.2,805,0.316,0,0.3827,home_improvement,0
APP-001509,31561.12,9092.72,36,18.9,0.0,613,0.3016,0,0.5074,debt_consolidation,1
APP-001510,50237.06,25534.77,36,11.39,5.4,641,0.0597,1,0.35,auto,0
APP-001511,79573.7,11297.52,60,15.37,1.7,651,0.1324,2,0.4149,debt_consolidation,0
APP-001512,62843.78,15739.64,60,11.61,8.7,728,0.2997,0,0.1435,debt_consolidation,0
APP-001513,33204.07,6489.64,60,15.08,10.1,665,0.4647,0,0.384,auto,1
APP-001514,78205.42,10189.46,36,14.51,0.0,698,0.5866,0,0.3989,auto,0
APP-001515,64688.22,8727.43,24,12.32,3.0,687,0.4027,0,0.3787,other,1
APP-001516,162920.68,16527.02,60,10.85,8.1,680,0.07,0,0.3382,debt_consolidation,1
APP-001517,57560.55,15305.36,60,12.67,0.2,686,0.0811,2,0.5093,debt_consolidation,0
APP-001518,113866.75,18962.92,36,9.59,10.0,740,0.1997,2,0.2713,other,0
APP-001519,35381.35,10909.63,60,17.74,11.2,624,0.4341,1,0.2022,debt_consolidation,1
APP-001520,39683.79,8453.79,36,11.95,5.8,671,0.1891,0,0.3732,debt_consolidation,0
APP-001521,91907.72,16121.14,36,18.08,3.0,610,0.2982,1,0.4925,debt_consolidation,1
APP-001522,109352.66,7980.39,60,13.44,0.0,693,0.5318,1,0.1293,medical,0
APP-001523,41051.97,27102.71,60,14.33,10.2,669,0.4232,0,0.1153,other,0
APP-001524,65755.57,13568.16,60,10.39,15.5,742,0.3467,0,0.0675,small_business,0
APP-001525,33489.41,12001.0,36,16.38,14.6,680,0.2533,0,0.6715,auto,0
APP-001526,59584.87,18957.71,36,11.22,5.6,654,0.1983,0,0.2921,debt_consolidation,0
APP-001527,97135.82,13871.79,60,11.35,1.6,666,0.2871,0,0.0767,home_improvement,0
APP-001528,52752.29,5542.68,60,12.27,10.3,780,0.1462,2,0.5388,home_improvement,0
APP-001529,57676.55,7834.36,36,19.02,5.9,589,0.3013,0,0.8606,debt_consolidation,1
APP-001530,37791.55,26779.05,36,17.41,8.7,644,0.4778,0,0.5948,debt_consolidation,1
APP-001531,47616.3,15222.91,24,12.67,7.9,682,0.0579,1,0.3522,debt_consolidation,0
APP-001532,151151.18,5467.6,48,10.64,6.9,643,0.0561,0,0.073,debt_consolidation,0
APP-001533,67315.55,17785.32,60,14.16,11.1,708,0.2971,0,0.5922,medical,0
APP-001534,40176.39,10483.25,24,11.92,11.3,677,0.1194,1,0.2456,auto,0
APP-001535,55885.04,8731.51,36,10.35,4.1,695,0.1941,0,0.129,debt_consolidation,1
APP-001536,30193.36,7464.23,36,14.73,2.3,687,0.5065,2,0.3441,home_improvement,0
APP-001537,39948.48,25896.5,36,14.62,0.0,674,0.208,2,0.5089,small_business,0
APP-001538,124879.63,4637.43,36,20.85,4.9,605,0.3831,1,0.7801,auto,1
APP-001539,60703.16,8920.75,24,13.07,1.6,690,0.2031,1,0.4282,small_business,1
APP-001540,161085.9,15546.29,60,19.12,8.4,578,0.2997,0,0.5767,home_improvement,1
APP-001541,62092.2,36219.56,36,14.46,5.0,641,0.2505,1,0.3046,small_business,0
APP-001542,63887.1,19993.08,48,16.15,5.5,708,0.3627,0,0.7473,debt_consolidation,0
APP-001543,88412.77,8876.92,36,10.53,10.2,749,0.1096,0,0.6601,home_improvement,0
APP-001544,18021.13,35204.49,36,10.87,8.3,816,0.3457,0,0.8672,debt_consolidation,0
APP-001545,71719.17,6607.31,48,13.11,6.0,655,0.0497,1,0.2134,home_improvement,0
APP-001546,63489.45,16912.34,60,12.83,14.1,630,0.2437,0,0.2478,home_improvement,0
APP-001547,132646.27,19241.39,48,11.69,9.8,710,0.1696,1,0.4423,debt_consolidation,0
APP-001548,103278.93,8698.07,36,14.85,4.6,788,0.5918,1,0.6451,small_business,0
APP-001549,37720.94,21731.28,36,10.12,4.8,769,0.3352,0,0.6158,debt_consolidation,0
APP-001550,117991.64,10762.76,36,16.62,10.0,620,0.0977,0,0.9312,debt_consolidation,0
APP-001551,57310.07,21700.41,36,14.27,7.4,672,0.3193,1,0.4199,debt_consolidation,1
APP-001552,42108.5,4988.74,36,12.27,1.5,729,0.3456,0,0.4073,home_improvement,0
APP-001553,71449.92,17609.43,36,9.83,10.5,733,0.2041,1,0.1213,debt_consolidation,0
APP-001554,58971.72,11417.27,36,13.04,12.2,714,0.3694,0,0.4548,home_improvement,0
APP-001555,136026.62,28246.71,60,13.43,11.8,654,0.1673,0,0.4094,debt_consolidation,0
APP-001556,76545.54,14134.8,36,14.24,13.4,714,0.3374,1,0.1909,small_business,0
APP-001557,71743.95,29925.23,60,15.07,15.8,734,0.2243,0,0.5392,other,0
APP-001558,100152.89,19463.95,48,21.6,14.3,626,0.5887,1,0.7269,home_improvement,1
APP-001559,109833.51,13466.35,24,12.2,8.0,757,0.2167,1,0.6556,auto,0
APP-001560,94681.41,22896.79,60,11.67,5.6,738,0.5105,0,0.2445,other,1
APP-001561,128474.41,22981.8,36,14.3,0.0,637,0.1064,0,0.665,other,0
APP-001562,87056.28,19065.04,60,11.28,6.5,734,0.2388,1,0.3162,medical,0
APP-001563,70446.95,3836.7,60,12.33,8.8,727,0.0652,0,0.5338,other,0
APP-001564,117823.75,8201.06,60,10.66,6.7,729,0.3801,0,0.2447,other,0
APP-001565,62225.02,32360.22,36,10.89,0.0,771,0.3906,1,0.1155,small_business,0
APP-001566,66045.61,6998.53,60,15.59,5.2,679,0.3191,1,0.6524,home_improvement,1
APP-001567,148523.65,24190.89,48,13.63,9.4,699,0.187,1,0.3316,debt_consolidation,0
APP-001568,141586.5,21843.23,60,16.68,1.9,527,0.0808,0,0.3828,debt_consolidation,0
APP-001569,64745.41,9518.26,36,13.13,7.2,745,0.509,1,0.3935,home_improvement,0
APP-001570,52283.59,4558.14,60,10.29,8.4,739,0.0969,2,0.3806,home_improvement,1
APP-001571,131198.38,10424.71,60,13.45,11.5,759,0.219,1,0.4423,home_improvement,0
APP-001572,95448.62,48395.04,36,15.36,14.2,626,0.4114,0,0.1779,medical,0
APP-001573,75631.0,8788.53,60,12.33,4.8,736,0.1992,0,0.3956,medical,0
APP-001574,55694.89,9147.49,60,11.6,7.3,739,0.1243,1,0.4505,small_business,0
APP-001575,76218.3,8129.92,60,15.97,7.5,642,0.271,0,0.4465,debt_consolidation,0
APP-001576,64326.21,29333.31,24,13.75,9.4,741,0.2503,1,0.7825,debt_consolidation,0
APP-001577,47252.47,12594.47,36,12.92,8.9,707,0.1423,0,0.6602,small_business,0
APP-001578,69153.43,10085.74,60,16.93,12.9,582,0.4578,0,0.3238,small_business,0
APP-001579,73831.89,32916.16,24,11.95,0.0,714,0.2439,0,0.5747,other,0
APP-001580,54282.27,20292.58,60,13.23,8.4,636,0.2878,0,0.1063,other,0
APP-001581,100305.81,8507.6,60,14.98,8.7,583,0.1584,0,0.305,other,0
APP-001582,120666.05,7131.13,36,15.05,5.4,701,0.2539,3,0.496,debt_consolidation,0
APP-001583,103537.94,28385.75,60,16.77,0.0,676,0.2014,1,0.7413,home_improvement,1
APP-001584,56928.04,14641.88,36,11.12,6.2,761,0.1984,0,0.183,debt_consolidation,0
APP-001585,93427.11,5904.36,60,12.34,3.3,691,0.3543,0,0.3375,medical,0
APP-001586,67478.48,5154.87,60,13.4,14.1,725,0.4742,0,0.2468,other,0
APP-001587,35917.66,7590.11,36,11.65,8.2,710,0.1375,1,0.4656,home_improvement,0
APP-001588,89774.18,7065.67,36,11.05,2.9,739,0.3017,1,0.5108,medical,0
APP-001589,69723.01,4425.68,36,20.57,0.0,629,0.3241,0,0.6944,debt_consolidation,0
APP-001590,225718.88,7663.24,36,15.33,9.2,692,0.315,1,0.6007,debt_consolidation,1
APP-001591,130827.19,8508.64,60,11.73,9.6,672,0.1204,1,0.2395,debt_consolidation,0
APP-001592,91445.15,11087.22,36,12.66,5.5,718,0.0761,0,0.5735,debt_consolidation,0
APP-001593,73258.12,38707.62,36,18.21,9.2,695,0.1815,0,0.8906,other,0
APP-001594,70314.21,12420.89,36,18.69,4.9,644,0.3412,1,0.7626,home_improvement,1
APP-001595,40149.76,13157.02,60,18.76,11.3,660,0.4549,0,0.3405,small_business,1
APP-001596,28209.91,19482.5,60,9.03,11.0,776,0.0802,1,0.381,auto,0
APP-001597,42758.11,12635.42,36,20.25,0.0,582,0.3563,0,0.5981,debt_consolidation,1
APP-001598,63528.15,18287.86,36,8.58,0.2,721,0.1084,0,0.2151,debt_consolidation,1
APP-001599,23658.64,17062.88,36,13.67,15.6,752,0.53,0,0.6093,small_business,0
APP-001600,50054.52,15568.51,36,10.65,10.7,714,0.1967,0,0.1544,debt_consolidation,0
APP-001601,57715.92,50000.0,36,11.13,0.8,794,0.382,1,0.1022,other,1
APP-001602,58614.52,24596.44,60,10.72,0.0,734,0.1851,1,0.3578,debt_consolidation,0
APP-001603,47311.81,7742.7,36,15.59,7.4,702,0.5047,2,0.0978,auto,0
APP-001604,55172.28,17973.12,24,14.95,1.4,653,0.2786,0,0.3761,small_business,1
APP-001605,148688.92,9160.87,48,9.62,5.1,703,0.2015,0,0.03,debt_consolidation,0
APP-001606,89319.25,18783.41,60,11.09,6.3,720,0.0247,0,0.4298,debt_consolidation,0
APP-001607,49672.07,6530.87,36,13.96,6.1,680,0.2285,1,0.5771,other,1
APP-001608,62902.15,7626.56,36,21.04,11.6,637,0.4442,0,0.9115,debt_consolidation,1
APP-001609,64122.6,17700.89,60,16.1,14.8,610,0.1521,2,0.4136,home_improvement,0
APP-001610,44959.8,25862.57,24,14.95,4.3,691,0.3423,1,0.3179,home_improvement,0
APP-001611,44934.45,19407.94,60,16.76,1.4,594,0.1817,0,0.5097,debt_consolidation,0
APP-001612,105576.82,23796.46,60,13.52,8.2,653,0.1397,0,0.4007,small_business,0
APP-001613,53137.92,18010.65,60,16.03,13.8,539,0.083,1,0.8553,small_business,0
APP-001614,38433.64,16025.74,36,10.99,4.7,728,0.213,0,0.4432,home_improvement,0
APP-001615,63667.86,10826.61,36,11.44,10.3,747,0.2332,2,0.4716,small_business,0
APP-001616,68788.18,23235.7,60,14.08,2.7,685,0.4319,0,0.146,debt_consolidation,0
APP-001617,25216.27,26273.97,36,8.23,6.6,786,0.132,0,0.3732,debt_consolidation,0
APP-001618,63741.07,13978.8,36,9.09,1.3,758,0.4273,0,0.2113,medical,1
APP-001619,98594.71,13549.25,48,10.82,6.5,708,0.0461,0,0.3138,other,0
APP-001620,80719.27,36494.59,24,13.73,6.0,673,0.077,1,0.5916,debt_consolidation,1
APP-001621,189556.84,14329.27,48,13.53,9.2,660,0.1987,0,0.3864,debt_consolidation,0
APP-001622,118500.81,15150.7,60,13.91,14.5,713,0.0421,1,0.7769,medical,1
APP-001623,130304.71,19201.72,60,11.51,4.7,672,0.1295,0,0.1585,small_business,1
APP-001624,249243.05,13700.35,36,15.94,0.0,712,0.3192,0,0.4791,debt_consolidation,0
APP-001625,93531.87,9010.15,60,13.5,5.6,716,0.1453,0,0.5857,home_improvement,0
APP-001626,70292.21,18054.03,60,13.77,7.8,667,0.3689,1,0.0767,auto,0
APP-001627,103729.09,14177.71,24,13.6,7.4,744,0.2332,0,0.7549,home_improvement,0
APP-001628,49697.46,42209.85,60,13.19,5.8,667,0.2528,0,0.3217,debt_consolidation,0
APP-001629,68448.16,22907.14,24,13.9,13.2,681,0.1428,1,0.6338,debt_consolidation,0
APP-001630,47630.72,10265.3,36,20.04,7.1,623,0.3258,2,0.6522,home_improvement,1
APP-001631,78682.43,22131.54,48,17.28,6.0,664,0.2548,0,0.602,home_improvement,0
APP-001632,47535.22,17334.71,36,9.41,3.0,805,0.3031,0,0.4104,other,0
APP-001633,46742.86,30988.49,24,14.71,0.0,628,0.0788,1,0.3407,auto,0
APP-001634,79269.58,10697.02,48,13.48,8.0,705,0.2564,0,0.7301,auto,0
APP-001635,60842.33,16176.84,36,15.76,7.6,654,0.1273,0,0.6831,other,0
APP-001636,25769.13,13690.12,36,18.61,1.7,552,0.3589,0,0.5422,home_improvement,1
APP-001637,32321.09,15000.25,36,12.54,6.3,712,0.2881,0,0.3349,home_improvement,1
APP-001638,37475.95,8677.5,60,15.17,5.9,648,0.2719,0,0.3741,other,0
APP-001639,42544.93,20250.46,60,16.29,3.7,699,0.1798,1,0.7053,debt_consolidation,1
APP-001640,79305.74,18477.76,36,9.34,2.9,737,0.3734,1,0.1828,auto,0
APP-001641,72202.73,30556.53,60,15.32,8.3,694,0.2563,0,0.4492,small_business,1
APP-001642,108388.43,14415.93,36,18.86,5.5,699,0.4716,1,0.7192,debt_consolidation,1
APP-001643,93291.79,11419.04,36,17.85,3.8,630,0.4604,1,0.3067,home_improvement,0
APP-001644,108733.58,22918.38,36,11.04,2.6,721,0.3016,1,0.1154,debt_consolidation,1
APP-001645,87044.32,9147.77,36,16.65,5.9,669,0.2632,2,0.4096,debt_consolidation,0
APP-001646,71882.54,27206.06,24,20.1,10.7,564,0.3661,1,0.1549,home_improvement,1
APP-001647,110175.67,27172.27,60,9.67,7.4,728,0.1864,0,0.2006,debt_consolidation,1
APP-001648,101059.09,30065.26,60,12.11,5.4,746,0.0967,1,0.3786,small_business,0
APP-001649,77860.05,18039.97,60,12.65,7.9,766,0.4233,0,0.3009,other,1
APP-001650,119641.74,10935.13,60,10.71,12.6,806,0.2894,0,0.3573,small_business,0
APP-001651,21081.77,15447.97,36,12.5,8.7,725,0.1713,0,0.4583,debt_consolidation,0
APP-001652,56540.94,18076.06,36,13.24,7.7,710,0.2637,2,0.2975,debt_consolidation,0
APP-001653,56126.49,10477.88,24,8.78,9.4,743,0.2617,1,0.1074,debt_consolidation,0
APP-001654,113032.46,31417.22,36,16.06,5.8,629,0.229,1,0.5595,debt_consolidation,1
APP-001655,138193.78,20299.52,60,21.99,7.3,583,0.4059,1,0.7718,other,1
APP-001656,32404.63,8642.22,36,16.34,4.3,652,0.2011,2,0.6156,home_improvement,0
APP-001657,127963.81,43216.2,36,8.5,0.0,754,0.3388,1,0.1608,debt_consolidation,0
APP-001658,37043.53,15342.62,36,13.94,8.0,642,0.0358,0,0.7031,small_business,1
APP-001659,37584.96,7687.29,60,11.31,8.1,707,0.1053,0,0.6469,home_improvement,0
APP-001660,58086.32,8958.49,36,15.91,5.2,713,0.4644,0,0.6252,debt_consolidation,0
APP-001661,55792.99,34365.84,60,16.13,11.2,694,0.4321,1,0.3651,debt_consolidation,1
APP-001662,30764.06,41789.28,36,13.5,3.3,606,0.1259,0,0.1156,auto,1
APP-001663,88794.85,26040.42,36,10.75,0.0,700,0.1749,0,0.4871,small_business,0
APP-001664,90062.19,31166.62,36,11.0,3.4,656,0.147,0,0.0837,debt_consolidation,0
APP-001665,107805.34,29364.48,60,11.89,0.0,779,0.2921,0,0.87,other,0
APP-001666,52790.37,20028.58,60,13.6,8.0,746,0.1708,1,0.8466,other,0
APP-001667,63776.68,17548.93,36,13.2,3.1,658,0.1185,0,0.2654,small_business,0
APP-001668,64057.57,19831.45,36,9.81,10.9,782,0.2403,0,0.38,debt_consolidation,0
APP-001669,146148.77,22221.0,36,12.56,10.8,700,0.1527,0,0.5043,debt_consolidation,0
APP-001670,18000.0,9431.19,24,18.28,2.3,583,0.1746,1,0.3112,other,0
APP-001671,41060.8,22168.77,36,10.98,2.9,675,0.2482,0,0.1439,debt_consolidation,0
APP-001672,65173.1,33789.38,36,9.63,8.9,775,0.13,0,0.2602,medical,0
APP-001673,38602.37,12864.26,60,15.98,10.9,632,0.3063,0,0.5162,small_business,1
APP-001674,57420.05,12091.04,60,17.69,0.0,676,0.375,0,0.3702,debt_consolidation,1
APP-001675,61183.1,19116.38,60,17.45,7.8,601,0.182,1,0.5377,small_business,1
APP-001676,47403.59,9947.76,60,14.35,0.0,610,0.1004,1,0.6289,other,0
APP-001677,67042.88,6755.75,60,17.65,4.0,632,0.3318,0,0.7719,auto,0
APP-001678,87873.56,28214.21,60,14.34,11.4,609,0.2375,0,0.4141,home_improvement,1
APP-001679,58031.12,11162.91,36,18.57,20.0,644,0.3612,0,0.4298,other,0
APP-001680,52292.54,14655.99,36,14.17,5.4,781,0.5986,0,0.7319,medical,0
APP-001681,60028.54,10178.48,36,13.41,0.9,678,0.1377,0,0.287,auto,0
APP-001682,64768.4,30406.81,60,16.18,4.2,726,0.4716,1,0.4817,small_business,1
APP-001683,28191.88,23783.47,36,10.83,6.8,743,0.1512,1,0.6104,auto,0
APP-001684,81120.29,12610.37,36,13.36,3.5,616,0.2584,0,0.3133,debt_consolidation,0
APP-001685,52347.63,7314.13,36,13.96,2.3,632,0.1773,0,0.1063,debt_consolidation,0
APP-001686,119095.31,11857.13,48,12.93,4.6,724,0.2491,0,0.6402,debt_consolidation,0
APP-001687,86322.73,20182.93,48,18.73,8.3,643,0.4615,0,0.7435,medical,1
APP-001688,113979.56,16176.46,60,15.42,5.7,721,0.2919,0,0.8697,medical,0
APP-001689,40009.04,15447.17,48,5.86,2.5,777,0.1837,1,0.2996,medical,0
APP-001690,54386.81,16394.3,60,14.79,3.5,596,0.1702,0,0.2674,home_improvement,0
APP-001691,35802.12,22516.55,36,18.95,4.6,659,0.276,1,0.8072,small_business,1
APP-001692,46334.9,14152.2,60,11.48,2.0,669,0.1105,0,0.5827,other,0
APP-001693,118557.48,18824.45,48,15.82,3.3,649,0.0704,0,0.7129,debt_consolidation,0
APP-001694,132738.73,8180.35,36,12.65,9.4,645,0.0522,0,0.4049,auto,0
APP-001695,37460.36,50000.0,60,14.21,5.5,651,0.3575,0,0.4328,auto,0
APP-001696,52165.12,12298.91,60,16.18,0.0,679,0.4774,0,0.4355,medical,0
APP-001697,62665.64,16317.41,60,12.1,11.1,690,0.0501,0,0.5363,debt_consolidation,0
APP-001698,86097.29,20139.81,60,13.15,8.4,735,0.1808,0,0.4905,small_business,1
APP-001699,27929.36,11425.99,36,12.03,0.3,679,0.1596,1,0.301,other,0
APP-001700,30112.71,14565.96,36,15.43,4.9,745,0.3864,1,0.5282,auto,0
APP-001701,82220.76,14463.67,36,16.39,2.9,646,0.2686,0,0.6715,other,0
APP-001702,25504.34,8533.56,60,18.13,9.5,610,0.2788,0,0.6377,other,1
APP-001703,52453.37,18700.13,60,15.26,4.8,662,0.3754,0,0.4812,home_improvement,1
APP-001704,70259.21,5571.14,60,15.44,6.2,707,0.4896,1,0.6218,auto,1
APP-001705,79353.05,40073.67,60,11.65,5.6,730,0.1309,0,0.3741,home_improvement,0
APP-001706,60725.43,22967.31,48,9.65,0.0,765,0.2178,1,0.212,other,0
APP-001707,54533.98,21006.66,36,12.01,12.8,697,0.1637,1,0.3495,debt_consolidation,1
APP-001708,97493.07,5295.71,36,14.86,9.5,724,0.3485,0,0.5362,home_improvement,0
APP-001709,74536.29,9156.66,36,12.68,3.1,759,0.2336,0,0.4449,other,0
APP-001710,47646.98,32458.71,60,11.99,7.4,635,0.0666,0,0.2802,debt_consolidation,1
APP-001711,66187.67,50000.0,36,16.71,10.9,668,0.2427,3,0.217,small_business,0
APP-001712,78124.87,28993.46,60,4.81,6.8,841,0.1178,0,0.2603,home_improvement,0
APP-001713,148285.75,26458.46,60,14.2,13.5,730,0.4497,2,0.2557,other,1
APP-001714,94805.05,19660.94,36,13.66,19.6,710,0.1439,1,0.4806,other,0
APP-001715,116439.82,8869.34,60,8.63,5.9,732,0.3326,2,0.2766,debt_consolidation,0
APP-001716,48487.0,25825.17,48,14.81,3.9,603,0.2408,1,0.2862,small_business,0
APP-001717,50540.73,7655.68,60,15.11,2.0,642,0.3891,0,0.3354,debt_consolidation,0
APP-001718,58055.81,7185.1,36,16.83,0.0,621,0.2749,1,0.4182,medical,0
APP-001719,60671.4,6927.52,36,12.23,12.1,704,0.2587,1,0.2151,auto,0
APP-001720,40066.29,25535.45,24,11.56,4.9,659,0.3569,0,0.3172,small_business,1
APP-001721,119347.02,14025.1,36,11.7,10.4,686,0.1774,0,0.3338,debt_consolidation,1
APP-001722,99324.88,15373.52,60,11.35,11.3,662,0.12,0,0.4666,debt_consolidation,0
APP-001723,56129.52,14371.03,60,17.1,1.6,586,0.1509,1,0.6304,auto,0
APP-001724,88447.43,7547.63,60,8.0,2.3,731,0.0808,0,0.1172,medical,0
APP-001725,72340.12,9826.91,36,16.9,14.4,578,0.2125,1,0.2845,home_improvement,1
APP-001726,91826.85,10117.85,60,15.52,6.2,638,0.2995,0,0.5208,debt_consolidation,0
APP-001727,34093.95,6417.9,36,17.57,3.5,604,0.4244,0,0.3767,home_improvement,1
APP-001728,60610.61,10823.36,24,17.06,1.8,629,0.4423,1,0.4234,other,0
APP-001729,63214.19,7744.56,60,15.15,5.9,692,0.283,1,0.5292,debt_consolidation,0
APP-001730,87683.65,20271.19,60,8.67,13.3,752,0.2059,1,0.2555,home_improvement,1
APP-001731,48073.79,21274.56,60,19.52,9.6,589,0.391,1,0.5779,other,1
APP-001732,19578.27,6847.19,60,11.12,7.3,648,0.0974,1,0.186,debt_consolidation,0
APP-001733,38674.15,12208.13,36,15.24,13.6,579,0.1719,0,0.3123,auto,0
APP-001734,63122.94,42549.3,36,13.45,12.8,645,0.1344,1,0.2212,debt_consolidation,0
APP-001735,67024.06,8209.62,24,11.53,8.0,684,0.1839,0,0.3919,other,0
APP-001736,145851.12,18570.95,48,15.4,19.0,724,0.3507,0,0.8604,auto,0
APP-001737,85979.21,15415.16,36,16.38,5.4,557,0.1182,1,0.3374,other,0
APP-001738,67594.17,27331.05,36,13.16,11.4,712,0.1286,0,0.2957,debt_consolidation,0
APP-001739,63997.21,17210.5,36,15.54,4.7,624,0.0694,0,0.6225,medical,1
APP-001740,110431.49,11290.9,36,18.21,10.6,609,0.2402,0,0.6937,small_business,0
APP-001741,48966.4,15072.5,60,13.05,5.4,684,0.1783,0,0.6511,debt_consolidation,1
APP-001742,60767.25,15200.73,36,10.08,8.6,716,0.3122,0,0.4815,debt_consolidation,1
APP-001743,38534.09,13748.99,36,11.82,17.3,674,0.1349,0,0.3968,debt_consolidation,0
APP-001744,128440.04,6746.77,60,17.86,10.8,617,0.4919,1,0.6399,other,0
APP-001745,78475.52,29818.83,60,14.11,8.6,674,0.3163,1,0.2268,auto,0
APP-001746,46283.06,26914.9,36,20.62,3.0,638,0.5127,0,0.9043,auto,1
APP-001747,61525.32,7913.1,24,13.12,7.3,715,0.4446,0,0.2193,auto,0
APP-001748,83014.86,12179.18,60,12.26,2.0,742,0.1166,1,0.6764,medical,1
APP-001749,57629.94,12725.39,60,12.19,10.5,739,0.3972,0,0.5044,home_improvement,0
APP-001750,50291.77,7413.98,36,10.39,10.4,679,0.0973,0,0.272,home_improvement,0
APP-001751,47481.3,4910.65,36,11.48,5.7,745,0.1916,0,0.4587,auto,0
APP-001752,76484.57,9827.7,48,18.86,14.0,621,0.1499,0,0.6986,debt_consolidation,1
APP-001753,54735.98,11792.16,36,10.96,13.4,783,0.2971,0,0.4709,other,0
APP-001754,52278.41,6285.42,36,16.72,7.2,620,0.337,1,0.2849,small_business,1
APP-001755,34229.15,16067.45,60,16.66,9.0,562,0.1164,0,0.0566,home_improvement,0
APP-001756,67468.09,28463.01,36,12.75,3.9,759,0.1213,3,0.6214,medical,0
APP-001757,59584.77,23631.39,36,14.66,5.3,639,0.3524,0,0.4094,debt_consolidation,1
APP-001758,55700.89,13472.77,60,12.42,1.6,687,0.3257,0,0.0818,other,0
APP-001759,71507.13,4986.38,36,21.34,4.3,620,0.5038,2,0.4281,other,0
APP-001760,93077.12,21960.73,48,8.09,6.0,817,0.1727,0,0.2386,other,0
APP-001761,91025.41,15784.94,36,8.02,0.0,786,0.2078,0,0.1356,debt_consolidation,0
APP-001762,84749.25,18546.34,24,9.2,9.1,770,0.1863,1,0.6065,debt_consolidation,0
APP-001763,57908.58,44571.22,36,9.5,11.1,685,0.1133,1,0.1901,debt_consolidation,1
APP-001764,49512.64,8986.81,60,11.71,6.5,737,0.2093,0,0.4341,debt_consolidation,0
APP-001765,39381.96,2736.71,48,13.46,0.0,677,0.1765,1,0.4604,debt_consolidation,0
APP-001766,48894.85,7870.68,60,10.12,5.4,745,0.1327,1,0.3117,debt_consolidation,0
APP-001767,65615.98,19221.99,24,13.79,0.2,656,0.2814,0,0.0675,other,0
APP-001768,44565.94,14728.22,60,5.86,3.8,772,0.0878,0,0.1779,debt_consolidation,0
APP-001769,68067.15,7164.08,36,13.1,13.0,653,0.1856,0,0.4106,debt_consolidation,1
APP-001770,40893.37,6364.35,60,18.23,0.0,660,0.2818,1,0.6733,small_business,1
APP-001771,29286.05,11804.44,36,15.36,2.8,653,0.5742,1,0.2267,medical,0
APP-001772,96322.53,7038.63,48,13.71,10.2,691,0.1792,0,0.3711,small_business,0
APP-001773,51762.62,19611.5,24,15.31,3.3,657,0.0686,0,0.7741,auto,0
APP-001774,43493.48,11421.77,24,12.07,3.0,708,0.3485,0,0.2127,other,0
APP-001775,38449.31,10078.66,60,12.05,15.6,652,0.165,0,0.0996,auto,0
APP-001776,79634.27,9340.39,36,12.96,8.2,726,0.3577,0,0.3489,medical,0
APP-001777,125755.93,16890.64,24,14.1,10.7,768,0.444,0,0.5932,auto,0
APP-001778,53565.85,14862.81,60,9.37,8.7,684,0.103,1,0.2806,home_improvement,0
APP-001779,58610.68,16301.94,36,9.8,7.2,809,0.1971,1,0.2511,home_improvement,0
APP-001780,108719.43,16096.85,48,11.94,12.2,745,0.4559,0,0.1678,home_improvement,0
APP-001781,27258.72,13905.37,60,10.22,15.1,804,0.1765,1,0.3476,debt_consolidation,0
APP-001782,167081.92,7964.01,60,17.19,0.0,676,0.2808,1,0.7526,small_business,0
APP-001783,210094.08,9492.75,24,19.59,6.3,584,0.2638,0,0.3873,debt_consolidation,1
APP-001784,18000.0,11533.29,36,13.71,6.3,639,0.02,1,0.5902,debt_consolidation,1
APP-001785,62027.99,48036.54,36,16.07,4.6,645,0.3085,1,0.0993,debt_consolidation,1
APP-001786,46029.97,6631.45,36,15.22,10.9,625,0.2673,1,0.4201,small_business,0
APP-001787,57242.51,11371.86,60,20.08,7.7,553,0.3263,0,0.5361,debt_consolidation,0
APP-001788,53173.62,15350.43,60,12.8,15.2,739,0.1984,1,0.3831,auto,0
APP-001789,95969.62,12160.78,36,15.78,11.5,572,0.2423,0,0.1668,other,0
APP-001790,61581.02,27032.8,36,12.53,12.6,734,0.5021,0,0.59,debt_consolidation,0
APP-001791,41978.26,12124.4,60,7.34,1.1,807,0.0355,0,0.416,small_business,1
APP-001792,59843.83,12655.79,36,17.22,2.9,635,0.4318,0,0.5911,debt_consolidation,1
APP-001793,83219.67,23257.63,60,12.18,3.2,702,0.1503,1,0.1699,debt_consolidation,0
APP-001794,36825.89,41444.76,36,12.86,12.5,657,0.1689,0,0.4739,auto,0
APP-001795,29494.24,32802.27,24,12.02,2.1,728,0.2398,1,0.4616,other,0
APP-001796,169169.95,13395.11,60,17.22,2.3,611,0.3958,0,0.5472,debt_consolidation,0
APP-001797,47752.07,14089.51,60,12.77,1.5,672,0.2019,2,0.1609,medical,1
APP-001798,60852.8,14898.28,36,7.96,18.9,745,0.0652,0,0.1234,debt_consolidation,0
APP-001799,53701.74,15790.5,60,16.7,5.9,677,0.4585,3,0.1672,medical,1
APP-001800,84560.68,8870.11,36,19.85,8.9,586,0.3282,2,0.4823,auto,1
APP-001801,152219.94,24962.46,24,8.24,1.4,752,0.2922,1,0.0459,medical,0
APP-001802,85863.22,16345.98,36,13.69,10.8,605,0.1433,0,0.3422,auto,0
APP-001803,31361.22,14127.62,36,13.11,0.0,685,0.0759,1,0.6482,debt_consolidation,0
APP-001804,33448.54,6937.1,60,14.86,2.1,714,0.39,3,0.3709,auto,1
APP-001805,53671.61,15033.4,36,10.94,3.2,687,0.0995,2,0.2125,auto,0
APP-001806,57147.48,4835.99,36,8.11,7.5,827,0.3209,1,0.3093,auto,0
APP-001807,28441.54,10347.99,36,13.2,2.9,723,0.242,1,0.2434,debt_consolidation,0
APP-001808,96319.51,10459.93,60,13.67,13.4,668,0.2351,1,0.216,home_improvement,0
APP-001809,38588.47,17126.14,60,12.01,8.8,715,0.1653,1,0.6127,home_improvement,0
APP-001810,133109.49,43140.48,36,15.23,3.4,692,0.2948,1,0.5086,debt_consolidation,0
APP-001811,155756.04,20203.48,36,14.62,11.0,683,0.1765,2,0.5921,debt_consolidation,0
APP-001812,57698.18,33589.78,60,14.42,4.7,694,0.2238,0,0.2983,home_improvement,0
APP-001813,80245.78,21080.99,36,12.1,3.8,655,0.2418,1,0.0648,auto,0
APP-001814,35983.22,27845.73,60,14.48,10.5,692,0.3978,1,0.414,debt_consolidation,0
APP-001815,87685.09,42575.65,36,16.43,0.0,651,0.3243,1,0.5688,small_business,1
APP-001816,51175.19,9484.73,60,14.7,9.8,570,0.0745,0,0.4603,medical,0
APP-001817,38571.53,9132.4,36,11.96,3.3,746,0.4306,0,0.17,small_business,0
APP-001818,56571.57,21371.52,36,14.92,3.3,647,0.335,1,0.2066,home_improvement,0
APP-001819,51978.4,14469.1,36,15.9,15.3,688,0.508,0,0.3969,home_improvement,1
APP-001820,55607.09,16476.81,24,14.72,4.1,636,0.1288,0,0.5301,medical,1
APP-001821,102538.02,12552.53,36,12.99,10.8,638,0.0745,1,0.1957,other,1
APP-001822,44586.88,10260.67,60,15.86,7.8,620,0.1675,0,0.2366,home_improvement,0
APP-001823,149485.34,37121.35,36,14.81,8.2,735,0.2894,1,0.666,medical,0
APP-001824,34410.39,7661.66,24,7.35,5.4,749,0.0772,0,0.4195,medical,0
APP-001825,141145.86,21590.56,36,13.19,5.1,682,0.1427,1,0.3552,auto,1
APP-001826,39903.43,19652.43,36,15.91,13.4,649,0.2903,0,0.3266,debt_consolidation,0
APP-001827,64968.39,5802.69,36,14.58,10.7,582,0.0247,0,0.8379,medical,1
APP-001828,51371.99,8955.75,24,14.35,4.3,726,0.2018,3,0.8088,home_improvement,1
APP-001829,55113.65,9872.85,60,16.87,1.8,641,0.2999,0,0.543,other,0
APP-001830,95491.64,20117.85,60,19.07,3.9,615,0.2445,0,0.7632,home_improvement,0
APP-001831,133527.06,11719.67,36,13.6,10.9,682,0.1456,1,0.4496,home_improvement,0
APP-001832,115104.35,13797.76,60,15.68,11.8,661,0.3057,1,0.3782,other,1
APP-001833,53520.04,6225.87,36,17.37,9.0,592,0.0427,0,0.5649,home_improvement,0
APP-001834,71010.64,50000.0,36,18.74,0.0,600,0.5088,0,0.5336,debt_consolidation,1
APP-001835,44656.05,15111.29,60,11.49,9.9,700,0.1414,0,0.5486,debt_consolidation,0
APP-001836,40384.38,19366.97,60,15.46,12.4,642,0.0641,0,0.8448,debt_consolidation,0
APP-001837,37493.32,10597.16,36,12.08,7.3,710,0.2953,0,0.2427,debt_consolidation,0
APP-001838,52686.12,9930.64,36,18.34,15.4,688,0.4438,0,0.9053,home_improvement,1
APP-001839,73273.42,43969.92,36,13.23,0.6,741,0.3597,0,0.3933,small_business,0
APP-001840,25964.13,4770.5,36,15.16,9.6,632,0.1814,0,0.1606,auto,0
APP-001841,63569.74,17043.42,60,14.77,1.9,693,0.4964,1,0.1798,debt_consolidation,0
APP-001842,134569.3,7181.27,36,9.49,11.3,717,0.2105,0,0.2765,medical,0
APP-001843,111375.19,11464.42,60,15.88,9.3,644,0.4881,1,0.2905,debt_consolidation,0
APP-001844,49082.32,10014.7,60,11.29,14.6,745,0.1615,2,0.3064,other,0
APP-001845,33244.46,8184.82,36,21.77,8.7,583,0.5226,0,0.5089,debt_consolidation,1
APP-001846,81053.21,14801.15,60,17.22,4.7,632,0.307,1,0.4187,auto,0
APP-001847,21370.72,3269.68,60,19.45,4.3,581,0.5816,0,0.5113,debt_consolidation,1
APP-001848,110748.43,12075.34,36,15.58,5.4,637,0.2207,1,0.5754,auto,0
APP-001849,58666.29,13760.2,36,15.96,4.2,671,0.2602,1,0.7037,home_improvement,1
APP-001850,156555.63,6591.42,60,11.98,12.6,728,0.1734,1,0.4257,small_business,1
APP-001851,28373.17,34876.58,60,14.84,12.2,671,0.2088,0,0.6981,debt_consolidation,0
APP-001852,100997.67,10271.39,36,12.25,0.0,645,0.0367,1,0.3895,other,0
APP-001853,61938.57,12634.2,60,15.46,6.7,590,0.0966,1,0.4877,medical,1
APP-001854,55450.07,10284.74,60,17.86,6.8,610,0.1621,1,0.7649,small_business,1
APP-001855,33678.59,13830.0,60,13.9,3.0,698,0.1791,2,0.4262,small_business,0
APP-001856,86517.46,30965.45,24,10.67,8.5,731,0.2867,0,0.3824,other,0
APP-001857,89921.15,50000.0,36,16.68,13.1,656,0.2272,1,0.6575,debt_consolidation,0
APP-001858,153124.09,22345.38,60,12.19,10.5,750,0.0454,0,0.5273,debt_consolidation,0
APP-001859,105451.53,27253.58,24,15.48,12.6,625,0.1423,0,0.5355,debt_consolidation,0
APP-001860,48877.52,39239.21,36,14.38,3.3,657,0.0804,0,0.6189,debt_consolidation,1
APP-001861,40146.42,16751.6,48,13.31,6.7,662,0.2172,1,0.4983,medical,0
APP-001862,33700.46,36049.54,36,9.79,3.1,769,0.0872,0,0.3996,other,0
APP-001863,131832.87,22959.72,60,9.15,7.6,688,0.0725,0,0.1169,other,0
APP-001864,44739.81,15762.94,24,16.36,8.0,576,0.1108,0,0.2641,medical,1
APP-001865,132276.92,17767.06,60,15.46,10.8,735,0.3274,2,0.3474,auto,0
APP-001866,83631.63,5041.62,36,10.85,12.4,787,0.392,1,0.41,other,1
APP-001867,76152.71,17177.11,60,15.05,9.6,666,0.2367,1,0.6319,other,1
APP-001868,56097.46,5922.6,36,20.97,2.6,628,0.4793,0,0.8942,debt_consolidation,0
APP-001869,89256.14,5649.08,24,10.4,0.4,730,0.1014,0,0.6712,medical,0
APP-001870,64519.1,16216.32,60,12.63,8.8,794,0.4873,0,0.5519,small_business,0
APP-001871,54443.58,7598.74,60,10.71,13.3,729,0.1204,0,0.4831,debt_consolidation,0
APP-001872,90782.78,14440.3,36,16.36,6.4,586,0.1319,0,0.5306,home_improvement,0
APP-001873,60659.77,15712.25,36,7.62,0.0,724,0.2253,0,0.1427,other,0
APP-001874,44308.95,16124.14,48,15.41,15.9,703,0.2399,1,0.6613,other,0
APP-001875,86687.02,8582.78,60,18.67,8.7,625,0.0874,0,0.6809,other,0
APP-001876,63033.99,24419.56,36,8.54,7.3,755,0.1875,0,0.1993,small_business,0
APP-001877,82192.5,13768.62,60,12.97,1.2,705,0.2947,1,0.5907,debt_consolidation,1
APP-001878,52275.85,18727.12,36,12.92,6.6,756,0.4957,0,0.2204,debt_consolidation,0
APP-001879,36379.63,7244.29,60,15.42,9.6,618,0.3895,0,0.338,medical,1
APP-001880,149488.99,13075.22,36,13.3,8.8,703,0.1876,0,0.597,medical,0
APP-001881,136559.55,27401.0,36,14.39,3.4,628,0.2388,0,0.4174,medical,0
APP-001882,99345.54,25453.46,60,13.87,6.2,694,0.4051,2,0.4009,auto,0
APP-001883,53959.74,9131.4,36,11.86,3.7,766,0.2933,0,0.5072,home_improvement,0
APP-001884,56274.11,10566.88,60,17.32,14.0,597,0.1654,1,0.7238,auto,0
APP-001885,126204.61,8171.97,36,14.4,10.5,601,0.2231,1,0.3628,debt_consolidation,0
APP-001886,54847.07,9908.86,36,14.49,4.1,735,0.4592,1,0.412,debt_consolidation,0
APP-001887,47978.85,6441.04,60,18.87,1.2,679,0.1448,0,0.8575,debt_consolidation,0
APP-001888,159662.13,13383.29,60,14.55,7.8,748,0.4332,0,0.4935,debt_consolidation,0
APP-001889,63529.35,20933.88,36,15.52,4.3,633,0.3165,0,0.3793,other,0
APP-001890,151901.37,9196.45,48,14.09,4.6,683,0.1099,0,0.1023,home_improvement,0
APP-001891,33220.23,13757.68,36,11.78,1.4,720,0.1969,0,0.8013,debt_consolidation,0
APP-001892,83355.62,12759.29,60,17.48,1.9,692,0.3916,0,0.8097,small_business,1
APP-001893,175652.38,26738.85,24,21.26,7.2,576,0.3533,1,0.4506,medical,1
APP-001894,65934.88,10169.83,36,7.8,5.3,844,0.2643,1,0.4979,debt_consolidation,0
APP-001895,57263.6,10386.67,24,16.0,17.7,692,0.2036,1,0.7927,debt_consolidation,0
APP-001896,37109.25,8876.94,60,15.5,9.2,602,0.3147,1,0.2132,debt_consolidation,1
APP-001897,109279.84,7496.18,60,9.98,1.3,698,0.054,0,0.2907,auto,0
APP-001898,44912.93,19709.01,60,15.08,0.0,705,0.4227,0,0.4732,debt_consolidation,0
APP-001899,62108.27,13407.1,36,12.85,8.3,738,0.451,1,0.5962,debt_consolidation,0
APP-001900,35939.11,14968.36,36,14.16,4.7,734,0.2136,1,0.99,debt_consolidation,0
APP-001901,137235.26,30369.55,36,12.96,12.5,668,0.3107,0,0.1485,medical,0
APP-001902,113152.02,31398.35,60,12.8,7.8,580,0.1196,0,0.2694,debt_consolidation,0
APP-001903,64021.99,5580.8,36,14.62,0.0,707,0.367,0,0.6535,small_business,1
APP-001904,37352.35,21113.08,48,14.74,1.9,585,0.1133,0,0.5823,debt_consolidation,0
APP-001905,135859.69,16527.47,36,8.82,3.5,750,0.2848,0,0.2898,medical,0
APP-001906,54529.4,11094.24,60,14.61,8.5,638,0.1296,0,0.3361,home_improvement,0
APP-001907,38240.26,17535.11,36,13.89,1.8,717,0.3661,0,0.4945,home_improvement,0
APP-001908,27898.44,5327.31,36,16.05,7.2,642,0.4104,1,0.3085,debt_consolidation,0
APP-001909,47671.04,33868.36,60,13.95,0.5,651,0.1651,0,0.5331,small_business,0
APP-001910,32335.35,19546.89,60,17.07,6.5,634,0.3484,0,0.5212,other,1
APP-001911,48203.58,8778.75,48,12.71,8.2,722,0.158,1,0.6507,debt_consolidation,0
APP-001912,92916.71,10325.44,60,13.97,13.1,644,0.1179,1,0.5242,debt_consolidation,0
APP-001913,54282.14,5399.59,48,14.69,7.6,725,0.3445,0,0.5093,other,0
APP-001914,77101.3,12086.07,36,17.14,2.8,645,0.3003,0,0.8633,medical,0
APP-001915,45933.13,10959.03,24,14.04,13.2,667,0.1868,0,0.2385,debt_consolidation,0
APP-001916,67065.41,6723.34,60,11.19,5.7,682,0.1632,0,0.2803,debt_consolidation,0
APP-001917,163435.7,22751.61,60,15.39,10.0,689,0.1239,0,0.809,auto,0
APP-001918,54987.94,30407.55,36,18.82,3.7,626,0.3462,3,0.4579,auto,1
APP-001919,78172.15,14271.71,36,12.06,6.9,721,0.3727,0,0.1069,medical,0
APP-001920,30659.24,12144.46,60,14.75,2.9,664,0.2605,1,0.3391,other,0
APP-001921,134833.17,18661.07,36,14.29,8.0,712,0.1742,1,0.5831,home_improvement,1
APP-001922,51693.3,14335.77,60,16.21,10.1,679,0.1812,0,0.6537,debt_consolidation,0
APP-001923,107623.97,7740.64,60,11.22,4.3,714,0.1615,0,0.5425,home_improvement,0
APP-001924,61268.19,9930.35,36,17.27,4.0,656,0.2136,0,0.6415,home_improvement,0
APP-001925,87177.42,12209.52,36,14.41,8.1,634,0.3243,1,0.1334,debt_consolidation,0
APP-001926,89700.22,16744.95,36,10.71,2.8,705,0.1916,0,0.5533,debt_consolidation,0
APP-001927,52311.48,14578.73,36,14.27,0.0,651,0.2189,0,0.2718,home_improvement,1
APP-001928,109782.63,16381.67,48,11.83,8.1,765,0.1601,1,0.4802,auto,0
APP-001929,45153.8,5987.95,60,10.93,6.0,684,0.0424,1,0.1021,debt_consolidation,0
APP-001930,94424.04,21327.02,60,15.25,5.9,600,0.1714,1,0.3143,home_improvement,0
APP-001931,53897.75,14528.76,24,15.53,8.8,646,0.4679,0,0.4173,auto,0
APP-001932,76874.57,50000.0,60,12.41,9.5,622,0.1118,1,0.0971,medical,1
APP-001933,52072.17,11580.48,36,10.25,5.8,742,0.2591,0,0.1795,small_business,0
APP-001934,66578.1,17492.19,60,12.16,1.4,725,0.1508,1,0.5445,small_business,1
APP-001935,38804.43,50000.0,24,13.48,3.6,676,0.2412,1,0.5041,auto,0
APP-001936,73201.41,16227.73,36,12.12,9.1,697,0.0812,0,0.5854,debt_consolidation,0
APP-001937,66393.39,13942.24,36,14.98,7.1,675,0.2469,2,0.5868,home_improvement,0
APP-001938,50154.77,8180.34,36,13.32,4.0,730,0.4179,0,0.5586,medical,0
APP-001939,63305.6,35182.3,60,12.22,3.0,710,0.1336,0,0.3937,debt_consolidation,0
APP-001940,69318.33,7402.88,36,12.44,9.3,721,0.2202,1,0.6553,debt_consolidation,1
APP-001941,48353.37,18576.16,36,13.82,5.5,669,0.2593,0,0.3144,debt_consolidation,1
APP-001942,61104.36,11017.52,48,11.81,9.9,643,0.1177,0,0.2218,home_improvement,0
APP-001943,40113.88,12992.0,36,11.16,10.5,719,0.1107,1,0.2895,home_improvement,0
APP-001944,200404.76,6348.81,36,7.77,5.1,770,0.123,0,0.3617,debt_consolidation,0
APP-001945,108068.39,31600.17,36,11.64,10.8,744,0.232,1,0.4364,small_business,1
APP-001946,74104.22,12342.22,36,8.35,7.1,772,0.0814,0,0.5198,other,0
APP-001947,114091.58,7166.35,60,17.11,7.7,689,0.4705,0,0.6719,debt_consolidation,1
APP-001948,25137.13,29985.36,36,13.82,0.0,624,0.3136,0,0.4204,other,0
APP-001949,19043.03,10823.82,36,18.14,2.1,629,0.4173,0,0.6537,debt_consolidation,0
APP-001950,53663.2,17605.67,36,10.06,2.4,760,0.367,0,0.4029,other,1
APP-001951,33537.91,23621.8,60,13.64,5.1,572,0.1373,0,0.1091,other,0
APP-001952,58021.67,19088.55,60,10.91,7.0,767,0.3128,0,0.4612,debt_consolidation,1
APP-001953,71743.87,4055.61,24,16.59,7.2,634,0.2415,1,0.4124,small_business,0
APP-001954,101107.69,21703.11,60,9.42,7.8,792,0.2729,1,0.5926,other,0
APP-001955,37638.24,13678.05,36,13.17,3.4,676,0.2575,0,0.7113,other,1
APP-001956,78744.62,11980.88,36,16.73,9.6,722,0.3306,2,0.6226,other,1
APP-001957,65450.51,13611.09,60,10.46,14.6,818,0.497,2,0.1935,medical,0
APP-001958,76799.01,5699.22,60,14.7,4.9,661,0.4406,1,0.4693,debt_consolidation,1
APP-001959,50647.85,16209.67,36,13.82,3.5,660,0.0858,0,0.6818,small_business,0
APP-001960,126253.54,6571.89,60,14.51,3.4,640,0.2284,0,0.4787,medical,0
APP-001961,61849.44,12284.79,60,16.57,6.9,622,0.3563,0,0.5447,medical,0
APP-001962,152321.7,15875.58,60,16.4,4.1,661,0.2407,0,0.7512,home_improvement,1
APP-001963,44478.27,27033.86,60,12.41,0.0,648,0.1411,0,0.5594,medical,1
APP-001964,92846.2,9013.95,36,17.88,0.0,607,0.3579,0,0.545,debt_consolidation,0
APP-001965,63164.75,33651.89,60,14.51,11.1,668,0.3724,0,0.4245,auto,1
APP-001966,55538.19,25111.44,36,15.1,12.3,706,0.4161,1,0.4873,debt_consolidation,0
APP-001967,88049.45,11303.26,36,18.49,13.7,628,0.212,3,0.4886,auto,0
APP-001968,56305.04,7622.27,36,17.24,7.5,671,0.4145,0,0.5268,small_business,0
APP-001969,18113.25,6276.02,60,12.24,2.0,762,0.2152,0,0.4033,home_improvement,0
APP-001970,18000.0,16975.41,36,12.57,4.5,598,0.154,0,0.3224,medical,0
APP-001971,119719.31,9454.81,36,12.01,0.0,792,0.5853,0,0.2411,debt_consolidation,0
APP-001972,117320.71,29072.0,60,16.91,0.0,641,0.2579,1,0.4744,other,0
APP-001973,160824.05,9776.92,36,9.37,7.6,692,0.0366,0,0.2388,auto,0
APP-001974,64455.41,8599.98,36,10.35,8.9,754,0.1438,2,0.2702,home_improvement,0
APP-001975,34950.14,16604.14,36,12.91,15.3,772,0.2046,1,0.5355,debt_consolidation,0
APP-001976,53143.03,9740.0,60,14.79,6.1,707,0.2742,1,0.6858,debt_consolidation,0
APP-001977,65357.42,14572.08,36,15.21,0.4,640,0.1805,1,0.192,home_improvement,0
APP-001978,40085.27,25687.96,36,16.03,6.0,635,0.3502,0,0.4361,other,0
APP-001979,143409.35,15520.19,36,15.06,5.2,647,0.3995,1,0.056,auto,0
APP-001980,190442.18,15553.85,60,11.27,4.3,790,0.4439,0,0.2022,debt_consolidation,0
APP-001981,81774.22,16332.12,60,12.32,8.0,658,0.3415,0,0.1804,other,0
APP-001982,64661.93,5431.15,36,13.79,1.0,699,0.176,0,0.5965,home_improvement,0
APP-001983,34911.04,18199.87,60,13.79,7.1,619,0.2411,0,0.2212,other,0
APP-001984,136547.91,15909.38,60,16.71,9.4,613,0.2191,1,0.2443,debt_consolidation,1
APP-001985,67424.91,24337.76,60,15.64,12.9,682,0.4378,1,0.4569,medical,0
APP-001986,56576.2,20604.69,36,13.45,7.9,661,0.2705,2,0.1152,other,0
APP-001987,81887.87,12897.31,24,13.16,11.2,665,0.1246,0,0.6315,debt_consolidation,0
APP-001988,49069.9,26388.72,60,18.75,4.5,594,0.1908,2,0.668,auto,1
APP-001989,69747.9,12236.49,36,16.86,5.1,676,0.2868,3,0.4549,other,0
APP-001990,32524.81,16734.96,36,12.58,12.6,770,0.1656,1,0.7866,debt_consolidation,0
APP-001991,109528.97,12105.77,24,14.71,0.3,631,0.1384,0,0.0333,debt_consolidation,0
APP-001992,61822.66,18953.11,36,11.6,4.7,732,0.1697,0,0.6102,auto,0
APP-001993,113364.88,11655.57,48,18.39,11.6,500,0.1757,1,0.3595,debt_consolidation,1
APP-001994,59017.97,37702.58,36,15.17,5.5,633,0.1906,0,0.5287,debt_consolidation,0
APP-001995,60886.5,46722.18,60,17.7,5.2,569,0.3437,0,0.2501,home_improvement,1
APP-001996,36323.86,24071.6,60,8.12,5.3,752,0.1273,2,0.1651,small_business,0
APP-001997,93603.77,35449.2,36,15.64,7.0,731,0.311,0,0.6989,debt_consolidation,1
APP-001998,42690.83,5938.19,36,17.17,11.4,620,0.2209,1,0.6587,debt_consolidation,1
APP-001999,51465.13,6358.23,36,17.06,10.7,697,0.3104,1,0.548,small_business,0
APP-002000,65032.68,12032.89,36,15.86,6.6,750,0.4686,1,0.4953,medical,0
APP-002001,68894.4,14850.93,60,15.97,11.4,759,0.3227,2,0.817,small_business,0
APP-002002,28658.81,12925.32,48,16.3,8.0,656,0.1572,1,0.77,home_improvement,0
APP-002003,58183.42,5594.09,60,16.37,10.4,552,0.2967,0,0.2805,other,0
APP-002004,95211.22,28277.65,60,15.1,1.9,628,0.2311,0,0.5313,auto,0
APP-002005,54205.64,50000.0,36,12.52,14.3,724,0.2976,0,0.654,debt_consolidation,0
APP-002006,58353.31,30481.55,60,5.84,7.5,802,0.1062,0,0.2925,other,0
APP-002007,70269.8,27214.56,36,14.33,0.0,677,0.1414,0,0.6331,home_improvement,1
APP-002008,61186.48,16532.0,36,17.35,14.0,645,0.4375,0,0.4968,debt_consolidation,0
APP-002009,39636.08,8892.52,36,7.7,6.5,819,0.2028,0,0.6479,debt_consolidation,0
APP-002010,63875.84,15122.97,36,13.98,4.7,704,0.1188,4,0.4933,auto,0
APP-002011,104746.42,49175.21,60,15.57,3.8,609,0.408,0,0.2706,debt_consolidation,1
APP-002012,39244.95,11822.39,48,16.14,8.5,673,0.1799,2,0.3926,debt_consolidation,0
APP-002013,54306.07,11137.01,36,9.23,2.5,738,0.1801,2,0.3599,debt_consolidation,0
APP-002014,33488.57,27560.53,36,19.06,3.9,676,0.1863,2,0.7916,home_improvement,1
APP-002015,102130.42,28642.35,48,12.11,4.0,726,0.3678,0,0.1482,home_improvement,0
APP-002016,62181.36,8867.26,60,12.64,5.2,587,0.1503,2,0.1892,medical,1
APP-002017,43219.49,12459.55,36,15.34,4.2,597,0.1484,1,0.4084,debt_consolidation,0
APP-002018,67943.38,10837.84,24,13.8,10.3,637,0.0746,2,0.1612,debt_consolidation,0
APP-002019,36476.17,15098.09,36,16.02,7.7,664,0.3101,1,0.679,medical,0
APP-002020,39579.43,27502.78,60,12.34,8.3,699,0.1933,1,0.3595,home_improvement,0
APP-002021,32250.17,9095.8,60,15.24,9.2,717,0.2314,0,0.4685,auto,0
APP-002022,38952.12,27280.01,24,6.51,6.1,823,0.1473,1,0.211,debt_consolidation,0
APP-002023,124699.81,15380.59,36,13.53,1.9,637,0.1813,0,0.4901,debt_consolidation,1
APP-002024,45717.93,50000.0,36,16.07,14.6,662,0.1462,1,0.5888,debt_consolidation,0
APP-002025,81302.38,17445.31,60,13.91,10.7,639,0.2677,0,0.5038,home_improvement,1
APP-002026,43508.77,13707.4,36,12.02,13.8,743,0.2351,1,0.2968,home_improvement,0
APP-002027,93593.74,20236.4,48,8.67,11.2,746,0.1088,0,0.0784,small_business,0
APP-002028,39720.52,11924.6,60,19.86,4.4,654,0.4793,1,0.4835,home_improvement,1
APP-002029,66235.51,5118.65,36,11.07,0.0,800,0.316,0,0.5181,medical,0
APP-002030,66670.05,12611.97,36,14.32,1.0,639,0.3232,0,0.2453,medical,1
APP-002031,198687.62,12497.12,24,10.06,9.4,740,0.2842,0,0.1398,debt_consolidation,0
APP-002032,87969.61,5758.08,24,11.39,6.0,764,0.1042,1,0.2114,medical,0
APP-002033,48900.78,13898.6,60,16.11,4.6,601,0.1361,1,0.4316,home_improvement,0
APP-002034,90306.62,4372.02,60,10.75,0.0,714,0.037,0,0.512,home_improvement,0
APP-002035,181401.18,11851.92,24,20.65,6.4,522,0.1848,1,0.6817,debt_consolidation,1
APP-002036,29730.16,16700.43,60,14.71,1.6,728,0.3612,0,0.6247,small_business,0
APP-002037,43379.89,15339.12,36,19.69,3.2,616,0.4849,0,0.7927,other,1
APP-002038,58013.54,11424.14,36,11.06,10.3,713,0.1107,1,0.5102,debt_consolidation,0
APP-002039,53206.73,13798.24,60,10.52,1.9,724,0.138,0,0.4766,medical,0
APP-002040,55404.68,9201.73,36,8.96,2.3,745,0.2048,1,0.1754,small_business,0
APP-002041,34756.12,14591.25,36,13.32,7.3,732,0.3674,3,0.2122,debt_consolidation,0
APP-002042,127521.65,14996.83,48,15.48,10.4,683,0.2771,1,0.7349,small_business,1
APP-002043,32836.32,8602.08,36,14.69,4.7,658,0.1337,0,0.6904,auto,0
APP-002044,59044.13,16935.54,60,12.16,13.1,676,0.0892,0,0.4351,other,1
APP-002045,107381.29,16874.29,36,14.89,0.7,615,0.085,0,0.4536,other,0
APP-002046,64065.02,13167.44,24,11.49,0.0,668,0.1143,0,0.4077,debt_consolidation,0
APP-002047,40620.71,50000.0,60,16.15,0.0,663,0.0523,1,0.5842,home_improvement,1
APP-002048,34022.53,13363.69,36,17.26,0.0,634,0.2314,0,0.5358,medical,1
APP-002049,58205.95,12331.94,36,17.88,8.0,579,0.296,0,0.3672,debt_consolidation,0
APP-002050,45196.2,11349.35,36,17.48,2.1,606,0.2352,0,0.5094,debt_consolidation,0
APP-002051,71729.22,8256.53,24,21.32,0.2,500,0.4275,1,0.5237,other,0
APP-002052,33171.49,21584.36,36,14.68,8.2,662,0.3319,1,0.3902,debt_consolidation,0
APP-002053,96028.44,9738.87,36,14.59,10.2,701,0.4741,0,0.4749,home_improvement,0
APP-002054,68707.0,10430.55,36,17.57,11.2,524,0.0894,3,0.3881,small_business,0
APP-002055,71201.13,10611.82,36,9.66,10.4,694,0.02,0,0.2739,debt_consolidation,0
APP-002056,129814.19,8189.73,60,17.81,2.4,673,0.2012,1,0.5771,home_improvement,0
APP-002057,52680.5,5251.53,60,16.34,7.7,612,0.1822,0,0.5645,other,0
APP-002058,45878.44,11085.56,36,14.03,8.7,655,0.0418,0,0.3441,home_improvement,0
APP-002059,49971.89,24063.19,60,12.35,4.4,741,0.1394,0,0.4334,debt_consolidation,0
APP-002060,59262.37,16254.94,60,16.33,7.2,623,0.5622,0,0.2753,debt_consolidation,1
APP-002061,62222.96,35847.8,60,14.73,0.9,685,0.4023,0,0.4066,other,0
APP-002062,43625.96,22414.39,60,15.29,3.7,700,0.1603,1,0.9324,debt_consolidation,1
APP-002063,24613.78,19649.43,36,19.76,8.2,632,0.4839,0,0.6271,medical,1
APP-002064,49657.1,43210.57,36,13.94,13.3,738,0.2059,2,0.5717,debt_consolidation,0
APP-002065,77254.38,13705.6,60,17.88,11.7,703,0.3165,0,0.825,home_improvement,1
APP-002066,69393.36,15040.29,36,15.63,9.5,665,0.4097,1,0.2845,other,0
APP-002067,115604.33,14403.9,60,8.82,6.9,817,0.0776,1,0.4057,medical,0
APP-002068,166171.57,35500.44,60,14.07,6.2,739,0.454,1,0.568,other,1
APP-002069,93584.75,14521.17,36,14.9,0.0,582,0.2078,1,0.3302,debt_consolidation,0
APP-002070,126216.31,9955.73,36,12.63,2.7,657,0.1753,0,0.1016,medical,0
APP-002071,93919.58,20389.1,60,9.5,2.9,823,0.4156,1,0.1891,other,0
APP-002072,147693.46,9031.5,24,18.53,9.1,623,0.3294,1,0.5721,home_improvement,0
APP-002073,158031.92,19758.07,60,15.58,10.8,684,0.2348,1,0.3983,debt_consolidation,0
APP-002074,102611.14,18433.62,60,11.6,9.8,751,0.3716,0,0.2535,other,0
APP-002075,91236.02,12991.5,36,14.06,11.8,718,0.153,1,0.5879,home_improvement,0
APP-002076,58902.05,20132.18,36,15.72,6.8,726,0.2802,1,0.68,medical,1
APP-002077,63722.99,6117.97,36,11.11,2.1,723,0.1276,0,0.4749,other,0
APP-002078,55269.73,15937.37,60,13.56,6.3,681,0.2951,0,0.4816,debt_consolidation,1
APP-002079,87583.1,11086.68,36,17.55,3.2,634,0.2484,0,0.4051,debt_consolidation,1
APP-002080,45999.03,50000.0,24,16.05,9.5,705,0.4037,0,0.6688,debt_consolidation,1
APP-002081,59302.79,15871.53,36,14.75,4.9,657,0.3471,0,0.2769,home_improvement,0
APP-002082,20987.05,10259.88,36,14.21,6.1,652,0.1553,1,0.6023,debt_consolidation,1
APP-002083,148631.55,6519.08,36,14.4,9.6,766,0.4239,0,0.7473,auto,1
APP-002084,58472.67,30916.32,36,15.23,3.2,658,0.1971,0,0.5812,debt_consolidation,0
APP-002085,80888.03,11835.81,60,10.07,10.8,779,0.2104,0,0.6691,auto,0
APP-002086,130859.59,9162.92,24,13.27,0.4,695,0.3226,0,0.1955,debt_consolidation,0
APP-002087,75078.04,17622.95,60,17.03,7.9,671,0.3566,1,0.7287,home_improvement,0
APP-002088,130017.91,21136.17,60,16.8,6.1,575,0.3271,3,0.3649,home_improvement,1
APP-002089,35814.51,20943.77,48,7.85,10.2,803,0.1891,0,0.3843,auto,0
APP-002090,205434.66,14667.06,48,13.2,0.3,680,0.2583,0,0.1435,home_improvement,0
APP-002091,109530.18,15902.54,36,16.58,0.0,548,0.3431,0,0.1995,home_improvement,1
APP-002092,71866.09,16588.84,36,13.45,9.9,737,0.0744,1,0.3829,other,0
APP-002093,128821.19,17623.94,36,17.35,4.7,677,0.4458,0,0.6392,medical,0
APP-002094,37093.53,18552.08,36,19.62,6.1,626,0.4874,1,0.1838,debt_consolidation,0
APP-002095,56591.12,27355.87,48,10.76,3.5,734,0.4367,0,0.2159,other,0
APP-002096,130012.09,14982.3,24,17.74,10.6,532,0.3969,0,0.2842,home_improvement,1
APP-002097,26527.94,9028.65,36,11.37,7.8,639,0.1043,0,0.0833,debt_consolidation,1
APP-002098,85064.26,13335.9,60,14.22,7.6,663,0.4259,1,0.3206,home_improvement,0
APP-002099,83917.3,22451.14,36,10.72,1.2,729,0.2066,1,0.2831,debt_consolidation,1
APP-002100,167271.07,5144.68,36,8.45,8.8,810,0.0651,0,0.2716,debt_consolidation,0
APP-002101,30403.83,5161.94,24,13.27,2.0,666,0.2887,0,0.2946,auto,0
APP-002102,140753.51,24698.66,36,11.22,3.5,707,0.4191,1,0.1557,debt_consolidation,0
APP-002103,49691.87,35016.52,36,8.77,0.4,839,0.1813,0,0.5873,small_business,0
APP-002104,52448.03,6961.07,36,14.86,5.8,680,0.4193,0,0.1048,other,0
APP-002105,36155.36,15369.96,36,10.33,11.3,707,0.0788,0,0.6838,medical,0
APP-002106,38560.11,11500.75,48,11.41,7.5,608,0.02,1,0.1578,auto,1
APP-002107,78891.86,12464.28,60,11.24,4.5,794,0.2929,0,0.6211,auto,0
APP-002108,38109.67,17311.25,48,14.09,7.0,639,0.2633,0,0.4964,other,0
APP-002109,92732.94,6850.24,36,11.51,7.0,696,0.0886,0,0.4477,home_improvement,0
APP-002110,47283.6,7629.04,48,15.91,6.8,694,0.1322,1,0.6605,debt_consolidation,1
APP-002111,36311.37,12175.47,60,14.62,7.3,685,0.3688,1,0.417,medical,0
APP-002112,50452.83,13327.52,60,15.0,1.8,655,0.2232,0,0.4567,medical,0
APP-002113,76401.84,7546.58,24,15.39,7.0,694,0.3036,1,0.5057,debt_consolidation,1
APP-002114,56897.86,22923.08,36,9.33,0.0,782,0.3446,0,0.3321,medical,0
APP-002115,66076.17,11381.2,36,9.91,9.1,812,0.0693,3,0.7463,debt_consolidation,0
APP-002116,90791.61,11353.14,60,15.13,1.5,670,0.2477,0,0.4174,other,0
APP-002117,109283.95,17083.12,24,17.14,11.8,654,0.411,0,0.6113,debt_consolidation,0
APP-002118,56010.63,13455.42,60,15.09,0.0,633,0.1429,0,0.5163,debt_consolidation,1
APP-002119,39376.17,23567.89,24,9.91,14.0,836,0.541,0,0.2917,debt_consolidation,0
APP-002120,67418.04,8438.15,48,13.6,0.0,687,0.2636,1,0.3633,debt_consolidation,0
APP-002121,81475.23,6447.32,36,11.17,1.1,745,0.0768,1,0.511,debt_consolidation,0
APP-002122,32241.01,12115.33,36,12.56,7.8,720,0.4123,0,0.4745,debt_consolidation,0
APP-002123,42389.27,15015.54,36,9.29,9.3,808,0.0845,0,0.6213,debt_consolidation,0
APP-002124,46024.67,7060.46,60,11.4,5.2,666,0.1897,0,0.2757,debt_consolidation,0
APP-002125,58828.86,6483.44,36,16.73,10.5,616,0.1175,0,0.2875,home_improvement,0
APP-002126,45109.42,16117.11,36,9.97,2.9,788,0.2519,0,0.3195,home_improvement,0
APP-002127,91264.95,9343.08,60,11.18,4.7,732,0.1177,1,0.3569,debt_consolidation,0
APP-002128,30081.89,6244.44,60,11.0,5.1,706,0.3039,0,0.2848,debt_consolidation,0
APP-002129,30451.11,25382.16,60,12.38,4.1,769,0.4379,0,0.2287,debt_consolidation,0
APP-002130,55374.58,10051.36,60,13.7,0.0,710,0.1809,0,0.8192,debt_consolidation,0
APP-002131,59744.31,28248.47,36,11.94,6.4,771,0.2258,2,0.3721,debt_consolidation,0
APP-002132,32335.26,14741.43,60,12.86,6.0,694,0.2565,0,0.5133,small_business,0
APP-002133,48576.89,17203.43,36,7.08,11.4,732,0.0721,0,0.307,other,0
APP-002134,53618.08,12826.06,60,14.11,0.7,711,0.1544,1,0.4042,other,0
APP-002135,53817.8,3108.54,60,15.89,3.6,661,0.1234,1,0.6566,medical,0
APP-002136,69915.71,7499.32,36,15.03,11.9,668,0.2728,1,0.5326,medical,0
APP-002137,47315.1,13480.41,24,14.67,7.8,657,0.1462,0,0.2154,debt_consolidation,0
APP-002138,132125.03,17915.95,60,12.15,9.0,695,0.2176,0,0.3234,small_business,0
APP-002139,82164.68,5135.3,60,18.93,8.5,654,0.4111,1,0.5601,small_business,1
APP-002140,44122.63,14056.14,48,12.97,8.6,705,0.3158,1,0.5988,small_business,0
APP-002141,68016.67,7562.75,60,13.84,14.7,703,0.163,1,0.6892,other,0
APP-002142,68986.76,16613.71,36,12.22,6.9,692,0.0598,1,0.5024,home_improvement,1
APP-002143,116449.02,14337.75,36,10.94,1.9,693,0.3337,0,0.1381,small_business,0
APP-002144,48725.56,22317.69,36,17.64,9.4,647,0.4484,3,0.468,small_business,1
APP-002145,93945.03,26920.98,24,15.38,4.0,664,0.1849,1,0.5873,debt_consolidation,0
APP-002146,66319.07,18922.71,48,15.66,6.0,583,0.113,0,0.4436,other,0
APP-002147,132998.68,23883.24,60,12.87,8.2,673,0.1233,0,0.4928,debt_consolidation,0
APP-002148,120785.37,11833.68,24,16.97,2.8,623,0.5572,0,0.3005,other,0
APP-002149,71445.67,50000.0,60,16.27,4.2,686,0.4866,0,0.3372,small_business,1
APP-002150,57310.94,7150.87,60,14.1,8.6,639,0.3133,1,0.3246,debt_consolidation,0
APP-002151,82893.62,10676.56,36,16.97,4.0,561,0.345,0,0.1384,auto,0
APP-002152,59606.9,24457.49,60,8.16,10.9,811,0.364,1,0.0963,debt_consolidation,1
APP-002153,145610.42,22437.35,60,12.17,2.1,667,0.1404,2,0.1683,small_business,0
APP-002154,67494.96,19236.98,36,9.61,2.0,764,0.469,0,0.3746,small_business,0
APP-002155,53499.85,21452.33,36,14.62,15.1,649,0.2198,0,0.4671,medical,1
APP-002156,52131.64,4330.51,36,9.35,0.0,778,0.1974,1,0.387,other,0
APP-002157,36311.34,36450.02,48,15.22,6.4,613,0.1949,0,0.3294,debt_consolidation,0
APP-002158,84905.23,12882.78,36,17.79,14.8,690,0.2312,1,0.4612,debt_consolidation,1
APP-002159,43850.31,29867.39,36,18.63,6.4,617,0.4437,1,0.4604,home_improvement,1
APP-002160,110112.04,4458.01,60,8.66,12.6,831,0.2247,1,0.3154,debt_consolidation,0
APP-002161,34945.11,16826.56,60,11.64,9.4,666,0.1032,0,0.4,home_improvement,0
APP-002162,69093.67,10457.48,60,9.82,6.5,728,0.1325,1,0.1062,debt_consolidation,0
APP-002163,112899.12,20205.97,60,13.27,5.9,706,0.3883,0,0.3384,home_improvement,0
APP-002164,23134.12,17427.5,24,12.16,0.0,679,0.3184,0,0.2492,home_improvement,0
APP-002165,171255.18,17929.66,36,14.74,5.1,710,0.4379,0,0.6974,other,0
APP-002166,52997.8,7845.68,60,13.3,7.5,759,0.2806,0,0.6915,debt_consolidation,0
APP-002167,69554.67,14028.72,36,7.86,7.5,719,0.0925,0,0.0731,other,0
APP-002168,85514.24,13061.28,36,15.34,17.6,689,0.414,0,0.7181,home_improvement,1
APP-002169,92105.0,19325.56,60,14.71,7.8,710,0.3876,1,0.1952,debt_consolidation,1
APP-002170,74132.32,25737.29,24,12.41,9.3,791,0.1289,1,0.6292,medical,0
APP-002171,104913.05,15822.37,36,14.81,11.7,656,0.4764,0,0.3399,home_improvement,1
APP-002172,83391.07,6916.91,36,16.88,8.9,572,0.1212,0,0.3152,debt_consolidation,0
APP-002173,151352.3,15433.56,48,12.42,6.1,616,0.1789,1,0.1955,medical,0
APP-002174,83521.53,50000.0,36,11.78,6.1,621,0.02,0,0.3212,debt_consolidation,0
APP-002175,166902.92,37668.78,24,14.91,4.9,629,0.1719,0,0.7163,home_improvement,1
APP-002176,100173.64,2583.12,60,14.39,8.5,631,0.3811,0,0.1794,medical,1
APP-002177,27320.22,15042.62,60,15.14,5.7,679,0.1602,0,0.8106,home_improvement,0
APP-002178,227628.87,24897.76,36,13.36,9.3,694,0.321,0,0.6224,small_business,0
APP-002179,49338.37,13044.92,24,13.17,2.0,694,0.26,1,0.4034,debt_consolidation,0
APP-002180,133252.84,11103.89,48,13.34,7.2,638,0.1707,1,0.3451,other,0
APP-002181,65841.35,12420.02,36,10.3,13.5,738,0.1812,0,0.2675,small_business,0
APP-002182,108170.71,19973.74,36,16.44,5.5,711,0.2378,1,0.9646,other,0
APP-002183,46708.09,7448.67,36,10.52,14.8,772,0.1771,1,0.1602,small_business,0
APP-002184,87772.18,28892.67,36,7.29,7.2,729,0.024,0,0.3631,debt_consolidation,0
APP-002185,57561.61,14036.66,36,17.19,6.2,660,0.2531,1,0.5581,medical,0
APP-002186,138699.37,8430.32,36,15.28,7.0,756,0.4913,0,0.5504,debt_consolidation,0
APP-002187,80234.05,27834.37,60,15.0,5.1,696,0.3842,0,0.6632,small_business,1
APP-002188,101864.12,5917.85,36,12.4,0.0,726,0.2751,0,0.5335,medical,0
APP-002189,23003.13,10507.89,36,12.49,10.5,722,0.3057,0,0.3337,debt_consolidation,0
APP-002190,62384.22,10408.02,36,16.16,16.4,673,0.2943,1,0.4268,other,1
APP-002191,79158.49,50000.0,60,10.86,8.7,686,0.3086,0,0.3432,debt_consolidation,0
APP-002192,72364.98,9745.8,24,15.04,8.9,672,0.2998,1,0.5319,medical,0
APP-002193,103104.47,4154.82,36,15.25,5.7,631,0.1295,2,0.2874,auto,0
APP-002194,54530.12,10346.99,48,21.61,11.7,556,0.452,0,0.7202,debt_consolidation,1
APP-002195,66540.12,18885.0,60,15.72,6.3,640,0.2996,1,0.3582,medical,0
APP-002196,114591.78,22849.24,60,11.41,7.7,692,0.2022,0,0.5411,small_business,0
APP-002197,21771.82,50000.0,36,10.23,0.0,743,0.2779,1,0.1855,debt_consolidation,0
APP-002198,86252.2,32790.84,36,13.3,4.1,726,0.1348,0,0.8978,medical,1
APP-002199,55374.69,16169.77,36,10.83,8.2,664,0.2168,0,0.1056,debt_consolidation,0
APP-002200,41949.84,8646.27,36,15.9,10.6,641,0.1698,0,0.4695,auto,0
APP-002201,76395.86,37191.66,36,13.18,10.7,670,0.2316,0,0.4023,debt_consolidation,0
APP-002202,117162.74,11709.28,36,18.7,0.0,623,0.374,1,0.8265,other,1
APP-002203,107037.19,9898.84,24,21.13,0.0,557,0.2992,0,0.4807,other,1
APP-002204,60918.26,11384.42,60,16.79,9.1,590,0.2973,0,0.2684,debt_consolidation,1
APP-002205,98962.69,7013.39,24,8.91,3.1,760,0.0208,0,0.4207,debt_consolidation,0
APP-002206,98598.88,11072.19,36,9.96,10.5,788,0.2902,0,0.416,medical,0
APP-002207,62330.39,12666.31,60,11.57,0.0,724,0.1461,0,0.6393,auto,0
APP-002208,46605.04,22152.04,60,11.26,6.1,677,0.0652,1,0.3618,home_improvement,0
APP-002209,47917.22,11577.43,48,15.76,6.3,599,0.3371,0,0.426,debt_consolidation,0
APP-002210,97179.22,6951.95,60,12.16,8.7,671,0.2405,1,0.108,debt_consolidation,0
APP-002211,63698.23,5719.95,36,10.83,1.9,715,0.1325,0,0.6604,other,0
APP-002212,39339.13,16374.07,60,9.92,0.0,728,0.1259,0,0.0905,home_improvement,0
APP-002213,28952.4,15123.83,36,9.17,7.3,720,0.2187,0,0.1068,other,0
APP-002214,96898.73,10513.36,60,8.96,8.9,750,0.02,0,0.2258,home_improvement,0
APP-002215,49995.53,11056.56,36,6.67,11.0,793,0.2304,0,0.1326,other,0
APP-002216,76170.43,18164.54,48,16.0,4.9,657,0.3407,0,0.475,debt_consolidation,1
APP-002217,117854.0,32481.33,36,4.75,10.0,843,0.1352,0,0.3665,debt_consolidation,0
APP-002218,34677.93,9222.67,36,16.4,8.7,563,0.3061,0,0.2589,other,0
APP-002219,63606.86,15267.28,36,17.15,12.5,635,0.4492,1,0.455,other,0
APP-002220,59886.68,25278.28,60,14.02,6.3,692,0.2359,0,0.5338,debt_consolidation,0
APP-002221,77996.49,9244.26,36,13.34,0.0,712,0.4094,2,0.3739,home_improvement,0
APP-002222,117823.07,14369.13,60,15.02,6.2,669,0.1821,0,0.3981,home_improvement,0
APP-002223,34337.92,14183.95,36,15.19,6.9,651,0.1345,2,0.4821,home_improvement,1
APP-002224,85446.49,6777.43,48,8.19,8.8,808,0.2259,0,0.3206,debt_consolidation,0
APP-002225,106646.4,15988.63,48,11.09,0.0,648,0.1981,1,0.0925,other,0
APP-002226,59437.56,14767.73,36,15.43,5.1,621,0.2376,0,0.3408,debt_consolidation,1
APP-002227,60850.05,20007.31,60,11.02,10.4,778,0.1939,0,0.4223,auto,0
APP-002228,79459.14,7284.54,60,11.01,6.0,729,0.378,0,0.2817,debt_consolidation,1
APP-002229,76699.83,14584.09,48,11.69,5.1,743,0.3778,0,0.4079,debt_consolidation,0
APP-002230,85962.96,32315.74,36,11.99,15.1,691,0.2231,1,0.2072,auto,1
APP-002231,85097.86,48380.58,48,14.64,1.7,600,0.1906,0,0.2887,debt_consolidation,0
APP-002232,40570.47,30466.38,36,11.5,12.0,685,0.1085,1,0.4073,auto,0
APP-002233,104555.2,7326.13,24,21.25,11.1,592,0.4589,0,0.7912,debt_consolidation,0
APP-002234,113800.08,18835.8,36,11.17,5.5,694,0.1046,0,0.0766,other,1
APP-002235,71072.97,10956.4,48,13.47,6.4,718,0.4538,0,0.3353,auto,0
APP-002236,31727.78,17095.43,60,9.77,6.3,742,0.2668,0,0.3111,other,0
APP-002237,61516.74,9265.18,24,11.74,7.3,675,0.1024,1,0.4322,debt_consolidation,0
APP-002238,71357.47,5367.35,36,14.78,3.8,723,0.2923,0,0.3052,debt_consolidation,0
APP-002239,37523.94,11873.73,36,15.84,4.6,628,0.167,0,0.712,home_improvement,1
APP-002240,54681.26,22048.8,36,15.41,4.9,736,0.4232,0,0.6895,medical,1
APP-002241,33045.65,17136.12,60,11.02,5.0,719,0.0774,0,0.8277,debt_consolidation,1
APP-002242,86998.21,18317.53,60,16.81,5.1,634,0.4053,1,0.508,debt_consolidation,0
APP-002243,70389.62,16438.59,60,13.55,0.0,711,0.2968,0,0.3028,home_improvement,0
APP-002244,29500.62,18334.32,60,8.83,6.9,743,0.1138,0,0.3857,debt_consolidation,0
APP-002245,76944.96,19712.75,24,11.66,4.1,685,0.0595,1,0.4815,home_improvement,0
APP-002246,63260.62,12364.55,36,17.03,0.0,632,0.1997,0,0.7172,debt_consolidation,1
APP-002247,83284.81,15214.14,36,12.18,4.9,690,0.1984,0,0.4619,debt_consolidation,0
APP-002248,53863.43,39854.63,60,13.67,4.8,712,0.3731,1,0.2178,auto,0
APP-002249,44242.11,15745.06,60,11.35,12.2,632,0.0535,0,0.2035,home_improvement,0
APP-002250,44897.49,14862.41,36,15.02,4.1,622,0.0326,2,0.454,home_improvement,0
APP-002251,50202.54,15391.6,36,15.56,9.5,710,0.5634,0,0.3218,medical,0
APP-002252,65590.0,12778.47,36,11.22,12.7,728,0.3117,0,0.3125,small_business,0
APP-002253,69784.18,11264.34,60,11.19,3.7,805,0.4519,1,0.6036,home_improvement,0
APP-002254,59313.78,16365.61,36,11.69,6.3,719,0.3488,1,0.1694,medical,0
APP-002255,53047.83,10813.92,36,14.41,14.3,610,0.1157,0,0.5611,other,0
APP-002256,54911.0,13326.44,36,8.77,7.5,798,0.27,0,0.3822,medical,0
APP-002257,216609.28,9167.37,48,14.2,8.2,741,0.4328,1,0.4967,other,1
APP-002258,44900.06,15437.44,48,20.96,4.7,564,0.4272,0,0.7085,small_business,1
APP-002259,49727.63,20347.98,36,14.33,9.6,620,0.079,0,0.2648,debt_consolidation,0
APP-002260,250000.0,12822.97,60,14.94,6.3,651,0.3017,0,0.5658,home_improvement,0
APP-002261,79556.99,4523.51,36,11.3,0.0,729,0.1806,0,0.4354,auto,0
APP-002262,33515.12,20421.01,60,17.98,4.9,542,0.0327,0,0.3912,other,1
APP-002263,97404.96,15546.81,36,13.41,1.2,673,0.295,0,0.2178,home_improvement,0
APP-002264,41995.76,8150.46,48,14.28,7.0,725,0.1386,2,0.5545,debt_consolidation,0
APP-002265,100558.21,22706.37,36,23.63,2.4,516,0.5302,1,0.6234,medical,1
APP-002266,58740.26,6443.44,48,12.37,8.7,723,0.2183,1,0.2433,debt_consolidation,0
APP-002267,52629.95,26588.67,36,12.92,6.7,730,0.3022,0,0.5644,small_business,1
APP-002268,140722.02,14025.48,36,14.32,0.9,631,0.2895,0,0.4943,medical,1
APP-002269,85307.29,3889.21,24,14.67,4.3,613,0.0908,0,0.3174,auto,0
APP-002270,103691.71,16080.06,36,18.36,9.3,630,0.3216,1,0.6335,other,0
APP-002271,80089.82,11456.5,60,21.22,11.7,525,0.4109,2,0.3249,auto,1
APP-002272,52512.64,10497.91,36,15.07,2.4,661,0.3342,0,0.6297,medical,0
APP-002273,87168.01,9452.39,36,12.77,1.6,693,0.0966,1,0.1595,small_business,0
APP-002274,116141.66,13468.63,48,17.56,15.3,609,0.3328,0,0.3818,small_business,1
APP-002275,69342.75,10943.43,36,10.78,6.5,736,0.3139,0,0.3184,other,0
APP-002276,154342.74,4939.52,60,14.19,6.9,686,0.2149,0,0.3143,debt_consolidation,0
APP-002277,97770.33,30324.26,36,13.22,3.2,695,0.1565,0,0.3051,medical,1
APP-002278,71962.05,12583.94,60,13.97,7.5,657,0.4283,0,0.1268,debt_consolidation,0
APP-002279,73339.61,9484.19,60,8.74,14.2,723,0.141,0,0.2076,other,0
APP-002280,69425.98,7535.78,36,14.14,7.6,755,0.5285,2,0.2199,auto,0
APP-002281,35651.55,22672.97,36,14.72,11.3,656,0.3189,0,0.4097,home_improvement,0
APP-002282,62249.63,6828.18,60,12.36,6.6,724,0.0568,1,0.0948,debt_consolidation,0
APP-002283,72280.67,15671.77,60,14.28,1.9,725,0.3293,0,0.8969,debt_consolidation,0
APP-002284,53232.36,10335.99,36,13.39,3.4,704,0.2491,0,0.2054,auto,0
APP-002285,76437.41,10691.03,36,10.56,1.5,777,0.2303,0,0.5983,debt_consolidation,0
APP-002286,65668.2,7645.25,36,12.18,7.5,638,0.2066,0,0.0577,debt_consolidation,1
APP-002287,94231.96,10118.48,60,14.33,12.0,656,0.4418,1,0.1858,other,0
APP-002288,89360.72,14574.3,60,15.1,7.2,635,0.1846,0,0.4862,small_business,1
APP-002289,70430.11,16620.38,36,12.95,5.1,722,0.2186,1,0.682,debt_consolidation,0
APP-002290,33721.14,9193.58,36,16.2,2.9,664,0.4003,0,0.5882,debt_consolidation,0
APP-002291,153535.86,13755.06,60,15.47,8.1,640,0.2907,0,0.7056,other,0
APP-002292,60720.39,24275.13,60,7.01,0.9,776,0.2277,1,0.2285,auto,0
APP-002293,62524.71,5527.99,36,10.59,1.4,785,0.2738,0,0.5474,medical,0
APP-002294,55145.62,14447.37,36,17.52,10.6,661,0.1275,2,0.6629,debt_consolidation,0
APP-002295,51416.01,8353.61,36,17.43,5.3,601,0.1458,1,0.5995,debt_consolidation,0
APP-002296,136392.28,7874.2,48,11.29,5.2,788,0.2851,0,0.6538,debt_consolidation,0
APP-002297,126429.97,16869.97,36,14.29,5.7,707,0.083,1,0.2966,auto,0
APP-002298,80454.85,10568.76,36,10.45,9.8,704,0.451,0,0.2229,debt_consolidation,1
APP-002299,61731.06,7159.23,60,11.39,7.2,686,0.0759,0,0.2955,debt_consolidation,0
APP-002300,87493.45,31256.67,36,13.86,3.2,634,0.1467,0,0.5393,auto,0
APP-002301,67343.73,24724.65,36,13.47,3.3,656,0.2286,0,0.2873,other,0
APP-002302,59327.93,4727.57,36,10.62,5.6,719,0.236,1,0.2332,small_business,1
APP-002303,76453.15,6165.57,36,13.74,7.9,654,0.1656,3,0.2401,home_improvement,0
APP-002304,52595.55,20457.59,36,13.93,6.3,705,0.4417,0,0.2837,home_improvement,0
APP-002305,73366.99,12291.67,36,16.56,5.9,681,0.3486,2,0.6006,home_improvement,0
APP-002306,71694.45,34621.74,36,12.71,6.7,619,0.0428,1,0.2773,debt_consolidation,0
APP-002307,86816.49,20730.87,24,10.81,6.3,774,0.4072,0,0.5548,medical,0
APP-002308,48288.89,17250.46,60,12.45,3.0,714,0.257,0,0.2637,home_improvement,0
APP-002309,91400.66,8016.23,60,12.38,11.5,699,0.2702,0,0.3532,medical,0
APP-002310,42070.96,19282.23,24,13.51,4.3,712,0.4921,1,0.3837,other,0
APP-002311,49380.48,6918.55,48,14.41,7.1,576,0.1838,0,0.4089,other,1
APP-002312,50425.81,30913.42,36,15.87,0.0,651,0.5289,0,0.1615,debt_consolidation,0
APP-002313,38853.67,18522.55,60,15.44,5.5,591,0.3569,0,0.1188,home_improvement,0
APP-002314,105837.53,8986.71,60,16.09,1.6,687,0.3194,0,0.7436,debt_consolidation,1
APP-002315,40822.85,23123.78,48,20.85,2.1,699,0.3517,2,0.8495,home_improvement,0
APP-002316,46474.67,50000.0,48,11.2,17.4,688,0.0605,0,0.1897,debt_consolidation,1
APP-002317,118745.55,12780.63,36,11.74,7.6,748,0.3067,0,0.4356,debt_consolidation,0
APP-002318,49427.53,19953.18,36,11.99,12.0,593,0.2241,0,0.0399,small_business,0
APP-002319,59387.2,11287.41,36,20.12,10.3,634,0.4003,1,0.572,home_improvement,0
APP-002320,39989.36,15235.88,36,12.03,10.9,704,0.3334,0,0.1653,other,0
APP-002321,96950.82,6049.36,60,16.06,5.6,695,0.2586,0,0.4017,debt_consolidation,0
APP-002322,97594.45,14495.55,36,15.81,13.7,604,0.3722,1,0.2293,debt_consolidation,1
APP-002323,92673.38,14871.16,36,6.54,10.3,749,0.0572,1,0.1016,home_improvement,0
APP-002324,84133.23,41164.13,48,14.48,6.7,770,0.3041,0,0.7176,debt_consolidation,0
APP-002325,67337.01,5119.45,60,14.8,7.7,705,0.3257,0,0.6074,debt_consolidation,1
APP-002326,50536.03,12320.15,48,18.74,5.9,592,0.1949,0,0.5924,other,0
APP-002327,43956.57,30607.85,36,10.07,6.7,689,0.02,0,0.4902,debt_consolidation,0
APP-002328,120728.22,12602.83,60,13.16,6.3,700,0.4871,0,0.3706,debt_consolidation,0
APP-002329,93830.82,13128.3,24,12.02,8.2,664,0.0227,0,0.6243,medical,0
APP-002330,46600.03,8942.89,48,7.09,14.3,758,0.2073,0,0.4381,home_improvement,0
APP-002331,66254.71,8442.15,36,11.72,1.1,673,0.1749,0,0.2918,medical,0
APP-002332,56279.59,5028.66,36,6.5,11.6,802,0.3474,0,0.1973,home_improvement,0
APP-002333,37820.31,10066.41,60,10.78,4.8,725,0.0764,0,0.4616,small_business,0
APP-002334,70785.91,8168.81,36,13.09,12.2,696,0.4426,0,0.165,debt_consolidation,0
APP-002335,53247.5,15527.48,36,11.21,5.0,733,0.2206,1,0.4579,home_improvement,0
APP-002336,41147.77,9182.51,36,11.44,8.4,769,0.1553,1,0.5119,auto,0
APP-002337,31957.4,10979.02,60,13.95,5.8,732,0.3843,1,0.4446,other,0
APP-002338,30684.62,11154.8,60,18.02,0.0,676,0.3332,1,0.6279,home_improvement,1
APP-002339,54385.78,14100.54,24,16.42,14.3,642,0.1831,2,0.1714,medical,0
APP-002340,62398.53,10671.81,36,16.04,2.3,615,0.1155,0,0.6274,debt_consolidation,1
APP-002341,42701.88,7832.74,36,17.27,6.9,538,0.2765,0,0.0788,debt_consolidation,1
APP-002342,88831.58,15239.54,60,13.75,1.8,690,0.2513,0,0.3847,debt_consolidation,1
APP-002343,62986.78,26931.29,36,17.56,0.5,658,0.2251,0,0.5918,auto,0
APP-002344,85737.66,15621.67,36,13.05,5.6,661,0.3057,0,0.4323,debt_consolidation,1
APP-002345,59536.53,10180.28,36,11.6,3.8,740,0.4967,0,0.1894,auto,0
APP-002346,44548.16,13500.46,60,12.96,1.2,673,0.2422,0,0.5771,debt_consolidation,0
APP-002347,68659.79,4414.0,36,6.33,6.3,790,0.0818,0,0.239,other,0
APP-002348,35456.39,13373.77,24,15.4,0.0,647,0.1898,0,0.7039,small_business,1
APP-002349,84210.34,11495.36,60,15.56,7.1,624,0.2718,0,0.5747,debt_consolidation,0
APP-002350,41452.81,8437.97,36,14.18,5.9,607,0.0839,0,0.2587,debt_consolidation,1
APP-002351,101001.85,9373.92,36,11.88,0.0,722,0.1064,0,0.4949,debt_consolidation,0
APP-002352,55253.32,11429.67,36,13.36,4.1,747,0.3239,3,0.3422,other,0
APP-002353,108245.67,25784.52,36,14.66,8.6,646,0.3262,0,0.221,debt_consolidation,0
APP-002354,37921.88,27317.94,36,20.74,1.7,618,0.5043,0,0.5019,medical,1
APP-002355,46948.81,8464.12,36,10.06,8.8,769,0.1396,0,0.445,home_improvement,0
APP-002356,78041.13,10736.66,24,18.17,8.4,596,0.307,1,0.7804,small_business,1
APP-002357,114003.13,10896.55,36,10.61,1.9,739,0.1905,2,0.3092,home_improvement,0
APP-002358,144656.15,23189.16,60,15.11,6.4,647,0.436,0,0.3861,medical,1
APP-002359,66303.52,15776.83,36,18.92,10.2,703,0.4497,0,0.8515,other,0
APP-002360,157040.73,15301.74,60,11.54,2.6,742,0.1861,1,0.5356,debt_consolidation,0
APP-002361,56562.62,19790.08,36,9.6,5.6,708,0.038,0,0.4548,small_business,0
APP-002362,110144.79,10259.75,24,13.55,11.7,663,0.162,3,0.3629,debt_consolidation,1
APP-002363,41352.81,31982.95,36,10.53,2.6,761,0.3887,1,0.1884,home_improvement,0
APP-002364,79525.96,14485.33,36,10.94,8.6,697,0.2293,0,0.2399,other,0
APP-002365,21123.26,8826.15,48,8.1,1.6,850,0.2408,0,0.6729,auto,0
APP-002366,37940.67,12691.82,36,18.72,5.8,581,0.3005,0,0.4427,auto,0
APP-002367,81320.01,29626.44,60,18.28,8.5,580,0.2949,0,0.6154,debt_consolidation,1
APP-002368,34619.48,11331.27,60,12.94,0.0,738,0.4253,1,0.299,home_improvement,0
APP-002369,79784.01,25150.86,36,15.69,4.1,678,0.2716,1,0.465,home_improvement,0
APP-002370,100432.63,10089.02,60,13.64,8.4,726,0.2371,1,0.4389,medical,0
APP-002371,51098.42,9300.46,36,15.69,7.5,616,0.2365,0,0.5471,home_improvement,0
APP-002372,40824.8,21257.61,24,15.14,4.1,683,0.0522,3,0.4197,debt_consolidation,1
APP-002373,51768.28,8734.18,36,12.88,1.5,707,0.1674,1,0.4822,debt_consolidation,0
APP-002374,40886.39,23364.6,60,15.69,9.3,648,0.2394,1,0.6178,debt_consolidation,0
APP-002375,61917.62,17780.31,60,13.75,5.0,693,0.203,0,0.407,home_improvement,0
APP-002376,68264.56,8736.1,60,16.38,9.0,601,0.0265,1,0.5725,debt_consolidation,0
APP-002377,56120.57,13911.44,60,18.28,8.2,703,0.4219,1,0.9118,other,1
APP-002378,145195.3,10547.19,36,10.06,4.5,764,0.2038,2,0.2534,medical,0
APP-002379,46019.88,17753.01,60,16.23,11.3,608,0.163,0,0.5737,debt_consolidation,1
APP-002380,126757.42,43339.81,60,14.92,3.8,605,0.1448,1,0.4086,auto,0
APP-002381,39432.58,11694.75,60,10.67,11.9,749,0.1334,0,0.559,small_business,0
APP-002382,67310.79,19761.56,36,15.74,12.4,604,0.3374,0,0.294,debt_consolidation,0
APP-002383,114695.16,14707.01,60,9.77,11.2,729,0.1347,0,0.1944,debt_consolidation,0
APP-002384,111881.32,14703.74,36,15.16,5.7,683,0.2975,0,0.3109,debt_consolidation,0
APP-002385,53125.84,13175.11,60,17.23,18.0,656,0.4712,0,0.5943,debt_consolidation,1
APP-002386,84844.55,8818.45,60,10.18,7.2,765,0.1481,0,0.3401,small_business,0
APP-002387,79563.32,17611.11,60,14.07,7.6,734,0.3084,1,0.5955,other,0
APP-002388,50159.93,12264.13,36,16.18,6.4,696,0.5004,0,0.3338,debt_consolidation,0
APP-002389,87360.5,8579.41,36,22.71,1.4,555,0.2843,2,0.5907,auto,1
APP-002390,158917.23,26111.33,60,14.88,12.3,721,0.4614,0,0.6675,debt_consolidation,0
APP-002391,81516.35,15357.04,60,12.62,3.9,618,0.2128,0,0.3123,medical,0
APP-002392,85305.45,12703.17,60,16.07,10.6,667,0.2991,2,0.7301,small_business,0
APP-002393,89749.43,31543.94,60,14.98,11.7,680,0.3181,0,0.3476,home_improvement,0
APP-002394,32237.12,4998.92,36,9.72,9.2,790,0.1988,2,0.2145,debt_consolidation,0
APP-002395,81068.55,30337.5,60,15.9,3.4,665,0.3578,2,0.5453,medical,0
APP-002396,39898.66,8702.75,36,21.23,5.0,597,0.3864,0,0.6736,other,0
APP-002397,48971.65,16392.72,36,7.88,0.0,765,0.0579,0,0.3217,debt_consolidation,0
APP-002398,183482.51,10309.56,36,15.23,6.0,722,0.3718,1,0.7253,debt_consolidation,0
APP-002399,57559.64,8489.31,36,11.11,10.1,724,0.1427,2,0.2714,debt_consolidation,0
APP-002400,45563.35,31068.76,36,14.78,5.4,766,0.4942,0,0.4941,medical,0
APP-002401,113027.02,42553.17,60,12.45,3.8,780,0.4777,0,0.6351,medical,0
APP-002402,41243.86,12753.91,24,17.08,5.2,628,0.0903,0,0.6749,small_business,0
APP-002403,52437.71,17614.53,60,15.33,12.0,599,0.0605,0,0.4069,small_business,0
APP-002404,118383.85,14987.31,36,11.87,6.3,729,0.0918,1,0.2671,other,0
APP-002405,66348.14,39560.95,60,13.29,14.9,665,0.2113,0,0.1846,small_business,0
APP-002406,30717.14,4256.82,36,12.42,3.9,670,0.1225,1,0.1798,debt_consolidation,0
APP-002407,84394.5,18045.21,60,17.95,7.5,615,0.1662,2,0.5342,medical,0
APP-002408,53736.03,9510.68,48,15.53,4.5,714,0.3107,1,0.7262,debt_consolidation,0
APP-002409,136117.16,3697.62,36,12.35,15.8,703,0.1677,0,0.6213,debt_consolidation,0
APP-002410,48589.99,11763.97,36,12.65,7.3,671,0.1142,0,0.2807,other,0
APP-002411,107659.74,42352.06,24,16.08,16.1,599,0.376,0,0.1924,auto,0
APP-002412,152432.57,9910.95,36,14.53,4.6,750,0.1915,3,0.4878,other,0
APP-002413,43204.06,22937.95,36,14.73,13.4,695,0.3115,0,0.3525,home_improvement,0
APP-002414,59242.85,29060.46,36,11.86,7.0,745,0.2213,0,0.4361,medical,0
APP-002415,78329.74,14393.61,60,19.66,10.3,558,0.2962,0,0.4481,home_improvement,0
APP-002416,43071.49,15549.26,36,12.48,1.0,683,0.0511,1,0.343,debt_consolidation,0
APP-002417,74004.72,5358.56,36,15.84,8.1,638,0.4651,0,0.1259,debt_consolidation,0
APP-002418,58348.03,9571.34,36,12.76,1.7,682,0.1379,1,0.4887,medical,0
APP-002419,57786.48,24537.76,36,12.24,7.7,735,0.2237,2,0.2891,debt_consolidation,0
APP-002420,66544.95,15019.4,36,16.03,0.0,701,0.2205,4,0.4713,other,1
APP-002421,67261.93,17943.12,60,12.47,6.1,681,0.0701,0,0.4354,debt_consolidation,0
APP-002422,70319.56,15664.23,48,15.22,11.4,681,0.3205,1,0.4293,debt_consolidation,0
APP-002423,48761.97,50000.0,36,16.97,9.0,590,0.2645,1,0.2882,small_business,1
APP-002424,49794.52,11295.98,36,21.07,0.9,627,0.325,0,0.8154,debt_consolidation,1
APP-002425,61403.4,36792.22,36,13.5,0.0,745,0.4369,1,0.37,other,0
APP-002426,63618.46,15667.37,60,14.2,8.7,651,0.029,0,0.5328,auto,0
APP-002427,52653.86,38736.57,36,11.87,13.6,746,0.2044,1,0.4757,debt_consolidation,0
APP-002428,75935.04,7125.37,60,14.02,2.2,728,0.3131,2,0.3928,auto,0
APP-002429,27202.3,16139.13,48,10.13,15.9,731,0.0722,1,0.478,auto,0
APP-002430,45776.16,11539.9,48,12.87,6.5,699,0.02,1,0.7689,small_business,1
APP-002431,56827.59,15721.71,36,13.81,0.0,655,0.4646,0,0.0899,small_business,1
APP-002432,43096.94,29462.75,60,15.12,0.0,671,0.54,1,0.3699,auto,1
APP-002433,142081.71,18062.87,36,9.54,10.0,717,0.0949,1,0.0594,medical,0
APP-002434,65591.16,29428.71,36,18.37,7.1,557,0.2684,2,0.44,debt_consolidation,1
APP-002435,70755.96,9829.82,60,12.42,13.2,752,0.3767,0,0.6782,auto,0
APP-002436,51544.04,8997.12,48,15.77,1.1,651,0.0284,1,0.3883,other,0
APP-002437,64509.56,14636.08,36,17.35,7.0,675,0.2947,2,0.4921,medical,0
APP-002438,36272.71,14178.55,36,18.53,6.5,675,0.3276,0,0.6677,auto,1
APP-002439,59911.9,13018.22,36,16.05,5.9,678,0.139,2,0.7791,home_improvement,0
APP-002440,41455.61,8315.67,60,15.95,4.8,604,0.2422,1,0.3304,small_business,0
APP-002441,56896.48,29060.11,36,16.11,4.9,689,0.4171,0,0.5533,other,0
APP-002442,19022.59,11748.24,24,12.73,7.3,714,0.2898,0,0.3278,debt_consolidation,0
APP-002443,37824.07,33157.67,24,15.35,7.9,561,0.0715,1,0.2416,debt_consolidation,0
APP-002444,131245.81,14607.57,60,14.66,7.6,605,0.2674,1,0.176,medical,1
APP-002445,96832.07,21120.36,36,14.39,11.9,732,0.1341,1,0.7898,home_improvement,0
APP-002446,122428.37,20037.8,36,11.24,1.1,721,0.2555,0,0.5804,medical,0
APP-002447,126531.78,8989.61,60,16.28,0.0,697,0.3866,0,0.6319,debt_consolidation,1
APP-002448,89785.3,17941.68,36,14.1,11.1,640,0.1755,1,0.3277,home_improvement,0
APP-002449,52300.73,44370.81,60,16.06,2.3,722,0.2982,1,0.7253,medical,0
APP-002450,39508.14,16778.26,60,15.99,4.8,610,0.1136,1,0.2744,medical,1
APP-002451,112710.74,24456.33,36,14.69,3.7,672,0.1506,0,0.5773,auto,0
APP-002452,67046.06,21676.88,60,15.27,3.6,604,0.2002,2,0.3494,auto,0
APP-002453,215189.32,17326.51,60,13.01,0.0,671,0.3868,0,0.3695,auto,0
APP-002454,54551.23,16156.24,36,11.66,3.9,620,0.0682,2,0.1243,small_business,1
APP-002455,167566.0,19917.36,24,12.59,9.4,724,0.091,1,0.7362,auto,0
APP-002456,60287.65,22575.21,60,10.59,6.5,705,0.1919,0,0.4549,medical,0
APP-002457,123432.02,6618.66,36,12.49,8.8,647,0.1542,0,0.1939,medical,0
APP-002458,146760.1,16736.37,36,11.69,4.3,743,0.2437,1,0.5562,debt_consolidation,0
APP-002459,39780.28,13031.68,36,15.95,10.6,625,0.3873,1,0.2957,debt_consolidation,1
APP-002460,51500.33,11554.36,60,12.88,4.2,678,0.2661,0,0.2667,medical,0
APP-002461,39589.24,30747.48,60,17.05,0.0,644,0.2233,0,0.7452,other,0
APP-002462,36017.82,9477.53,60,9.22,7.9,723,0.1488,0,0.2619,auto,0
APP-002463,89530.5,6457.11,36,10.15,10.0,717,0.1208,0,0.3465,debt_consolidation,0
APP-002464,59145.8,23003.91,60,9.55,4.0,756,0.0677,1,0.2823,medical,0
APP-002465,66654.54,6361.86,36,12.37,11.9,685,0.0474,2,0.3609,debt_consolidation,0
APP-002466,84892.19,4739.55,48,19.14,2.7,508,0.2499,1,0.2668,auto,1
APP-002467,26651.4,24555.7,60,14.44,9.5,655,0.0849,0,0.5222,small_business,1
APP-002468,120546.43,15898.23,36,9.54,14.4,771,0.2374,2,0.2659,medical,1
APP-002469,54971.9,19074.0,36,15.85,6.7,661,0.2934,0,0.4494,medical,0
APP-002470,83926.37,11218.24,36,23.12,5.5,569,0.4613,1,0.4619,debt_consolidation,1
APP-002471,87560.45,6496.04,36,14.02,6.0,706,0.1728,1,0.5944,home_improvement,1
APP-002472,125508.01,7289.19,60,13.3,13.8,710,0.2613,1,0.5169,other,0
APP-002473,61809.42,12382.44,24,17.76,8.3,638,0.4707,3,0.5185,auto,1
APP-002474,23454.01,6932.05,60,13.06,16.1,666,0.0314,0,0.6835,medical,0
APP-002475,66807.04,17326.54,36,17.7,7.8,631,0.4641,0,0.4244,home_improvement,1
APP-002476,71573.62,11088.66,36,10.35,3.6,710,0.0838,1,0.2224,debt_consolidation,1
APP-002477,39564.89,16142.73,60,13.7,3.9,683,0.2973,0,0.3985,debt_consolidation,0
APP-002478,69768.51,15865.3,36,15.28,6.8,612,0.1799,0,0.436,debt_consolidation,1
APP-002479,54658.15,18146.77,60,15.06,0.0,679,0.4545,1,0.3504,home_improvement,0
APP-002480,34119.37,19372.38,60,16.94,4.4,637,0.3249,0,0.6307,other,0
APP-002481,89720.57,11877.98,36,12.72,4.5,765,0.4636,1,0.5144,medical,0
APP-002482,49590.5,16132.74,36,13.13,7.6,732,0.3515,2,0.2599,debt_consolidation,1
APP-002483,53480.94,16627.09,24,13.75,15.2,673,0.4489,0,0.0788,debt_consolidation,0
APP-002484,52057.53,3544.48,60,17.59,6.7,685,0.2597,1,0.7047,debt_consolidation,1
APP-002485,117615.05,21097.06,36,12.27,0.0,739,0.266,1,0.575,small_business,0
APP-002486,63735.87,15817.47,60,13.5,2.4,670,0.1994,0,0.2722,home_improvement,0
APP-002487,67515.36,20111.6,60,15.22,7.7,724,0.2597,0,0.7602,small_business,0
APP-002488,52608.72,6874.23,36,12.87,6.9,766,0.4987,0,0.4846,small_business,0
APP-002489,81171.43,12073.35,60,14.74,13.8,652,0.1845,2,0.4727,debt_consolidation,0
APP-002490,124220.71,7698.78,36,9.95,10.8,775,0.1392,0,0.259,medical,0
APP-002491,88708.92,22331.93,36,11.36,10.7,759,0.4327,0,0.5092,other,0
APP-002492,90385.46,6418.48,36,16.73,5.5,694,0.4744,0,0.8613,home_improvement,0
APP-002493,86953.87,8461.52,60,15.07,11.4,654,0.1458,1,0.7902,debt_consolidation,1
APP-002494,33510.9,19767.73,36,12.51,2.5,694,0.2173,1,0.4058,other,0
APP-002495,42685.11,10065.48,60,12.14,10.9,666,0.0329,1,0.3655,other,0
APP-002496,58908.97,8462.82,36,16.64,5.2,634,0.1517,1,0.3938,medical,1
APP-002497,45877.4,24533.66,48,12.16,0.0,711,0.2299,1,0.3747,medical,0
APP-002498,38994.07,25123.95,60,23.25,9.2,621,0.5013,0,0.8734,debt_consolidation,0
APP-002499,26462.88,22042.0,60,14.3,12.8,660,0.1681,0,0.3609,small_business,0
APP-002500,34057.6,23721.94,36,11.92,4.7,661,0.0702,1,0.3005,home_improvement,0
APP-002501,57469.54,12677.55,36,16.37,13.5,601,0.177,0,0.6378,debt_consolidation,1
APP-002502,62869.59,12877.54,36,13.42,0.0,718,0.3043,0,0.4951,auto,0
APP-002503,44421.41,9956.86,36,15.07,1.1,667,0.1086,1,0.6813,other,0
APP-002504,67509.71,15981.5,60,9.35,5.8,755,0.0556,0,0.6884,small_business,0
APP-002505,52780.78,10675.67,36,14.16,4.8,666,0.3503,0,0.4383,debt_consolidation,0
APP-002506,109712.42,11279.31,36,15.38,3.5,656,0.2729,0,0.8705,debt_consolidation,1
APP-002507,60147.92,20534.18,60,21.53,7.1,628,0.2615,3,0.735,other,1
APP-002508,90796.99,28823.22,36,16.46,4.1,682,0.2673,1,0.7504,other,0
APP-002509,71659.8,18267.79,60,14.39,4.9,683,0.2584,1,0.5176,medical,0
APP-002510,33161.62,41052.5,36,12.64,7.8,723,0.1882,0,0.7481,auto,0
APP-002511,62232.13,9630.64,24,10.29,3.5,684,0.1585,0,0.1507,home_improvement,0
APP-002512,35919.77,4993.43,48,6.21,6.0,801,0.2531,0,0.2008,home_improvement,0
APP-002513,61712.67,21947.05,36,14.4,3.6,706,0.3017,1,0.49,debt_consolidation,0
APP-002514,45455.08,9267.24,60,15.67,1.1,623,0.0436,2,0.3693,debt_consolidation,0
APP-002515,78079.66,12371.64,36,16.83,9.9,618,0.094,0,0.5092,debt_consolidation,0
APP-002516,34125.92,5194.84,36,15.17,14.2,711,0.3628,1,0.4248,small_business,0
APP-002517,65460.32,8607.27,36,15.22,11.3,621,0.2422,0,0.2063,debt_consolidation,1
APP-002518,85553.91,6066.95,36,11.45,8.0,715,0.1156,0,0.2303,debt_consolidation,0
APP-002519,100487.48,11271.22,48,16.03,3.6,732,0.4653,1,0.7346,medical,0
APP-002520,45041.61,11534.11,36,7.02,5.2,733,0.0569,0,0.2065,debt_consolidation,0
APP-002521,65556.2,15276.65,36,22.21,11.3,630,0.5684,3,0.6043,debt_consolidation,1
APP-002522,71006.95,29760.68,60,9.62,0.0,733,0.0291,1,0.4425,medical,0
APP-002523,136593.3,21472.1,36,12.74,4.9,699,0.1567,0,0.5514,home_improvement,0
APP-002524,31923.71,5659.24,60,15.17,9.8,645,0.1659,2,0.6034,auto,0
APP-002525,41974.32,20631.06,36,15.76,1.4,671,0.2854,0,0.4388,other,0
APP-002526,249767.2,15470.99,60,15.11,8.4,707,0.1784,0,0.7649,debt_consolidation,0
APP-002527,57014.21,13700.18,36,11.75,8.2,641,0.0425,0,0.4918,other,0
APP-002528,26224.92,14310.35,48,13.54,0.0,698,0.3409,1,0.254,other,0
APP-002529,49144.41,16326.49,36,13.46,6.9,764,0.3075,0,0.5884,small_business,1
APP-002530,18000.0,9707.07,24,14.33,3.7,736,0.2947,3,0.5082,auto,0
APP-002531,72968.6,13044.74,36,14.34,8.4,685,0.1566,1,0.6116,auto,0
APP-002532,95878.71,28813.19,36,14.49,9.5,694,0.1683,0,0.576,auto,0
APP-002533,41963.04,9639.64,60,17.36,8.3,649,0.3278,0,0.8093,auto,1
APP-002534,51854.4,7979.0,36,16.33,6.8,650,0.2621,1,0.5967,debt_consolidation,0
APP-002535,101265.04,13990.22,60,20.74,7.8,591,0.3007,3,0.5304,other,1
APP-002536,28058.28,7526.42,36,8.8,1.2,695,0.0762,0,0.1836,medical,0
APP-002537,34468.06,5338.45,36,10.95,6.4,720,0.1929,0,0.445,small_business,0
APP-002538,58258.62,11874.08,36,10.98,2.9,676,0.3198,0,0.2167,home_improvement,1
APP-002539,45298.17,33594.06,36,19.71,11.1,629,0.2802,0,0.682,debt_consolidation,1
APP-002540,56448.64,14178.95,60,17.44,9.6,684,0.451,1,0.6536,medical,1
APP-002541,35438.09,16082.37,36,10.29,9.6,758,0.0944,1,0.2349,medical,0
APP-002542,72042.61,4215.05,60,12.28,14.2,732,0.3902,0,0.5465,home_improvement,0
APP-002543,60506.78,18695.1,24,15.98,5.0,678,0.4485,0,0.2545,debt_consolidation,1
APP-002544,84605.45,15306.86,36,12.23,4.0,799,0.334,1,0.7172,debt_consolidation,1
APP-002545,71563.06,9860.12,36,11.02,4.9,837,0.2453,0,0.6308,medical,0
APP-002546,71779.47,16096.11,60,14.06,0.0,652,0.3009,0,0.3042,home_improvement,0
APP-002547,32464.91,16003.69,36,14.26,0.0,666,0.2816,1,0.523,other,1
APP-002548,82337.88,7843.19,60,16.71,9.3,720,0.2645,3,0.6031,debt_consolidation,0
APP-002549,55454.97,17577.57,36,17.87,0.2,627,0.3744,1,0.5208,debt_consolidation,0
APP-002550,60004.53,29034.57,24,10.4,1.7,729,0.376,0,0.2334,debt_consolidation,0
APP-002551,107506.81,12704.33,60,12.3,6.0,686,0.3153,0,0.488,medical,1
APP-002552,46019.18,8766.56,48,11.35,4.6,702,0.0598,1,0.2686,home_improvement,0
APP-002553,124332.04,13080.89,60,14.54,10.5,647,0.1659,0,0.5211,auto,0
APP-002554,130026.13,23803.3,36,16.62,6.8,634,0.2176,1,0.5573,other,1
APP-002555,93291.01,7119.83,60,14.91,2.9,565,0.1289,0,0.1053,debt_consolidation,0
APP-002556,40596.8,20281.57,36,13.61,10.9,766,0.3937,2,0.5253,auto,1
APP-002557,22759.13,9785.49,60,11.5,9.8,735,0.2825,0,0.2686,debt_consolidation,0
APP-002558,109095.98,16685.59,36,12.31,0.2,719,0.1934,0,0.3716,debt_consolidation,0
APP-002559,68569.79,10452.45,60,13.1,7.6,700,0.467,0,0.1645,home_improvement,0
APP-002560,45453.62,10436.18,36,20.75,3.3,546,0.1889,0,0.8182,debt_consolidation,1
APP-002561,114170.99,35076.93,60,16.2,3.2,636,0.2877,0,0.4258,medical,0
APP-002562,42984.48,6403.72,60,18.61,14.9,665,0.3099,1,0.7517,auto,1
APP-002563,53026.55,19214.42,60,13.12,7.1,617,0.1756,0,0.5537,auto,1
APP-002564,83624.34,39579.72,36,14.83,5.5,582,0.1233,0,0.3378,medical,1
APP-002565,38086.42,21579.66,36,14.13,6.9,623,0.0334,0,0.3909,medical,0
APP-002566,61672.4,6700.03,60,15.79,10.4,683,0.3212,0,0.2638,home_improvement,0
APP-002567,109636.8,6895.24,48,16.14,3.3,683,0.2701,2,0.373,debt_consolidation,0
APP-002568,71931.94,9376.49,48,15.51,4.1,733,0.3321,0,0.6783,debt_consolidation,0
APP-002569,118291.5,15890.72,36,13.78,9.5,800,0.2051,1,0.5608,auto,0
APP-002570,112001.96,16530.31,36,9.04,0.0,720,0.0721,0,0.1826,other,0
APP-002571,65241.88,6934.89,36,13.17,11.0,670,0.0254,1,0.0924,debt_consolidation,0
APP-002572,21173.52,8740.34,60,11.15,0.0,784,0.248,0,0.4837,medical,0
APP-002573,38229.85,9056.56,36,16.32,5.4,588,0.3678,0,0.3685,small_business,0
APP-002574,93764.62,13056.88,36,16.67,0.0,559,0.4336,0,0.3124,small_business,1
APP-002575,30884.88,45845.27,60,13.63,1.7,629,0.1717,0,0.2978,medical,0
APP-002576,55566.18,8439.31,36,10.14,12.3,727,0.1128,0,0.1903,medical,0
APP-002577,76466.9,8227.75,60,14.1,11.2,690,0.1016,1,0.7366,auto,0
APP-002578,131601.87,7515.2,36,15.99,11.7,615,0.3982,0,0.1972,other,1
APP-002579,49322.37,20963.12,36,19.04,0.0,638,0.311,0,0.5954,debt_consolidation,1
APP-002580,47727.76,14156.45,36,16.09,1.8,608,0.1259,0,0.5972,other,0
APP-002581,63384.12,8622.17,36,18.16,8.0,608,0.1822,0,0.4576,debt_consolidation,1
APP-002582,76924.58,11748.52,60,9.16,9.7,770,0.0969,1,0.1704,small_business,0
APP-002583,60361.34,9162.07,36,19.39,2.9,672,0.3659,2,0.7316,debt_consolidation,1
APP-002584,107558.63,17214.73,36,10.92,3.9,783,0.1706,0,0.7458,debt_consolidation,0
APP-002585,44291.74,50000.0,36,15.28,1.4,628,0.4295,0,0.1469,debt_consolidation,0
APP-002586,68859.25,19958.4,48,16.25,14.0,708,0.3903,2,0.6,home_improvement,0
APP-002587,80486.49,13738.68,60,12.2,4.4,693,0.1864,2,0.1641,debt_consolidation,0
APP-002588,53638.95,9859.77,24,12.02,6.6,731,0.2189,1,0.2621,debt_consolidation,1
APP-002589,97265.86,6652.39,36,15.08,6.9,695,0.3115,0,0.3982,home_improvement,0
APP-002590,69817.69,22191.04,36,15.82,11.5,737,0.2799,1,0.4617,home_improvement,0
APP-002591,94919.88,21502.6,60,11.0,2.2,712,0.2655,0,0.3011,small_business,0
APP-002592,71347.14,11065.26,24,16.07,11.8,617,0.2928,0,0.405,other,1
APP-002593,77871.61,29308.64,36,12.04,0.7,722,0.1214,0,0.3959,auto,0
APP-002594,47982.64,14678.6,60,13.64,11.7,674,0.2278,0,0.4177,debt_consolidation,1
APP-002595,48019.96,22726.01,36,14.42,0.0,635,0.4447,0,0.2776,debt_consolidation,0
APP-002596,116991.07,17217.79,60,12.22,6.0,720,0.1323,0,0.4399,other,0
APP-002597,88184.59,13084.26,36,11.27,13.8,733,0.2971,0,0.4424,debt_consolidation,0
APP-002598,39779.99,8333.77,60,13.82,9.6,652,0.0508,0,0.5563,home_improvement,0
APP-002599,70895.13,13326.27,24,16.78,8.4,660,0.205,0,0.5473,other,1
APP-002600,20800.45,23630.49,36,18.85,1.8,600,0.1459,2,0.6263,other,1
APP-002601,49347.94,10798.75,36,14.48,3.2,575,0.0205,1,0.0641,home_improvement,0
APP-002602,103098.06,18712.63,36,18.56,12.5,666,0.3022,0,0.7813,auto,0
APP-002603,61210.42,7738.14,48,15.35,8.6,726,0.3513,1,0.7505,home_improvement,0
APP-002604,68784.98,22795.94,36,15.27,10.5,647,0.3638,0,0.2692,small_business,1
APP-002605,18000.0,17385.81,36,12.86,6.8,763,0.2181,1,0.7623,debt_consolidation,0
APP-002606,53844.78,7220.5,60,15.93,5.2,668,0.3464,2,0.2184,debt_consolidation,0
APP-002607,76459.25,12733.3,36,12.95,9.9,668,0.2465,3,0.2046,medical,0
APP-002608,81265.89,24887.97,60,10.9,7.7,663,0.1262,0,0.2467,debt_consolidation,1
APP-002609,103163.8,6986.01,48,14.27,5.7,737,0.4604,0,0.5461,auto,0
APP-002610,58760.13,7791.22,36,17.34,0.1,624,0.3994,0,0.372,home_improvement,0
APP-002611,60031.68,13927.15,60,15.72,10.8,673,0.0724,0,0.6077,other,0
APP-002612,34294.02,49972.88,60,11.14,8.5,648,0.0254,0,0.3518,small_business,0
APP-002613,58922.14,9816.39,60,12.87,3.8,647,0.2218,0,0.1672,home_improvement,1
APP-002614,35475.11,19325.15,24,15.61,11.8,682,0.4332,0,0.4445,small_business,0
APP-002615,26773.42,16861.4,36,15.69,7.6,673,0.4337,0,0.6971,debt_consolidation,0
APP-002616,38609.61,10300.86,60,11.54,7.7,741,0.2953,0,0.5258,home_improvement,0
APP-002617,134096.01,15920.47,48,9.94,10.5,679,0.2075,0,0.2461,debt_consolidation,1
APP-002618,57083.66,11183.11,36,13.04,9.5,712,0.3559,0,0.2439,other,0
APP-002619,72235.27,11782.58,36,12.36,7.8,690,0.4221,0,0.187,small_business,1
APP-002620,50800.65,5532.34,60,15.3,5.7,761,0.4147,0,0.6779,other,1
APP-002621,27520.27,14295.94,60,15.78,15.4,662,0.3254,0,0.4837,other,0
APP-002622,101872.45,24425.38,60,11.68,3.2,663,0.1079,0,0.2586,other,0
APP-002623,22913.64,14991.08,60,10.06,9.9,723,0.2235,0,0.2822,debt_consolidation,0
APP-002624,49803.58,27293.35,36,14.02,6.1,662,0.3163,1,0.102,other,0
APP-002625,63318.16,20302.39,48,12.82,8.5,709,0.2553,0,0.5096,medical,0
APP-002626,72604.17,14007.81,36,11.34,12.1,816,0.2712,3,0.3722,home_improvement,0
APP-002627,45864.06,10073.94,36,18.8,5.1,623,0.2922,0,0.6546,medical,0
APP-002628,26901.06,10936.61,24,12.89,9.2,769,0.3811,1,0.6797,home_improvement,1
APP-002629,44250.31,6179.59,60,16.39,7.7,651,0.2788,1,0.6593,debt_consolidation,1
APP-002630,45376.0,12419.19,36,12.18,3.6,758,0.3334,0,0.2513,debt_consolidation,0
APP-002631,44849.05,15781.34,36,12.77,12.2,720,0.1877,1,0.215,debt_consolidation,1
APP-002632,103545.94,39216.32,36,11.91,9.7,715,0.3175,1,0.3386,home_improvement,0
APP-002633,36301.46,19699.13,36,13.39,4.5,671,0.1385,0,0.6797,other,0
APP-002634,75102.76,8780.5,36,14.74,11.5,665,0.0783,1,0.8532,auto,1
APP-002635,70131.35,6292.23,24,15.29,2.8,638,0.284,0,0.3607,medical,1
APP-002636,103069.73,12862.92,36,9.28,6.4,680,0.148,0,0.1483,home_improvement,0
APP-002637,60976.22,23219.03,36,15.06,4.6,669,0.363,0,0.4285,home_improvement,1
APP-002638,95024.06,12758.42,60,15.03,9.9,691,0.3626,0,0.5661,debt_consolidation,1
APP-002639,59842.83,19855.87,60,16.92,4.3,598,0.1871,0,0.7223,small_business,1
APP-002640,80069.55,13054.02,60,13.89,9.9,681,0.4435,0,0.1695,debt_consolidation,0
APP-002641,31594.26,21977.27,36,10.86,9.2,753,0.0576,0,0.6648,auto,0
APP-002642,18320.37,5741.61,36,12.59,4.8,735,0.138,1,0.7107,small_business,1
APP-002643,77914.32,36766.03,36,16.11,14.7,681,0.4688,0,0.171,medical,0
APP-002644,79946.3,7605.78,60,10.72,3.1,829,0.4738,0,0.5628,other,0
APP-002645,81665.23,22977.45,36,13.51,0.2,647,0.2773,0,0.167,debt_consolidation,0
APP-002646,50522.54,12382.47,36,14.93,10.4,675,0.3272,0,0.6275,other,0
APP-002647,132880.99,13557.89,60,19.68,0.0,596,0.1862,1,0.7337,auto,1
APP-002648,52125.06,12607.72,60,13.69,13.2,657,0.3818,1,0.2353,small_business,0
APP-002649,79551.87,16817.15,36,10.34,7.0,784,0.4329,0,0.1832,auto,0
APP-002650,86471.31,18906.63,60,14.62,0.1,659,0.34,0,0.5268,small_business,0
APP-002651,148321.55,26789.19,36,16.12,2.2,591,0.249,1,0.5764,other,1
APP-002652,55824.51,32810.84,36,12.05,0.0,731,0.3992,0,0.3802,home_improvement,0
APP-002653,47505.94,17577.24,36,12.44,8.2,703,0.313,0,0.4031,small_business,0
APP-002654,31667.07,39176.6,60,11.99,0.5,728,0.0638,0,0.6037,auto,0
APP-002655,136937.34,15303.36,36,12.55,8.8,663,0.2594,0,0.313,home_improvement,0
APP-002656,79572.18,27087.27,60,16.21,5.1,622,0.3498,1,0.6963,other,0
APP-002657,80790.28,18593.39,24,10.05,4.4,669,0.1818,1,0.1767,home_improvement,0
APP-002658,250000.0,10544.56,48,14.73,8.8,712,0.3463,0,0.6217,medical,0
APP-002659,75975.33,16107.17,60,16.08,9.3,676,0.4217,1,0.3523,debt_consolidation,1
APP-002660,34788.02,19413.88,60,13.98,11.7,703,0.2723,0,0.552,debt_consolidation,0
APP-002661,59166.38,14231.73,60,14.97,3.6,649,0.4284,0,0.2938,small_business,0
APP-002662,40710.73,18423.1,60,15.07,6.4,705,0.4657,0,0.4259,home_improvement,0
APP-002663,53751.44,23952.18,60,10.3,3.6,680,0.331,1,0.03,home_improvement,0
APP-002664,53578.31,14304.76,36,11.21,7.2,639,0.0476,0,0.5107,debt_consolidation,0
APP-002665,49038.98,2629.24,60,9.69,3.0,688,0.1722,0,0.241,home_improvement,0
APP-002666,33301.81,38380.34,36,16.96,4.6,658,0.3812,2,0.4802,small_business,0
APP-002667,139600.96,12201.34,36,15.51,4.6,716,0.1785,1,0.7894,other,0
APP-002668,75025.97,8994.8,36,7.42,7.8,731,0.073,0,0.1673,debt_consolidation,0
APP-002669,58332.58,7554.66,36,9.54,6.5,709,0.0815,1,0.2484,medical,0
APP-002670,93508.6,11929.45,48,19.66,8.8,585,0.3006,1,0.5647,home_improvement,0
APP-002671,81491.57,10462.06,36,15.57,6.0,624,0.3634,1,0.2346,medical,0
APP-002672,74196.64,9456.32,36,14.22,3.9,643,0.0647,0,0.5525,home_improvement,0
APP-002673,90304.41,9762.18,60,14.46,7.4,634,0.1702,0,0.3999,home_improvement,0
APP-002674,69316.01,19715.39,60,11.17,2.4,649,0.2099,1,0.0501,home_improvement,0
APP-002675,89666.17,47075.82,36,15.64,9.1,734,0.263,1,0.5778,medical,0
APP-002676,93305.7,23337.94,60,9.69,5.2,721,0.1051,0,0.4134,medical,0
APP-002677,70280.35,27806.1,36,18.36,7.4,655,0.3877,1,0.3625,home_improvement,1
APP-002678,58474.92,11649.36,36,12.63,7.5,714,0.1861,0,0.4431,small_business,1
APP-002679,135500.89,15407.5,60,14.22,13.7,699,0.2748,0,0.5449,auto,0
APP-002680,51676.06,18569.28,48,11.69,8.2,678,0.344,1,0.1556,home_improvement,0
APP-002681,78430.89,9890.8,60,12.91,6.8,747,0.2548,0,0.6224,small_business,0
APP-002682,79286.14,11327.41,36,14.68,3.4,642,0.244,1,0.3011,other,0
APP-002683,48511.43,23802.46,36,13.6,10.1,683,0.3235,0,0.3791,debt_consolidation,0
APP-002684,44107.62,27289.95,36,12.99,5.3,619,0.0627,0,0.5189,medical,1
APP-002685,54846.5,15078.15,60,18.72,0.0,622,0.0538,2,0.8359,debt_consolidation,0
APP-002686,51322.19,7249.68,36,17.03,5.6,601,0.2941,1,0.1699,auto,0
APP-002687,32281.19,12215.5,36,15.45,7.4,623,0.3496,2,0.3905,debt_consolidation,0
APP-002688,47544.67,6285.07,36,15.9,2.8,685,0.416,0,0.713,auto,0
APP-002689,73860.21,15146.45,48,11.76,6.0,662,0.2787,0,0.03,debt_consolidation,1
APP-002690,119347.59,16815.19,36,15.27,6.2,664,0.3194,1,0.3274,medical,0
APP-002691,84816.93,12393.06,60,17.18,6.2,663,0.5331,0,0.4677,other,0
APP-002692,18664.26,16682.18,36,10.16,12.1,783,0.2693,1,0.3308,home_improvement,0
APP-002693,88430.16,18466.37,36,16.83,0.6,614,0.3118,0,0.3852,other,1
APP-002694,49723.34,16829.42,24,21.15,15.7,608,0.4492,0,0.5756,other,1
APP-002695,80791.01,7222.93,36,18.75,6.4,631,0.3766,2,0.6524,other,0
APP-002696,64560.47,12519.1,60,13.77,9.1,676,0.1575,0,0.3535,debt_consolidation,0
APP-002697,59257.79,18390.93,60,14.68,7.1,710,0.3513,0,0.2624,small_business,0
APP-002698,61887.25,36226.88,36,13.15,0.0,716,0.2915,0,0.1788,debt_consolidation,0
APP-002699,64304.11,12384.33,36,12.22,1.7,735,0.084,1,0.5194,home_improvement,0
APP-002700,123928.11,19958.12,36,16.35,4.1,674,0.2708,0,0.6814,other,0
APP-002701,64389.49,24130.5,60,13.62,11.0,657,0.2964,0,0.1353,auto,0
APP-002702,109447.46,12937.17,60,11.86,0.3,775,0.2096,1,0.2882,medical,0
APP-002703,102058.08,28225.48,60,17.77,2.6,519,0.2127,0,0.3179,home_improvement,1
APP-002704,89529.59,29119.54,36,13.97,7.2,684,0.2132,0,0.6426,small_business,0
APP-002705,27572.26,32290.46,36,11.94,8.6,705,0.1309,1,0.5019,auto,1
APP-002706,111093.36,18916.59,60,12.89,8.5,789,0.1953,1,0.408,home_improvement,0
APP-002707,52174.54,50000.0,36,19.63,2.1,584,0.1438,2,0.4929,other,0
APP-002708,91646.28,10148.08,60,13.79,0.0,656,0.3096,0,0.3525,debt_consolidation,1
APP-002709,40754.71,49705.4,60,13.6,8.9,601,0.175,1,0.2187,debt_consolidation,0
APP-002710,36801.98,22641.0,60,17.07,12.9,576,0.2273,0,0.4719,auto,0
APP-002711,167847.17,31549.99,48,14.17,4.9,668,0.0887,0,0.6775,other,0
APP-002712,41060.04,12043.52,36,13.01,1.3,728,0.2246,1,0.4836,debt_consolidation,1
APP-002713,112676.23,23663.74,60,10.96,4.6,750,0.2945,0,0.6473,debt_consolidation,1
APP-002714,68801.74,33174.9,36,14.15,8.3,649,0.1544,0,0.634,debt_consolidation,1
APP-002715,53129.36,7717.42,60,15.75,5.5,719,0.3529,1,0.495,other,1
APP-002716,63616.28,13189.48,36,15.22,12.8,669,0.1381,0,0.6713,debt_consolidation,0
APP-002717,34808.51,4187.99,60,14.62,10.7,712,0.3752,2,0.5227,medical,0
APP-002718,64572.28,13075.18,60,17.08,7.3,747,0.6428,1,0.4965,other,0
APP-002719,38654.84,9032.81,36,15.7,0.0,669,0.2268,0,0.5417,debt_consolidation,0
APP-002720,53762.4,12779.51,36,14.46,3.4,742,0.4095,0,0.227,medical,0
APP-002721,101345.05,50000.0,24,18.17,4.0,610,0.2144,1,0.7689,medical,1
APP-002722,73434.86,39270.54,60,10.9,3.1,718,0.2522,0,0.3339,small_business,0
APP-002723,31910.83,6291.94,48,9.99,7.4,740,0.2673,0,0.1781,home_improvement,0
APP-002724,97817.31,20014.9,36,15.07,7.5,734,0.2429,0,0.8035,home_improvement,0
APP-002725,64778.86,23046.84,60,14.45,0.0,611,0.3747,0,0.2383,debt_consolidation,0
APP-002726,50105.88,11919.41,60,15.15,10.1,668,0.3581,0,0.4504,auto,0
APP-002727,93017.9,16079.85,60,13.25,6.6,698,0.3983,1,0.1332,small_business,0
APP-002728,59987.01,17017.09,48,14.43,8.1,706,0.2323,2,0.2482,debt_consolidation,0
APP-002729,37146.51,6640.01,60,12.04,9.9,687,0.1636,0,0.4472,home_improvement,0
APP-002730,157801.19,7972.34,60,13.48,3.0,763,0.3312,0,0.798,other,0
APP-002731,64462.86,16023.89,36,17.86,12.2,605,0.3266,0,0.4729,debt_consolidation,0
APP-002732,62509.74,15360.54,60,12.22,5.9,666,0.1517,0,0.3898,debt_consolidation,0
APP-002733,53513.65,9613.63,36,18.2,13.3,582,0.2391,0,0.8019,medical,1
APP-002734,114522.44,9146.86,60,16.43,2.5,716,0.2601,1,0.5932,debt_consolidation,0
APP-002735,50523.85,13764.28,60,11.85,13.0,712,0.2079,1,0.1579,debt_consolidation,0
APP-002736,30963.12,24242.72,48,9.63,2.4,850,0.3674,0,0.326,home_improvement,0
APP-002737,46928.35,13870.81,36,14.24,18.0,740,0.4283,0,0.4631,debt_consolidation,0
APP-002738,122883.79,37163.7,24,17.79,2.2,699,0.4668,1,0.8259,medical,0
APP-002739,96912.71,9684.95,36,10.74,11.3,695,0.2042,1,0.1215,auto,0
APP-002740,57511.2,16218.5,60,11.46,4.9,662,0.1298,1,0.1536,medical,0
APP-002741,125656.22,11806.58,60,9.42,9.7,688,0.0441,0,0.2368,debt_consolidation,0
APP-002742,93074.43,20392.48,24,9.96,6.3,696,0.0733,0,0.329,small_business,0
APP-002743,57192.59,9214.95,36,16.81,1.6,566,0.1237,2,0.4298,debt_consolidation,1
APP-002744,60024.36,44346.75,60,12.9,0.0,691,0.1832,0,0.3105,small_business,0
APP-002745,76131.32,5438.99,36,13.13,17.8,686,0.3671,1,0.2974,home_improvement,0
APP-002746,43601.06,39217.66,36,12.34,6.8,782,0.1343,0,0.6926,small_business,0
APP-002747,65140.71,15276.9,36,14.48,0.0,672,0.2943,0,0.3021,debt_consolidation,0
APP-002748,75374.85,19976.47,48,16.25,7.9,636,0.4701,0,0.1404,debt_consolidation,1
APP-002749,28923.18,31442.9,48,12.81,9.6,696,0.2816,0,0.2898,home_improvement,0
APP-002750,59353.64,23845.42,60,13.2,3.3,684,0.1803,0,0.3989,debt_consolidation,0
APP-002751,56200.2,9494.69,36,12.09,3.3,672,0.156,0,0.3559,debt_consolidation,1
APP-002752,106469.64,20536.43,36,15.82,6.4,606,0.1256,2,0.5083,auto,1
APP-002753,26816.8,42831.92,60,14.74,11.9,671,0.3498,0,0.5048,small_business,1
APP-002754,54123.28,8666.97,60,12.62,6.9,646,0.1775,2,0.2286,debt_consolidation,1
APP-002755,51580.57,49542.81,36,17.57,13.1,667,0.4149,1,0.5604,other,0
APP-002756,103050.72,18135.22,60,9.05,11.6,722,0.2112,0,0.1774,small_business,0
APP-002757,63655.45,11278.26,60,17.43,5.5,641,0.2993,0,0.6254,other,0
APP-002758,153932.27,8636.87,60,13.96,0.0,667,0.1353,0,0.4395,auto,0
APP-002759,89322.17,12738.67,36,14.44,5.5,711,0.3668,1,0.4088,auto,0
APP-002760,53382.35,4665.0,36,16.52,8.9,664,0.3966,2,0.487,medical,1
APP-002761,72924.41,11396.51,36,5.48,6.8,831,0.1186,1,0.2168,auto,0
APP-002762,54840.79,12449.13,60,12.47,9.4,694,0.3607,0,0.3029,other,1
APP-002763,98189.31,7775.59,60,14.29,10.4,608,0.2247,0,0.3506,debt_consolidation,0
APP-002764,34292.7,22373.98,36,15.51,8.9,631,0.3498,1,0.2011,debt_consolidation,1
APP-002765,43772.83,12772.11,24,12.87,5.3,625,0.0546,1,0.1906,debt_consolidation,1
APP-002766,80892.28,10028.07,24,17.3,8.8,632,0.2084,1,0.3185,other,1
APP-002767,117067.46,12006.58,48,17.85,16.6,711,0.1884,2,0.8036,home_improvement,0
APP-002768,22588.53,17816.25,60,18.3,0.0,616,0.1601,2,0.4355,auto,0
APP-002769,125729.59,15129.05,36,12.29,8.7,661,0.1545,1,0.1715,small_business,0
APP-002770,60771.59,9656.03,60,9.9,14.7,746,0.0766,1,0.6404,other,0
APP-002771,26314.69,15596.21,36,17.91,1.2,650,0.5079,1,0.4354,debt_consolidation,1
APP-002772,18000.0,14080.02,60,11.87,11.0,719,0.2522,1,0.3039,small_business,0
APP-002773,31195.75,7487.68,60,19.81,11.6,582,0.3892,0,0.6708,other,0
APP-002774,64388.11,12265.81,36,13.67,0.0,659,0.3053,0,0.1413,debt_consolidation,0
APP-002775,62976.16,20290.74,60,15.55,9.7,629,0.3154,0,0.2072,small_business,1
APP-002776,88086.87,20206.19,60,13.9,5.3,697,0.358,1,0.6746,home_improvement,0
APP-002777,49930.57,12689.43,60,19.8,6.2,620,0.3647,0,0.6665,auto,1
APP-002778,38188.25,21470.43,48,12.81,5.0,800,0.3649,1,0.5125,medical,0
APP-002779,53309.03,8213.46,36,17.2,12.4,585,0.3653,0,0.418,debt_consolidation,0
APP-002780,66057.15,8362.32,36,9.71,6.0,746,0.2146,0,0.03,debt_consolidation,0
APP-002781,72614.03,12533.7,60,11.58,4.4,731,0.2438,1,0.3399,debt_consolidation,0
APP-002782,44504.41,34561.38,36,12.68,4.5,698,0.2744,0,0.3333,debt_consolidation,0
APP-002783,100191.33,15940.05,60,13.2,5.0,683,0.1424,0,0.5686,auto,0
APP-002784,48236.54,12359.64,36,7.99,1.6,788,0.0991,1,0.3881,home_improvement,0
APP-002785,42816.47,35507.67,60,6.28,4.4,823,0.0449,1,0.4992,debt_consolidation,0
APP-002786,50100.92,12276.96,36,17.69,7.0,668,0.1798,1,0.4645,auto,1
APP-002787,108886.99,50000.0,24,14.96,8.3,689,0.2663,1,0.4402,auto,0
APP-002788,60986.04,10779.05,36,15.02,11.9,648,0.234,0,0.4706,medical,0
APP-002789,46572.99,8063.49,48,17.97,7.6,612,0.2733,0,0.344,other,0
APP-002790,101384.38,13166.28,60,9.87,4.4,707,0.2351,0,0.3333,home_improvement,1
APP-002791,181799.89,12549.49,36,11.88,2.0,694,0.1994,0,0.3463,small_business,1
APP-002792,71882.65,9076.34,36,18.67,7.8,587,0.2609,0,0.8397,debt_consolidation,1
APP-002793,117522.72,50000.0,60,11.47,6.0,706,0.1864,0,0.4191,auto,0
APP-002794,106879.78,17443.24,36,13.79,6.1,696,0.1096,0,0.7537,other,0
APP-002795,48602.75,18980.52,36,15.76,7.7,645,0.3529,0,0.5169,small_business,1
APP-002796,65836.32,11092.38,60,12.59,8.8,641,0.1543,0,0.5444,medical,0
APP-002797,35119.83,10371.9,36,9.68,7.7,705,0.2178,0,0.1777,auto,0
APP-002798,58910.24,26284.32,36,11.93,5.7,773,0.4592,1,0.459,home_improvement,0
APP-002799,48125.68,5485.79,36,11.11,2.9,703,0.2072,1,0.1922,auto,0
APP-002800,53570.69,7472.93,48,10.25,3.7,725,0.2887,0,0.2697,small_business,0
APP-002801,45351.25,12562.42,36,13.92,10.3,632,0.118,2,0.2162,other,0
APP-002802,56632.37,31745.66,60,15.5,4.6,656,0.4253,0,0.3695,home_improvement,1
APP-002803,83919.58,11668.92,36,11.22,0.4,715,0.227,2,0.4991,debt_consolidation,0
APP-002804,61376.75,18458.34,60,16.49,11.7,601,0.2502,0,0.6694,medical,0
APP-002805,26562.17,14735.08,24,11.41,2.3,692,0.132,1,0.1529,debt_consolidation,0
APP-002806,45433.49,30752.72,36,11.61,6.7,709,0.1165,0,0.4857,debt_consolidation,1
APP-002807,31345.65,5783.5,36,9.73,8.7,678,0.0927,0,0.3698,debt_consolidation,0
APP-002808,73078.64,22220.32,24,13.82,6.5,699,0.1827,0,0.506,auto,0
APP-002809,82762.88,12920.14,36,13.63,0.0,683,0.4027,0,0.0918,debt_consolidation,0
APP-002810,73518.01,24793.5,60,19.88,8.3,644,0.472,0,0.4426,debt_consolidation,0
APP-002811,44542.03,9015.68,60,21.19,12.5,612,0.4694,0,0.5962,debt_consolidation,0
APP-002812,73176.71,14706.6,60,11.32,10.0,675,0.232,0,0.2213,other,1
APP-002813,51869.58,13663.05,24,10.84,0.0,756,0.1011,0,0.6588,auto,0
APP-002814,37638.94,8107.07,60,13.41,16.1,739,0.1968,1,0.7029,debt_consolidation,0
APP-002815,92806.22,6899.92,36,14.6,0.5,660,0.0985,0,0.4372,debt_consolidation,0
APP-002816,96258.82,10355.42,60,13.75,1.6,659,0.2512,0,0.3845,medical,0
APP-002817,102499.42,15634.95,60,15.88,10.0,654,0.2382,1,0.2817,debt_consolidation,0
APP-002818,48539.6,9347.79,36,16.03,8.5,655,0.1278,2,0.5917,medical,0
APP-002819,114489.28,11973.62,36,10.44,6.9,697,0.137,0,0.3329,home_improvement,0
APP-002820,51288.56,4856.83,60,9.21,3.9,741,0.2588,0,0.2823,other,1
APP-002821,88949.42,11695.12,36,11.59,12.5,811,0.207,0,0.7062,debt_consolidation,0
APP-002822,50863.68,26254.28,60,17.28,6.3,632,0.3063,1,0.3647,auto,0
APP-002823,58374.31,21827.12,60,16.49,0.0,718,0.3966,3,0.356,debt_consolidation,0
APP-002824,20332.53,13787.11,36,8.57,12.0,711,0.1736,0,0.4203,other,0
APP-002825,56231.04,16700.98,36,14.11,7.5,661,0.0501,0,0.7262,other,1
APP-002826,67905.05,8968.85,36,19.49,11.5,620,0.4266,1,0.4219,auto,1
APP-002827,53386.8,37200.53,60,15.03,9.1,696,0.474,1,0.6103,home_improvement,1
APP-002828,151011.73,48108.12,36,10.25,17.3,803,0.3503,1,0.2075,debt_consolidation,0
APP-002829,37203.53,15954.59,36,12.64,5.1,696,0.1454,1,0.5227,small_business,1
APP-002830,49593.92,50000.0,36,13.72,6.6,634,0.1244,0,0.5611,auto,1
APP-002831,42100.03,9773.19,60,15.2,9.7,671,0.2288,1,0.7149,debt_consolidation,1
APP-002832,49589.26,7018.31,60,17.27,5.1,614,0.2051,0,0.39,home_improvement,0
APP-002833,106640.73,9607.72,48,19.43,10.1,681,0.4008,2,0.7727,home_improvement,1
APP-002834,132137.43,12766.75,60,11.31,0.0,720,0.286,0,0.2469,small_business,0
APP-002835,46432.83,50000.0,60,18.01,6.2,640,0.186,1,0.4552,auto,0
APP-002836,45940.34,12318.18,60,18.17,6.0,500,0.4095,0,0.2707,auto,1
APP-002837,37298.96,8807.01,36,12.57,5.9,696,0.1211,0,0.6729,auto,0
APP-002838,121681.17,8611.02,36,18.48,2.6,651,0.4208,0,0.4795,debt_consolidation,1
APP-002839,111326.73,28088.53,60,14.69,10.6,636,0.187,0,0.4817,home_improvement,0
APP-002840,61776.07,25857.06,36,14.74,4.2,636,0.442,0,0.1135,debt_consolidation,1
APP-002841,33256.81,10941.59,36,12.26,7.4,703,0.128,0,0.5445,small_business,0
APP-002842,34715.6,4885.12,60,12.51,6.3,656,0.1915,0,0.2861,home_improvement,0
APP-002843,70547.72,7535.04,48,12.87,8.8,734,0.2716,1,0.2839,home_improvement,0
APP-002844,84611.44,39348.98,36,13.47,12.9,735,0.6834,1,0.138,debt_consolidation,0
APP-002845,24110.27,21620.83,36,17.16,7.4,664,0.2349,0,0.3869,debt_consolidation,0
APP-002846,55709.94,15061.11,36,16.98,10.3,650,0.5161,1,0.5999,medical,0
APP-002847,141340.14,42865.7,36,16.53,7.2,687,0.3591,0,0.4377,debt_consolidation,0
APP-002848,58555.96,45149.44,36,15.65,4.2,672,0.0985,1,0.6662,debt_consolidation,0
APP-002849,132875.63,14200.88,36,19.91,5.9,578,0.542,0,0.5855,small_business,0
APP-002850,88759.41,14352.97,60,9.37,5.2,791,0.1451,1,0.3629,home_improvement,1
APP-002851,38626.29,10345.6,36,10.49,9.1,721,0.0726,0,0.2355,home_improvement,0
APP-002852,56481.04,12293.6,36,18.36,7.0,653,0.3884,1,0.6137,home_improvement,0
APP-002853,61106.24,6123.17,60,16.28,2.9,569,0.2608,0,0.6044,small_business,1
APP-002854,41148.26,6108.76,36,13.5,5.5,670,0.1713,0,0.3884,debt_consolidation,0
APP-002855,40806.88,5338.83,36,14.51,0.0,646,0.1737,1,0.6735,small_business,1
APP-002856,133972.72,27195.84,36,14.57,5.7,676,0.1682,1,0.359,other,0
APP-002857,40660.38,5862.26,60,19.76,6.5,554,0.3017,2,0.2,auto,1
APP-002858,109075.09,44930.95,36,12.7,14.6,653,0.0994,1,0.5205,home_improvement,0
APP-002859,52713.67,9492.76,36,10.83,12.6,656,0.1046,0,0.4539,auto,1
APP-002860,64204.96,39718.28,48,15.63,1.8,669,0.2323,0,0.7886,home_improvement,0
APP-002861,85120.9,11733.14,60,14.63,7.4,666,0.3474,1,0.3112,home_improvement,0
APP-002862,48768.23,5846.02,60,11.22,7.5,683,0.0336,1,0.2605,medical,0
APP-002863,85368.86,30530.93,60,10.14,5.5,768,0.2326,0,0.3,debt_consolidation,0
APP-002864,24339.51,32695.28,60,12.79,5.7,650,0.2698,0,0.1174,debt_consolidation,1
APP-002865,80274.08,8573.18,36,14.93,4.9,627,0.1652,1,0.3347,home_improvement,0
APP-002866,19875.6,11962.66,36,15.59,14.9,580,0.2002,0,0.4225,debt_consolidation,1
APP-002867,58294.1,8574.45,24,11.98,4.6,650,0.2624,0,0.1746,home_improvement,0
APP-002868,97946.74,13520.99,36,17.21,8.0,599,0.2596,0,0.4133,medical,1
APP-002869,87626.99,15435.8,36,13.29,0.0,736,0.2842,1,0.4324,other,0
APP-002870,34853.38,11826.54,36,15.85,10.2,674,0.1813,3,0.6178,debt_consolidation,0
APP-002871,37075.2,5049.01,60,9.84,11.8,734,0.1881,0,0.4247,auto,0
APP-002872,46703.76,10352.61,60,11.5,1.8,765,0.243,0,0.2575,home_improvement,0
APP-002873,71077.5,21806.1,36,17.15,4.2,630,0.3456,0,0.2244,debt_consolidation,0
APP-002874,24509.46,12845.41,36,16.18,8.5,660,0.1472,1,0.5462,debt_consolidation,0
APP-002875,64588.73,11991.92,36,12.63,6.6,757,0.1985,0,0.6575,debt_consolidation,0
APP-002876,75480.43,8451.11,36,11.58,8.6,691,0.2932,1,0.207,debt_consolidation,0
APP-002877,56742.84,10178.92,36,14.1,5.2,710,0.0736,1,0.5719,debt_consolidation,0
APP-002878,83641.63,32829.86,36,11.12,14.9,740,0.2645,0,0.2194,home_improvement,0
APP-002879,72368.77,7486.32,36,10.21,3.5,732,0.198,0,0.4553,medical,0
APP-002880,50118.65,22026.05,60,19.35,18.6,704,0.5208,2,0.753,debt_consolidation,0
APP-002881,25662.13,14901.18,36,9.9,12.1,761,0.165,0,0.5145,debt_consolidation,0
APP-002882,69298.66,16712.2,36,12.21,10.2,676,0.0517,0,0.2939,debt_consolidation,0
APP-002883,41137.13,9481.87,24,11.55,1.8,710,0.1068,0,0.2355,medical,1
APP-002884,49243.77,11823.84,36,13.2,10.6,670,0.0624,1,0.3645,debt_consolidation,0
APP-002885,81807.33,14451.97,36,11.5,9.2,739,0.1633,0,0.7224,medical,0
APP-002886,128343.12,10720.54,60,15.25,0.0,639,0.2343,0,0.3558,debt_consolidation,0
APP-002887,63823.31,17573.27,36,19.03,0.2,582,0.2889,1,0.4754,debt_consolidation,1
APP-002888,84803.63,18905.7,36,9.63,8.1,718,0.1108,0,0.3395,other,0
APP-002889,32493.41,50000.0,60,16.98,5.9,621,0.4486,0,0.4172,debt_consolidation,1
APP-002890,73129.99,17038.9,36,21.98,4.2,615,0.2151,2,0.8812,debt_consolidation,1
APP-002891,63157.55,4782.9,36,9.86,11.4,753,0.0221,0,0.2247,debt_consolidation,0
APP-002892,117262.68,28465.7,48,13.11,2.5,736,0.1806,1,0.7804,other,0
APP-002893,50147.43,12882.94,36,9.25,4.5,660,0.0791,0,0.2615,medical,0
APP-002894,57881.7,46575.07,60,22.84,3.6,503,0.2287,0,0.655,medical,1
APP-002895,108052.61,34031.44,36,16.08,8.8,711,0.3824,0,0.3794,other,1
APP-002896,62191.05,10816.73,60,12.91,0.0,718,0.169,0,0.325,debt_consolidation,0
APP-002897,38173.57,22039.85,36,10.39,4.3,710,0.139,0,0.3051,other,0
APP-002898,221223.0,10274.39,60,16.98,0.0,707,0.451,0,0.7051,debt_consolidation,0
APP-002899,38731.87,14522.65,60,14.11,5.1,669,0.274,0,0.6025,auto,1
APP-002900,63012.38,21460.62,60,16.48,9.8,656,0.1719,0,0.6571,home_improvement,0
APP-002901,76768.74,27651.74,60,16.72,9.8,616,0.3142,1,0.4882,home_improvement,1
APP-002902,73909.67,24370.37,60,16.86,3.2,640,0.2143,2,0.7043,other,0
APP-002903,59341.58,15144.58,36,12.88,8.9,699,0.2348,1,0.3489,debt_consolidation,0
APP-002904,59483.7,50000.0,24,13.94,5.7,700,0.4391,0,0.432,other,1
APP-002905,58068.3,11733.37,36,13.3,12.6,726,0.2462,1,0.3883,home_improvement,0
APP-002906,38043.83,5708.59,36,15.45,5.9,598,0.4465,0,0.1376,auto,0
APP-002907,182452.98,6382.9,36,22.78,0.0,584,0.2199,2,0.6842,other,1
APP-002908,58486.25,34092.35,60,18.8,10.5,658,0.4792,1,0.5965,debt_consolidation,1
APP-002909,86566.61,13869.47,60,14.39,4.4,621,0.0708,0,0.5544,other,0
APP-002910,55354.28,15901.32,60,11.67,5.3,691,0.216,0,0.4213,medical,1
APP-002911,54822.5,10585.5,36,13.13,8.0,604,0.0843,1,0.1084,auto,0
APP-002912,52236.13,11151.58,60,10.57,0.1,748,0.092,1,0.4881,debt_consolidation,0
APP-002913,30890.89,9185.56,60,16.56,6.8,632,0.394,1,0.3707,medical,1
APP-002914,60176.93,19056.65,60,8.56,8.9,772,0.2301,0,0.2545,auto,1
APP-002915,53464.81,13703.73,60,10.85,8.1,710,0.1332,1,0.3802,home_improvement,0
APP-002916,114059.36,18661.3,36,19.35,3.8,619,0.3309,1,0.6085,debt_consolidation,1
APP-002917,36597.18,17655.07,24,12.24,11.0,801,0.0809,0,0.8632,debt_consolidation,0
APP-002918,49272.03,11326.43,60,14.37,2.0,695,0.4469,1,0.4175,other,0
APP-002919,42230.21,6221.96,60,14.07,3.7,690,0.1853,0,0.6685,debt_consolidation,0
APP-002920,129904.8,5915.55,60,13.92,5.9,676,0.3957,0,0.611,auto,0
APP-002921,42822.82,50000.0,60,11.4,7.8,707,0.1041,0,0.5479,other,1
APP-002922,85139.51,34174.82,60,15.18,5.0,710,0.2652,1,0.3214,debt_consolidation,0
APP-002923,103551.06,31546.24,60,16.28,12.0,630,0.3624,0,0.1614,debt_consolidation,1
APP-002924,60597.17,9804.85,60,13.61,7.8,668,0.1315,0,0.4053,auto,1
APP-002925,33566.15,14580.2,60,12.39,6.8,687,0.3174,0,0.4031,debt_consolidation,1
APP-002926,33770.7,9036.2,36,8.87,7.7,714,0.1184,1,0.069,medical,0
APP-002927,98206.66,6774.33,24,10.07,9.8,715,0.2981,0,0.0755,auto,0
APP-002928,35491.82,10305.32,24,12.86,7.6,690,0.0689,0,0.4188,medical,1
APP-002929,78457.73,31291.17,36,18.1,0.0,648,0.312,0,0.624,home_improvement,0
APP-002930,68667.42,23612.61,60,14.91,11.4,645,0.3427,1,0.1891,auto,0
APP-002931,77898.82,8260.79,60,18.12,7.0,611,0.1662,0,0.7125,medical,1
APP-002932,81511.81,12080.05,36,10.7,9.6,714,0.2256,0,0.3281,debt_consolidation,0
APP-002933,41522.08,22390.57,36,13.68,4.7,644,0.1818,0,0.2619,medical,0
APP-002934,40696.16,10412.27,36,14.6,0.0,669,0.2297,0,0.3367,other,0
APP-002935,91611.09,15185.01,60,16.11,0.0,694,0.1319,0,0.7684,auto,1
APP-002936,48052.87,18305.84,48,13.02,2.3,680,0.3565,2,0.1904,home_improvement,0
APP-002937,18000.0,18190.3,36,16.74,8.8,680,0.2938,0,0.5776,debt_consolidation,1
APP-002938,88747.02,16802.93,36,19.97,12.3,628,0.4316,1,0.2983,debt_consolidation,1
APP-002939,39526.92,9924.48,36,12.24,7.9,696,0.1401,0,0.7493,debt_consolidation,0
APP-002940,81337.93,10533.74,36,14.04,1.8,662,0.3441,0,0.5786,debt_consolidation,0
APP-002941,126841.94,7512.98,60,14.75,3.0,675,0.2324,1,0.162,other,0
APP-002942,65525.1,5862.48,60,13.49,12.6,747,0.3138,2,0.5588,debt_consolidation,1
APP-002943,104831.56,13566.38,36,14.24,0.6,709,0.558,1,0.1621,small_business,1
APP-002944,69980.05,23279.64,36,18.2,16.0,647,0.3781,1,0.4359,debt_consolidation,0
APP-002945,139261.48,6511.6,36,9.95,14.9,671,0.0787,0,0.1913,debt_consolidation,0
APP-002946,39039.57,16987.42,36,9.46,16.1,773,0.0376,1,0.4168,home_improvement,0
APP-002947,64744.2,22856.48,36,11.37,8.2,662,0.275,0,0.1782,debt_consolidation,1
APP-002948,89792.8,4997.03,24,15.31,5.0,682,0.1863,0,0.6196,small_business,0
APP-002949,59322.56,12393.99,24,11.7,8.1,719,0.0971,0,0.3684,other,0
APP-002950,113007.3,37673.26,60,17.52,10.6,692,0.4235,2,0.6165,other,0
APP-002951,52826.25,19970.86,36,16.73,3.6,658,0.2674,0,0.7708,debt_consolidation,0
APP-002952,175508.14,4900.24,60,15.83,1.5,637,0.1883,2,0.4051,small_business,0
APP-002953,180015.34,21242.11,36,15.8,5.2,679,0.169,1,0.816,debt_consolidation,0
APP-002954,74424.25,9397.67,36,13.3,3.0,718,0.1167,0,0.7934,other,1
APP-002955,84744.08,21652.19,36,11.12,12.1,757,0.2445,0,0.2686,medical,0
APP-002956,115167.73,9717.24,24,14.49,3.7,595,0.2336,0,0.4551,debt_consolidation,0
APP-002957,36764.49,14060.79,36,13.65,6.9,782,0.3867,1,0.3133,debt_consolidation,0
APP-002958,34626.78,10616.12,60,16.48,10.9,663,0.2949,1,0.5724,debt_consolidation,0
APP-002959,118803.2,14526.58,60,16.9,12.3,734,0.3914,2,0.3725,debt_consolidation,0
APP-002960,74136.04,10434.59,24,17.9,7.4,637,0.2375,0,0.8384,other,0
APP-002961,58303.65,12736.81,24,17.43,8.2,587,0.2529,1,0.388,small_business,1
APP-002962,65347.98,7332.36,36,16.89,1.9,604,0.1899,1,0.3634,other,0
APP-002963,20678.35,19273.5,60,11.26,11.1,661,0.133,0,0.3416,debt_consolidation,0
APP-002964,59318.27,16051.69,36,8.36,12.2,710,0.0914,1,0.0599,medical,0
APP-002965,45282.69,5677.78,36,11.78,0.0,682,0.2983,0,0.084,debt_consolidation,0
APP-002966,100994.06,25791.38,60,14.47,14.4,665,0.3166,0,0.348,medical,0
APP-002967,104794.58,13090.69,60,13.64,3.3,745,0.3852,0,0.3745,debt_consolidation,0
APP-002968,85729.22,15926.28,60,13.17,9.2,680,0.2287,0,0.3499,debt_consolidation,1
APP-002969,78587.09,22591.97,36,18.14,6.8,696,0.3206,1,0.7394,medical,0
APP-002970,31679.22,17540.79,36,4.43,6.2,850,0.3614,0,0.2601,debt_consolidation,0
APP-002971,86305.73,28501.78,36,14.42,5.6,680,0.1672,0,0.2911,home_improvement,0
APP-002972,87926.24,12231.78,60,17.11,2.0,640,0.3721,1,0.5528,auto,0
APP-002973,118164.74,26419.9,60,11.99,8.9,708,0.1445,2,0.1002,debt_consolidation,1
APP-002974,179671.1,15571.54,36,14.69,5.2,723,0.1442,0,0.7473,other,0
APP-002975,28845.62,19464.18,60,12.39,0.6,697,0.3244,1,0.359,medical,0
APP-002976,53942.49,18324.77,36,15.76,1.8,689,0.3152,2,0.2036,small_business,1
APP-002977,45517.61,29778.07,60,11.88,0.7,766,0.184,0,0.5639,auto,0
APP-002978,70611.34,22033.58,24,11.46,4.1,759,0.0895,0,0.3811,auto,0
APP-002979,65419.49,11214.87,36,11.89,8.7,673,0.0723,0,0.3308,auto,0
APP-002980,58092.0,9996.29,24,15.01,3.3,643,0.3035,0,0.3456,other,0
APP-002981,106445.95,14087.55,60,12.17,10.9,705,0.1437,1,0.5193,medical,0
APP-002982,38309.9,9330.51,24,15.38,6.0,642,0.201,1,0.5935,debt_consolidation,0
APP-002983,39434.81,7876.45,36,13.06,5.2,731,0.5594,0,0.1631,debt_consolidation,0
APP-002984,39755.94,4220.18,60,15.55,6.6,705,0.0785,1,0.9046,medical,1
APP-002985,54676.28,5903.68,60,10.87,12.8,835,0.153,0,0.8444,debt_consolidation,0
APP-002986,36041.24,45864.18,48,10.09,0.3,765,0.2949,0,0.4609,debt_consolidation,0
APP-002987,63502.1,9908.36,60,15.01,14.0,617,0.2785,0,0.2522,debt_consolidation,1
APP-002988,60036.46,43735.3,60,14.58,10.8,650,0.2069,2,0.1965,medical,0
APP-002989,44561.04,18319.72,48,14.17,6.4,569,0.0673,0,0.5767,debt_consolidation,1
APP-002990,98868.93,14087.52,36,21.33,11.8,556,0.2286,0,0.8247,medical,1
APP-002991,63169.84,6072.67,24,16.32,5.0,687,0.4095,2,0.5004,small_business,0
APP-002992,108251.58,14539.32,36,17.57,7.8,611,0.252,1,0.5519,small_business,1
APP-002993,59190.64,43450.19,24,10.44,4.1,775,0.093,1,0.2585,debt_consolidation,0
APP-002994,64249.49,35786.76,36,10.52,10.8,747,0.1662,0,0.6189,medical,0
APP-002995,49612.94,16999.89,36,17.71,3.3,664,0.4309,0,0.909,medical,1
APP-002996,64780.52,7447.82,36,12.59,6.3,661,0.4997,0,0.2311,home_improvement,0
APP-002997,91492.62,8322.75,60,11.77,9.6,766,0.3003,1,0.4365,auto,0
APP-002998,53353.89,8843.17,60,12.65,11.2,779,0.2344,1,0.5154,debt_consolidation,0
APP-002999,83364.7,30431.51,36,14.94,2.8,626,0.3554,2,0.3841,other,0
APP-003000,44003.48,37357.98,60,15.99,9.9,618,0.1703,1,0.6739,debt_consolidation,1
APP-003001,93572.03,16244.7,36,14.97,2.1,663,0.3241,1,0.2855,small_business,0
APP-003002,49206.83,12162.56,36,12.36,0.0,705,0.157,1,0.4778,medical,1
APP-003003,97826.31,35601.96,36,15.25,3.1,650,0.1392,0,0.772,debt_consolidation,0
APP-003004,66930.58,8220.05,36,12.32,10.3,706,0.0694,0,0.5888,auto,0
APP-003005,134888.03,14942.45,36,14.57,6.4,793,0.3771,1,0.5497,debt_consolidation,0
APP-003006,37353.8,18966.4,60,16.95,4.1,598,0.2157,0,0.5335,small_business,1
APP-003007,32002.77,8790.96,36,16.35,6.7,654,0.278,1,0.5181,medical,1
APP-003008,48356.61,10027.37,36,19.49,6.6,600,0.4021,2,0.3816,debt_consolidation,0
APP-003009,33440.71,9584.82,36,10.26,9.3,631,0.123,0,0.1647,debt_consolidation,0
APP-003010,33470.84,32978.32,36,14.65,0.0,663,0.1089,2,0.4141,small_business,1
APP-003011,87595.68,44012.85,60,15.89,6.0,638,0.4739,1,0.4251,debt_consolidation,1
APP-003012,64869.75,15498.27,60,13.82,7.1,710,0.2282,0,0.6501,other,0
APP-003013,51631.94,12410.98,60,14.8,0.4,689,0.2698,1,0.2974,small_business,0
APP-003014,53981.71,10239.38,48,11.47,0.3,697,0.2779,0,0.1999,auto,0
APP-003015,48799.16,14514.69,36,15.32,4.9,662,0.065,2,0.4298,debt_consolidation,1
APP-003016,143532.93,10538.34,36,12.63,6.5,668,0.3408,0,0.4036,auto,1
APP-003017,45665.57,13706.51,60,15.48,6.6,660,0.3526,0,0.3955,other,0
APP-003018,34458.75,18427.12,36,16.62,4.0,666,0.1682,1,0.7867,debt_consolidation,0
APP-003019,95248.72,11462.34,36,7.7,3.8,704,0.2312,0,0.1578,debt_consolidation,1
APP-003020,58605.27,12990.1,36,21.69,4.7,568,0.3071,2,0.6971,debt_consolidation,0
APP-003021,172949.33,13021.28,60,8.33,7.8,697,0.2487,1,0.1484,home_improvement,0
APP-003022,50491.68,12060.82,24,16.36,12.1,630,0.3523,0,0.3907,auto,0
APP-003023,97559.23,11224.61,60,15.44,0.0,660,0.2471,0,0.5129,home_improvement,1
APP-003024,109272.2,22561.0,36,14.5,9.3,589,0.1809,1,0.1146,medical,0
APP-003025,50609.84,5192.01,36,15.04,6.0,659,0.1988,1,0.464,debt_consolidation,0
APP-003026,45503.32,36133.88,36,14.04,8.9,696,0.2729,0,0.0723,debt_consolidation,1
APP-003027,92781.12,15685.8,36,15.46,11.8,707,0.2497,2,0.7777,debt_consolidation,0
APP-003028,85655.67,20655.03,36,14.24,3.1,611,0.2068,0,0.4252,other,0
APP-003029,33025.98,22080.48,60,15.76,10.7,704,0.3761,0,0.2976,medical,0
APP-003030,37816.22,9616.44,36,9.77,0.9,746,0.0523,0,0.4149,home_improvement,0
APP-003031,19238.26,8531.97,36,14.51,7.1,651,0.2002,1,0.1217,small_business,1
APP-003032,86502.47,7967.99,36,10.57,5.4,680,0.2004,0,0.3242,debt_consolidation,0
APP-003033,57323.47,12564.17,36,16.47,6.7,560,0.2602,2,0.4772,debt_consolidation,1
APP-003034,60132.78,21751.6,60,14.03,2.0,628,0.1537,0,0.5115,debt_consolidation,0
APP-003035,28861.08,10335.32,36,13.32,8.5,696,0.1546,2,0.4284,other,0
APP-003036,38370.85,20630.06,60,12.3,13.6,735,0.1823,0,0.7322,auto,1
APP-003037,51674.63,3672.07,36,11.66,2.1,645,0.1907,0,0.0891,medical,0
APP-003038,47071.65,11594.37,36,8.5,7.4,835,0.2702,2,0.6162,debt_consolidation,1
APP-003039,68782.45,28533.77,60,12.77,10.4,698,0.1775,2,0.2313,debt_consolidation,1
APP-003040,86009.0,13131.12,24,17.67,5.2,606,0.2448,0,0.7277,auto,1
APP-003041,193214.56,8964.26,60,7.16,12.6,755,0.1913,0,0.3301,home_improvement,0
APP-003042,64378.46,9906.39,36,19.92,4.6,607,0.5052,1,0.6202,other,0
APP-003043,111027.79,2504.02,36,13.16,6.0,699,0.1725,1,0.4935,small_business,0
APP-003044,43641.14,8063.14,60,14.62,2.0,626,0.2012,0,0.1281,home_improvement,0
APP-003045,29090.54,26771.79,36,16.11,7.1,601,0.15,0,0.6391,auto,0
APP-003046,54887.33,10342.27,60,10.88,6.5,736,0.0602,1,0.2681,other,0
APP-003047,30189.1,11075.25,60,13.71,9.4,665,0.0563,1,0.3539,home_improvement,0
APP-003048,65459.42,3749.78,36,7.34,3.6,780,0.1059,0,0.3479,auto,0
APP-003049,44690.87,5630.86,36,16.03,3.4,621,0.3312,0,0.2189,other,0
APP-003050,25440.36,28915.48,60,17.36,8.6,590,0.0649,0,0.5617,debt_consolidation,1
APP-003051,149557.26,20742.39,36,14.34,12.8,652,0.0951,1,0.2769,other,1
APP-003052,50217.2,6832.11,60,7.99,9.3,848,0.2861,0,0.338,debt_consolidation,0
APP-003053,29616.45,10058.49,36,9.87,14.8,728,0.1964,0,0.1819,auto,0
APP-003054,100033.96,14256.72,36,11.7,9.0,712,0.3432,1,0.3293,small_business,0
APP-003055,45816.87,7245.6,36,15.44,8.8,714,0.3261,3,0.2399,medical,0
APP-003056,109690.96,4534.64,60,11.89,9.6,652,0.3435,1,0.03,home_improvement,0
APP-003057,45711.87,13221.0,60,9.76,13.2,838,0.1349,2,0.6955,medical,0
APP-003058,50136.86,20211.7,48,15.21,12.1,707,0.1048,2,0.6228,debt_consolidation,0
APP-003059,76700.37,20438.61,36,9.53,1.6,701,0.0702,0,0.3444,debt_consolidation,0
APP-003060,86412.52,24089.75,36,12.14,10.1,737,0.2604,0,0.4983,debt_consolidation,0
APP-003061,93996.68,5889.0,36,11.73,7.7,606,0.1718,0,0.1254,medical,0
APP-003062,62259.52,14995.22,36,14.29,5.6,629,0.1193,1,0.4044,home_improvement,0
APP-003063,83774.05,12409.31,36,11.51,0.0,666,0.1464,0,0.3564,debt_consolidation,0
APP-003064,92971.13,13784.72,48,13.77,0.0,737,0.2376,1,0.859,other,0
APP-003065,71568.89,12823.96,36,20.07,4.9,605,0.4674,0,0.6191,home_improvement,1
APP-003066,60698.04,9885.69,24,14.41,0.0,676,0.2451,0,0.4052,home_improvement,0
APP-003067,32480.69,2518.92,60,15.28,5.0,668,0.3448,1,0.5028,home_improvement,1
APP-003068,86659.87,28446.05,24,15.83,9.7,589,0.2126,1,0.1556,debt_consolidation,1
APP-003069,66329.23,17558.58,60,14.68,3.9,650,0.4203,0,0.2692,auto,0
APP-003070,53295.49,6130.4,36,13.68,6.9,711,0.4854,0,0.3387,home_improvement,0
APP-003071,120026.81,19078.56,24,15.5,1.7,594,0.2754,0,0.4417,debt_consolidation,0
APP-003072,32754.07,11186.55,60,11.24,7.8,762,0.1858,1,0.6043,other,0
APP-003073,143097.28,11371.89,48,9.39,8.8,707,0.2805,0,0.2446,small_business,0
APP-003074,64308.78,9285.63,60,17.0,0.1,700,0.4078,0,0.4317,auto,1
APP-003075,75701.35,19797.75,36,13.81,3.1,680,0.1435,0,0.3684,other,0
APP-003076,53772.71,9118.0,36,18.07,0.8,617,0.1883,1,0.2744,other,0
APP-003077,29200.69,7675.12,60,19.34,8.8,642,0.3142,0,0.8264,debt_consolidation,0
APP-003078,60786.91,27954.01,36,15.06,7.2,701,0.313,1,0.5223,medical,1
APP-003079,76329.91,13071.02,36,15.47,6.3,642,0.3825,0,0.7692,medical,1
APP-003080,89924.95,13311.21,36,15.75,5.9,691,0.3787,0,0.4355,debt_consolidation,1
APP-003081,59105.93,21666.73,36,21.13,8.0,628,0.3904,1,0.7744,debt_consolidation,1
APP-003082,22690.99,9844.85,36,13.18,8.0,706,0.6,0,0.2166,debt_consolidation,0
APP-003083,31012.48,11052.09,60,14.51,4.3,711,0.2559,1,0.5206,auto,0
APP-003084,174052.45,17313.1,36,14.19,3.6,586,0.044,0,0.2486,small_business,0
APP-003085,38473.51,5930.74,60,12.13,6.2,684,0.0474,1,0.4105,small_business,0
APP-003086,128943.07,16483.93,36,21.48,5.6,592,0.5323,1,0.5762,debt_consolidation,1
APP-003087,41513.79,9354.3,36,18.33,15.8,572,0.2397,1,0.39,debt_consolidation,1
APP-003088,59549.53,23815.17,36,11.59,4.8,646,0.2118,0,0.1531,home_improvement,0
APP-003089,87749.59,19909.83,60,11.34,7.8,842,0.4738,1,0.3446,medical,0
APP-003090,43846.46,18441.19,60,11.79,8.6,725,0.2562,1,0.5701,other,0
APP-003091,139581.76,5709.39,36,10.68,12.8,761,0.1707,2,0.2086,other,0
APP-003092,67406.19,13656.0,36,15.16,2.8,715,0.4399,1,0.4312,other,0
APP-003093,81092.92,7325.3,60,12.58,12.5,692,0.4537,1,0.065,other,0
APP-003094,57164.66,14193.27,36,14.7,5.8,732,0.3396,0,0.5143,other,1
APP-003095,89172.53,3785.91,48,12.84,17.8,643,0.3213,1,0.2591,home_improvement,1
APP-003096,138685.36,5932.62,60,16.42,8.1,707,0.2758,3,0.6304,debt_consolidation,0
APP-003097,61030.27,28898.46,36,14.96,1.0,748,0.225,1,0.9337,debt_consolidation,0
APP-003098,149104.8,17960.94,60,15.54,5.6,721,0.2802,1,0.5022,home_improvement,0
APP-003099,48464.0,11809.87,60,12.29,12.5,752,0.3489,0,0.3381,debt_consolidation,0
APP-003100,93798.92,8559.81,36,8.27,6.9,691,0.26,0,0.0476,debt_consolidation,0
APP-003101,82200.56,7731.33,36,9.95,6.2,778,0.2492,1,0.3767,other,0
APP-003102,38918.43,16284.91,36,15.22,9.7,668,0.0226,2,0.411,debt_consolidation,1
APP-003103,72025.19,11879.83,60,6.52,4.9,803,0.187,0,0.0885,other,0
APP-003104,65230.22,35559.38,36,14.22,5.6,713,0.4046,1,0.6123,small_business,0
APP-003105,43157.45,13026.5,36,12.12,2.2,658,0.0684,0,0.3336,auto,0
APP-003106,77186.8,15002.35,36,16.43,14.3,612,0.2584,0,0.1375,auto,0
APP-003107,69728.3,6480.62,24,15.9,1.0,633,0.1309,1,0.7812,debt_consolidation,1
APP-003108,62774.29,11762.81,24,14.65,7.3,624,0.2077,0,0.5544,auto,0
APP-003109,62895.21,16067.58,36,13.16,8.7,675,0.1891,1,0.3524,debt_consolidation,0
APP-003110,62251.48,11680.64,36,15.84,6.4,606,0.2324,1,0.4207,other,0
APP-003111,54483.15,10940.64,36,11.72,0.9,755,0.2618,0,0.3776,debt_consolidation,1
APP-003112,69512.57,17527.24,48,14.38,2.0,686,0.1715,1,0.6737,debt_consolidation,0
APP-003113,47717.99,34909.05,48,12.08,8.9,684,0.2309,0,0.1508,auto,0
APP-003114,232678.07,15771.92,24,18.11,3.0,612,0.3052,0,0.3582,auto,0
APP-003115,33046.22,28156.46,48,15.37,0.0,635,0.0751,1,0.8088,home_improvement,0
APP-003116,49092.88,20794.28,36,20.11,8.2,551,0.4025,0,0.3129,auto,0
APP-003117,50990.08,27196.1,36,10.61,2.6,774,0.2483,0,0.2897,debt_consolidation,0
APP-003118,173092.15,10180.88,60,16.88,9.3,598,0.3595,1,0.4788,auto,0
APP-003119,34491.84,12860.12,36,17.25,5.6,602,0.2926,0,0.2277,debt_consolidation,0
APP-003120,79744.68,12891.14,24,10.98,5.4,762,0.3254,0,0.609,debt_consolidation,0
APP-003121,73230.82,19905.37,36,8.62,6.7,702,0.0531,1,0.2141,debt_consolidation,0
APP-003122,76288.06,22959.87,60,13.52,1.4,687,0.3442,1,0.3787,debt_consolidation,0
APP-003123,117663.87,15590.8,36,10.02,2.8,700,0.1608,1,0.1388,debt_consolidation,0
APP-003124,116510.96,24110.28,60,12.07,5.3,735,0.3135,1,0.36,home_improvement,0
APP-003125,52348.75,10458.51,36,13.13,1.4,686,0.0969,2,0.6248,debt_consolidation,1
APP-003126,71344.17,24231.84,24,16.66,9.7,590,0.1568,0,0.4319,debt_consolidation,1
APP-003127,26565.63,26136.12,36,12.44,5.1,723,0.3619,0,0.3415,medical,0
APP-003128,68166.41,21479.45,60,11.97,0.0,704,0.1529,1,0.2924,debt_consolidation,0
APP-003129,44401.46,15673.43,36,13.82,4.0,748,0.3668,0,0.5416,auto,0
APP-003130,59437.4,21930.45,60,20.06,7.0,608,0.3015,0,0.6874,other,1
APP-003131,28945.33,8633.29,60,11.83,4.5,638,0.0825,0,0.2264,home_improvement,0
APP-003132,78942.99,16267.98,36,13.41,8.3,703,0.3764,0,0.4656,other,0
APP-003133,28790.18,17260.92,24,16.28,9.1,625,0.286,0,0.3295,debt_consolidation,0
APP-003134,69795.11,6706.18,36,18.14,17.3,544,0.1445,0,0.2857,debt_consolidation,0
APP-003135,36077.33,19094.64,48,13.28,11.7,691,0.2859,0,0.365,auto,1
APP-003136,43231.08,7027.52,48,11.92,0.0,732,0.3134,1,0.2306,small_business,0
APP-003137,113143.7,11313.04,36,12.9,4.9,673,0.0329,2,0.42,small_business,0
APP-003138,86192.91,14838.28,60,11.07,5.3,712,0.1551,0,0.4601,debt_consolidation,0
APP-003139,112843.82,9490.79,36,12.18,9.1,703,0.2328,0,0.431,small_business,0
APP-003140,137421.97,15211.17,60,10.05,2.3,681,0.1231,0,0.0459,home_improvement,0
APP-003141,44854.53,15070.69,60,13.82,4.1,688,0.1971,1,0.3417,debt_consolidation,0
APP-003142,133472.26,9010.98,36,13.36,0.9,758,0.2381,0,0.6828,debt_consolidation,1
APP-003143,32167.11,20157.45,36,14.19,3.8,624,0.3235,0,0.2769,other,0
APP-003144,92992.18,9308.59,36,12.82,4.0,725,0.1917,0,0.6324,debt_consolidation,0
APP-003145,51294.58,50000.0,60,13.29,5.1,612,0.0962,1,0.248,small_business,1
APP-003146,41589.31,13607.91,36,14.65,1.2,634,0.2253,1,0.3132,auto,0
APP-003147,87298.46,7350.72,60,10.15,10.9,749,0.1413,0,0.3878,auto,0
APP-003148,102305.56,8192.59,36,21.59,8.6,610,0.3342,1,0.9142,auto,0
APP-003149,100858.25,28211.94,36,13.7,0.0,666,0.3392,0,0.2551,other,0
APP-003150,72061.51,11436.85,60,10.26,6.6,817,0.1635,1,0.5955,debt_consolidation,0
APP-003151,69250.25,6574.28,36,9.77,0.0,739,0.3353,0,0.2254,debt_consolidation,0
APP-003152,83703.7,23790.87,60,16.87,12.5,637,0.201,2,0.8127,medical,0
APP-003153,75203.22,11394.33,36,13.94,13.8,647,0.1421,1,0.3964,home_improvement,0
APP-003154,84287.88,21181.58,36,20.68,6.2,670,0.3151,1,0.6458,debt_consolidation,0
APP-003155,71686.83,24947.58,24,8.75,2.7,756,0.2348,2,0.03,debt_consolidation,0
APP-003156,97409.48,17002.11,36,14.71,3.5,622,0.2683,0,0.2124,debt_consolidation,0
APP-003157,29764.83,50000.0,60,15.59,4.5,618,0.0906,0,0.5482,debt_consolidation,1
APP-003158,61030.64,5332.38,36,14.66,6.0,721,0.338,0,0.7024,debt_consolidation,0
APP-003159,33452.98,9022.65,36,15.22,12.7,582,0.1217,0,0.441,other,0
APP-003160,74232.66,12499.61,36,16.83,10.8,627,0.1891,0,0.6296,debt_consolidation,0
APP-003161,142952.69,50000.0,48,14.25,10.9,675,0.344,1,0.444,other,1
APP-003162,51770.82,41140.38,60,14.02,7.3,678,0.1514,0,0.5521,other,0
APP-003163,69094.02,30618.04,48,16.02,1.3,601,0.4768,0,0.148,debt_consolidation,1
APP-003164,93456.95,9148.2,60,14.12,3.0,701,0.3356,0,0.2976,auto,0
APP-003165,24092.01,9788.32,24,10.89,6.8,712,0.2772,0,0.4917,medical,0
APP-003166,50591.03,8967.29,24,14.33,1.1,642,0.0865,0,0.5932,auto,0
APP-003167,77428.49,9205.13,36,8.15,7.9,776,0.1141,0,0.5139,debt_consolidation,0
APP-003168,18000.0,34464.07,36,11.88,10.1,700,0.0892,0,0.3244,debt_consolidation,0
APP-003169,40671.16,12588.25,60,17.21,9.0,622,0.3152,0,0.4157,debt_consolidation,1
APP-003170,110255.36,13591.98,60,10.02,8.8,774,0.2963,0,0.8536,medical,0
APP-003171,105196.05,22721.08,36,12.05,0.0,650,0.1534,2,0.1786,other,0
APP-003172,77793.67,5525.11,60,13.39,12.5,690,0.2506,0,0.2531,auto,1
APP-003173,99269.87,14949.58,24,13.94,0.0,652,0.3178,0,0.2439,auto,0
APP-003174,72069.96,7674.96,60,14.77,5.8,716,0.279,0,0.6594,other,0
APP-003175,84857.79,12223.84,36,14.85,9.3,652,0.1041,1,0.5842,auto,0
APP-003176,55861.39,10319.39,60,15.9,8.1,656,0.4608,0,0.3181,debt_consolidation,0
APP-003177,68715.68,10015.36,36,13.35,0.7,671,0.02,1,0.3619,other,0
APP-003178,47983.13,16526.85,60,13.61,1.6,651,0.2712,0,0.4736,home_improvement,1
APP-003179,119206.74,16485.03,60,11.32,7.8,742,0.3655,1,0.2175,debt_consolidation,0
APP-003180,134927.26,12764.31,36,13.57,8.8,607,0.1586,1,0.2387,medical,1
APP-003181,126058.42,17977.94,36,12.65,1.5,678,0.2451,1,0.0974,other,1
APP-003182,53436.56,8761.37,48,12.29,8.3,685,0.1166,0,0.7077,debt_consolidation,0
APP-003183,41123.34,21530.46,48,14.47,0.0,673,0.1522,0,0.483,home_improvement,1
APP-003184,119981.15,12865.55,36,14.06,9.3,736,0.4418,1,0.5435,debt_consolidation,1
APP-003185,84391.17,10953.11,48,17.2,2.5,593,0.336,0,0.2823,debt_consolidation,1
APP-003186,76104.53,9144.83,60,14.84,6.9,713,0.221,3,0.6963,debt_consolidation,0
APP-003187,47954.08,12605.56,48,15.27,6.1,608,0.112,0,0.3213,auto,0
APP-003188,79734.78,42910.62,36,17.02,11.7,650,0.2018,0,0.6455,other,1
APP-003189,38607.78,13977.19,60,17.03,7.6,602,0.2542,0,0.3761,debt_consolidation,1
APP-003190,88123.32,7466.26,36,13.1,3.8,661,0.1712,0,0.5327,debt_consolidation,0
APP-003191,125996.34,24706.43,36,14.51,8.1,646,0.225,0,0.1114,debt_consolidation,1
APP-003192,142207.77,11027.92,60,7.86,16.1,775,0.02,0,0.2233,debt_consolidation,0
APP-003193,91329.95,17094.02,36,9.9,9.8,694,0.2199,0,0.0667,medical,0
APP-003194,33482.3,10204.87,36,13.32,6.2,706,0.2168,0,0.5218,auto,0
APP-003195,71457.7,30477.76,36,18.77,2.7,616,0.3825,0,0.3945,auto,0
APP-003196,181532.46,10293.45,60,9.08,3.7,723,0.1655,1,0.1269,home_improvement,0
APP-003197,42839.21,32619.37,24,13.04,9.6,775,0.3208,0,0.9718,medical,1
APP-003198,63179.51,7889.85,36,12.47,2.5,730,0.3465,1,0.3024,debt_consolidation,0
APP-003199,128108.68,12234.54,24,15.05,6.5,604,0.3176,0,0.4136,debt_consolidation,0
APP-003200,87410.16,32659.84,36,13.28,13.0,653,0.2695,1,0.0535,other,0
APP-003201,213761.8,15985.62,36,17.76,7.2,686,0.2546,1,0.8862,small_business,1
APP-003202,45723.39,50000.0,36,15.62,1.6,647,0.3283,1,0.3074,other,1
APP-003203,40419.18,12404.35,60,6.54,16.3,827,0.2002,0,0.331,other,0
APP-003204,116975.85,16831.19,48,15.73,14.4,652,0.2626,1,0.3001,auto,1
APP-003205,36611.61,43778.17,60,13.49,8.8,677,0.1784,1,0.4244,other,0
APP-003206,59141.84,6025.94,60,15.76,12.2,645,0.3966,0,0.5254,home_improvement,0
APP-003207,62983.76,5608.33,60,14.26,5.3,693,0.3502,0,0.407,debt_consolidation,0
APP-003208,106875.24,9140.85,60,10.58,9.8,760,0.1231,1,0.2201,debt_consolidation,0
APP-003209,87290.0,23240.69,36,14.3,4.6,687,0.2575,0,0.6927,debt_consolidation,0
APP-003210,80945.69,5699.82,60,18.92,0.4,667,0.3146,1,0.6971,debt_consolidation,1
APP-003211,53582.39,20500.25,36,19.13,18.2,618,0.4162,1,0.6118,home_improvement,1
APP-003212,116464.81,19680.7,36,12.77,0.2,750,0.3675,1,0.3845,auto,1
APP-003213,250000.0,46641.7,36,14.74,7.8,672,0.2683,0,0.5177,small_business,0
APP-003214,90577.21,26589.86,36,12.48,7.8,669,0.1084,2,0.2852,medical,1
APP-003215,68185.36,17908.9,36,14.73,8.8,544,0.258,0,0.0721,debt_consolidation,0
APP-003216,34862.55,31894.89,60,16.15,6.1,673,0.2471,1,0.2984,auto,0
APP-003217,47865.56,19820.42,36,11.95,6.1,657,0.2294,0,0.2917,home_improvement,0
APP-003218,58662.83,11104.03,36,19.63,7.1,574,0.387,0,0.3478,debt_consolidation,0
APP-003219,50288.64,7465.39,36,12.9,8.7,737,0.3403,0,0.1445,debt_consolidation,1
APP-003220,64500.3,10421.98,60,16.4,6.5,649,0.3485,1,0.6028,debt_consolidation,0
APP-003221,152602.27,14166.87,36,12.12,6.2,790,0.4171,0,0.4412,debt_consolidation,0
APP-003222,118276.77,16049.21,36,12.01,0.6,762,0.2703,1,0.3558,small_business,0
APP-003223,60228.61,4202.73,60,15.04,15.6,638,0.2584,0,0.2638,small_business,0
APP-003224,36394.33,12766.23,60,10.97,8.9,759,0.3029,0,0.5002,auto,0
APP-003225,123510.2,14742.38,36,8.77,7.4,773,0.0604,2,0.3113,debt_consolidation,0
APP-003226,63487.38,19919.92,48,15.97,3.7,648,0.2503,1,0.3565,small_business,1
APP-003227,28379.5,37251.54,36,13.26,2.0,620,0.1721,1,0.3679,auto,1
APP-003228,91501.35,16148.51,60,15.44,10.4,555,0.3272,0,0.3028,debt_consolidation,0
APP-003229,106348.02,8555.74,36,15.64,5.8,702,0.4007,1,0.5365,auto,0
APP-003230,20286.41,5051.39,60,15.12,9.3,624,0.2637,0,0.3588,home_improvement,1
APP-003231,43754.79,21598.31,36,12.15,0.4,704,0.0514,1,0.4797,home_improvement,0
APP-003232,61643.6,8758.97,48,18.69,13.5,647,0.5876,1,0.6174,debt_consolidation,0
APP-003233,92476.31,23972.66,36,14.19,10.6,635,0.244,0,0.1062,medical,0
APP-003234,50745.8,32611.09,36,16.66,6.1,647,0.3592,0,0.402,debt_consolidation,0
APP-003235,43595.73,5921.47,60,17.33,8.6,605,0.4075,0,0.3386,debt_consolidation,1
APP-003236,92151.0,19993.48,60,15.96,9.8,647,0.5481,0,0.454,debt_consolidation,0
APP-003237,51914.21,30687.94,36,18.74,0.5,637,0.2804,0,0.7689,other,0
APP-003238,84316.16,26185.12,60,15.37,14.1,679,0.5064,2,0.4785,debt_consolidation,1
APP-003239,38124.6,4298.42,36,13.48,8.7,686,0.241,2,0.4991,home_improvement,1
APP-003240,33962.85,8837.73,36,15.32,3.3,618,0.0482,0,0.4942,debt_consolidation,1
APP-003241,93402.35,6900.85,36,11.69,1.6,744,0.3406,0,0.5788,other,0
APP-003242,73375.99,19643.82,36,14.69,10.9,671,0.5567,2,0.031,medical,0
APP-003243,101206.81,18428.13,60,7.91,7.5,767,0.0423,0,0.2684,other,0
APP-003244,50337.11,3032.45,24,12.23,8.7,694,0.1404,1,0.1418,debt_consolidation,0
APP-003245,44377.68,12178.43,60,17.96,6.6,684,0.4956,0,0.6848,debt_consolidation,0
APP-003246,124902.36,23070.76,36,18.87,2.0,652,0.4754,1,0.4186,medical,1
APP-003247,31292.14,15799.44,60,13.51,8.8,716,0.1209,1,0.7986,home_improvement,1
APP-003248,118520.79,15783.79,36,14.1,5.6,682,0.3928,1,0.378,small_business,0
APP-003249,122514.52,11733.55,48,10.24,6.4,730,0.3188,1,0.2131,other,0
APP-003250,98222.0,7845.68,60,11.52,17.2,773,0.21,0,0.657,home_improvement,0
APP-003251,46723.15,14357.27,36,16.9,10.4,638,0.2863,0,0.6192,other,0
APP-003252,43923.78,14944.79,36,16.58,10.7,716,0.2276,0,0.6547,medical,0
APP-003253,58765.83,20717.86,60,12.17,18.7,714,0.2589,0,0.2441,debt_consolidation,0
APP-003254,34909.82,21717.5,60,10.03,8.2,707,0.1616,0,0.4774,home_improvement,0
APP-003255,40967.3,15240.38,36,17.3,7.0,655,0.2625,1,0.5284,debt_consolidation,1
APP-003256,88575.89,27363.1,60,15.32,3.4,656,0.396,1,0.4198,small_business,1
APP-003257,88772.32,11666.16,60,10.96,4.5,646,0.0999,1,0.1776,debt_consolidation,0
APP-003258,39275.12,6275.26,60,16.78,0.0,645,0.1638,0,0.6652,debt_consolidation,0
APP-003259,89920.49,19122.01,36,14.0,10.1,631,0.0928,0,0.2668,medical,1
APP-003260,80838.46,15602.78,36,16.72,0.8,674,0.2246,0,0.7215,debt_consolidation,0
APP-003261,134173.36,19343.74,60,12.85,10.6,636,0.1206,0,0.3671,debt_consolidation,0
APP-003262,85419.36,6964.09,48,14.41,6.3,705,0.0682,1,0.4075,auto,0
APP-003263,108040.5,40968.78,36,14.28,7.1,683,0.1204,2,0.3427,debt_consolidation,0
APP-003264,81727.01,21894.6,60,12.45,6.3,690,0.3722,1,0.1975,home_improvement,0
APP-003265,104037.69,12269.43,36,18.01,12.7,664,0.4379,1,0.2142,debt_consolidation,0
APP-003266,35042.83,8428.22,36,15.09,11.9,684,0.223,1,0.5093,debt_consolidation,0
APP-003267,61310.43,27082.77,60,15.75,6.4,666,0.3442,0,0.5633,debt_consolidation,1
APP-003268,63795.05,7653.19,60,8.69,2.5,725,0.059,0,0.2719,small_business,0
APP-003269,57823.04,50000.0,60,11.72,10.7,654,0.1566,1,0.6617,other,0
APP-003270,80435.28,10160.32,60,15.93,2.1,702,0.3709,1,0.4931,debt_consolidation,1
APP-003271,88136.74,39332.13,36,14.35,0.0,604,0.1275,0,0.4202,other,1
APP-003272,78466.41,13028.69,36,10.73,8.7,721,0.2563,0,0.225,medical,0
APP-003273,59707.29,36269.67,36,14.61,12.0,648,0.1891,0,0.5185,auto,1
APP-003274,45660.65,9468.07,60,12.37,4.7,627,0.2846,0,0.0391,auto,0
APP-003275,110061.2,14659.28,36,16.19,8.3,614,0.1377,0,0.5317,auto,0
APP-003276,76881.02,23124.75,36,15.2,4.6,609,0.1241,1,0.5336,small_business,0
APP-003277,39863.16,21288.21,36,12.51,9.7,652,0.2653,0,0.3912,home_improvement,0
APP-003278,59229.35,27456.16,36,11.38,11.4,767,0.3201,2,0.2267,medical,0
APP-003279,28151.58,10928.95,36,13.95,5.3,643,0.4195,0,0.1342,debt_consolidation,1
APP-003280,66112.98,15231.07,48,13.73,1.9,552,0.1528,1,0.1449,debt_consolidation,1
APP-003281,59096.1,29910.63,24,10.82,0.0,701,0.1851,2,0.2202,auto,0
APP-003282,49335.46,9632.09,60,17.06,10.7,615,0.2815,0,0.5406,debt_consolidation,0
APP-003283,139072.5,20210.91,60,16.11,1.4,727,0.4804,1,0.6339,debt_consolidation,1
APP-003284,37316.41,12769.2,36,16.82,8.2,656,0.231,0,0.5597,debt_consolidation,0
APP-003285,91236.58,16339.01,60,16.88,10.0,664,0.2794,0,0.5897,debt_consolidation,0
APP-003286,185676.74,15228.79,36,12.7,4.2,749,0.2605,1,0.4617,auto,0
APP-003287,109013.95,9179.24,24,11.98,5.8,716,0.1186,1,0.6007,auto,0
APP-003288,64023.4,12465.27,36,15.66,11.0,608,0.1747,0,0.5748,home_improvement,1
APP-003289,37714.11,15771.58,60,19.42,2.9,616,0.3416,1,0.6853,debt_consolidation,1
APP-003290,33804.62,13661.32,60,19.28,2.4,577,0.2786,1,0.4131,home_improvement,1
APP-003291,53348.32,36101.54,36,8.39,5.4,831,0.3503,0,0.1731,home_improvement,0
APP-003292,46741.24,26047.53,60,15.72,12.3,630,0.4421,0,0.2963,auto,0
APP-003293,46016.72,17155.82,60,14.81,13.7,748,0.2662,1,0.8469,medical,0
APP-003294,55576.3,9314.05,60,14.63,6.1,649,0.1911,1,0.4496,home_improvement,0
APP-003295,61886.91,8990.92,36,12.05,3.3,617,0.1705,1,0.2497,home_improvement,1
APP-003296,82046.73,45556.76,60,17.89,11.3,681,0.4753,2,0.6352,other,0
APP-003297,35882.33,8072.11,48,13.98,0.0,661,0.162,0,0.5954,small_business,0
APP-003298,46848.09,15489.88,36,15.27,7.6,727,0.1677,1,0.8267,home_improvement,0
APP-003299,60204.35,17876.71,60,14.58,6.3,727,0.4243,1,0.7221,home_improvement,0
APP-003300,59178.27,12104.54,36,15.8,12.3,646,0.2393,0,0.8159,debt_consolidation,1
APP-003301,156941.11,8108.16,60,17.49,12.8,596,0.3351,0,0.2348,other,0
APP-003302,72665.42,9197.29,60,17.48,2.3,611,0.3067,0,0.7754,debt_consolidation,0
APP-003303,29960.03,10561.08,36,17.26,7.3,548,0.0943,0,0.6414,debt_consolidation,1
APP-003304,79448.92,9608.45,36,15.11,3.9,664,0.2044,1,0.4404,other,0
APP-003305,84462.35,31319.05,60,14.07,5.2,679,0.1246,0,0.5372,auto,0
APP-003306,61210.93,14423.45,60,16.45,9.3,614,0.1506,0,0.3727,debt_consolidation,1
APP-003307,36305.05,10701.07,60,13.21,5.0,607,0.153,0,0.1539,debt_consolidation,0
APP-003308,151147.1,15428.0,48,12.82,7.4,679,0.1073,0,0.5658,debt_consolidation,0
APP-003309,38894.12,21360.92,36,19.71,10.8,643,0.4762,1,0.8132,medical,1
APP-003310,89260.4,11873.03,36,11.46,13.3,668,0.2429,0,0.1345,debt_consolidation,0
APP-003311,71551.07,24466.33,60,16.17,7.8,659,0.4157,0,0.3921,other,1
APP-003312,86727.96,6937.1,36,12.68,7.0,694,0.2221,0,0.4631,other,0
APP-003313,147478.01,28602.8,60,14.7,1.5,647,0.4131,1,0.3178,medical,0
APP-003314,85112.5,14424.91,36,14.39,13.6,652,0.0571,2,0.8345,medical,0
APP-003315,49711.11,14101.79,24,19.19,8.7,571,0.0693,1,0.909,debt_consolidation,0
APP-003316,110527.41,9700.72,48,14.09,7.1,677,0.2326,0,0.3864,debt_consolidation,0
APP-003317,48012.41,7113.51,48,12.18,6.9,685,0.257,0,0.3497,auto,0
APP-003318,70308.67,5515.04,48,14.39,8.1,670,0.3685,0,0.5918,debt_consolidation,1
APP-003319,34942.61,9316.04,36,12.41,10.0,791,0.2444,1,0.4539,debt_consolidation,0
APP-003320,39583.5,20389.07,60,12.79,10.5,689,0.2351,0,0.439,debt_consolidation,1
APP-003321,66623.2,8302.92,36,15.12,13.7,671,0.2318,0,0.4653,debt_consolidation,0
APP-003322,77561.32,5906.47,60,12.45,7.6,709,0.2452,0,0.1911,home_improvement,0
APP-003323,28709.84,8558.21,48,10.16,14.4,803,0.0743,0,0.5188,auto,0
APP-003324,82523.67,11599.31,36,16.43,11.3,695,0.3456,0,0.8522,small_business,0
APP-003325,43862.57,11866.96,60,16.23,6.2,551,0.4032,0,0.1788,medical,0
APP-003326,120137.57,13455.54,48,9.43,0.0,705,0.1534,0,0.4184,small_business,0
APP-003327,54896.21,26391.98,36,16.73,6.9,629,0.2756,1,0.5582,home_improvement,0
APP-003328,37903.69,29925.66,48,18.07,13.5,568,0.1463,0,0.3179,small_business,1
APP-003329,67408.66,46400.81,36,10.17,3.0,778,0.2356,1,0.3222,medical,0
APP-003330,41871.04,5650.26,60,13.94,6.9,766,0.3079,0,0.6137,debt_consolidation,0
APP-003331,119519.67,8826.3,36,15.42,7.2,627,0.3411,1,0.3773,other,0
APP-003332,65016.54,21742.53,36,19.13,10.7,628,0.4749,1,0.2948,debt_consolidation,0
APP-003333,60435.85,11142.99,60,13.81,4.8,689,0.2556,0,0.3643,debt_consolidation,0
APP-003334,86353.71,23888.68,36,17.11,2.6,629,0.184,0,0.785,debt_consolidation,0
APP-003335,40125.52,16350.76,60,15.44,9.1,672,0.2388,0,0.5071,home_improvement,0
APP-003336,35008.59,36237.23,36,12.39,3.2,639,0.2466,0,0.1079,home_improvement,0
APP-003337,79074.94,26547.19,36,15.57,0.0,657,0.2091,0,0.5835,medical,0
APP-003338,38341.98,26830.47,24,15.78,14.8,599,0.2364,1,0.4039,other,0
APP-003339,38335.73,11418.82,24,9.88,10.7,728,0.0667,0,0.4877,debt_consolidation,0
APP-003340,97128.05,13703.09,36,7.31,15.0,750,0.1083,0,0.1888,medical,0
APP-003341,83631.32,12147.24,24,14.29,10.4,674,0.2077,1,0.6463,home_improvement,0
APP-003342,35607.24,6054.07,36,11.44,9.6,678,0.1543,1,0.4509,small_business,0
APP-003343,48288.91,34048.12,36,15.94,8.2,716,0.4413,0,0.2637,debt_consolidation,0
APP-003344,42123.09,22342.11,36,11.96,5.7,680,0.2735,1,0.2586,debt_consolidation,0
APP-003345,152478.03,11870.22,36,13.37,8.8,780,0.3333,2,0.4123,medical,0
APP-003346,100411.05,30901.73,24,13.92,4.0,604,0.1943,1,0.362,auto,0
APP-003347,53110.88,10059.68,24,11.2,1.7,730,0.2594,0,0.4222,small_business,0
APP-003348,85709.25,4992.97,36,15.67,5.0,673,0.3407,1,0.5586,medical,0
APP-003349,33900.1,26008.49,36,16.36,12.3,615,0.3069,0,0.1245,small_business,1
APP-003350,47064.41,6907.33,36,8.59,1.0,810,0.02,0,0.6245,home_improvement,0
APP-003351,68355.47,12943.57,36,9.29,1.0,818,0.108,1,0.8405,debt_consolidation,0
APP-003352,80758.08,16341.37,60,15.19,9.2,668,0.3686,0,0.4934,debt_consolidation,0
APP-003353,62029.3,18132.73,36,14.38,4.6,706,0.4167,0,0.2087,debt_consolidation,0
APP-003354,73217.45,23717.69,36,13.83,8.7,653,0.1656,0,0.2141,debt_consolidation,0
APP-003355,67490.63,20308.56,60,16.64,11.0,662,0.3883,1,0.65,home_improvement,0
APP-003356,60091.6,19947.15,36,14.46,8.6,614,0.1605,1,0.516,home_improvement,0
APP-003357,56386.93,9166.11,24,14.72,3.7,606,0.1725,2,0.2137,medical,0
APP-003358,52972.88,17198.29,60,7.25,12.3,787,0.0428,0,0.1603,home_improvement,0
APP-003359,72654.64,6055.27,60,12.81,9.8,678,0.4876,1,0.1829,auto,0
APP-003360,79168.52,35880.3,60,13.32,6.6,683,0.1504,0,0.582,auto,0
APP-003361,71493.01,6427.98,60,12.76,6.4,633,0.107,2,0.262,debt_consolidation,0
APP-003362,36916.58,11860.5,48,10.27,8.2,691,0.1295,0,0.2159,home_improvement,0
APP-003363,40241.62,6747.7,60,17.33,5.1,593,0.1359,1,0.4952,medical,1
APP-003364,78716.32,9493.93,36,15.49,0.0,635,0.1585,1,0.5197,medical,0
APP-003365,131734.75,14613.37,60,17.15,9.9,610,0.3969,0,0.2432,debt_consolidation,0
APP-003366,69933.63,10670.35,36,11.45,9.6,755,0.2337,0,0.2734,debt_consolidation,0
APP-003367,53345.33,28157.44,36,21.35,0.0,584,0.1702,0,0.4988,auto,1
APP-003368,72390.18,16539.5,24,16.98,8.8,612,0.3303,0,0.2819,auto,0
APP-003369,37664.31,11085.76,48,18.67,14.4,561,0.2635,1,0.3214,debt_consolidation,1
APP-003370,121836.5,13418.99,36,18.37,1.4,628,0.3494,1,0.7953,home_improvement,0
APP-003371,71090.41,29417.06,60,19.05,6.2,653,0.4694,0,0.6609,other,1
APP-003372,47136.51,24564.29,36,15.07,5.7,737,0.1061,1,0.7849,debt_consolidation,0
APP-003373,59998.85,7490.69,60,10.62,14.0,667,0.0834,1,0.1344,other,0
APP-003374,50471.55,9770.53,24,13.24,11.5,656,0.1564,1,0.3743,debt_consolidation,0
APP-003375,121996.07,19096.91,48,10.81,2.5,697,0.1536,0,0.3387,medical,0
APP-003376,58986.7,17798.27,36,14.06,8.0,654,0.3392,1,0.3842,home_improvement,0
APP-003377,70032.74,7884.73,36,9.24,16.9,820,0.2739,1,0.3742,debt_consolidation,0
APP-003378,85607.76,22390.62,36,13.61,3.7,646,0.2681,0,0.4824,other,0
APP-003379,45550.4,8648.98,36,13.71,6.4,704,0.0857,0,0.85,home_improvement,0
APP-003380,71333.62,30888.01,36,9.9,8.8,728,0.0764,0,0.2814,other,0
APP-003381,74151.95,19712.03,60,14.33,3.8,644,0.293,1,0.1045,debt_consolidation,0
APP-003382,30828.19,7520.5,36,12.13,14.4,690,0.2415,1,0.2458,other,1
APP-003383,73382.21,10668.38,60,12.77,4.4,651,0.1234,1,0.5226,other,0
APP-003384,63587.79,10561.35,60,13.38,0.2,696,0.2288,0,0.2603,medical,0
APP-003385,69184.1,15908.88,24,10.16,4.1,686,0.1274,0,0.4392,debt_consolidation,0
APP-003386,66121.21,12882.14,60,12.05,9.4,672,0.0504,0,0.3956,auto,0
APP-003387,73610.58,7461.56,60,16.86,2.9,613,0.1474,0,0.4218,medical,1
APP-003388,123508.75,6459.02,60,9.81,7.9,788,0.2068,1,0.3603,other,0
APP-003389,36900.45,19937.1,60,16.18,9.0,714,0.2354,0,0.8082,home_improvement,1
APP-003390,55155.37,17118.61,48,19.89,1.1,588,0.3027,0,0.752,debt_consolidation,1
APP-003391,89511.24,15415.3,60,12.66,4.0,656,0.1281,0,0.601,debt_consolidation,0
APP-003392,81878.11,16965.35,36,19.53,8.1,589,0.3141,0,0.5131,auto,0
APP-003393,81036.68,10126.7,24,13.11,9.7,724,0.2544,1,0.6079,other,0
APP-003394,243740.55,16132.96,60,15.44,4.1,679,0.3435,0,0.6755,debt_consolidation,0
APP-003395,87284.45,50000.0,36,15.74,7.2,680,0.3749,1,0.3428,auto,1
APP-003396,111858.81,28657.0,48,12.69,5.2,631,0.0697,1,0.347,other,1
APP-003397,56091.97,12266.5,36,15.6,9.8,662,0.3218,1,0.2414,debt_consolidation,0
APP-003398,40357.99,10703.74,36,12.17,8.8,726,0.3328,0,0.2426,debt_consolidation,0
APP-003399,55897.23,2759.62,60,13.87,4.8,741,0.222,0,0.5226,auto,0
APP-003400,91480.71,26950.21,36,13.28,8.7,729,0.3139,0,0.3225,auto,0
APP-003401,79017.13,22882.67,36,19.0,4.6,590,0.4289,0,0.5743,debt_consolidation,0
APP-003402,78881.59,10577.49,60,13.66,8.6,669,0.2332,0,0.4834,small_business,0
APP-003403,58644.98,6320.25,60,12.66,8.6,695,0.1852,1,0.4965,medical,1
APP-003404,54323.78,7419.37,60,16.97,17.2,637,0.2312,0,0.8166,other,1
APP-003405,59623.86,18763.24,36,16.64,5.0,584,0.3032,0,0.4802,other,0
APP-003406,92031.92,13767.78,60,14.51,5.9,605,0.2347,1,0.1178,small_business,0
APP-003407,97313.37,21655.77,48,8.84,3.6,767,0.2254,2,0.2236,medical,0
APP-003408,40100.6,15245.52,60,14.56,1.9,611,0.1564,0,0.5263,debt_consolidation,1
APP-003409,93720.01,25403.04,24,14.47,4.4,683,0.2163,1,0.2455,medical,1
APP-003410,47562.33,17966.38,36,10.09,9.5,671,0.0811,1,0.2109,debt_consolidation,0
APP-003411,81407.68,23449.52,36,9.63,9.8,671,0.2054,0,0.0747,auto,0
APP-003412,59278.32,4315.15,48,13.37,7.8,661,0.248,0,0.4304,debt_consolidation,1
APP-003413,137822.38,7086.76,36,15.8,5.2,726,0.3183,0,0.6738,medical,0
APP-003414,53181.55,11737.92,36,16.4,4.3,682,0.324,1,0.8806,debt_consolidation,1
APP-003415,70818.55,27120.73,60,15.69,2.4,644,0.2332,0,0.653,debt_consolidation,1
APP-003416,86969.02,43157.49,36,11.89,4.0,683,0.0289,0,0.4301,debt_consolidation,0
APP-003417,42729.39,13182.52,36,15.96,0.7,606,0.1622,1,0.3012,auto,0
APP-003418,62766.15,10169.9,36,13.5,12.6,708,0.3908,2,0.1663,small_business,0
APP-003419,57192.71,4665.84,60,14.36,14.8,641,0.1001,0,0.469,debt_consolidation,0
APP-003420,50792.91,23927.19,48,18.44,0.0,644,0.3212,1,0.6061,other,0
APP-003421,52631.79,10538.53,36,12.99,7.8,710,0.2629,2,0.5311,other,0
APP-003422,110847.38,50000.0,60,10.18,7.7,656,0.0557,0,0.1482,home_improvement,0
APP-003423,48768.42,9443.19,60,11.87,7.4,660,0.0448,1,0.3955,auto,0
APP-003424,85307.56,49166.29,36,11.76,3.8,748,0.4122,0,0.3485,home_improvement,0
APP-003425,75595.21,22380.76,48,17.13,11.1,624,0.1307,0,0.607,debt_consolidation,1
APP-003426,33242.75,7986.52,60,13.48,8.3,709,0.142,0,0.5338,medical,0
APP-003427,83395.02,16589.87,24,9.96,11.2,735,0.1614,0,0.2896,debt_consolidation,0
APP-003428,32979.99,22681.49,48,12.69,3.2,748,0.2314,0,0.5303,other,1
APP-003429,87871.13,12724.16,36,9.89,0.3,806,0.21,0,0.1603,other,0
APP-003430,50954.61,23574.81,60,12.24,8.5,643,0.2555,0,0.2347,small_business,0
APP-003431,65261.58,23275.56,48,13.52,2.2,630,0.2448,1,0.1577,medical,1
APP-003432,34922.55,20491.8,60,14.09,11.2,727,0.4766,2,0.2803,medical,0
APP-003433,68932.71,14362.12,60,11.31,0.0,735,0.1758,0,0.3971,other,1
APP-003434,101425.39,7335.19,24,17.56,4.4,634,0.2307,1,0.6296,debt_consolidation,0
APP-003435,44125.77,13868.4,36,11.72,3.7,708,0.4151,0,0.2481,debt_consolidation,0
APP-003436,48567.14,16058.95,60,10.61,5.0,838,0.326,0,0.6963,medical,0
APP-003437,80850.79,4884.36,36,16.67,7.7,686,0.219,0,0.8424,debt_consolidation,1
APP-003438,81826.74,15995.46,36,8.37,8.3,734,0.1655,0,0.2493,debt_consolidation,0
APP-003439,20206.03,13708.33,60,11.22,9.4,771,0.3207,1,0.3137,debt_consolidation,0
APP-003440,171020.31,6835.34,36,7.81,9.9,825,0.3826,0,0.2344,medical,0
APP-003441,83771.51,11953.27,24,15.66,5.7,694,0.4772,0,0.8107,debt_consolidation,1
APP-003442,90822.61,12100.88,36,11.59,16.0,753,0.0871,0,0.5565,debt_consolidation,1
APP-003443,60672.34,44416.16,36,13.51,12.7,634,0.0854,0,0.2914,debt_consolidation,0
APP-003444,26677.42,16474.56,60,13.5,5.1,681,0.2655,1,0.469,home_improvement,0
APP-003445,89860.09,26444.68,36,16.91,5.9,654,0.3145,1,0.4291,other,1
APP-003446,49555.69,13542.27,36,23.91,5.0,571,0.5207,0,0.6602,debt_consolidation,0
APP-003447,84392.16,4890.41,60,18.59,8.1,587,0.4263,0,0.4277,auto,0
APP-003448,58519.66,21415.33,36,9.29,2.1,705,0.247,1,0.037,small_business,0
APP-003449,72867.75,9898.67,60,13.32,2.9,706,0.2233,2,0.4167,debt_consolidation,0
APP-003450,44808.1,11935.3,36,13.83,0.0,620,0.1516,1,0.5576,small_business,0
APP-003451,98424.91,7872.89,36,8.32,4.7,770,0.0215,0,0.4385,auto,0
APP-003452,36743.65,15125.08,36,13.81,11.3,616,0.1422,0,0.3279,medical,0
APP-003453,190997.55,26895.31,60,17.44,5.8,695,0.3935,1,0.6663,debt_consolidation,0
APP-003454,190300.16,24906.7,60,16.3,6.1,656,0.2375,1,0.7691,debt_consolidation,1
APP-003455,142320.72,36384.34,36,16.87,7.8,686,0.2691,0,0.7903,other,1
APP-003456,119895.1,39502.55,36,9.14,2.0,732,0.2544,0,0.1444,small_business,0
APP-003457,62414.9,4426.2,36,13.0,6.6,724,0.3544,0,0.4498,other,0
APP-003458,113787.16,7256.15,36,9.51,10.5,721,0.1053,1,0.3846,other,0
APP-003459,62067.5,5080.44,36,14.6,7.9,714,0.3786,1,0.711,debt_consolidation,0
APP-003460,30836.49,20919.22,60,17.61,10.9,606,0.1717,0,0.6162,small_business,1
APP-003461,133743.52,9700.34,60,16.24,12.2,746,0.4798,0,0.6824,home_improvement,0
APP-003462,111745.39,10918.12,36,16.7,9.5,619,0.1694,1,0.7351,small_business,0
APP-003463,64029.54,12788.19,36,15.23,3.3,674,0.1946,0,0.6365,debt_consolidation,0
APP-003464,36100.22,18102.31,24,16.0,5.0,660,0.284,0,0.4942,debt_consolidation,0
APP-003465,49058.38,6126.74,36,14.12,15.2,700,0.2161,3,0.5775,small_business,0
APP-003466,27119.08,6986.7,48,14.84,7.9,652,0.1322,1,0.4432,small_business,0
APP-003467,102311.91,14510.91,60,13.82,7.3,671,0.249,2,0.192,medical,0
APP-003468,30108.24,29061.7,36,13.33,2.6,774,0.2716,1,0.7143,debt_consolidation,1
APP-003469,74594.45,14287.97,36,16.45,6.1,605,0.2868,1,0.3247,debt_consolidation,1
APP-003470,43354.67,9161.28,36,11.04,9.7,680,0.3672,0,0.2663,other,0
APP-003471,32771.84,4171.13,36,16.1,6.6,615,0.12,1,0.514,home_improvement,1
APP-003472,72878.79,25196.38,60,14.43,4.2,719,0.3705,0,0.6451,home_improvement,0
APP-003473,55376.96,9462.23,60,17.11,5.2,638,0.3102,0,0.7447,medical,0
APP-003474,97194.88,7453.14,60,13.27,11.9,682,0.1264,2,0.6921,home_improvement,1
APP-003475,35372.57,5361.59,60,19.2,9.5,603,0.3583,0,0.5388,medical,0
APP-003476,45190.02,6293.2,36,13.24,8.9,755,0.4197,0,0.5388,home_improvement,0
APP-003477,20662.47,8303.23,60,10.19,8.5,684,0.1721,0,0.4189,small_business,0
APP-003478,22780.41,12624.21,60,16.08,1.2,688,0.323,0,0.4916,other,1
APP-003479,154087.35,7192.79,36,12.48,7.7,728,0.3533,1,0.1663,other,0
APP-003480,176710.79,16149.02,36,16.99,11.3,607,0.3555,0,0.2145,medical,0
APP-003481,67958.41,12568.69,60,16.51,5.3,644,0.4264,0,0.4968,home_improvement,0
APP-003482,43770.04,50000.0,60,12.97,10.9,690,0.3932,1,0.0586,auto,1
APP-003483,56324.62,5395.53,36,19.93,9.0,578,0.2909,1,0.494,small_business,1
APP-003484,98859.82,15923.67,60,19.69,10.2,584,0.503,0,0.4095,medical,1
APP-003485,50778.88,16039.77,60,17.37,6.7,632,0.4731,1,0.3599,auto,0
APP-003486,72853.57,7975.91,60,16.18,10.5,614,0.4364,0,0.3234,auto,0
APP-003487,64603.23,15323.61,24,12.75,0.0,660,0.2941,0,0.6347,auto,1
APP-003488,49469.54,22658.01,36,16.66,6.6,710,0.4967,1,0.4415,auto,1
APP-003489,50491.99,15334.63,60,11.35,9.7,723,0.0874,1,0.2397,debt_consolidation,0
APP-003490,74827.19,32366.93,36,8.75,7.8,785,0.1387,0,0.2412,home_improvement,0
APP-003491,40669.6,4100.42,24,13.83,11.4,679,0.1895,0,0.3111,medical,0
APP-003492,80738.65,8896.46,60,9.45,5.8,689,0.0958,0,0.2102,debt_consolidation,0
APP-003493,51833.12,34113.09,24,15.06,4.0,679,0.18,0,0.8396,other,0
APP-003494,69097.85,24609.29,36,13.46,0.0,699,0.3026,0,0.5322,medical,0
APP-003495,126303.7,19838.92,60,9.1,5.3,703,0.0233,0,0.5563,debt_consolidation,0
APP-003496,59958.65,29648.56,36,12.16,8.8,733,0.2062,3,0.3599,small_business,0
APP-003497,101078.09,4770.95,60,16.66,9.9,733,0.5634,0,0.7389,auto,0
APP-003498,27500.7,23002.5,36,11.96,0.2,710,0.1996,0,0.1846,small_business,1
APP-003499,51863.38,26882.71,36,10.84,11.8,768,0.2806,1,0.2165,home_improvement,0
APP-003500,65869.65,9895.72,36,16.03,2.1,682,0.5189,0,0.5695,other,0
APP-003501,163626.44,50000.0,36,17.06,6.0,645,0.2727,1,0.4551,home_improvement,0
APP-003502,25371.09,16248.99,36,14.77,3.9,654,0.1185,1,0.4935,medical,0
APP-003503,62066.51,4064.71,60,12.69,8.4,674,0.4771,0,0.2373,debt_consolidation,0
APP-003504,130790.65,18088.68,60,17.34,6.9,617,0.2694,1,0.5006,auto,0
APP-003505,44593.03,9550.85,24,13.27,9.6,644,0.0992,0,0.217,auto,1
APP-003506,58687.38,28498.34,36,17.25,14.8,614,0.2518,0,0.5277,medical,0
APP-003507,76219.85,19924.62,48,11.28,8.3,700,0.0734,0,0.6588,home_improvement,0
APP-003508,71019.28,10250.78,36,11.15,3.9,701,0.0512,0,0.6274,small_business,0
APP-003509,137821.19,34659.46,36,20.03,8.6,577,0.2936,0,0.3919,auto,1
APP-003510,80612.58,25003.86,36,15.72,15.3,642,0.1299,0,0.919,debt_consolidation,0
APP-003511,122942.68,8970.62,36,11.59,9.5,786,0.462,0,0.3715,other,0
APP-003512,54684.66,13276.06,36,8.86,10.8,717,0.2564,1,0.2506,auto,0
APP-003513,45555.67,19569.27,24,15.28,0.0,706,0.1787,1,0.5748,other,0
APP-003514,58325.54,11738.52,60,16.27,8.2,641,0.4151,0,0.2219,other,0
APP-003515,37263.63,11943.62,36,14.59,5.3,697,0.1243,0,0.5101,other,0
APP-003516,81979.8,14812.17,36,13.54,3.4,679,0.2079,0,0.6842,small_business,1
APP-003517,54009.81,7814.54,36,19.89,6.4,634,0.3395,1,0.7009,medical,0
APP-003518,47083.78,3971.5,36,16.21,7.0,651,0.3492,0,0.7506,debt_consolidation,0
APP-003519,82578.0,16657.27,60,17.18,3.7,653,0.4535,0,0.228,medical,1
APP-003520,37539.87,4574.91,60,14.42,7.3,594,0.421,1,0.1901,small_business,1
APP-003521,94087.79,8151.37,60,14.12,5.7,603,0.122,0,0.03,medical,1
APP-003522,51665.25,5189.47,36,13.99,9.7,668,0.1675,1,0.4197,other,0
APP-003523,113380.97,5573.65,36,16.13,7.5,631,0.1857,0,0.5074,debt_consolidation,1
APP-003524,53832.28,18567.91,36,20.73,8.2,663,0.6856,2,0.5181,home_improvement,0
APP-003525,88032.31,12745.9,36,15.02,10.9,587,0.1644,0,0.1439,medical,0
APP-003526,70850.87,12481.86,48,13.97,9.0,726,0.0833,0,0.4909,home_improvement,0
APP-003527,92894.1,6759.34,36,14.08,6.5,801,0.428,0,0.5531,debt_consolidation,0
APP-003528,68522.47,9912.1,36,13.45,0.0,740,0.3399,1,0.3767,debt_consolidation,1
APP-003529,29252.25,18038.22,36,11.89,8.8,746,0.1229,0,0.6614,small_business,0
APP-003530,105489.16,14068.5,24,12.19,2.4,716,0.0616,2,0.146,home_improvement,0
APP-003531,62321.06,23366.41,36,13.39,6.1,695,0.2103,0,0.2032,debt_consolidation,0
APP-003532,94950.43,25378.49,48,13.31,8.2,685,0.2625,0,0.3528,debt_consolidation,1
APP-003533,90532.2,12526.68,60,18.83,12.5,627,0.5932,1,0.3399,home_improvement,0
APP-003534,44844.68,4952.26,36,10.35,14.8,720,0.2353,0,0.3273,debt_consolidation,0
APP-003535,41899.99,9349.24,24,11.6,2.4,717,0.1423,1,0.2836,auto,1
APP-003536,89028.6,13701.27,36,18.05,0.6,653,0.2332,2,0.7596,small_business,1
APP-003537,56195.0,9242.26,36,14.88,8.0,711,0.2074,2,0.4489,debt_consolidation,0
APP-003538,101887.91,7865.35,60,20.85,7.6,640,0.3561,1,0.743,medical,1
APP-003539,59671.28,15098.64,24,18.02,1.1,643,0.3211,3,0.2445,debt_consolidation,1
APP-003540,106231.85,50000.0,60,15.31,6.4,725,0.2115,1,0.6891,debt_consolidation,0
APP-003541,79644.54,10924.41,60,11.72,9.2,705,0.1558,0,0.4329,other,0
APP-003542,74635.43,14476.42,36,13.35,1.0,667,0.3452,0,0.2364,medical,0
APP-003543,54318.34,6774.52,60,13.3,2.0,660,0.1121,0,0.2977,other,0
APP-003544,72671.74,29824.23,48,12.49,3.6,690,0.132,1,0.2339,debt_consolidation,0
APP-003545,115233.05,24082.84,60,16.28,5.5,574,0.0542,0,0.388,debt_consolidation,0
APP-003546,63330.3,23137.96,36,14.25,9.6,636,0.3362,0,0.3406,home_improvement,0
APP-003547,83876.96,31907.15,60,16.57,5.0,607,0.3459,1,0.4352,home_improvement,1
APP-003548,66462.65,11316.83,36,14.03,6.7,681,0.2814,1,0.4428,other,0
APP-003549,69006.26,12167.23,36,11.95,16.6,743,0.2961,0,0.2892,debt_consolidation,0
APP-003550,148654.44,39090.45,60,11.73,2.2,708,0.1686,0,0.3885,other,0
APP-003551,115725.12,20928.9,36,17.26,3.6,650,0.2206,1,0.4668,other,1
APP-003552,67525.22,4002.82,36,12.84,9.6,639,0.0789,0,0.5189,medical,1
APP-003553,72047.47,18877.01,24,15.57,10.9,636,0.4923,0,0.3328,home_improvement,1
APP-003554,46408.82,10347.69,36,10.5,8.4,796,0.2205,0,0.6674,medical,0
APP-003555,59821.25,24412.33,36,17.69,14.6,684,0.6163,0,0.6883,debt_consolidation,0
APP-003556,75406.86,18373.31,36,13.68,7.9,692,0.2591,0,0.6585,small_business,0
APP-003557,97776.26,5283.74,36,16.81,0.0,558,0.2128,0,0.2825,home_improvement,0
APP-003558,93131.58,16946.65,60,14.82,6.9,612,0.1905,1,0.1838,other,0
APP-003559,38165.92,16384.12,24,9.55,3.9,677,0.0702,0,0.2612,auto,0
APP-003560,103890.66,17902.8,60,13.78,12.7,651,0.03,2,0.52,medical,0
APP-003561,62288.44,20245.96,48,15.24,10.8,688,0.2472,0,0.5979,auto,0
APP-003562,40472.85,34529.32,60,11.39,0.0,687,0.2794,0,0.1075,medical,1
APP-003563,123451.94,18434.14,60,10.37,12.6,715,0.3224,0,0.152,other,0
APP-003564,131205.03,14693.86,60,14.93,10.7,572,0.2799,0,0.0456,debt_consolidation,0
APP-003565,73772.48,28218.28,36,17.09,5.0,616,0.4542,0,0.5803,other,1
APP-003566,91341.77,50000.0,48,14.47,6.1,674,0.2268,0,0.1968,small_business,1
APP-003567,93950.02,24652.78,60,18.49,12.8,642,0.2197,0,0.8786,other,0
APP-003568,127021.7,16342.16,60,18.94,0.0,662,0.2636,0,0.6773,home_improvement,0
APP-003569,92190.78,18634.53,36,15.67,8.5,686,0.353,0,0.6287,small_business,0
APP-003570,34367.0,16821.44,48,16.11,11.4,637,0.4763,0,0.3248,debt_consolidation,0
APP-003571,170561.34,14656.58,60,12.68,6.1,691,0.0997,0,0.7403,small_business,0
APP-003572,108408.07,50000.0,36,10.63,9.4,712,0.0915,0,0.2597,debt_consolidation,1
APP-003573,50897.59,9390.49,48,13.04,7.0,684,0.0742,0,0.7113,debt_consolidation,0
APP-003574,39653.02,28332.06,60,15.44,3.0,722,0.3335,1,0.9431,home_improvement,0
APP-003575,82822.33,13479.25,36,19.2,2.9,554,0.1468,0,0.5025,debt_consolidation,1
APP-003576,56873.1,6144.18,36,13.53,9.7,646,0.2885,0,0.1483,home_improvement,0
APP-003577,76156.09,12999.68,36,10.87,3.6,732,0.1297,1,0.2903,small_business,0
APP-003578,92872.03,10559.42,48,16.3,0.0,630,0.4222,0,0.2791,debt_consolidation,1
APP-003579,49525.87,20270.03,36,15.13,7.1,622,0.3492,0,0.1065,auto,0
APP-003580,38040.65,15288.53,60,12.88,4.2,673,0.2787,1,0.4769,debt_consolidation,1
APP-003581,78224.28,8015.47,36,12.87,1.1,679,0.3384,0,0.4053,small_business,1
APP-003582,50317.91,34033.09,60,16.02,6.8,649,0.1822,1,0.2563,small_business,0
APP-003583,69721.81,27287.44,60,11.31,10.0,787,0.4237,0,0.4172,home_improvement,0
APP-003584,34110.0,36381.52,60,14.94,6.6,697,0.3077,2,0.3577,auto,0
APP-003585,57589.46,16636.32,36,20.01,1.7,628,0.4417,1,0.6273,other,1
APP-003586,91612.17,14202.58,36,13.32,8.7,597,0.0924,1,0.1003,small_business,0
APP-003587,86941.45,21806.62,60,11.96,11.2,704,0.1792,1,0.5128,home_improvement,0
APP-003588,44521.64,10373.07,24,11.26,16.5,626,0.1451,0,0.1624,home_improvement,0
APP-003589,37100.13,15636.11,36,7.62,13.0,805,0.1537,1,0.4044,small_business,0
APP-003590,65493.69,13095.33,24,8.37,2.0,705,0.0475,1,0.0387,debt_consolidation,0
APP-003591,85087.74,6213.65,36,15.1,10.4,712,0.3605,1,0.7463,small_business,0
APP-003592,78954.47,15612.52,60,10.45,7.7,694,0.1124,0,0.4559,debt_consolidation,0
APP-003593,50833.24,11227.74,36,13.62,1.3,745,0.2077,1,0.5711,small_business,0
APP-003594,74989.12,12597.12,36,20.8,7.8,541,0.3455,0,0.3645,debt_consolidation,1
APP-003595,133689.23,17906.14,36,16.46,15.1,610,0.2968,0,0.618,debt_consolidation,0
APP-003596,71726.25,30332.44,36,9.39,11.9,740,0.2497,0,0.4304,other,0
APP-003597,29680.08,8862.79,36,10.99,1.9,767,0.1459,2,0.4247,other,0
APP-003598,71659.34,11928.67,60,15.59,6.6,608,0.2029,0,0.0918,other,0
APP-003599,173380.16,9303.59,60,17.39,8.7,575,0.4323,0,0.4478,other,1
APP-003600,35038.23,8958.87,60,10.9,0.0,690,0.1741,1,0.3104,home_improvement,0
APP-003601,65934.06,10270.74,36,11.19,0.0,708,0.1843,0,0.7789,debt_consolidation,0
APP-003602,58308.41,12938.5,36,13.26,7.2,689,0.3072,0,0.2808,debt_consolidation,1
APP-003603,68061.46,20367.78,36,13.93,7.3,677,0.1772,1,0.6718,medical,1
APP-003604,71352.21,17461.65,48,16.67,0.0,573,0.1793,0,0.2358,debt_consolidation,1
APP-003605,112344.92,7855.17,60,13.81,8.2,658,0.1505,1,0.2216,other,0
APP-003606,67699.8,30715.32,60,14.3,11.4,667,0.1432,0,0.3152,debt_consolidation,0
APP-003607,119997.61,25075.91,36,17.67,5.5,648,0.3035,0,0.6081,debt_consolidation,0
APP-003608,61430.87,8597.41,36,15.09,6.8,569,0.4071,0,0.1197,debt_consolidation,1
APP-003609,54944.39,29492.41,60,12.98,9.1,714,0.2403,1,0.4843,debt_consolidation,0
APP-003610,47142.71,17527.53,36,14.53,8.5,730,0.2633,0,0.6146,debt_consolidation,0
APP-003611,27171.96,13242.15,60,12.4,0.0,634,0.2066,0,0.3073,auto,0
APP-003612,74199.87,17846.99,60,14.58,2.4,669,0.3117,0,0.5108,debt_consolidation,0
APP-003613,174218.0,14284.88,36,15.35,4.7,651,0.3865,0,0.3288,medical,0
APP-003614,80991.18,19891.54,60,12.88,2.6,652,0.2456,0,0.1587,other,0
APP-003615,90380.27,16164.08,60,13.96,13.1,709,0.1781,0,0.7011,medical,1
APP-003616,53310.44,11922.67,60,14.61,9.4,710,0.3054,0,0.8268,auto,1
APP-003617,57806.85,4477.97,36,7.58,1.5,742,0.1567,0,0.1178,home_improvement,0
APP-003618,104273.28,19686.13,36,11.64,5.5,741,0.2066,0,0.4257,debt_consolidation,1
APP-003619,170470.15,11674.75,60,13.8,11.6,670,0.0808,1,0.5823,debt_consolidation,0
APP-003620,132767.87,22768.04,36,10.2,3.6,845,0.0726,0,0.6461,other,0
APP-003621,95669.99,19173.33,36,9.89,10.3,770,0.2278,0,0.597,auto,0
APP-003622,66106.0,11852.08,36,14.06,12.7,642,0.1308,0,0.4707,debt_consolidation,1
APP-003623,71883.9,26245.17,24,10.23,12.0,687,0.0908,1,0.31,home_improvement,0
APP-003624,45272.68,16329.23,60,19.1,7.3,565,0.2876,1,0.4294,small_business,1
APP-003625,32435.93,15943.66,36,11.55,12.1,682,0.1375,0,0.307,auto,0
APP-003626,37845.95,13383.79,24,9.93,4.1,777,0.2077,1,0.2244,medical,0
APP-003627,66572.48,38498.18,36,4.0,17.7,841,0.1122,0,0.0741,other,0
APP-003628,56499.45,9587.44,24,10.85,7.6,673,0.2848,0,0.2562,auto,0
APP-003629,32106.4,12025.12,24,17.94,11.7,699,0.2996,1,0.8101,auto,0
APP-003630,63845.88,7074.48,36,16.76,4.9,715,0.3325,1,0.737,debt_consolidation,0
APP-003631,55786.99,22101.66,36,11.38,8.7,795,0.0819,1,0.6727,debt_consolidation,0
APP-003632,37018.58,10344.99,36,18.11,8.9,623,0.2229,0,0.6993,other,1
APP-003633,54418.35,11040.03,48,10.65,2.3,834,0.4436,0,0.5212,medical,0
APP-003634,55719.48,10743.76,36,16.09,2.2,662,0.1938,0,0.6927,home_improvement,0
APP-003635,48346.87,15037.2,48,15.67,5.6,612,0.2894,0,0.5028,medical,0
APP-003636,101411.75,7019.61,36,13.72,11.5,662,0.1575,1,0.4573,debt_consolidation,0
APP-003637,26075.46,3947.44,60,16.93,0.0,633,0.2409,0,0.4835,small_business,1
APP-003638,25058.27,18908.6,48,13.23,4.9,704,0.0984,1,0.2001,debt_consolidation,0
APP-003639,65102.6,4255.81,36,19.0,12.4,584,0.3033,1,0.5076,small_business,0
APP-003640,68069.44,23796.74,60,7.66,1.0,688,0.1181,0,0.3682,medical,0
APP-003641,78918.09,35805.26,60,18.36,12.1,719,0.5194,1,0.859,debt_consolidation,0
APP-003642,50183.18,13182.61,24,11.41,1.4,766,0.0803,1,0.4117,debt_consolidation,0
APP-003643,41837.11,30810.47,48,12.36,2.4,719,0.2904,2,0.2319,small_business,0
APP-003644,64772.14,14297.43,60,10.94,5.8,762,0.3182,1,0.4591,debt_consolidation,0
APP-003645,52584.94,36660.82,36,13.77,14.9,645,0.02,0,0.3945,debt_consolidation,0
APP-003646,136852.2,11128.87,60,16.45,3.6,703,0.4638,1,0.6782,small_business,1
APP-003647,55631.98,3678.54,36,15.9,0.0,551,0.2651,0,0.1077,home_improvement,1
APP-003648,63361.63,13843.28,60,12.85,0.2,673,0.3062,0,0.5228,home_improvement,0
APP-003649,213276.19,39047.05,60,13.46,10.7,702,0.2374,1,0.7848,debt_consolidation,1
APP-003650,59198.86,19775.23,60,14.94,0.4,708,0.3357,1,0.4,other,0
APP-003651,84888.83,10753.82,48,15.71,11.8,589,0.2325,0,0.5292,debt_consolidation,0
APP-003652,88642.89,17547.5,60,15.78,6.8,657,0.1396,0,0.4517,debt_consolidation,0
APP-003653,92338.4,25467.45,36,16.44,6.4,665,0.2725,1,0.2533,debt_consolidation,0
APP-003654,74689.62,13797.55,36,13.96,7.8,655,0.2065,1,0.514,debt_consolidation,0
APP-003655,71338.12,50000.0,60,11.05,2.9,722,0.0948,0,0.6216,debt_consolidation,0
APP-003656,68207.04,10740.76,36,12.25,7.1,667,0.0833,0,0.2279,debt_consolidation,0
APP-003657,49299.32,25935.3,60,14.08,1.1,686,0.1477,0,0.3759,debt_consolidation,0
APP-003658,75992.62,22557.6,24,13.39,12.6,652,0.1105,1,0.2916,home_improvement,0
APP-003659,172110.6,9662.46,36,10.02,1.9,742,0.114,0,0.5298,other,0
APP-003660,116223.44,11335.88,36,12.44,8.5,746,0.2221,0,0.739,debt_consolidation,0
APP-003661,75208.78,26170.84,36,16.24,1.8,662,0.2763,1,0.5887,debt_consolidation,1
APP-003662,98021.38,15770.26,36,8.32,4.1,845,0.3564,0,0.4597,other,0
APP-003663,42827.6,17641.08,36,19.49,4.8,636,0.3441,1,0.6457,other,0
APP-003664,57359.67,5614.14,60,9.2,19.9,738,0.2113,0,0.2329,auto,0
APP-003665,102447.98,21213.29,60,20.62,6.4,625,0.5196,0,0.7744,debt_consolidation,1
APP-003666,132718.13,17129.14,60,13.01,2.8,725,0.1331,0,0.6053,home_improvement,0
APP-003667,44897.02,13972.36,36,14.1,4.5,720,0.2875,0,0.6828,debt_consolidation,0
APP-003668,51535.19,17876.12,36,13.66,0.0,621,0.1295,0,0.318,debt_consolidation,0
APP-003669,185202.1,11436.41,60,12.89,5.8,672,0.1924,0,0.3513,home_improvement,0
APP-003670,68073.82,10286.63,24,10.1,14.8,788,0.3386,1,0.4127,medical,0
APP-003671,155960.23,12601.99,36,15.61,8.0,633,0.3695,1,0.0374,home_improvement,0
APP-003672,71785.23,11077.44,60,13.75,10.6,703,0.3059,0,0.5281,medical,0
APP-003673,73153.05,50000.0,36,13.29,2.4,699,0.1804,0,0.6408,debt_consolidation,0
APP-003674,56134.56,24607.07,60,13.69,5.6,678,0.1493,1,0.6995,home_improvement,0
APP-003675,102187.95,8268.36,36,18.75,7.4,580,0.2681,0,0.2678,small_business,1
APP-003676,124726.15,47238.08,36,15.0,3.2,728,0.3364,1,0.5215,other,0
APP-003677,39550.81,11280.68,36,12.86,8.3,681,0.1961,1,0.5838,debt_consolidation,0
APP-003678,54883.4,14749.85,60,13.2,9.3,744,0.2689,1,0.4771,medical,0
APP-003679,100849.06,24401.65,48,9.26,8.9,693,0.1469,0,0.0591,debt_consolidation,0
APP-003680,61081.19,4625.37,60,14.41,5.8,684,0.3692,0,0.5931,debt_consolidation,0
APP-003681,51293.41,12637.56,36,11.21,11.4,702,0.1909,1,0.2881,auto,0
APP-003682,105527.07,10398.02,60,15.4,5.3,623,0.2874,0,0.2277,debt_consolidation,0
APP-003683,110392.79,16331.49,48,13.15,4.9,770,0.3815,0,0.7074,home_improvement,0
APP-003684,52381.79,17971.33,48,14.38,13.0,658,0.2735,0,0.4013,home_improvement,0
APP-003685,71975.31,13864.59,60,16.28,1.5,659,0.3189,0,0.5872,debt_consolidation,0
APP-003686,36390.92,13496.54,60,11.85,0.0,755,0.3454,0,0.2319,debt_consolidation,1
APP-003687,42290.24,26894.58,60,15.81,2.6,694,0.367,1,0.1093,home_improvement,1
APP-003688,68991.73,17270.68,36,13.92,8.2,666,0.3185,2,0.1318,other,0
APP-003689,65987.32,14852.6,60,12.45,12.3,704,0.2199,1,0.3984,medical,1
APP-003690,40865.52,15798.48,36,13.29,3.5,716,0.3951,0,0.3436,home_improvement,0
APP-003691,46095.71,42054.41,60,14.39,14.7,673,0.252,0,0.3658,debt_consolidation,0
APP-003692,38984.57,16027.4,36,11.34,6.6,733,0.1948,0,0.2121,medical,0
APP-003693,80867.82,10759.28,36,14.22,6.0,606,0.2434,0,0.3142,debt_consolidation,1
APP-003694,25277.65,4791.91,36,19.24,2.7,695,0.3955,0,0.7285,medical,0
APP-003695,39998.03,6312.08,48,10.23,15.3,726,0.3366,0,0.2479,small_business,0
APP-003696,26580.43,11059.32,36,14.36,5.8,716,0.3521,2,0.207,home_improvement,0
APP-003697,79480.93,13616.61,60,21.08,0.5,550,0.3191,0,0.6525,debt_consolidation,1
APP-003698,27359.81,10505.39,60,13.96,17.6,673,0.323,3,0.3009,debt_consolidation,0
APP-003699,65997.53,17775.34,36,16.82,8.3,610,0.285,0,0.4447,debt_consolidation,0
APP-003700,142787.68,10427.16,36,8.77,10.1,755,0.2865,1,0.2581,home_improvement,0
APP-003701,145130.83,8531.33,60,12.61,14.1,657,0.1761,1,0.3005,other,0
APP-003702,27318.16,20686.52,60,14.86,9.3,748,0.4959,0,0.6769,debt_consolidation,0
APP-003703,75010.18,32085.28,36,19.73,10.9,609,0.1672,2,0.9099,medical,1
APP-003704,40434.41,7629.26,60,16.31,6.7,703,0.1876,0,0.8443,auto,0
APP-003705,36659.84,16701.59,24,13.39,9.8,680,0.3796,0,0.3391,debt_consolidation,0
APP-003706,61554.42,4803.03,60,9.3,6.3,840,0.3102,0,0.4754,debt_consolidation,0
APP-003707,117209.98,6165.18,60,10.54,6.4,748,0.1857,1,0.1069,debt_consolidation,0
APP-003708,86680.03,10305.36,36,13.53,7.0,745,0.2283,0,0.8374,auto,0
APP-003709,46114.14,28005.38,24,9.55,4.7,798,0.2963,0,0.3703,home_improvement,0
APP-003710,91177.08,9230.37,60,12.0,8.8,696,0.4391,0,0.2715,auto,0
APP-003711,22140.47,9032.33,36,12.84,8.8,674,0.3203,0,0.495,other,1
APP-003712,45284.88,14806.69,36,15.03,10.2,668,0.4046,2,0.3197,small_business,1
APP-003713,43768.72,14815.25,36,12.56,9.4,699,0.2667,0,0.0474,other,1
APP-003714,67490.12,9196.03,60,20.52,15.5,519,0.123,1,0.43,small_business,0
APP-003715,58970.06,45885.87,36,16.28,11.2,680,0.1746,1,0.6163,other,1
APP-003716,60732.63,12431.55,36,11.74,5.6,693,0.1831,0,0.2133,small_business,0
APP-003717,59771.08,15487.42,60,15.13,8.5,671,0.2295,0,0.5496,auto,0
APP-003718,65702.88,11485.86,60,14.65,12.9,591,0.1534,0,0.3115,small_business,1
APP-003719,84238.34,18715.13,36,11.16,2.2,671,0.1239,0,0.2321,other,1
APP-003720,69830.17,29678.53,36,13.24,15.6,591,0.2343,0,0.2918,home_improvement,0
APP-003721,56707.04,38056.56,36,10.84,3.0,783,0.3553,0,0.3643,auto,0
APP-003722,78824.7,9318.81,36,15.23,10.6,665,0.0256,1,0.7396,medical,0
APP-003723,96633.61,27456.69,36,19.73,6.5,560,0.6005,0,0.3497,other,1
APP-003724,49774.1,19944.7,36,16.56,6.3,668,0.226,0,0.6942,home_improvement,0
APP-003725,63172.81,25517.89,36,13.79,0.6,732,0.165,0,0.6315,small_business,1
APP-003726,113534.01,13747.52,48,11.52,10.6,690,0.02,0,0.715,small_business,0
APP-003727,38285.15,13009.31,36,17.25,0.7,627,0.3432,0,0.1034,other,1
APP-003728,154569.58,24949.73,36,17.26,0.0,641,0.1757,1,0.6976,debt_consolidation,0
APP-003729,34178.37,25225.88,60,15.39,11.7,663,0.1734,0,0.4155,auto,0
APP-003730,55070.39,35954.94,36,15.68,14.6,654,0.2211,0,0.8074,small_business,1
APP-003731,41194.14,16269.73,60,20.49,3.5,607,0.2278,0,0.8785,other,0
APP-003732,185785.4,13628.16,36,14.93,11.0,676,0.2557,2,0.2602,other,1
APP-003733,51048.66,3481.4,48,16.05,10.1,603,0.1172,0,0.6437,medical,1
APP-003734,51110.17,5695.16,24,12.31,6.1,735,0.5033,1,0.2724,medical,0
APP-003735,54403.47,11536.12,24,9.71,12.5,742,0.1167,1,0.227,debt_consolidation,0
APP-003736,68052.31,7656.34,60,17.6,5.8,622,0.2114,0,0.6492,other,1
APP-003737,55519.55,23250.91,36,15.23,8.8,638,0.2333,1,0.352,debt_consolidation,1
APP-003738,60983.39,6782.44,24,14.59,0.9,655,0.1553,0,0.5672,auto,1
APP-003739,18000.0,10841.62,36,11.16,1.1,678,0.1098,1,0.2097,small_business,1
APP-003740,66808.08,11091.44,36,10.52,11.8,695,0.1539,0,0.4185,home_improvement,0
APP-003741,65557.95,29162.97,36,11.74,9.0,707,0.2532,0,0.2315,debt_consolidation,0
APP-003742,107007.65,10189.63,36,10.4,5.9,706,0.0944,0,0.4706,debt_consolidation,0
APP-003743,121843.39,18850.66,36,11.28,15.1,770,0.0835,0,0.6147,other,0
APP-003744,59399.59,16242.94,48,16.54,15.0,684,0.2714,1,0.6233,medical,1
APP-003745,96175.75,24484.88,60,20.19,8.5,604,0.4205,1,0.3686,debt_consolidation,1
APP-003746,38307.06,23742.66,36,14.78,0.0,587,0.0788,0,0.4139,auto,1
APP-003747,93945.2,14221.48,60,8.94,6.0,775,0.3323,0,0.0875,debt_consolidation,0
APP-003748,49382.64,5421.1,36,13.48,2.8,710,0.2897,0,0.8263,other,0
APP-003749,36808.64,12676.36,36,11.36,6.9,692,0.2099,0,0.2979,debt_consolidation,1
APP-003750,59460.05,14333.14,60,14.98,2.3,706,0.3377,0,0.6763,debt_consolidation,0
APP-003751,127308.6,17116.35,48,16.76,1.1,689,0.3168,1,0.7797,debt_consolidation,1
APP-003752,70899.96,9453.33,24,9.16,0.0,705,0.1468,0,0.0655,medical,0
APP-003753,133313.24,28102.86,60,15.15,7.3,658,0.1662,1,0.7028,home_improvement,1
APP-003754,45376.56,14614.99,60,14.95,0.0,741,0.3045,0,0.8725,small_business,1
APP-003755,107485.48,8501.65,36,12.79,5.1,650,0.2103,0,0.2366,home_improvement,0
APP-003756,47529.49,11115.9,36,18.26,9.6,628,0.2293,1,0.5483,home_improvement,1
APP-003757,72424.53,44376.2,60,17.22,3.3,582,0.4276,0,0.1372,debt_consolidation,1
APP-003758,72124.59,21316.64,60,15.45,1.6,666,0.3607,1,0.4885,debt_consolidation,0
APP-003759,89291.23,26635.73,48,10.33,6.2,754,0.057,0,0.3759,other,0
APP-003760,73313.35,7925.05,24,12.1,2.8,653,0.0679,0,0.5,debt_consolidation,0
APP-003761,45585.0,9724.3,60,20.71,7.3,600,0.3021,2,0.9293,other,1
APP-003762,99179.82,9766.16,36,11.74,1.9,697,0.2719,0,0.4005,debt_consolidation,0
APP-003763,149243.98,16136.71,60,16.61,6.0,642,0.6084,0,0.2198,debt_consolidation,0
APP-003764,49114.86,13108.06,48,12.49,4.9,770,0.1658,0,0.6043,debt_consolidation,0
APP-003765,26936.33,10916.13,48,10.7,6.4,742,0.1521,0,0.4103,debt_consolidation,0
APP-003766,82604.21,11739.84,36,15.09,13.9,606,0.3734,1,0.3084,small_business,1
APP-003767,55446.62,9148.67,36,16.17,7.4,670,0.4049,0,0.6423,medical,0
APP-003768,61035.64,13063.76,48,14.64,8.8,636,0.1785,0,0.3928,debt_consolidation,0
APP-003769,84889.69,27655.2,36,16.55,3.7,613,0.2095,0,0.526,auto,0
APP-003770,52212.34,6028.68,36,11.93,7.5,677,0.2294,0,0.1962,auto,0
APP-003771,57130.51,17727.32,36,15.71,5.3,727,0.2233,1,0.8216,other,0
APP-003772,61950.14,32284.99,60,14.65,6.6,675,0.1442,1,0.4984,other,0
APP-003773,131613.44,13038.42,36,12.06,9.4,650,0.1003,0,0.2498,auto,0
APP-003774,65944.97,10669.62,60,21.87,4.2,552,0.3898,0,0.7982,small_business,0
APP-003775,35918.91,24784.11,36,14.74,4.7,641,0.1669,2,0.3254,small_business,0
APP-003776,36611.62,8193.16,60,12.61,4.3,712,0.3738,0,0.2489,home_improvement,0
APP-003777,69492.42,14310.41,36,16.74,4.2,602,0.1197,0,0.6487,auto,0
APP-003778,37798.21,7933.06,36,10.02,7.3,754,0.1636,0,0.1784,debt_consolidation,0
APP-003779,30706.72,4901.25,36,14.38,4.9,646,0.2947,0,0.1919,small_business,0
APP-003780,88185.68,13276.53,24,14.64,13.2,691,0.2237,0,0.7008,other,0
APP-003781,90282.76,6968.36,60,13.18,18.6,657,0.1806,1,0.3016,debt_consolidation,1
APP-003782,54471.72,14402.18,60,18.69,3.9,612,0.4117,2,0.2788,small_business,0
APP-003783,74839.34,27684.31,60,10.59,7.8,706,0.1024,0,0.2303,other,0
APP-003784,71142.55,42504.79,60,14.03,11.2,645,0.2163,1,0.2555,debt_consolidation,1
APP-003785,86794.96,15308.31,60,13.3,5.3,632,0.2631,0,0.1381,medical,0
APP-003786,86892.11,26187.8,60,20.61,2.0,542,0.3116,0,0.6826,other,0
APP-003787,18608.32,18275.24,60,11.05,14.3,756,0.3637,0,0.4112,other,0
APP-003788,57913.34,11610.88,36,12.48,9.6,680,0.1851,1,0.5283,debt_consolidation,0
APP-003789,83344.39,4748.26,36,12.65,7.9,744,0.2211,0,0.3553,home_improvement,0
APP-003790,53376.37,37244.87,48,13.34,13.0,716,0.2031,0,0.3285,auto,0
APP-003791,66139.39,7890.58,60,14.24,10.0,744,0.3824,0,0.675,debt_consolidation,0
APP-003792,93197.72,32335.18,36,14.67,6.3,647,0.1607,1,0.3244,debt_consolidation,0
APP-003793,67574.55,19796.34,36,19.29,2.1,600,0.3681,1,0.6656,debt_consolidation,1
APP-003794,134046.75,8232.27,60,14.05,4.3,724,0.12,4,0.4086,debt_consolidation,0
APP-003795,111646.84,17376.31,36,15.0,11.9,688,0.108,1,0.7836,medical,1
APP-003796,61404.09,49960.72,36,13.62,9.6,653,0.1434,0,0.3864,auto,0
APP-003797,59105.57,35333.35,60,12.11,5.7,723,0.3247,1,0.4074,auto,0
APP-003798,18000.0,10770.11,48,14.27,14.4,698,0.1842,1,0.2562,small_business,1
APP-003799,55571.26,9594.59,36,10.56,5.8,717,0.1155,0,0.563,home_improvement,0
APP-003800,33947.6,15367.72,36,17.87,10.9,621,0.1688,0,0.7341,debt_consolidation,0
APP-003801,72282.17,13172.76,48,13.63,7.5,737,0.1681,1,0.9394,debt_consolidation,0
APP-003802,69948.92,29078.42,36,13.36,15.2,680,0.271,1,0.651,debt_consolidation,0
APP-003803,90776.28,22267.1,36,14.22,9.9,743,0.2449,3,0.3758,debt_consolidation,0
APP-003804,127076.48,5433.85,48,14.41,6.7,736,0.3359,1,0.61,debt_consolidation,0
APP-003805,64185.54,18919.26,60,12.51,5.7,720,0.3348,0,0.6274,debt_consolidation,0
APP-003806,194219.14,13069.43,24,14.56,6.4,674,0.1686,0,0.5269,debt_consolidation,0
APP-003807,72672.57,14815.46,36,10.95,3.2,721,0.0273,2,0.4078,auto,0
APP-003808,34656.43,16752.3,48,15.83,0.3,744,0.1943,0,0.8673,auto,0
APP-003809,49629.87,29061.42,36,10.19,7.9,715,0.2992,0,0.2743,other,0
APP-003810,54351.32,25566.13,36,11.33,4.1,692,0.211,0,0.2991,small_business,1
APP-003811,86367.23,9386.74,36,12.77,4.1,721,0.1501,0,0.4976,medical,0
APP-003812,41252.32,14015.36,36,16.69,6.1,650,0.2373,1,0.7568,debt_consolidation,1
APP-003813,56337.41,11178.66,60,10.45,6.7,768,0.3327,1,0.3436,medical,0
APP-003814,60164.83,5466.72,36,18.14,6.5,582,0.3491,0,0.4066,debt_consolidation,0
APP-003815,52420.06,13608.76,60,16.68,14.3,682,0.337,0,0.584,home_improvement,0
APP-003816,95953.78,42271.21,36,13.98,9.5,656,0.2422,0,0.364,home_improvement,1
APP-003817,88430.91,5371.8,60,17.28,16.0,643,0.1732,1,0.8673,home_improvement,0
APP-003818,113788.28,14299.05,36,12.16,4.5,698,0.3291,1,0.2147,debt_consolidation,0
APP-003819,55450.75,14035.48,60,15.42,10.0,615,0.2678,0,0.4101,auto,1
APP-003820,115769.43,17133.49,60,8.18,4.8,805,0.4015,0,0.2483,small_business,0
APP-003821,33773.24,8295.96,36,22.96,4.0,602,0.3887,1,0.9527,small_business,0
APP-003822,33380.2,6344.48,36,19.37,16.2,625,0.2132,1,0.8585,auto,0
APP-003823,36297.99,6517.96,60,15.7,3.0,619,0.3348,1,0.4453,medical,0
APP-003824,65288.04,31377.47,60,10.0,0.0,692,0.0827,0,0.2584,debt_consolidation,1
APP-003825,115761.12,8200.46,60,10.21,3.3,739,0.1164,0,0.2422,auto,0
APP-003826,48684.42,10852.58,36,14.06,0.0,711,0.3356,0,0.4114,medical,1
APP-003827,51706.03,49147.97,24,13.22,2.2,765,0.3616,0,0.7045,debt_consolidation,0
APP-003828,58597.89,9471.43,36,12.68,2.6,632,0.1325,0,0.2131,debt_consolidation,1
APP-003829,85570.86,17685.42,60,11.64,6.7,718,0.02,1,0.5513,other,0
APP-003830,51682.91,26874.0,24,17.08,0.0,662,0.5778,1,0.3865,auto,0
APP-003831,50317.21,26134.76,36,14.92,11.9,693,0.1411,0,0.6542,home_improvement,0
APP-003832,34076.14,6698.17,48,13.25,0.0,744,0.2017,1,0.5523,auto,0
APP-003833,49400.53,9586.96,36,18.76,5.9,582,0.2544,0,0.6406,home_improvement,1
APP-003834,114384.88,17279.48,60,6.46,5.0,795,0.2598,0,0.112,home_improvement,0
APP-003835,67899.71,44388.43,36,14.11,10.2,672,0.3343,0,0.4582,debt_consolidation,1
APP-003836,45570.34,9322.89,60,16.58,8.1,587,0.4286,0,0.2356,home_improvement,0
APP-003837,117652.62,10890.09,36,15.22,11.8,640,0.3739,0,0.3452,auto,1
APP-003838,49081.63,18495.03,48,13.49,4.9,686,0.0849,0,0.6469,debt_consolidation,0
APP-003839,128504.76,20770.85,36,16.15,4.4,640,0.0356,1,0.4947,small_business,0
APP-003840,127500.29,21513.83,36,15.79,8.4,561,0.0956,0,0.2859,debt_consolidation,0
APP-003841,66771.27,8875.21,36,11.6,11.1,686,0.2634,0,0.3887,auto,0
APP-003842,31660.93,10650.01,60,18.26,10.2,638,0.2742,1,0.6652,auto,0
APP-003843,195067.87,16430.5,36,10.21,7.9,718,0.1148,1,0.4519,auto,0
APP-003844,78279.03,30153.14,24,17.42,7.5,618,0.2401,0,0.6155,medical,0
APP-003845,55641.06,12626.88,60,9.56,6.3,811,0.2773,1,0.4517,other,0
APP-003846,102855.87,14313.65,36,14.01,8.3,710,0.1288,0,0.7258,medical,1
APP-003847,91057.63,7997.35,36,13.33,15.7,691,0.4164,0,0.0801,auto,0
APP-003848,121953.24,42726.54,36,12.49,5.4,716,0.339,0,0.2757,auto,0
APP-003849,47297.64,15857.16,36,15.72,4.9,574,0.1004,2,0.3802,debt_consolidation,1
APP-003850,75736.07,27092.22,24,15.35,4.5,651,0.1697,1,0.6845,debt_consolidation,1
APP-003851,36787.92,14753.63,36,13.5,8.3,783,0.4165,0,0.6481,home_improvement,0
APP-003852,89499.03,15235.12,24,13.5,0.0,661,0.2026,0,0.327,debt_consolidation,0
APP-003853,64288.03,6073.71,36,18.92,5.9,676,0.424,1,0.5344,home_improvement,0
APP-003854,74386.29,4164.96,48,18.27,10.5,653,0.4455,2,0.5029,home_improvement,1
APP-003855,60590.58,29971.7,60,10.17,4.1,765,0.2488,1,0.077,medical,0
APP-003856,57622.47,15171.56,24,15.26,7.3,666,0.2361,1,0.6114,debt_consolidation,0
APP-003857,42847.03,16344.26,36,12.14,16.0,607,0.0638,0,0.2091,small_business,0
APP-003858,94992.1,7026.56,60,7.53,8.0,830,0.1813,1,0.0403,home_improvement,0
APP-003859,132879.83,8588.05,36,14.16,0.0,600,0.1229,1,0.2801,auto,1
APP-003860,49758.76,26850.48,60,14.08,0.2,674,0.2073,1,0.7198,debt_consolidation,0
APP-003861,84782.29,39782.7,36,16.06,5.4,631,0.3116,0,0.7336,home_improvement,1
APP-003862,79984.7,10112.88,36,15.99,2.9,639,0.153,1,0.5445,debt_consolidation,0
APP-003863,65253.14,21404.67,36,14.35,7.0,619,0.102,2,0.3385,auto,0
APP-003864,31237.56,16189.5,48,15.31,5.2,649,0.2526,1,0.7316,home_improvement,0
APP-003865,34800.11,13520.97,36,17.53,11.7,737,0.2268,2,0.8305,other,0
APP-003866,44679.55,42448.22,36,15.4,1.6,570,0.2023,1,0.5018,debt_consolidation,1
APP-003867,23281.64,11148.35,24,14.12,5.6,753,0.4073,0,0.7869,medical,0
APP-003868,127771.31,29777.77,60,13.94,7.5,743,0.1582,1,0.5408,debt_consolidation,0
APP-003869,77547.05,18090.27,36,11.99,8.0,710,0.299,0,0.2452,auto,0
APP-003870,64071.9,14358.65,60,18.26,7.2,687,0.2518,0,0.7263,home_improvement,0
APP-003871,22716.1,32134.13,36,15.01,0.0,696,0.268,0,0.5632,home_improvement,0
APP-003872,27083.62,17157.35,36,10.12,6.9,763,0.4633,0,0.2557,debt_consolidation,0
APP-003873,64926.99,13711.31,36,17.06,5.8,579,0.3053,0,0.1735,debt_consolidation,0
APP-003874,167372.6,32272.81,60,10.78,10.4,722,0.194,0,0.4022,debt_consolidation,0
APP-003875,46480.74,29925.79,24,13.7,9.8,637,0.219,0,0.291,other,1
APP-003876,98397.0,29115.99,36,12.5,7.6,728,0.235,1,0.6454,home_improvement,0
APP-003877,51626.45,1520.78,60,13.85,7.9,644,0.1296,1,0.4643,debt_consolidation,0
APP-003878,66746.52,18717.35,36,17.22,12.6,721,0.3422,2,0.762,other,1
APP-003879,116446.92,16398.28,36,16.48,11.7,590,0.3179,0,0.4674,debt_consolidation,0
APP-003880,55054.88,14209.74,36,17.97,7.7,582,0.1908,2,0.8562,home_improvement,1
APP-003881,46671.65,20652.18,60,14.38,16.2,673,0.1576,1,0.4582,auto,0
APP-003882,128388.54,16865.53,36,9.91,3.7,763,0.2561,0,0.3364,other,0
APP-003883,66437.06,21483.32,60,12.42,1.2,711,0.1718,0,0.3343,auto,0
APP-003884,109745.68,12412.83,60,12.28,6.5,711,0.2972,1,0.3664,home_improvement,0
APP-003885,46780.56,34573.7,36,11.33,4.8,730,0.1216,1,0.2104,other,0
APP-003886,127688.14,22781.21,36,15.65,0.0,657,0.3456,0,0.3411,debt_consolidation,1
APP-003887,74123.18,19862.11,60,10.43,3.6,715,0.187,0,0.088,other,0
APP-003888,80084.74,19307.58,60,14.67,8.0,646,0.4245,1,0.3159,small_business,1
APP-003889,69239.35,28371.12,60,11.93,6.2,662,0.1844,1,0.0443,other,1
APP-003890,50996.62,26225.38,24,15.26,3.0,669,0.249,1,0.3424,debt_consolidation,1
APP-003891,64947.52,13581.94,60,11.99,6.7,648,0.1054,0,0.3016,debt_consolidation,0
APP-003892,52559.4,25752.42,60,13.04,7.1,676,0.2009,0,0.8191,auto,0
APP-003893,103024.76,16040.21,60,14.99,9.7,665,0.25,0,0.7094,medical,0
APP-003894,58963.57,44078.24,36,16.47,3.6,639,0.2787,1,0.7104,medical,1
APP-003895,31691.98,27407.89,60,16.31,10.4,672,0.4045,1,0.6169,other,1
APP-003896,29028.09,10087.48,60,10.45,1.6,689,0.0853,1,0.3919,auto,0
APP-003897,28376.53,50000.0,60,19.7,4.2,616,0.3935,3,0.3666,debt_consolidation,1
APP-003898,87445.28,4284.34,60,12.39,14.1,704,0.2909,0,0.1746,home_improvement,0
APP-003899,37399.79,20985.14,60,11.06,1.9,651,0.0847,1,0.1615,debt_consolidation,0
APP-003900,75070.56,9682.55,36,14.91,3.5,691,0.4594,0,0.4835,debt_consolidation,1
APP-003901,69403.9,43198.82,36,13.22,0.9,641,0.2595,0,0.3012,debt_consolidation,1
APP-003902,63012.12,16789.88,36,11.48,2.8,741,0.2132,0,0.3818,small_business,0
APP-003903,80223.92,9149.94,60,12.7,7.1,735,0.4165,0,0.5556,auto,0
APP-003904,70131.56,12423.4,36,13.51,9.7,619,0.053,0,0.5275,medical,1
APP-003905,18000.0,9583.74,48,13.21,6.4,710,0.3518,0,0.3608,home_improvement,0
APP-003906,55648.06,12143.55,60,7.4,5.0,764,0.0826,0,0.309,auto,0
APP-003907,79713.33,11983.53,60,16.05,0.9,625,0.2557,0,0.1553,small_business,0
APP-003908,142839.7,9379.05,60,13.17,3.2,630,0.2712,0,0.1791,other,0
APP-003909,146040.93,16958.78,60,12.31,0.0,723,0.1683,0,0.4308,medical,0
APP-003910,33786.96,18193.4,36,16.0,9.8,604,0.1062,2,0.1967,small_business,0
APP-003911,54955.24,8135.94,36,12.39,10.1,635,0.166,1,0.2716,medical,1
APP-003912,30650.6,5541.99,36,15.38,6.3,621,0.295,1,0.2563,home_improvement,1
APP-003913,134818.86,17365.81,60,11.55,8.5,723,0.3644,1,0.2364,other,0
APP-003914,105695.07,19740.31,36,15.77,10.4,640,0.1141,1,0.4597,home_improvement,0
APP-003915,76912.58,22146.39,36,10.97,7.0,663,0.1156,0,0.1047,home_improvement,0
APP-003916,70394.34,19961.99,60,18.28,12.8,637,0.2346,1,0.6841,debt_consolidation,1
APP-003917,126101.89,36101.14,36,15.09,1.9,747,0.1316,1,0.793,medical,0
APP-003918,116259.34,25853.55,60,16.49,4.9,630,0.1144,0,0.4591,medical,0
APP-003919,113323.75,50000.0,36,12.77,4.4,598,0.0731,0,0.2973,auto,0
APP-003920,80930.73,50000.0,60,14.88,9.4,596,0.3277,1,0.1684,home_improvement,1
APP-003921,54968.36,5230.2,36,11.75,0.0,720,0.4119,1,0.2452,debt_consolidation,0
APP-003922,93935.39,4054.42,60,12.38,13.0,724,0.1904,1,0.2238,other,1
APP-003923,96167.11,14437.97,60,15.69,9.0,752,0.4075,0,0.8012,home_improvement,0
APP-003924,59316.13,19425.83,36,17.16,14.4,607,0.1787,3,0.2327,other,1
APP-003925,54915.07,13875.65,36,16.21,6.3,667,0.3264,0,0.5557,debt_consolidation,1
APP-003926,111986.42,21806.88,60,8.66,4.0,821,0.2488,0,0.5114,medical,0
APP-003927,144483.17,12396.43,36,14.92,9.5,662,0.194,1,0.4974,medical,0
APP-003928,45362.12,9695.45,60,16.05,11.1,647,0.1399,1,0.6282,small_business,1
APP-003929,57280.86,10583.24,36,11.78,3.3,679,0.2074,0,0.156,debt_consolidation,0
APP-003930,76925.33,12910.63,60,12.6,0.0,711,0.1061,1,0.6815,other,0
APP-003931,82101.38,23650.54,36,15.05,0.0,710,0.074,1,0.6622,medical,0
APP-003932,50584.81,10933.58,48,12.68,7.7,644,0.1977,0,0.3905,medical,1
APP-003933,160529.41,12262.51,36,17.03,13.4,646,0.3029,1,0.6978,medical,0
APP-003934,79598.32,20183.68,36,16.14,0.6,663,0.2585,0,0.4314,debt_consolidation,0
APP-003935,83885.38,12920.91,36,17.02,5.3,638,0.1831,4,0.2237,home_improvement,1
APP-003936,151207.28,27711.31,60,15.91,4.9,608,0.3149,1,0.4494,debt_consolidation,1
APP-003937,52396.39,8506.54,60,10.17,15.1,785,0.4172,0,0.6721,home_improvement,0
APP-003938,62298.66,7501.16,60,13.1,16.7,656,0.262,0,0.3978,auto,0
APP-003939,35615.92,17302.2,60,11.7,8.4,660,0.1821,0,0.0681,home_improvement,0
APP-003940,59839.09,18331.78,48,17.64,10.5,661,0.2993,0,0.9005,debt_consolidation,1
APP-003941,31807.5,8779.96,36,14.37,10.4,675,0.1259,2,0.501,debt_consolidation,0
APP-003942,93070.28,31608.75,60,14.86,0.7,705,0.4359,0,0.3817,debt_consolidation,0
APP-003943,79518.18,44283.49,36,12.53,9.6,653,0.1261,0,0.2688,debt_consolidation,1
APP-003944,56905.61,10074.36,36,11.71,1.9,746,0.1177,0,0.4946,medical,0
APP-003945,61941.1,34356.22,60,15.41,5.7,715,0.2285,2,0.5894,debt_consolidation,1
APP-003946,93680.6,3641.92,60,11.14,11.6,669,0.2322,1,0.3183,other,0
APP-003947,37682.85,27066.42,36,15.18,6.9,641,0.2387,1,0.3508,debt_consolidation,0
APP-003948,71692.62,8816.69,36,11.45,11.5,743,0.2536,1,0.3645,debt_consolidation,0
APP-003949,90935.64,25540.64,48,12.99,12.3,671,0.3188,0,0.1113,other,0
APP-003950,27629.82,8302.93,60,15.48,0.0,608,0.1699,1,0.3796,debt_consolidation,0
APP-003951,90301.81,13935.31,36,6.67,0.0,739,0.18,0,0.0555,home_improvement,0
APP-003952,29102.88,9063.74,60,15.55,11.7,638,0.1355,1,0.473,other,0
APP-003953,61432.68,12808.36,36,12.64,11.9,730,0.1225,0,0.6025,other,0
APP-003954,37187.01,41909.17,36,15.08,7.7,534,0.2766,1,0.0556,auto,1
APP-003955,129203.11,13620.07,48,16.6,8.3,659,0.3911,0,0.2306,debt_consolidation,1
APP-003956,37299.1,49309.84,36,15.23,10.5,747,0.4425,0,0.6025,medical,0
APP-003957,29438.29,11592.72,60,12.81,10.4,680,0.41,0,0.241,other,0
APP-003958,69296.63,34445.29,24,8.53,5.1,715,0.0931,0,0.2482,other,0
APP-003959,53293.26,5647.69,60,15.29,10.8,628,0.2182,2,0.1918,debt_consolidation,0
APP-003960,31569.04,12280.02,36,11.2,4.9,700,0.1384,0,0.2817,home_improvement,0
APP-003961,83661.47,10624.95,60,13.92,7.6,680,0.1221,2,0.3241,debt_consolidation,0
APP-003962,24989.8,35375.44,60,11.96,7.4,694,0.1979,1,0.1015,debt_consolidation,0
APP-003963,39527.3,16144.72,36,10.03,2.6,798,0.1438,1,0.4478,auto,0
APP-003964,49317.67,4319.16,60,12.02,3.2,756,0.3271,1,0.6116,debt_consolidation,0
APP-003965,95531.31,6782.01,36,13.1,16.6,726,0.2208,2,0.4664,home_improvement,0
APP-003966,121051.02,8059.12,36,11.58,2.5,727,0.2114,0,0.3481,debt_consolidation,0
APP-003967,110357.24,24925.66,60,19.32,8.2,627,0.5903,3,0.283,home_improvement,0
APP-003968,60389.54,23128.21,60,15.93,9.1,653,0.2897,1,0.353,debt_consolidation,0
APP-003969,20272.78,12181.48,60,18.82,6.3,591,0.3756,2,0.1467,home_improvement,0
APP-003970,78413.55,10548.81,60,16.82,9.5,606,0.2684,0,0.6753,debt_consolidation,0
APP-003971,131665.24,21969.47,36,15.47,8.0,629,0.2479,0,0.4487,other,0
APP-003972,117519.78,7530.98,36,14.7,2.6,678,0.2826,0,0.6587,debt_consolidation,0
APP-003973,81174.63,18908.22,24,14.56,8.9,609,0.1213,0,0.4528,medical,1
APP-003974,36723.83,17997.07,36,12.32,4.0,678,0.1727,1,0.5498,debt_consolidation,0
APP-003975,50513.46,12365.21,48,16.66,14.3,671,0.3705,1,0.5073,debt_consolidation,1
APP-003976,164451.91,18261.63,36,20.75,8.4,614,0.5024,0,0.2564,debt_consolidation,1
APP-003977,32929.11,15384.54,48,12.25,3.3,768,0.0551,1,0.8107,debt_consolidation,0
APP-003978,37465.61,19349.22,24,20.23,8.0,603,0.2491,0,0.606,debt_consolidation,0
APP-003979,102187.77,6688.36,36,12.41,2.3,745,0.1844,1,0.3277,home_improvement,0
APP-003980,52848.58,20708.82,60,15.16,7.7,549,0.0725,0,0.3443,auto,0
APP-003981,36860.66,26300.22,36,15.88,5.5,672,0.1687,1,0.6843,debt_consolidation,1
APP-003982,135343.15,17466.77,60,15.27,2.8,611,0.0422,0,0.4483,home_improvement,0
APP-003983,81100.91,20549.85,60,15.16,2.7,642,0.3861,0,0.1062,medical,0
APP-003984,54115.61,13604.43,36,9.09,17.5,785,0.1379,2,0.3872,debt_consolidation,0
APP-003985,37502.79,24315.68,60,13.73,6.9,660,0.1176,0,0.4848,home_improvement,0
APP-003986,173667.48,15059.24,60,15.64,4.6,616,0.2364,0,0.063,debt_consolidation,0
APP-003987,64241.56,7450.96,24,11.33,3.8,708,0.1354,2,0.4893,debt_consolidation,0
APP-003988,127116.6,23333.12,60,15.51,8.6,659,0.1911,0,0.4941,home_improvement,1
APP-003989,99816.29,5620.07,36,15.51,3.6,689,0.2319,1,0.469,other,0
APP-003990,50620.39,17084.32,36,12.11,1.6,627,0.0784,1,0.3737,other,1
APP-003991,50814.18,11603.41,48,13.09,6.4,630,0.2807,0,0.1327,other,0
APP-003992,130140.99,11181.22,60,15.33,6.3,634,0.1385,0,0.6696,home_improvement,1
APP-003993,131157.07,16021.03,60,15.72,4.6,726,0.2871,1,0.7006,debt_consolidation,0
APP-003994,26402.73,9609.59,60,13.37,2.5,667,0.1727,0,0.4248,debt_consolidation,0
APP-003995,84629.41,19515.87,60,17.17,4.7,619,0.0767,3,0.7142,debt_consolidation,0
APP-003996,61326.02,14985.61,48,13.75,4.4,689,0.0586,1,0.6645,debt_consolidation,1
APP-003997,39582.7,10136.25,36,12.27,3.8,685,0.2468,0,0.1472,debt_consolidation,0
APP-003998,73701.67,31509.62,24,17.09,7.7,713,0.4473,1,0.8285,home_improvement,1
APP-003999,34007.49,16328.67,36,13.63,16.5,652,0.1319,0,0.1045,debt_consolidation,0
APP-004000,51960.75,20905.52,60,14.33,12.5,676,0.104,1,0.6264,debt_consolidation,1
APP-004001,44305.99,32975.67,36,16.01,15.2,704,0.3243,1,0.5933,auto,1
APP-004002,51135.93,32663.3,36,18.19,3.9,621,0.4127,2,0.6049,home_improvement,0
APP-004003,62807.69,20296.01,36,13.09,14.0,731,0.2589,0,0.5486,other,0
APP-004004,39921.51,12165.53,36,14.69,7.5,681,0.1156,0,0.9202,debt_consolidation,1
APP-004005,138312.17,6327.6,36,13.23,10.9,616,0.092,1,0.2237,medical,0
APP-004006,82365.22,16346.75,36,21.59,8.6,616,0.4614,1,0.6368,debt_consolidation,1
APP-004007,153819.14,27357.96,24,16.17,5.0,674,0.4447,1,0.5558,home_improvement,0
APP-004008,60192.57,17808.06,36,16.96,9.7,648,0.324,0,0.7948,debt_consolidation,0
APP-004009,49947.28,1966.57,36,7.0,8.7,724,0.0287,0,0.2733,debt_consolidation,0
APP-004010,151173.29,24017.55,60,15.62,0.0,663,0.3647,1,0.5666,medical,0
APP-004011,49250.45,24888.81,36,12.6,5.9,698,0.3345,1,0.4823,debt_consolidation,1
APP-004012,59668.67,12175.67,36,17.35,10.4,631,0.1076,1,0.6233,debt_consolidation,1
APP-004013,91836.52,25723.33,36,12.66,7.7,679,0.1944,0,0.269,other,0
APP-004014,35883.55,20871.17,48,11.52,8.6,756,0.302,0,0.2756,debt_consolidation,1
APP-004015,91451.49,9743.05,36,17.64,3.1,671,0.295,0,0.8815,medical,0
APP-004016,86004.0,30310.78,36,16.41,7.7,648,0.2407,1,0.8116,medical,1
APP-004017,119541.48,6951.88,60,17.84,6.1,630,0.3492,1,0.4127,debt_consolidation,0
APP-004018,99644.48,14026.48,60,10.18,5.6,679,0.0464,0,0.1956,home_improvement,0
APP-004019,121313.35,13237.94,36,14.48,3.4,762,0.5425,2,0.2731,debt_consolidation,0
APP-004020,61644.55,8983.54,48,13.56,10.6,601,0.2562,1,0.4081,auto,0
APP-004021,42961.55,17293.82,24,10.54,8.1,677,0.1617,2,0.0612,debt_consolidation,0
APP-004022,178963.21,31005.44,24,19.99,7.6,581,0.2878,2,0.7867,debt_consolidation,0
APP-004023,31236.07,29899.42,24,16.29,15.7,656,0.4049,1,0.3282,debt_consolidation,0
APP-004024,32774.83,22062.38,60,10.85,8.6,695,0.2066,0,0.4468,other,1
APP-004025,85255.17,5422.26,36,17.72,11.9,588,0.261,0,0.0846,small_business,0
APP-004026,141794.75,6681.19,36,15.43,7.7,654,0.097,0,0.5451,other,0
APP-004027,71191.38,15967.04,24,18.07,4.9,697,0.3904,0,0.7878,auto,1
APP-004028,105009.73,14214.92,24,18.43,1.7,688,0.3605,1,0.7034,auto,0
APP-004029,24938.23,10861.91,36,17.03,7.6,700,0.4292,0,0.7303,home_improvement,1
APP-004030,51141.98,43782.58,36,14.76,0.0,623,0.391,0,0.3092,other,1
APP-004031,26440.38,15418.18,48,12.1,7.7,697,0.2094,1,0.1319,medical,0
APP-004032,94536.36,19860.8,36,16.93,7.9,645,0.4421,1,0.482,home_improvement,0
APP-004033,30929.68,25716.35,36,14.94,5.5,721,0.3174,1,0.7264,auto,0
APP-004034,35199.58,14969.65,60,23.8,6.1,546,0.5143,1,0.6596,medical,0
APP-004035,83189.35,50000.0,36,13.62,0.9,663,0.2632,1,0.3187,debt_consolidation,1
APP-004036,108208.83,8404.21,36,11.64,12.7,686,0.2167,0,0.3116,home_improvement,0
APP-004037,60224.7,10202.44,60,12.1,5.0,758,0.4215,0,0.1721,debt_consolidation,0
APP-004038,85461.85,8392.26,60,12.2,2.1,685,0.3731,1,0.0989,small_business,0
APP-004039,84143.66,35891.14,36,11.57,9.0,691,0.0783,2,0.2555,home_improvement,0
APP-004040,58614.52,23089.05,36,13.01,7.0,702,0.3317,0,0.3504,small_business,0
APP-004041,38433.47,10575.51,36,11.39,4.9,753,0.212,0,0.4182,home_improvement,0
APP-004042,85245.48,8785.48,24,15.95,4.4,658,0.317,0,0.4351,small_business,1
APP-004043,87240.9,32374.96,60,18.04,6.5,599,0.3373,0,0.7,debt_consolidation,0
APP-004044,99835.02,17884.38,48,14.78,12.6,588,0.1101,0,0.644,other,0
APP-004045,75503.51,32857.86,24,15.59,8.6,719,0.4671,0,0.3925,home_improvement,0
APP-004046,37095.93,14002.87,36,8.81,6.3,693,0.2787,0,0.1282,debt_consolidation,0
APP-004047,90536.27,19508.28,36,14.82,10.3,665,0.2684,0,0.4286,debt_consolidation,0
APP-004048,64956.92,17258.08,36,12.47,6.6,646,0.1366,0,0.2175,debt_consolidation,1
APP-004049,51556.24,10096.25,36,15.87,8.3,690,0.2264,1,0.7348,home_improvement,1
APP-004050,56427.81,13337.04,36,15.46,7.2,692,0.4371,1,0.3512,auto,0
APP-004051,46668.24,7295.46,60,11.26,9.2,708,0.241,0,0.2611,other,0
APP-004052,99587.06,19312.08,60,19.64,4.5,616,0.4992,0,0.7015,auto,0
APP-004053,32907.22,22548.6,60,16.78,1.4,578,0.2234,0,0.33,medical,1
APP-004054,40346.88,25750.19,60,15.76,10.6,627,0.094,2,0.4382,home_improvement,1
APP-004055,55510.73,21343.45,60,14.86,13.3,602,0.3017,2,0.4651,small_business,0
APP-004056,141032.12,13460.87,60,18.1,1.6,599,0.2651,0,0.6948,small_business,1
APP-004057,107817.71,35669.34,36,9.29,7.3,771,0.1103,0,0.2806,debt_consolidation,0
APP-004058,29570.69,24329.45,36,16.05,4.5,549,0.0697,0,0.4894,other,0
APP-004059,124341.76,32443.67,36,11.14,10.5,707,0.0905,0,0.3151,home_improvement,1
APP-004060,124226.81,33646.03,48,13.06,7.6,733,0.2399,1,0.3376,small_business,1
APP-004061,36997.98,13481.26,60,11.9,21.5,737,0.2293,0,0.4859,other,0
APP-004062,19377.01,18158.14,36,13.59,5.1,696,0.2747,1,0.3461,auto,0
APP-004063,62785.3,22723.43,60,6.72,13.4,757,0.1009,0,0.2335,debt_consolidation,0
APP-004064,111402.64,7445.77,60,10.72,13.9,783,0.2933,0,0.5008,medical,0
APP-004065,139517.91,7542.13,48,13.07,8.9,662,0.0655,0,0.4049,debt_consolidation,0
APP-004066,42793.67,6824.7,36,12.48,6.7,706,0.1644,0,0.6088,small_business,0
APP-004067,150706.95,13618.79,36,12.71,6.9,754,0.2856,1,0.6273,debt_consolidation,0
APP-004068,22308.77,11951.12,36,16.9,6.5,630,0.3408,1,0.3302,auto,0
APP-004069,54473.97,6305.74,36,14.29,11.6,666,0.0766,2,0.428,other,1
APP-004070,53203.6,15812.12,48,15.17,2.6,644,0.2315,1,0.299,debt_consolidation,0
APP-004071,113013.7,13717.74,36,9.25,5.8,707,0.1679,0,0.3069,home_improvement,0
APP-004072,121215.8,28784.81,36,17.45,5.2,570,0.1459,1,0.3847,auto,0
APP-004073,102761.9,46603.54,36,10.98,0.0,763,0.131,1,0.8757,home_improvement,0
APP-004074,33991.93,18894.86,48,13.86,10.4,711,0.2943,0,0.6384,debt_consolidation,0
APP-004075,98341.33,9680.4,36,13.32,11.3,714,0.2056,0,0.2398,debt_consolidation,0
APP-004076,82990.61,21099.49,60,20.81,3.6,543,0.2645,2,0.4711,home_improvement,1
APP-004077,29142.42,14578.45,24,19.04,11.1,620,0.2871,2,0.6417,auto,1
APP-004078,24100.21,12614.87,60,9.42,0.0,766,0.3264,1,0.181,medical,0
APP-004079,106977.88,8797.08,24,17.26,6.6,670,0.2146,0,0.7089,debt_consolidation,1
APP-004080,59616.93,11077.33,36,21.57,5.9,580,0.2629,2,0.8696,home_improvement,1
APP-004081,35075.39,13079.29,60,10.88,6.9,693,0.2941,0,0.464,home_improvement,0
APP-004082,58818.99,23115.99,60,9.92,6.9,719,0.2836,0,0.1311,debt_consolidation,0
APP-004083,77410.85,19502.52,48,13.34,6.2,711,0.3173,0,0.4044,auto,0
APP-004084,62465.77,41803.61,60,15.53,4.8,671,0.2048,1,0.7013,debt_consolidation,1
APP-004085,30859.17,21440.14,36,11.53,6.0,746,0.2467,0,0.2439,medical,0
APP-004086,160686.39,18545.73,60,9.81,12.6,639,0.0236,0,0.1285,other,0
APP-004087,105257.73,12140.36,36,11.66,3.9,711,0.1322,0,0.4221,medical,0
APP-004088,55335.03,7944.03,60,12.54,16.6,688,0.1232,0,0.6158,medical,1
APP-004089,56415.38,10418.79,60,13.83,3.6,672,0.2979,0,0.3112,debt_consolidation,0
APP-004090,77241.84,9662.4,60,13.46,7.6,658,0.2671,1,0.2532,debt_consolidation,1
APP-004091,37794.7,3283.21,60,18.68,9.1,660,0.3989,2,0.7035,debt_consolidation,1
APP-004092,75889.02,8077.98,60,17.63,5.2,682,0.291,0,0.7317,small_business,1
APP-004093,34316.82,36723.99,36,13.28,12.7,663,0.2575,0,0.5897,small_business,0
APP-004094,62836.17,17956.22,36,14.44,9.0,723,0.2417,1,0.2917,debt_consolidation,0
APP-004095,37094.66,11655.34,60,19.81,5.6,649,0.2178,1,0.4949,debt_consolidation,0
APP-004096,38004.59,18270.12,48,7.9,12.7,771,0.1376,0,0.2793,debt_consolidation,0
APP-004097,143213.16,4670.07,36,14.74,1.9,646,0.0823,0,0.3772,medical,1
APP-004098,66874.36,17077.56,60,12.95,4.0,733,0.2362,0,0.4604,auto,1
APP-004099,71804.16,30419.81,24,14.92,9.0,736,0.4114,3,0.2448,auto,0
APP-004100,24752.46,13516.37,60,12.47,10.1,690,0.316,1,0.2458,other,0
APP-004101,48804.69,5188.24,60,13.19,8.0,684,0.2822,1,0.4205,debt_consolidation,1
APP-004102,81106.99,11405.13,36,17.21,5.9,638,0.4636,0,0.5607,auto,0
APP-004103,71348.24,30451.05,24,15.92,5.4,650,0.2669,0,0.7007,medical,1
APP-004104,23114.33,16846.68,60,11.4,11.6,693,0.2,1,0.3568,debt_consolidation,1
APP-004105,71794.9,6369.55,36,13.21,7.6,677,0.3627,0,0.3369,other,0
APP-004106,77504.46,50000.0,60,13.37,2.6,749,0.1917,2,0.45,debt_consolidation,0
APP-004107,120372.73,7007.21,24,16.71,2.3,654,0.1334,0,0.6441,auto,0
APP-004108,47459.48,12594.4,36,12.12,13.3,657,0.2117,0,0.2899,auto,0
APP-004109,22157.9,7944.38,24,19.51,3.3,583,0.1344,0,0.5097,other,0
APP-004110,40283.31,7950.76,60,11.71,7.7,717,0.3241,0,0.5136,medical,0
APP-004111,38389.96,11155.15,48,10.58,12.6,712,0.0845,1,0.4944,debt_consolidation,0
APP-004112,92573.93,20970.48,60,8.21,8.9,737,0.321,0,0.1457,small_business,0
APP-004113,18000.0,30650.74,60,9.35,3.1,740,0.3335,0,0.3172,small_business,0
APP-004114,52414.13,11590.33,48,14.95,1.9,726,0.2922,0,0.6167,medical,1
APP-004115,128865.48,8070.9,36,13.28,14.9,728,0.3768,1,0.4537,small_business,0
APP-004116,65225.42,19139.6,36,13.76,1.8,715,0.2979,1,0.4856,debt_consolidation,0
APP-004117,99944.93,19467.91,60,11.5,4.0,724,0.0989,0,0.6335,medical,0
APP-004118,29557.1,16669.27,36,17.88,8.2,573,0.4109,0,0.5532,other,1
APP-004119,30127.32,17014.7,60,14.84,5.5,616,0.1992,1,0.5979,debt_consolidation,0
APP-004120,129575.49,13583.56,60,14.69,9.1,607,0.4198,0,0.4018,home_improvement,0
APP-004121,68235.89,15349.4,48,12.48,0.0,754,0.2677,3,0.3973,other,0
APP-004122,68303.36,13050.04,48,18.18,5.6,635,0.478,0,0.5178,small_business,1
APP-004123,38003.33,26974.45,60,14.53,9.5,644,0.2884,1,0.4269,other,0
APP-004124,68221.69,50000.0,60,12.5,9.6,680,0.2109,0,0.8004,home_improvement,1
APP-004125,37499.86,16092.41,60,17.16,3.9,608,0.1133,1,0.5308,other,0
APP-004126,114902.63,14444.83,36,14.48,1.9,702,0.097,0,0.7378,debt_consolidation,0
APP-004127,240746.86,16819.66,36,16.66,7.5,556,0.4468,0,0.2424,medical,0
APP-004128,81996.7,9900.19,36,13.95,0.6,612,0.3014,0,0.292,home_improvement,0
APP-004129,47923.84,22597.43,60,13.19,12.3,692,0.192,0,0.3843,small_business,0
APP-004130,19263.87,18728.21,48,12.81,7.2,608,0.1633,1,0.3319,other,0
APP-004131,28957.94,11362.02,60,11.99,3.4,755,0.4911,0,0.5535,auto,0
APP-004132,137101.42,24467.54,24,16.81,1.8,683,0.3187,0,0.6045,auto,0
APP-004133,39661.27,14660.59,60,13.59,3.7,746,0.3586,0,0.7892,home_improvement,0
APP-004134,54401.22,8260.75,36,10.94,0.0,701,0.1009,0,0.3523,medical,0
APP-004135,89027.36,17780.09,60,10.12,8.7,679,0.1147,0,0.3223,medical,0
APP-004136,132407.78,16636.59,24,16.42,2.9,622,0.0615,2,0.417,debt_consolidation,1
APP-004137,59061.87,25309.79,60,10.52,8.3,734,0.3753,0,0.0899,medical,0
APP-004138,53524.91,23486.97,60,15.95,8.9,706,0.395,1,0.464,other,1
APP-004139,67273.43,13609.9,36,10.14,10.8,801,0.3045,0,0.6161,auto,0
APP-004140,48092.25,11026.91,36,11.85,7.6,728,0.1749,1,0.6914,small_business,1
APP-004141,49350.8,14514.67,36,15.31,11.6,657,0.3836,3,0.1104,home_improvement,0
APP-004142,79208.98,17901.2,36,8.34,12.7,697,0.1211,0,0.0535,medical,0
APP-004143,71045.97,19196.47,36,10.02,7.7,704,0.1988,0,0.1887,debt_consolidation,0
APP-004144,180830.08,17269.95,36,11.32,7.9,747,0.3612,1,0.3742,home_improvement,0
APP-004145,80241.01,13756.44,36,11.18,4.0,757,0.3611,0,0.6058,home_improvement,0
APP-004146,112949.08,25849.79,36,14.29,2.1,671,0.1767,0,0.4717,debt_consolidation,0
APP-004147,38867.96,9806.58,60,15.73,12.3,609,0.0876,0,0.547,debt_consolidation,0
APP-004148,83635.06,50000.0,36,18.83,9.2,572,0.2775,2,0.6541,auto,0
APP-004149,45940.92,22572.43,36,18.86,9.6,614,0.2476,0,0.5859,home_improvement,1
APP-004150,78586.89,7539.89,60,14.53,3.8,646,0.1955,1,0.5458,home_improvement,0
APP-004151,90456.97,16144.54,36,10.61,13.8,767,0.1133,0,0.5003,debt_consolidation,0
APP-004152,66574.68,22698.64,60,5.86,5.5,768,0.192,0,0.3186,medical,0
APP-004153,206418.08,11840.37,60,12.13,2.9,736,0.2148,0,0.6569,home_improvement,0
APP-004154,129000.66,6091.93,60,9.26,3.9,751,0.2485,0,0.5428,home_improvement,0
APP-004155,114373.0,7936.65,36,16.63,13.6,639,0.435,1,0.5226,medical,0
APP-004156,93807.48,19857.12,36,18.49,1.5,592,0.2902,2,0.4017,debt_consolidation,0
APP-004157,151532.55,5240.78,60,14.38,3.1,622,0.0594,2,0.2619,other,1
APP-004158,32610.75,6255.92,60,15.14,19.5,562,0.3154,0,0.0924,debt_consolidation,0
APP-004159,125477.09,19796.65,36,15.59,10.7,615,0.2709,2,0.1568,home_improvement,1
APP-004160,40390.31,12744.12,48,11.57,3.2,651,0.079,0,0.1481,debt_consolidation,0
APP-004161,49575.88,9685.17,60,10.3,1.6,690,0.2353,0,0.1259,medical,0
APP-004162,85102.43,10883.02,60,14.3,0.0,688,0.1298,1,0.5567,debt_consolidation,0
APP-004163,117487.62,6178.51,36,13.77,6.9,640,0.2894,0,0.1686,other,1
APP-004164,37362.61,19204.25,36,12.33,9.8,713,0.3324,0,0.4318,home_improvement,0
APP-004165,50823.85,9082.54,36,17.68,13.3,641,0.1179,1,0.6224,auto,1
APP-004166,68115.35,10627.15,36,14.88,0.0,681,0.4355,0,0.485,debt_consolidation,0
APP-004167,59437.87,17730.46,60,14.69,0.5,616,0.2297,1,0.4156,debt_consolidation,0
APP-004168,97936.83,12494.7,36,10.69,6.0,743,0.2106,0,0.1968,home_improvement,0
APP-004169,250000.0,9635.46,36,12.97,19.0,681,0.0986,0,0.4586,medical,1
APP-004170,79492.38,4573.48,36,7.55,10.5,719,0.1482,1,0.1483,home_improvement,0
APP-004171,45672.35,17944.0,60,10.77,8.2,609,0.1609,0,0.1212,other,0
APP-004172,34885.22,15179.78,60,10.48,1.0,690,0.02,0,0.2463,auto,0
APP-004173,55604.57,10740.95,60,11.92,0.0,713,0.3135,1,0.317,other,0
APP-004174,41391.16,7944.32,60,15.23,6.7,561,0.0816,0,0.2285,debt_consolidation,1
APP-004175,81354.09,14607.73,60,12.72,6.1,748,0.1284,1,0.8692,small_business,0
APP-004176,80749.98,19159.95,36,18.49,5.3,608,0.3935,1,0.4221,medical,0
APP-004177,52042.8,15345.91,36,14.84,4.8,692,0.3497,1,0.3228,medical,0
APP-004178,168538.75,37495.71,60,8.35,3.1,784,0.0361,1,0.7971,other,0
APP-004179,45666.85,21821.98,48,12.82,2.1,735,0.3382,0,0.7307,auto,0
APP-004180,61378.55,13625.25,36,15.39,12.8,594,0.1079,0,0.1387,other,1
APP-004181,88339.32,22250.19,60,15.74,2.5,670,0.3067,0,0.5829,auto,1
APP-004182,99740.68,14915.08,36,10.82,5.3,752,0.1359,0,0.4439,debt_consolidation,0
APP-004183,120015.87,14885.1,60,19.62,6.3,633,0.1546,1,0.7415,auto,1
APP-004184,79843.27,30754.6,48,15.29,9.7,659,0.1972,1,0.3445,home_improvement,1
APP-004185,107643.56,8613.02,24,12.96,2.7,658,0.2258,0,0.2372,other,0
APP-004186,47235.01,14697.37,60,9.45,10.9,713,0.1595,0,0.3315,small_business,0
APP-004187,100994.56,28909.79,60,17.68,3.9,591,0.3042,0,0.2555,debt_consolidation,1
APP-004188,100349.32,17346.02,48,16.19,5.8,716,0.2173,1,0.7513,debt_consolidation,0
APP-004189,134366.73,11705.96,48,14.08,13.9,644,0.387,0,0.0613,debt_consolidation,0
APP-004190,29181.59,5390.16,36,16.94,2.1,679,0.3534,0,0.4345,home_improvement,0
APP-004191,42053.36,3885.87,36,12.28,9.7,667,0.0453,0,0.3767,debt_consolidation,0
APP-004192,96495.36,48343.59,24,15.97,11.0,715,0.3571,0,0.8491,auto,1
APP-004193,18205.66,17341.21,36,12.57,7.9,679,0.0236,1,0.2284,medical,0
APP-004194,82314.74,10333.45,36,11.68,6.0,764,0.2778,1,0.3414,small_business,0
APP-004195,108103.96,17757.96,36,13.23,16.1,737,0.4541,0,0.2304,debt_consolidation,0
APP-004196,49290.29,8368.69,36,19.3,6.4,634,0.6944,0,0.8884,medical,1
APP-004197,52873.17,11965.79,36,9.1,7.4,759,0.1956,0,0.1429,debt_consolidation,0
APP-004198,38814.79,8401.44,36,11.28,5.0,699,0.1747,0,0.3665,other,0
APP-004199,50604.71,6388.18,36,13.31,7.2,690,0.4403,0,0.2676,debt_consolidation,0
APP-004200,51313.53,4277.02,60,10.06,10.8,729,0.0605,1,0.3459,debt_consolidation,0
APP-004201,46834.66,5740.28,60,15.47,5.3,620,0.2514,0,0.5304,debt_consolidation,0
APP-004202,45617.97,26219.29,60,19.9,0.0,600,0.3385,0,0.7265,small_business,1
APP-004203,57071.51,8180.53,24,14.59,8.8,681,0.3631,1,0.5707,debt_consolidation,1
APP-004204,56741.01,19774.36,60,13.69,1.6,645,0.3247,0,0.5014,medical,0
APP-004205,159807.6,25254.49,36,9.64,9.8,800,0.2596,0,0.4818,auto,0
APP-004206,53794.89,14640.11,36,19.47,6.5,636,0.2682,2,0.6255,small_business,1
APP-004207,76675.28,12194.43,60,12.18,10.7,682,0.2487,0,0.3134,debt_consolidation,0
APP-004208,49278.28,15663.01,36,13.71,2.2,691,0.294,2,0.281,debt_consolidation,1
APP-004209,48978.49,11387.42,60,12.52,4.1,751,0.3098,0,0.6309,home_improvement,0
APP-004210,28682.56,29148.87,60,19.17,5.0,622,0.1486,0,0.6441,debt_consolidation,0
APP-004211,30573.43,43057.58,36,17.06,0.0,587,0.1088,0,0.4763,auto,1
APP-004212,36416.72,33617.26,36,12.07,11.5,761,0.3426,0,0.6299,home_improvement,0
APP-004213,70991.61,4163.02,60,14.9,0.0,685,0.253,0,0.7095,home_improvement,0
APP-004214,108956.71,11253.43,36,10.86,11.4,727,0.317,0,0.3065,debt_consolidation,0
APP-004215,27571.66,14535.02,24,14.89,8.4,730,0.2653,1,0.4124,medical,0
APP-004216,49940.41,18967.41,36,9.36,5.6,740,0.2357,0,0.411,debt_consolidation,0
APP-004217,33726.36,5324.43,60,13.4,8.1,658,0.1537,1,0.504,auto,0
APP-004218,57256.1,5274.86,36,15.17,7.9,642,0.1572,0,0.4202,debt_consolidation,0
APP-004219,108935.57,30941.14,60,23.55,4.7,564,0.4663,0,0.7276,other,1
APP-004220,52451.23,10484.1,60,15.93,7.8,622,0.3401,0,0.3439,auto,1
APP-004221,63534.25,6119.33,36,13.05,9.8,684,0.4548,0,0.108,debt_consolidation,1
APP-004222,130698.99,7644.89,36,12.11,2.2,639,0.1494,0,0.0815,debt_consolidation,0
APP-004223,80978.18,18185.49,60,16.09,8.1,614,0.1501,0,0.5902,debt_consolidation,1
APP-004224,45129.82,8998.62,36,14.58,0.0,683,0.2153,0,0.2211,debt_consolidation,1
APP-004225,70152.16,16681.35,24,11.52,0.0,758,0.1727,1,0.4493,debt_consolidation,0
APP-004226,43691.94,8219.31,36,13.12,9.0,677,0.2311,0,0.4337,other,0
APP-004227,79536.71,5272.54,60,19.25,4.6,614,0.451,1,0.4893,medical,0
APP-004228,83241.88,33125.03,60,12.88,2.7,754,0.1809,0,0.645,debt_consolidation,0
APP-004229,33722.01,18267.05,36,14.16,6.3,635,0.2142,0,0.5062,medical,1
APP-004230,70700.95,11948.11,36,10.02,4.7,766,0.3235,0,0.1666,debt_consolidation,0
APP-004231,61433.3,10716.22,36,16.31,2.1,665,0.3088,2,0.4788,other,0
APP-004232,84422.37,33912.74,60,14.06,0.0,686,0.4719,0,0.4438,debt_consolidation,1
APP-004233,96876.2,20434.73,36,12.47,0.0,771,0.3219,0,0.7482,auto,0
APP-004234,81741.6,28199.39,60,13.45,9.8,602,0.1687,0,0.1675,small_business,1
APP-004235,56196.5,10335.73,60,16.13,4.6,619,0.227,0,0.6285,debt_consolidation,1
APP-004236,101736.45,14932.43,36,15.91,10.9,661,0.161,1,0.3353,debt_consolidation,0
APP-004237,42747.77,18309.57,60,11.8,4.6,672,0.2551,0,0.0663,home_improvement,1
APP-004238,34485.42,10539.27,60,8.42,8.1,833,0.2436,0,0.3921,other,0
APP-004239,18000.0,13718.43,60,17.79,5.9,628,0.1459,1,0.731,medical,1
APP-004240,62848.03,10336.22,36,16.6,6.7,604,0.1863,0,0.5903,auto,0
APP-004241,43818.01,18276.26,60,13.72,6.9,626,0.1118,1,0.322,small_business,0
APP-004242,78673.74,6737.84,36,16.0,4.5,693,0.2444,1,0.4906,small_business,1
APP-004243,25234.15,20204.22,60,16.94,1.0,709,0.4354,0,0.5613,home_improvement,0
APP-004244,47643.28,17363.36,36,16.2,9.9,639,0.2333,0,0.4549,medical,0
APP-004245,81460.38,12887.14,36,15.69,13.7,681,0.3718,0,0.6188,auto,0
APP-004246,39649.01,18819.03,60,12.93,14.0,793,0.4027,1,0.5612,debt_consolidation,1
APP-004247,79109.31,11733.91,36,11.24,4.0,682,0.221,0,0.2564,other,0
APP-004248,49750.3,9830.33,24,12.44,3.2,699,0.2391,0,0.3387,debt_consolidation,0
APP-004249,63984.4,19875.94,60,9.68,4.0,790,0.2236,0,0.6979,debt_consolidation,0
APP-004250,86492.97,20381.28,36,13.38,5.7,640,0.087,0,0.234,small_business,1
APP-004251,102691.55,10804.17,60,18.79,6.3,636,0.1571,1,0.721,home_improvement,0
APP-004252,67950.78,10279.77,60,13.37,2.0,653,0.303,0,0.3854,debt_consolidation,0
APP-004253,43976.8,13040.03,24,16.31,0.0,649,0.143,1,0.3825,debt_consolidation,0
APP-004254,52171.1,10527.44,48,19.68,6.7,574,0.2521,2,0.4689,medical,1
APP-004255,88245.78,35118.14,60,13.73,0.0,688,0.2628,0,0.636,small_business,1
APP-004256,39812.68,17421.49,60,13.97,6.0,693,0.2997,1,0.3259,debt_consolidation,0
APP-004257,59675.13,14623.31,36,19.88,2.2,669,0.3516,1,0.8255,debt_consolidation,1
APP-004258,54009.66,8441.57,60,15.0,10.0,694,0.2279,1,0.4066,home_improvement,0
APP-004259,61853.8,22259.36,48,15.64,11.2,695,0.3067,0,0.5156,other,1
APP-004260,40042.11,10169.75,36,12.72,11.3,604,0.1193,0,0.1087,debt_consolidation,0
APP-004261,26721.11,9929.95,60,12.5,4.9,697,0.1067,0,0.7507,other,0
APP-004262,83458.02,22697.74,36,14.79,1.4,712,0.182,1,0.8041,other,1
APP-004263,103251.77,18152.27,36,19.54,2.8,587,0.3041,1,0.6574,debt_consolidation,1
APP-004264,27498.83,3394.47,36,10.46,7.8,765,0.2768,0,0.402,small_business,0
APP-004265,77592.58,13232.05,60,17.64,0.0,608,0.1779,1,0.8056,auto,0
APP-004266,109323.9,15594.99,36,14.65,12.8,614,0.3114,1,0.2249,medical,0
APP-004267,86524.24,11907.67,36,16.26,5.0,692,0.2801,0,0.745,home_improvement,0
APP-004268,53217.41,15913.37,24,12.55,8.8,711,0.3441,1,0.3289,small_business,1
APP-004269,41326.71,5076.03,36,11.06,0.0,725,0.1185,0,0.2942,small_business,0
APP-004270,67576.26,2807.11,60,10.92,2.3,713,0.1126,0,0.4399,small_business,0
APP-004271,73209.42,8234.87,36,17.38,0.0,650,0.1261,2,0.8687,other,1
APP-004272,68058.99,17079.04,36,10.9,11.1,686,0.1118,1,0.3552,home_improvement,0
APP-004273,59615.92,2233.73,60,16.6,5.8,662,0.1876,1,0.7222,small_business,0
APP-004274,38656.48,8889.69,24,11.82,9.1,690,0.1004,0,0.4684,other,0
APP-004275,79620.98,4753.81,36,13.73,6.8,684,0.3757,2,0.2892,debt_consolidation,0
APP-004276,81483.25,12596.6,60,15.64,8.6,651,0.2086,0,0.705,debt_consolidation,1
APP-004277,71577.58,45138.26,60,15.77,5.0,660,0.4228,1,0.4819,home_improvement,0
APP-004278,68556.91,12783.9,36,15.0,5.6,573,0.1618,2,0.2774,other,1
APP-004279,145536.52,13623.51,60,13.92,6.1,728,0.4591,0,0.2868,debt_consolidation,0
APP-004280,48167.54,23591.88,48,12.69,8.3,697,0.3533,0,0.4562,auto,0
APP-004281,120238.36,14680.3,60,17.28,8.4,546,0.0976,2,0.1748,debt_consolidation,0
APP-004282,45698.05,12800.11,36,17.18,19.2,726,0.3311,3,0.3674,home_improvement,1
APP-004283,110684.47,24818.85,60,13.67,14.1,677,0.4497,1,0.2068,medical,0
APP-004284,117495.93,19064.79,36,18.52,0.0,626,0.5654,0,0.3592,debt_consolidation,0
APP-004285,56470.74,17142.34,60,14.35,5.9,621,0.1116,1,0.3892,other,0
APP-004286,144264.66,13378.6,60,16.31,4.7,640,0.1064,0,0.8067,debt_consolidation,0
APP-004287,81412.15,11863.08,60,11.81,12.3,626,0.2647,0,0.1581,other,0
APP-004288,42661.48,24682.83,60,17.37,5.1,634,0.3237,0,0.5885,debt_consolidation,0
APP-004289,54314.55,11929.33,36,11.99,8.6,779,0.3522,0,0.5598,other,0
APP-004290,111956.81,29614.83,24,13.81,0.0,702,0.0748,1,0.2403,medical,0
APP-004291,101236.4,7899.53,48,5.57,0.0,798,0.0936,0,0.4348,debt_consolidation,0
APP-004292,39115.85,33306.19,24,13.51,15.9,693,0.119,2,0.5658,debt_consolidation,0
APP-004293,60797.2,19066.48,60,12.05,6.7,714,0.0565,2,0.3427,debt_consolidation,0
APP-004294,71670.43,8268.05,60,14.45,2.0,629,0.0585,0,0.3727,medical,0
APP-004295,50944.51,19479.38,36,13.45,7.6,670,0.1699,1,0.379,small_business,0
APP-004296,201568.88,9944.04,36,15.4,1.8,675,0.2627,0,0.4141,home_improvement,0
APP-004297,72714.87,14783.87,60,10.44,5.2,716,0.1913,1,0.0754,home_improvement,1
APP-004298,63099.79,10934.3,48,13.73,0.0,677,0.166,0,0.5271,medical,1
APP-004299,115122.38,13424.21,36,7.88,3.0,700,0.0565,0,0.2394,medical,0
APP-004300,54548.2,25032.59,36,14.26,4.6,698,0.3939,0,0.3025,auto,0
APP-004301,105420.02,19587.38,36,15.74,11.5,662,0.4061,0,0.1266,home_improvement,0
APP-004302,29191.45,7549.16,60,11.78,8.6,656,0.1309,1,0.2589,auto,0
APP-004303,52281.02,7804.13,24,18.12,9.4,641,0.379,0,0.8486,other,0
APP-004304,107548.41,16965.78,48,13.17,6.4,743,0.4569,1,0.5969,home_improvement,0
APP-004305,138114.38,17693.5,36,15.5,10.2,662,0.3434,1,0.2922,debt_consolidation,1
APP-004306,44844.7,9805.77,36,11.3,2.6,699,0.2362,1,0.099,debt_consolidation,0
APP-004307,42405.28,36492.68,36,16.83,3.2,671,0.557,0,0.2818,medical,0
APP-004308,85350.09,23242.34,24,14.47,8.3,742,0.3332,0,0.8226,home_improvement,0
APP-004309,48198.65,10087.67,60,19.44,5.2,565,0.3995,1,0.4143,other,1
APP-004310,57138.03,9537.59,60,12.32,6.4,698,0.2332,0,0.3545,auto,0
APP-004311,98994.24,12705.27,24,15.94,5.8,607,0.2984,0,0.2816,medical,0
APP-004312,50059.8,11961.26,24,14.28,12.1,703,0.228,0,0.7009,small_business,0
APP-004313,25304.52,30045.71,60,15.55,12.4,672,0.1832,0,0.7147,debt_consolidation,0
APP-004314,34808.68,25666.12,24,18.96,3.7,594,0.0306,1,0.7396,small_business,1
APP-004315,65311.36,14797.95,36,14.14,0.0,700,0.132,0,0.6056,debt_consolidation,0
APP-004316,26574.29,21484.55,36,13.06,3.3,693,0.1097,0,0.2548,medical,1
APP-004317,56359.47,23370.49,48,12.69,2.5,667,0.1467,0,0.5952,other,0
APP-004318,33320.77,14998.35,60,12.01,10.2,674,0.3467,0,0.1382,small_business,1
APP-004319,142816.13,18314.03,36,16.77,10.6,689,0.37,0,0.5954,other,0
APP-004320,183764.62,20466.25,60,8.95,1.9,748,0.1462,1,0.3054,home_improvement,0
APP-004321,39112.91,19239.39,60,18.68,3.1,662,0.4044,1,0.4899,small_business,0
APP-004322,73525.44,9229.85,60,14.22,0.0,739,0.3931,1,0.6556,medical,0
APP-004323,40992.68,9787.22,60,14.42,7.1,678,0.1467,3,0.4097,medical,0
APP-004324,56031.6,12265.17,60,10.99,6.3,755,0.3381,0,0.3734,debt_consolidation,0
APP-004325,154478.13,9624.23,48,15.46,10.1,666,0.3284,0,0.5338,debt_consolidation,0
APP-004326,51954.94,6170.32,60,16.74,8.7,641,0.1524,2,0.3053,medical,1
APP-004327,56661.18,21460.22,36,17.95,9.2,616,0.3078,0,0.4148,debt_consolidation,0
APP-004328,41345.9,17726.58,60,18.88,0.0,678,0.3749,0,0.6983,auto,0
APP-004329,112680.7,6667.97,48,18.05,3.7,634,0.1821,0,0.5245,small_business,0
APP-004330,18000.0,12609.08,24,11.84,10.8,761,0.3858,0,0.4956,other,0
APP-004331,52554.18,13030.11,36,15.73,4.1,629,0.4183,1,0.3322,debt_consolidation,0
APP-004332,63584.0,16113.81,36,18.54,0.0,640,0.5019,0,0.6021,other,1
APP-004333,47326.49,7741.8,36,11.08,10.1,714,0.2097,0,0.1956,debt_consolidation,0
APP-004334,98385.07,6611.64,36,7.31,3.9,749,0.0796,0,0.3417,home_improvement,0
APP-004335,115741.63,19601.16,36,13.78,11.3,722,0.1286,1,0.608,small_business,1
APP-004336,33003.32,5956.31,36,12.34,6.4,741,0.4037,1,0.4489,debt_consolidation,0
APP-004337,177551.53,12669.58,48,16.63,5.3,675,0.28,1,0.8333,debt_consolidation,0
APP-004338,32826.07,12001.41,36,15.33,12.6,676,0.4329,1,0.1521,debt_consolidation,0
APP-004339,120654.37,13499.38,36,12.96,0.6,797,0.3783,0,0.7088,medical,0
APP-004340,69846.82,16789.02,36,12.19,13.0,778,0.5245,0,0.3335,small_business,0
APP-004341,51040.06,36646.56,36,11.69,3.6,721,0.2584,1,0.1752,debt_consolidation,1
APP-004342,53404.29,5734.17,24,13.83,7.2,744,0.4456,0,0.4069,debt_consolidation,0
APP-004343,63962.77,24108.54,60,11.22,7.3,730,0.1126,0,0.6522,medical,0
APP-004344,71839.02,3377.37,36,17.12,4.6,610,0.12,1,0.6215,debt_consolidation,1
APP-004345,41792.34,32541.01,36,15.27,3.1,678,0.3569,2,0.3155,auto,0
APP-004346,58095.96,4433.92,36,12.22,4.8,767,0.4503,0,0.3733,other,0
APP-004347,44901.19,50000.0,60,15.78,1.9,722,0.4428,0,0.5021,small_business,1
APP-004348,36276.26,11566.16,36,14.61,15.3,676,0.2159,0,0.5607,other,0
APP-004349,43907.17,30648.1,36,13.45,4.3,768,0.4102,0,0.376,medical,0
APP-004350,37427.26,27192.99,36,13.0,11.7,701,0.1948,0,0.6338,small_business,0
APP-004351,53128.47,11256.94,36,13.06,11.1,724,0.2978,0,0.5389,debt_consolidation,0
APP-004352,79995.89,11769.3,36,11.35,8.1,702,0.253,2,0.2746,debt_consolidation,0
APP-004353,68877.41,8922.68,60,11.59,5.9,711,0.1333,0,0.6466,auto,0
APP-004354,167682.58,22892.82,60,12.78,7.4,716,0.1864,1,0.5637,debt_consolidation,0
APP-004355,22496.73,11342.28,36,8.83,9.1,755,0.129,0,0.1497,other,0
APP-004356,81424.07,9017.24,24,10.37,7.0,763,0.1253,3,0.3369,auto,0
APP-004357,65200.62,19801.72,36,13.4,0.0,654,0.0862,1,0.6037,other,1
APP-004358,96149.96,8617.42,60,15.57,0.0,701,0.3204,0,0.699,debt_consolidation,1
APP-004359,91678.75,11981.2,60,10.32,13.3,754,0.442,0,0.3687,home_improvement,0
APP-004360,60050.82,15429.33,36,11.79,0.0,672,0.4196,0,0.1611,auto,0
APP-004361,70616.22,9989.55,36,14.35,7.4,604,0.1073,1,0.3835,debt_consolidation,0
APP-004362,45478.24,10903.14,36,15.45,5.4,627,0.3341,1,0.1079,medical,1
APP-004363,87265.37,35319.63,60,15.77,7.2,631,0.3429,1,0.4338,auto,0
APP-004364,26377.91,12880.21,36,15.2,1.4,653,0.2973,0,0.4431,other,0
APP-004365,94373.84,11770.13,36,16.12,8.1,637,0.3115,0,0.3458,auto,0
APP-004366,64280.99,13099.53,36,12.32,7.4,740,0.2514,0,0.4617,debt_consolidation,0
APP-004367,51449.33,18873.0,36,16.47,18.9,664,0.2312,0,0.4784,home_improvement,0
APP-004368,58135.2,7960.63,60,9.74,7.1,753,0.2618,0,0.1562,medical,0
APP-004369,60218.11,18577.17,36,17.05,12.6,614,0.1319,1,0.3864,debt_consolidation,0
APP-004370,121157.71,16819.25,36,14.9,0.0,660,0.124,1,0.4759,home_improvement,0
APP-004371,250000.0,5138.33,60,13.73,11.1,686,0.4123,0,0.3193,debt_consolidation,0
APP-004372,116737.2,41051.07,48,11.43,7.5,727,0.2252,2,0.3578,debt_consolidation,0
APP-004373,49552.41,33832.45,60,14.04,7.7,746,0.3769,0,0.6596,medical,0
APP-004374,87942.44,9114.1,60,14.12,7.8,649,0.1478,0,0.755,debt_consolidation,1
APP-004375,89800.03,7562.04,36,13.25,14.2,738,0.448,1,0.3449,medical,0
APP-004376,41692.04,16550.54,24,19.34,7.6,582,0.4235,1,0.4722,debt_consolidation,1
APP-004377,35488.32,6341.71,24,13.21,3.0,731,0.3072,0,0.3259,auto,0
APP-004378,63055.32,31990.3,60,16.59,3.7,602,0.2131,0,0.6707,debt_consolidation,1
APP-004379,95783.16,11050.17,60,10.87,10.2,706,0.0266,2,0.1488,other,0
APP-004380,29985.66,37143.79,36,9.97,8.5,745,0.0649,0,0.6787,debt_consolidation,1
APP-004381,45986.89,8988.94,60,14.76,0.0,731,0.3855,1,0.4233,medical,0
APP-004382,85563.61,13586.43,60,19.93,8.8,585,0.333,3,0.1612,debt_consolidation,0
APP-004383,66314.9,30238.98,60,15.84,1.6,654,0.3213,0,0.7128,debt_consolidation,0
APP-004384,128277.85,12021.18,36,12.36,8.5,722,0.3856,0,0.23,home_improvement,0
APP-004385,33013.97,16978.74,36,16.41,2.9,720,0.1644,1,0.6064,small_business,0
APP-004386,201024.43,27327.42,60,14.37,5.2,696,0.3972,0,0.5793,other,1
APP-004387,31067.15,10502.79,60,19.3,4.0,552,0.2727,1,0.7892,debt_consolidation,1
APP-004388,24542.07,6975.05,60,12.68,13.3,749,0.4753,1,0.1805,debt_consolidation,0
APP-004389,63187.67,6222.03,60,8.0,8.3,760,0.2589,0,0.1676,auto,0
APP-004390,37707.05,20338.99,36,15.89,12.2,689,0.325,0,0.6692,medical,1
APP-004391,63802.0,18167.61,60,13.76,19.5,693,0.1755,0,0.4572,debt_consolidation,0
APP-004392,62739.95,26840.54,36,9.1,6.7,709,0.1182,0,0.2556,small_business,1
APP-004393,59170.06,12369.12,36,8.52,13.3,765,0.1975,0,0.4599,medical,0
APP-004394,43381.37,6323.8,36,16.03,3.4,695,0.1511,2,0.6353,auto,0
APP-004395,80002.85,3704.51,36,12.57,12.1,669,0.115,0,0.03,home_improvement,0
APP-004396,55816.27,50000.0,24,15.71,2.9,702,0.3313,0,0.8463,home_improvement,0
APP-004397,110404.0,19683.17,60,17.2,6.4,679,0.2131,0,0.7857,debt_consolidation,0
APP-004398,59609.12,15697.29,60,16.95,8.9,680,0.4296,1,0.2381,small_business,1
APP-004399,40909.26,17043.34,36,19.76,9.6,578,0.4364,1,0.3202,debt_consolidation,1
APP-004400,28912.85,6321.6,36,10.95,0.8,710,0.0709,0,0.3986,small_business,0
APP-004401,59846.01,9144.23,24,15.19,2.6,748,0.427,2,0.4633,small_business,0
APP-004402,35345.43,39856.29,36,15.49,9.3,739,0.4377,0,0.6213,auto,0
APP-004403,34001.53,21242.21,36,7.47,4.8,735,0.2127,0,0.2477,debt_consolidation,0
APP-004404,83727.44,9311.61,48,15.23,0.2,677,0.2883,0,0.6463,debt_consolidation,1
APP-004405,27690.95,7117.78,60,12.69,6.2,688,0.3133,0,0.4973,home_improvement,1
APP-004406,128026.86,10751.51,36,11.83,6.0,749,0.2586,0,0.7081,medical,0
APP-004407,70179.14,12075.74,60,10.74,7.3,730,0.0346,1,0.3883,other,0
APP-004408,63646.4,47591.46,60,10.2,8.9,766,0.2541,0,0.3746,home_improvement,0
APP-004409,39555.3,13000.05,36,16.31,8.6,641,0.0894,1,0.7745,other,1
APP-004410,93811.36,7273.29,36,15.34,3.0,641,0.4064,0,0.2792,debt_consolidation,0
APP-004411,64909.43,14015.44,36,18.11,4.7,661,0.3404,1,0.861,home_improvement,1
APP-004412,46761.53,16902.56,36,19.65,10.7,625,0.3988,1,0.7834,debt_consolidation,1
APP-004413,71543.32,6899.38,60,20.27,4.1,603,0.277,2,0.504,auto,1
APP-004414,28981.28,18309.22,36,17.12,4.7,707,0.3614,0,0.8666,debt_consolidation,1
APP-004415,29649.05,29233.63,36,13.66,0.0,703,0.2217,1,0.6983,debt_consolidation,0
APP-004416,37966.26,15714.41,36,13.06,6.4,694,0.1782,0,0.6158,small_business,0
APP-004417,76873.43,9132.6,36,11.34,8.1,701,0.1522,0,0.1753,medical,0
APP-004418,64898.42,10669.66,60,18.12,0.0,595,0.1546,1,0.7726,debt_consolidation,1
APP-004419,107543.7,5540.16,36,13.57,1.7,652,0.1114,1,0.2487,debt_consolidation,0
APP-004420,41795.64,13417.02,60,14.02,0.1,663,0.4304,0,0.1298,medical,0
APP-004421,85646.45,17364.03,24,13.34,10.0,683,0.1693,1,0.3686,debt_consolidation,0
APP-004422,61542.59,8620.14,36,20.91,0.0,595,0.1746,4,0.5608,debt_consolidation,1
APP-004423,41335.66,44664.31,36,16.82,6.1,626,0.2312,0,0.5912,medical,1
APP-004424,78205.11,22958.1,60,15.31,9.7,655,0.109,1,0.2644,debt_consolidation,0
APP-004425,62972.72,5126.06,36,16.73,7.3,741,0.5352,1,0.9034,medical,0
APP-004426,48058.07,5187.42,60,11.59,4.5,695,0.2507,0,0.3675,home_improvement,0
APP-004427,66323.67,8194.1,36,14.99,8.1,739,0.4352,0,0.6404,debt_consolidation,0
APP-004428,61081.72,36110.95,48,14.89,11.2,673,0.3974,0,0.4227,debt_consolidation,0
APP-004429,60377.53,24309.89,48,12.84,6.0,680,0.1723,1,0.2787,debt_consolidation,0
APP-004430,53321.66,37184.86,48,11.72,0.0,709,0.1087,0,0.4178,debt_consolidation,0
APP-004431,34744.18,14586.11,36,11.59,11.7,670,0.2279,0,0.3337,debt_consolidation,1
APP-004432,67375.04,12841.02,36,13.26,8.3,644,0.369,0,0.4343,other,0
APP-004433,44215.9,7032.86,60,15.78,6.4,594,0.0559,0,0.4269,small_business,0
APP-004434,39830.36,17760.29,36,11.62,0.0,645,0.1714,1,0.1987,home_improvement,0
APP-004435,57907.76,12940.62,36,11.14,5.2,728,0.2909,0,0.3392,medical,0
APP-004436,92454.81,12654.83,36,14.1,2.6,753,0.3942,2,0.5366,medical,0
APP-004437,71056.96,37062.96,24,14.43,1.0,635,0.1476,0,0.4712,small_business,1
APP-004438,50372.18,13475.43,36,19.77,5.9,579,0.3647,1,0.4201,debt_consolidation,1
APP-004439,49409.42,31378.34,36,10.72,4.1,734,0.1992,0,0.1968,debt_consolidation,0
APP-004440,88197.41,5772.27,36,14.04,4.4,684,0.3476,0,0.3262,debt_consolidation,0
APP-004441,20572.48,50000.0,36,13.87,9.8,602,0.0288,0,0.2287,debt_consolidation,0
APP-004442,95308.83,11677.36,48,20.7,7.7,500,0.3668,2,0.3813,debt_consolidation,0
APP-004443,26439.52,21852.5,60,14.66,4.3,624,0.1882,0,0.5242,other,1
APP-004444,32950.01,23964.82,60,19.27,3.7,653,0.3178,0,0.3612,other,0
APP-004445,50781.88,10866.47,36,16.48,4.5,613,0.3686,1,0.1955,debt_consolidation,0
APP-004446,184204.56,23317.08,60,13.62,5.4,720,0.1891,0,0.5703,home_improvement,0
APP-004447,145408.72,24030.66,36,14.87,9.1,633,0.1878,1,0.5874,home_improvement,1
APP-004448,91240.73,9588.12,60,15.79,1.8,681,0.1897,0,0.7336,home_improvement,0
APP-004449,77132.72,9654.21,24,8.39,13.1,818,0.2587,1,0.293,medical,0
APP-004450,26588.91,14886.08,24,12.96,9.1,687,0.5044,0,0.088,debt_consolidation,0
APP-004451,70079.56,13560.51,48,15.32,0.0,673,0.2397,0,0.3193,small_business,1
APP-004452,49936.94,32530.04,36,16.34,6.9,675,0.3625,0,0.3633,other,1
APP-004453,43920.71,21795.34,60,13.11,11.2,719,0.2842,2,0.3091,auto,0
APP-004454,70013.83,13919.67,48,12.99,8.2,712,0.118,0,0.6558,auto,1
APP-004455,51844.79,20607.89,24,13.15,4.6,622,0.0776,0,0.3496,medical,0
APP-004456,98657.18,4424.2,36,16.74,6.2,656,0.4593,1,0.6234,debt_consolidation,1
APP-004457,25665.02,10147.92,48,17.16,7.3,641,0.5684,0,0.2927,debt_consolidation,1
APP-004458,67383.0,17134.34,60,12.49,10.0,664,0.1014,0,0.3185,medical,0
APP-004459,42624.13,27689.7,60,10.13,0.1,786,0.1702,2,0.1481,debt_consolidation,1
APP-004460,53397.4,16281.26,36,10.82,3.8,716,0.2161,0,0.0984,small_business,0
APP-004461,75234.35,33781.97,60,11.82,13.9,675,0.1648,1,0.3229,home_improvement,0
APP-004462,38018.75,23988.0,36,8.25,6.6,752,0.4197,0,0.124,home_improvement,0
APP-004463,70331.42,10923.51,24,12.96,13.4,691,0.2229,0,0.4885,debt_consolidation,0
APP-004464,58701.48,13368.9,48,16.03,19.9,585,0.2153,0,0.5942,other,1
APP-004465,47337.63,18375.78,36,9.22,4.3,777,0.1192,0,0.4763,debt_consolidation,0
APP-004466,51858.17,11177.92,36,14.95,1.1,671,0.0222,1,0.736,debt_consolidation,0
APP-004467,60352.5,35244.06,36,20.67,5.3,549,0.4938,0,0.4036,debt_consolidation,0
APP-004468,44962.36,7622.37,60,14.78,11.4,587,0.1664,1,0.1874,auto,0
APP-004469,65221.72,17417.76,60,15.12,12.1,745,0.4719,0,0.637,other,0
APP-004470,56875.38,22213.67,60,17.78,16.7,588,0.1483,0,0.4426,debt_consolidation,0
APP-004471,48471.29,12089.65,36,12.17,6.3,758,0.1132,0,0.7593,other,0
APP-004472,139422.87,10608.39,36,14.91,8.7,685,0.3332,0,0.4668,debt_consolidation,0
APP-004473,79336.83,13874.07,60,13.41,3.3,721,0.2315,0,0.7679,auto,0
APP-004474,54091.95,23222.18,36,14.72,0.0,665,0.2969,0,0.4142,debt_consolidation,0
APP-004475,69713.94,10850.78,36,14.31,6.3,710,0.0637,1,0.5659,home_improvement,0
APP-004476,39706.45,7800.39,36,12.25,1.3,698,0.322,0,0.2047,auto,0
APP-004477,52706.4,28261.14,48,13.49,9.4,678,0.2547,1,0.3407,medical,0
APP-004478,55742.9,18278.78,60,18.62,0.0,618,0.4146,0,0.3941,debt_consolidation,0
APP-004479,35727.7,26015.85,36,14.55,3.2,701,0.4954,1,0.2567,small_business,1
APP-004480,78281.96,22523.54,24,20.0,7.7,575,0.4658,1,0.3159,other,0
APP-004481,50993.24,50000.0,60,11.54,8.2,734,0.4029,0,0.1148,home_improvement,1
APP-004482,54804.0,27683.39,48,13.77,6.3,691,0.1197,0,0.5963,auto,0
APP-004483,49471.75,9527.5,36,10.96,14.9,707,0.0589,0,0.246,small_business,1
APP-004484,250000.0,19046.89,36,21.67,13.6,528,0.2627,0,0.5896,debt_consolidation,1
APP-004485,47291.57,10494.02,60,17.85,3.4,615,0.2124,1,0.4711,other,0
APP-004486,24080.98,11142.38,48,16.93,13.7,651,0.3284,1,0.2718,debt_consolidation,0
APP-004487,30157.09,6391.05,48,14.36,14.4,719,0.3079,1,0.6263,small_business,1
APP-004488,93583.35,12282.84,48,14.75,5.9,625,0.3806,0,0.3407,debt_consolidation,0
APP-004489,123455.97,19891.02,60,9.75,6.7,828,0.4215,0,0.4123,debt_consolidation,0
APP-004490,46858.13,13955.25,36,17.03,6.3,665,0.23,0,0.3296,medical,0
APP-004491,120095.0,7663.85,36,16.05,3.6,621,0.3155,0,0.4001,medical,1
APP-004492,92791.08,5994.23,36,9.89,4.0,669,0.1353,1,0.1843,other,0
APP-004493,59349.09,49354.02,60,18.89,12.4,625,0.1505,0,0.5686,other,1
APP-004494,57361.48,17509.47,36,16.23,8.5,611,0.2455,1,0.3052,debt_consolidation,1
APP-004495,70895.36,8990.68,36,13.7,4.0,739,0.4095,1,0.5998,debt_consolidation,0
APP-004496,99044.19,18953.39,36,13.94,2.3,710,0.1645,1,0.9068,home_improvement,0
APP-004497,78656.37,50000.0,48,17.01,3.1,710,0.5053,1,0.6341,home_improvement,0
APP-004498,46970.48,20780.54,48,12.57,5.8,754,0.3013,0,0.4368,home_improvement,0
APP-004499,59785.78,2879.59,36,14.39,10.6,708,0.2105,1,0.5149,other,1
APP-004500,168240.37,50000.0,36,16.13,2.6,618,0.2296,0,0.3135,small_business,0
APP-004501,73330.01,4960.89,60,9.82,10.6,721,0.133,0,0.5069,debt_consolidation,0
APP-004502,98658.41,12866.95,24,13.02,7.4,615,0.2352,0,0.2021,home_improvement,0
APP-004503,84228.39,7514.05,60,15.19,7.1,652,0.1228,0,0.7051,medical,0
APP-004504,74113.6,9439.92,36,17.27,11.1,677,0.4315,0,0.4958,home_improvement,0
APP-004505,68481.44,17100.48,60,12.4,10.3,671,0.0712,1,0.4084,debt_consolidation,0
APP-004506,99996.46,4362.11,36,14.79,0.2,576,0.4453,0,0.187,home_improvement,0
APP-004507,91774.6,13760.56,48,19.87,1.6,624,0.4101,2,0.4954,home_improvement,1
APP-004508,73777.67,28208.05,36,10.99,5.5,679,0.2091,1,0.5003,debt_consolidation,0
APP-004509,46589.78,8891.26,36,14.12,8.1,645,0.372,0,0.2146,small_business,0
APP-004510,78214.53,6473.93,60,10.85,12.6,745,0.132,1,0.2365,debt_consolidation,0
APP-004511,62942.62,13374.52,36,9.79,6.8,755,0.0979,0,0.2848,medical,0
APP-004512,56060.11,11916.34,60,18.16,14.2,615,0.3576,1,0.8679,medical,0
APP-004513,235144.39,10266.81,36,12.55,3.3,683,0.1733,0,0.1812,other,0
APP-004514,31051.36,7278.38,36,10.24,4.1,772,0.0936,0,0.3368,debt_consolidation,0
APP-004515,102973.68,19595.02,60,15.11,5.1,672,0.2971,0,0.4087,debt_consolidation,0
APP-004516,42961.54,20479.03,36,14.37,2.8,656,0.468,0,0.1222,debt_consolidation,0
APP-004517,69224.93,7815.22,60,12.13,11.7,730,0.2458,0,0.3668,home_improvement,0
APP-004518,223030.67,8468.4,36,11.66,0.0,664,0.1734,0,0.2631,debt_consolidation,0
APP-004519,40954.03,15694.56,36,13.03,4.2,754,0.2317,1,0.4423,small_business,0
APP-004520,45921.27,8285.15,60,19.12,11.7,646,0.2305,2,0.629,debt_consolidation,1
APP-004521,64455.86,16083.16,24,13.25,5.1,652,0.1279,0,0.4605,debt_consolidation,0
APP-004522,43281.41,33974.68,36,11.99,11.3,726,0.0771,0,0.5075,home_improvement,0
APP-004523,99358.48,14005.52,24,16.08,16.4,686,0.2781,0,0.6057,small_business,1
APP-004524,50290.35,7172.48,36,11.42,6.9,686,0.0212,1,0.3645,other,0
APP-004525,88971.13,18202.68,48,16.73,11.8,569,0.2196,0,0.8079,auto,0
APP-004526,34342.25,13080.32,24,16.36,17.4,660,0.3622,0,0.5555,medical,1
APP-004527,27306.05,13290.61,36,7.47,8.3,730,0.2096,1,0.2803,auto,0
APP-004528,58234.3,19102.82,36,17.38,6.3,635,0.2464,0,0.448,auto,1
APP-004529,30615.41,21648.81,36,12.73,10.6,721,0.3216,0,0.2722,debt_consolidation,0
APP-004530,134714.31,14801.67,36,13.21,11.8,696,0.0671,1,0.6601,medical,0
APP-004531,31189.5,13998.55,36,18.56,6.3,668,0.4184,3,0.393,small_business,1
APP-004532,39499.88,47990.48,60,10.71,4.3,759,0.1857,1,0.6252,debt_consolidation,0
APP-004533,79275.16,29092.2,60,15.1,14.2,660,0.2187,0,0.3551,auto,0
APP-004534,49054.53,23514.22,36,14.79,5.3,664,0.2908,1,0.3011,home_improvement,0
APP-004535,31360.87,15646.51,36,15.75,11.9,668,0.3245,2,0.3224,medical,0
APP-004536,173048.18,8091.53,36,16.08,7.7,685,0.4212,0,0.6882,debt_consolidation,0
APP-004537,40189.39,27883.43,36,11.83,14.7,724,0.1694,1,0.4521,auto,0
APP-004538,59156.33,15765.74,36,16.74,2.7,595,0.1196,0,0.5239,other,1
APP-004539,58790.18,10374.91,60,12.09,2.7,730,0.2501,0,0.6477,debt_consolidation,1
APP-004540,91408.24,12592.82,60,14.06,10.3,684,0.457,0,0.4706,home_improvement,1
APP-004541,81151.39,8279.34,36,15.99,1.4,712,0.3012,0,0.7048,debt_consolidation,0
APP-004542,43707.63,26773.15,36,10.06,7.0,819,0.066,3,0.4845,debt_consolidation,0
APP-004543,55589.27,21548.59,60,10.02,13.5,650,0.0602,0,0.1358,other,0
APP-004544,58291.98,16110.89,60,19.3,0.0,609,0.4371,0,0.6565,home_improvement,0
APP-004545,93119.89,14144.6,24,16.29,8.3,691,0.3353,0,0.7984,home_improvement,0
APP-004546,37099.1,9770.43,60,13.05,12.0,700,0.4019,0,0.372,debt_consolidation,0
APP-004547,171242.44,4215.24,36,13.72,6.4,731,0.3799,1,0.3928,other,0
APP-004548,45149.5,6389.47,60,13.15,2.3,649,0.2275,0,0.208,debt_consolidation,1
APP-004549,64727.59,9425.46,36,15.8,5.3,632,0.1639,1,0.3435,auto,0
APP-004550,37247.78,8638.49,48,15.43,2.7,591,0.1886,0,0.2156,debt_consolidation,1
APP-004551,34857.59,17149.65,36,17.79,6.8,601,0.374,1,0.4797,debt_consolidation,0
APP-004552,42719.76,23215.38,36,12.25,5.3,656,0.1093,1,0.2801,auto,0
APP-004553,40794.05,13459.08,48,13.36,4.2,673,0.3314,0,0.1314,debt_consolidation,0
APP-004554,53279.09,32829.27,48,9.58,8.6,800,0.4523,0,0.526,auto,0
APP-004555,40629.08,9207.96,60,16.28,13.6,582,0.2446,0,0.5423,debt_consolidation,1
APP-004556,90763.07,13403.78,24,13.16,8.0,699,0.2012,2,0.3578,auto,0
APP-004557,44636.64,14077.48,60,13.61,12.5,638,0.1596,0,0.3453,small_business,0
APP-004558,42324.06,27319.94,36,13.94,13.6,693,0.3655,0,0.1779,auto,0
APP-004559,53826.3,15418.42,60,12.97,3.9,648,0.2825,0,0.3785,debt_consolidation,1
APP-004560,104684.38,15667.97,36,9.84,7.7,740,0.0957,0,0.4731,auto,0
APP-004561,72062.07,5553.01,36,11.91,4.6,740,0.2283,0,0.5267,other,0
APP-004562,61962.93,8603.79,36,12.86,0.0,673,0.2556,0,0.3194,debt_consolidation,1
APP-004563,32672.24,27379.68,60,8.32,8.1,763,0.1144,0,0.388,debt_consolidation,0
APP-004564,37558.03,4351.19,48,10.71,1.8,724,0.1589,1,0.3602,small_business,0
APP-004565,35189.6,31597.7,36,9.54,8.7,761,0.1099,2,0.1621,debt_consolidation,1
APP-004566,121714.22,19374.43,60,10.94,0.0,677,0.1007,0,0.2454,auto,1
APP-004567,83852.35,9398.84,36,11.97,7.3,735,0.2605,0,0.5372,small_business,0
APP-004568,42983.2,8949.17,36,12.2,0.0,635,0.2307,0,0.2029,debt_consolidation,1
APP-004569,49575.11,43545.34,36,15.1,9.5,630,0.0276,0,0.2405,medical,0
APP-004570,43739.34,32876.69,60,8.63,4.7,806,0.2785,1,0.1504,medical,0
APP-004571,42485.97,13529.51,60,17.32,4.3,617,0.297,0,0.2791,debt_consolidation,1
APP-004572,81071.52,15677.27,60,14.06,11.6,655,0.0765,0,0.674,other,1
APP-004573,56620.43,9967.84,36,20.88,5.1,570,0.2619,2,0.7373,debt_consolidation,1
APP-004574,176504.75,15679.02,24,18.65,7.0,631,0.6159,1,0.2169,home_improvement,1
APP-004575,118458.18,9808.84,60,15.63,5.6,622,0.4105,0,0.2102,small_business,1
APP-004576,121867.92,13854.27,36,13.67,8.8,641,0.2288,0,0.2162,debt_consolidation,1
APP-004577,89715.06,41435.57,48,12.72,11.2,697,0.1297,0,0.5092,small_business,1
APP-004578,53064.65,13717.78,60,10.85,10.3,711,0.2179,0,0.24,debt_consolidation,0
APP-004579,86602.35,7895.52,36,13.03,4.4,622,0.1034,0,0.2319,home_improvement,1
APP-004580,54978.8,6564.35,36,18.53,11.9,634,0.4483,1,0.3569,debt_consolidation,1
APP-004581,142155.25,15609.46,60,9.89,2.4,743,0.1535,1,0.413,auto,0
APP-004582,78920.53,9326.22,48,11.28,3.2,779,0.2962,0,0.1839,small_business,0
APP-004583,73723.4,16729.58,60,13.17,5.9,753,0.1814,2,0.5437,small_business,1
APP-004584,69088.08,5668.0,48,15.75,11.2,585,0.2755,0,0.2507,other,0
APP-004585,149862.04,21638.92,36,12.26,1.2,749,0.3665,1,0.1316,auto,0
APP-004586,32661.18,7840.11,60,11.14,10.5,788,0.2578,1,0.3492,small_business,0
APP-004587,157081.6,14894.63,60,19.96,6.3,582,0.3292,0,0.7252,medical,1
APP-004588,59443.93,11916.6,60,12.08,4.5,743,0.2383,1,0.4691,other,0
APP-004589,33096.77,39283.88,36,12.52,11.4,693,0.4096,0,0.418,auto,0
APP-004590,45300.89,16016.39,36,14.93,2.9,661,0.2407,1,0.5837,other,0
APP-004591,29429.57,44814.08,36,11.17,16.8,686,0.1764,0,0.1471,debt_consolidation,1
APP-004592,88956.06,20073.07,36,12.22,5.7,706,0.2047,0,0.3097,home_improvement,0
APP-004593,39488.39,33144.74,60,11.28,7.2,747,0.4449,0,0.1183,auto,0
APP-004594,70481.32,12846.17,60,15.1,13.4,744,0.4415,0,0.6701,debt_consolidation,0
APP-004595,112035.01,17717.28,36,15.79,7.3,593,0.3134,0,0.2342,debt_consolidation,1
APP-004596,47078.63,29399.04,60,13.85,11.8,642,0.0845,0,0.3557,other,1
APP-004597,57151.03,24508.63,36,17.41,0.0,685,0.217,2,0.4665,home_improvement,1
APP-004598,34770.57,19729.69,60,14.5,4.5,771,0.5519,1,0.5064,debt_consolidation,1
APP-004599,53945.59,11988.48,48,21.11,8.3,522,0.4445,0,0.4851,debt_consolidation,1
APP-004600,223613.39,13224.33,60,15.22,11.4,645,0.0968,2,0.5011,home_improvement,0
APP-004601,94423.99,28050.11,60,18.25,10.0,591,0.2318,0,0.5339,auto,1
APP-004602,57243.65,31651.24,48,19.23,9.5,601,0.2932,1,0.7332,other,0
APP-004603,48461.86,10280.9,60,12.84,11.3,737,0.2371,2,0.2632,other,0
APP-004604,63683.36,9419.37,36,16.02,8.6,649,0.4641,0,0.1302,auto,0
APP-004605,69186.91,8582.72,60,19.07,0.0,545,0.1429,1,0.2237,auto,1
APP-004606,53156.15,23461.83,36,16.86,13.0,671,0.2587,1,0.6928,debt_consolidation,0
APP-004607,83832.07,8457.5,36,8.85,2.7,798,0.1817,0,0.3965,other,0
APP-004608,41129.78,23297.79,60,17.51,7.9,575,0.1975,1,0.3569,debt_consolidation,0
APP-004609,41032.37,19898.59,60,12.97,7.3,711,0.3027,0,0.4167,debt_consolidation,0
APP-004610,77639.87,10569.74,60,12.09,6.7,771,0.4453,1,0.2588,other,0
APP-004611,37093.41,35916.15,36,14.44,1.5,677,0.2467,0,0.2595,other,0
APP-004612,92232.78,6209.24,24,10.25,0.0,792,0.3789,1,0.3104,debt_consolidation,0
APP-004613,64555.97,37965.49,36,12.37,2.0,642,0.1039,1,0.3746,auto,0
APP-004614,27031.18,17445.86,60,8.76,10.2,764,0.0592,0,0.3597,home_improvement,0
APP-004615,68507.75,4355.93,60,8.89,0.0,750,0.0904,0,0.2419,debt_consolidation,0
APP-004616,28948.46,36504.62,60,12.33,2.5,678,0.1275,0,0.1731,debt_consolidation,0
APP-004617,90667.69,25483.52,36,14.94,8.4,594,0.1912,1,0.1522,debt_consolidation,0
APP-004618,57685.42,11311.12,60,13.33,1.9,622,0.0698,1,0.2914,medical,1
APP-004619,158049.41,8286.36,36,17.35,4.1,544,0.3787,0,0.1855,home_improvement,0
APP-004620,108702.79,5836.26,60,11.89,6.9,714,0.2727,0,0.4296,medical,0
APP-004621,39066.09,50000.0,36,11.49,7.8,708,0.0882,1,0.5403,debt_consolidation,0
APP-004622,24641.5,8487.44,36,14.02,1.8,685,0.5585,0,0.3066,other,0
APP-004623,45238.06,6967.58,48,12.62,7.1,673,0.3564,0,0.5132,auto,1
APP-004624,36168.3,16937.7,60,11.14,8.3,759,0.1427,0,0.4612,other,1
APP-004625,156138.21,5607.87,36,14.34,0.8,697,0.4035,0,0.3722,debt_consolidation,0
APP-004626,64678.98,8205.88,36,19.88,7.5,648,0.2695,2,0.5978,auto,0
APP-004627,101740.79,25822.1,60,10.16,3.3,689,0.0785,1,0.3571,small_business,0
APP-004628,56688.56,18980.09,60,11.79,7.1,799,0.3549,1,0.1417,debt_consolidation,0
APP-004629,59629.29,11588.97,48,14.3,9.8,716,0.4134,0,0.5356,debt_consolidation,0
APP-004630,63989.97,14654.78,36,12.11,5.7,657,0.0608,0,0.6549,debt_consolidation,1
APP-004631,110556.44,11217.96,48,9.53,10.6,677,0.1773,1,0.1459,debt_consolidation,0
APP-004632,75487.51,13987.86,36,11.04,10.1,707,0.2231,0,0.3057,home_improvement,0
APP-004633,39129.12,9321.26,36,15.7,10.6,656,0.331,0,0.3235,debt_consolidation,0
APP-004634,141626.61,10356.45,24,11.89,8.3,650,0.02,0,0.2529,debt_consolidation,0
APP-004635,56477.13,10175.22,36,15.11,11.5,679,0.4139,0,0.5006,auto,0
APP-004636,52234.21,9517.66,36,11.05,8.2,768,0.0862,1,0.4137,debt_consolidation,0
APP-004637,18000.0,26565.6,36,13.64,0.0,726,0.1763,1,0.6755,home_improvement,0
APP-004638,88137.59,22664.88,36,15.8,2.9,656,0.4507,0,0.6784,auto,0
APP-004639,68229.25,8443.34,48,17.01,5.5,730,0.343,1,0.7678,debt_consolidation,0
APP-004640,68193.66,7252.89,36,11.04,6.1,680,0.1531,0,0.3595,debt_consolidation,0
APP-004641,53572.26,13235.84,36,14.26,8.1,700,0.5304,1,0.3435,debt_consolidation,0
APP-004642,49317.68,50000.0,36,15.6,2.9,695,0.5291,1,0.3636,debt_consolidation,0
APP-004643,54433.98,7989.11,60,18.18,15.5,558,0.1663,0,0.5326,home_improvement,0
APP-004644,81182.89,13205.57,60,20.53,6.0,503,0.2117,1,0.6304,debt_consolidation,1
APP-004645,88337.42,15265.67,36,12.23,6.5,693,0.359,0,0.4761,debt_consolidation,1
APP-004646,58177.12,13614.51,60,15.26,3.5,631,0.3285,1,0.3155,other,1
APP-004647,102501.48,11116.02,60,15.81,2.0,585,0.1878,0,0.1251,other,0
APP-004648,62582.12,28334.92,60,14.03,5.9,632,0.1244,1,0.2971,debt_consolidation,0
APP-004649,51027.19,18873.04,36,11.36,6.6,734,0.1026,0,0.3544,debt_consolidation,0
APP-004650,71494.94,23682.01,24,14.84,6.1,701,0.2214,2,0.4716,home_improvement,0
APP-004651,33848.06,20409.27,36,10.3,13.9,725,0.1249,0,0.4396,small_business,1
APP-004652,72681.88,24352.6,36,10.75,5.9,706,0.0556,0,0.5429,small_business,0
APP-004653,31004.73,36346.72,36,16.86,6.1,627,0.3884,0,0.4109,debt_consolidation,1
APP-004654,39689.17,31379.48,60,11.22,10.2,725,0.1001,0,0.4747,debt_consolidation,0
APP-004655,24665.74,50000.0,36,13.59,5.7,714,0.1777,0,0.7059,home_improvement,0
APP-004656,59759.68,29376.84,36,15.92,8.9,673,0.1865,1,0.7157,other,1
APP-004657,140753.68,9834.23,60,15.96,0.7,683,0.3083,1,0.6691,other,0
APP-004658,61447.95,23702.72,48,11.16,0.8,726,0.1691,0,0.4333,debt_consolidation,1
APP-004659,88527.06,21893.75,36,16.33,7.0,637,0.3776,0,0.6081,medical,1
APP-004660,201038.8,44164.43,60,9.92,5.5,743,0.2491,1,0.2921,debt_consolidation,0
APP-004661,78912.06,8274.65,36,14.78,2.9,713,0.236,0,0.6801,auto,0
APP-004662,45019.04,20040.6,24,14.57,7.0,680,0.3758,1,0.4956,other,0
APP-004663,48093.85,9768.16,36,8.23,7.4,769,0.3319,0,0.3169,home_improvement,0
APP-004664,65020.54,19519.71,36,17.91,3.3,605,0.3118,1,0.5768,debt_consolidation,0
APP-004665,47971.06,12801.93,60,16.86,4.2,653,0.2769,0,0.7132,medical,0
APP-004666,49724.88,19148.81,36,17.73,7.5,640,0.5341,0,0.4889,home_improvement,1
APP-004667,104303.94,6399.07,60,13.4,1.9,701,0.1648,1,0.7827,small_business,0
APP-004668,106371.99,22970.71,24,15.16,3.8,749,0.5775,2,0.1494,home_improvement,0
APP-004669,29484.92,16340.77,60,15.75,8.9,623,0.0509,1,0.5923,other,0
APP-004670,43889.1,15838.13,24,10.48,6.4,850,0.135,0,0.8281,debt_consolidation,0
APP-004671,52021.92,44937.88,60,15.36,4.4,642,0.1568,1,0.5372,debt_consolidation,1
APP-004672,86656.32,11615.13,24,11.57,2.4,701,0.1689,1,0.1194,debt_consolidation,0
APP-004673,112512.41,17684.04,60,11.52,1.9,680,0.3653,0,0.1429,debt_consolidation,0
APP-004674,237776.67,15368.28,60,14.35,5.9,683,0.4825,0,0.8579,debt_consolidation,0
APP-004675,51980.26,16264.93,48,18.67,15.6,634,0.4861,0,0.6396,auto,0
APP-004676,53241.46,50000.0,24,12.09,9.0,742,0.4191,1,0.4517,debt_consolidation,1
APP-004677,86219.89,15046.67,48,19.15,0.5,630,0.3312,1,0.6468,debt_consolidation,0
APP-004678,46848.7,10434.59,48,17.33,9.7,577,0.2458,1,0.1514,debt_consolidation,0
APP-004679,60747.48,42917.18,36,18.84,3.1,615,0.3537,1,0.5906,debt_consolidation,1
APP-004680,53259.12,12130.09,48,10.38,6.5,764,0.0976,0,0.7815,other,0
APP-004681,18467.15,5715.29,60,12.93,3.9,753,0.4118,0,0.498,other,1
APP-004682,68960.87,9435.31,60,18.06,15.6,564,0.1659,0,0.5032,debt_consolidation,1
APP-004683,59552.25,7036.62,36,11.38,1.4,727,0.1595,0,0.3797,small_business,0
APP-004684,119650.88,5104.74,36,15.18,7.9,565,0.2455,0,0.2145,auto,0
APP-004685,65171.53,11747.02,36,12.84,3.4,678,0.2908,0,0.6194,other,0
APP-004686,35591.56,13921.35,60,14.71,9.8,610,0.1137,0,0.3276,home_improvement,1
APP-004687,57426.15,28756.24,60,17.71,7.8,732,0.5265,2,0.786,debt_consolidation,0
APP-004688,23823.38,20888.56,36,10.65,12.1,712,0.1156,1,0.0935,home_improvement,1
APP-004689,36348.27,20343.73,36,11.42,9.7,737,0.3204,0,0.2925,other,0
APP-004690,88184.41,8637.27,36,14.65,3.4,663,0.2479,0,0.5379,auto,0
APP-004691,57723.47,24225.6,36,15.17,19.6,669,0.2307,1,0.5802,home_improvement,0
APP-004692,101209.36,32494.27,60,15.24,9.0,593,0.1994,0,0.3327,debt_consolidation,0
APP-004693,25286.71,18228.75,60,22.73,4.0,620,0.2716,1,0.9564,auto,0
APP-004694,57858.81,18526.62,36,10.2,7.4,735,0.0965,0,0.458,other,0
APP-004695,51735.35,6963.12,36,10.09,9.3,701,0.1283,0,0.212,home_improvement,0
APP-004696,102842.08,26728.26,24,14.5,9.2,686,0.1036,0,0.6789,auto,0
APP-004697,89775.62,40732.67,60,10.69,8.7,753,0.2088,0,0.3331,home_improvement,0
APP-004698,88470.42,17487.06,60,16.07,10.8,605,0.3762,0,0.1916,home_improvement,0
APP-004699,136219.03,10272.0,24,12.12,10.4,722,0.2961,2,0.3159,medical,0
APP-004700,54473.02,13199.67,36,17.19,2.7,612,0.3522,0,0.7473,small_business,1
APP-004701,123374.7,11362.34,60,13.78,16.0,766,0.4037,2,0.5205,other,0
APP-004702,39376.47,11764.52,60,11.44,15.4,712,0.0689,0,0.564,home_improvement,0
APP-004703,38689.41,21114.9,48,9.88,10.1,736,0.2421,0,0.2473,home_improvement,0
APP-004704,93289.32,17051.49,36,14.33,6.7,639,0.1428,0,0.3028,home_improvement,0
APP-004705,31566.98,25956.75,60,10.11,6.8,807,0.171,0,0.5109,debt_consolidation,0
APP-004706,85568.29,17980.22,60,9.44,5.0,796,0.1989,0,0.2455,debt_consolidation,0
APP-004707,68239.09,8784.4,60,11.18,5.6,705,0.224,1,0.3125,debt_consolidation,0
APP-004708,108730.96,10845.47,24,11.33,0.0,748,0.2162,0,0.2773,home_improvement,0
APP-004709,63171.56,10461.49,36,12.85,13.4,662,0.3535,2,0.2171,debt_consolidation,0
APP-004710,66772.46,13013.61,24,17.14,11.8,606,0.2807,0,0.5492,home_improvement,0
APP-004711,82999.49,41061.98,60,11.49,0.0,726,0.1938,0,0.2462,small_business,0
APP-004712,47290.79,45059.8,60,13.92,10.5,627,0.1788,0,0.4912,debt_consolidation,1
APP-004713,46312.33,23555.92,36,10.66,6.5,756,0.2809,1,0.5029,medical,0
APP-004714,81623.19,15534.01,60,10.47,5.6,741,0.167,0,0.3946,other,0
APP-004715,64092.61,6582.34,60,13.68,8.7,694,0.3475,0,0.03,medical,0
APP-004716,53456.95,16473.51,36,19.93,0.0,690,0.3292,2,0.8486,debt_consolidation,1
APP-004717,62467.78,9170.07,48,14.6,6.4,737,0.471,0,0.3483,home_improvement,0
APP-004718,139738.92,37332.02,60,11.57,6.9,696,0.1521,1,0.4257,medical,0
APP-004719,52548.6,5712.22,24,13.7,6.9,657,0.1155,0,0.5092,medical,0
APP-004720,51822.16,18122.41,60,18.5,0.3,592,0.3275,0,0.1455,debt_consolidation,0
APP-004721,28640.28,8732.83,36,9.92,8.5,736,0.0686,0,0.2231,home_improvement,1
APP-004722,63691.93,14420.2,60,11.1,11.3,701,0.1476,0,0.6067,medical,0
APP-004723,89093.94,21337.55,60,12.79,8.3,840,0.4018,1,0.7193,debt_consolidation,0
APP-004724,97102.04,26229.65,60,11.36,5.5,674,0.2942,0,0.1041,medical,0
APP-004725,68465.62,13998.47,60,13.43,18.6,698,0.0431,0,0.8724,debt_consolidation,0
APP-004726,102841.34,22548.18,36,12.83,2.3,699,0.1631,0,0.3827,debt_consolidation,0
APP-004727,92330.81,9874.11,36,10.62,10.0,718,0.2205,0,0.27,small_business,0
APP-004728,110897.17,16719.25,60,13.5,7.6,624,0.28,0,0.1439,debt_consolidation,0
APP-004729,104256.33,25930.74,36,14.32,15.6,676,0.29,1,0.1288,medical,0
APP-004730,138099.83,17580.08,60,14.86,8.2,728,0.3644,2,0.3699,home_improvement,0
APP-004731,59915.46,10666.73,36,13.43,9.2,661,0.1683,2,0.122,debt_consolidation,0
APP-004732,34377.4,12333.31,36,16.24,8.8,726,0.2129,1,0.6414,other,0
APP-004733,89386.73,26133.79,36,12.65,1.7,686,0.1476,0,0.4098,home_improvement,0
APP-004734,94542.82,7697.37,60,12.27,2.6,703,0.2026,0,0.341,debt_consolidation,0
APP-004735,138100.97,8385.01,36,13.64,5.3,747,0.36,2,0.5059,other,0
APP-004736,120230.01,20554.3,48,11.82,10.8,667,0.2862,0,0.1997,auto,0
APP-004737,165374.74,11239.62,36,14.81,7.5,596,0.1144,0,0.6341,auto,0
APP-004738,87524.36,6242.46,60,16.35,5.6,665,0.2268,1,0.542,debt_consolidation,0
APP-004739,72545.67,31741.45,48,12.8,12.7,632,0.2129,0,0.1602,debt_consolidation,0
APP-004740,33434.74,7662.82,48,21.95,0.0,557,0.4474,1,0.156,auto,1
APP-004741,75359.77,12916.16,36,12.38,0.7,674,0.2115,0,0.4276,debt_consolidation,0
APP-004742,49858.33,10123.17,36,12.77,0.0,692,0.4197,1,0.1509,debt_consolidation,1
APP-004743,71945.73,12200.69,24,10.02,11.9,739,0.1639,0,0.2317,small_business,0
APP-004744,66723.26,8680.42,60,17.4,6.1,614,0.3462,0,0.7425,debt_consolidation,1
APP-004745,81517.64,21942.61,36,11.88,10.8,685,0.2984,0,0.405,debt_consolidation,0
APP-004746,62033.13,15462.63,60,11.44,6.0,745,0.0714,1,0.4611,debt_consolidation,0
APP-004747,101819.02,25653.18,60,12.58,11.1,647,0.2588,0,0.5036,home_improvement,0
APP-004748,18000.0,10184.13,36,13.05,5.9,711,0.2314,1,0.3918,medical,0
APP-004749,71206.51,49963.93,60,10.93,8.3,773,0.2743,0,0.4397,other,0
APP-004750,115767.33,4804.02,60,19.82,7.7,572,0.2639,0,0.6159,debt_consolidation,1
APP-004751,159494.68,5782.12,36,14.25,8.0,696,0.1003,0,0.751,debt_consolidation,0
APP-004752,92363.21,40082.42,60,13.75,14.1,747,0.1465,2,0.1979,medical,1
APP-004753,145930.59,19088.63,60,16.87,0.0,660,0.3845,0,0.729,home_improvement,0
APP-004754,70490.4,17675.02,24,9.66,6.2,760,0.1192,0,0.7067,home_improvement,0
APP-004755,65089.37,18620.97,36,17.9,7.4,717,0.5529,0,0.3294,other,0
APP-004756,83806.18,20195.28,48,12.51,6.7,783,0.3011,1,0.6372,medical,0
APP-004757,64900.41,17253.48,36,12.94,4.7,714,0.3709,0,0.5139,home_improvement,0
APP-004758,44650.06,8280.67,48,7.69,4.1,787,0.2831,0,0.343,other,0
APP-004759,50758.14,23305.73,48,13.4,13.4,697,0.3597,0,0.3917,debt_consolidation,0
APP-004760,38112.94,21270.94,60,17.22,6.2,601,0.2599,1,0.6057,other,1
APP-004761,83764.42,33202.95,24,13.11,17.5,643,0.214,1,0.2337,medical,1
APP-004762,65356.4,40342.62,36,6.45,8.9,739,0.134,0,0.1832,medical,0
APP-004763,54677.37,17563.53,60,14.84,5.2,738,0.4271,1,0.6724,other,0
APP-004764,49520.12,7114.75,36,11.52,9.0,662,0.1389,0,0.0512,medical,1
APP-004765,82831.99,40536.87,36,8.39,7.0,785,0.1457,2,0.318,home_improvement,0
APP-004766,94538.05,8033.51,24,18.03,12.5,659,0.4214,3,0.549,debt_consolidation,0
APP-004767,37778.51,17639.98,36,12.75,1.2,707,0.425,1,0.1714,auto,1
APP-004768,35033.29,12493.93,36,10.09,0.0,705,0.1166,0,0.1674,medical,0
APP-004769,102776.02,11295.29,36,17.17,8.1,603,0.1216,1,0.3057,debt_consolidation,0
APP-004770,33593.19,22588.54,60,12.68,10.3,674,0.2863,1,0.03,auto,0
APP-004771,84536.29,16708.79,48,4.64,7.8,818,0.0845,1,0.1176,auto,0
APP-004772,141246.09,19527.6,60,18.93,9.5,627,0.3805,1,0.7253,home_improvement,1
APP-004773,141403.85,9034.5,60,11.55,8.9,716,0.0725,0,0.4855,debt_consolidation,0
APP-004774,92625.65,13107.51,36,16.23,0.0,613,0.4056,0,0.4939,home_improvement,0
APP-004775,91342.47,9279.6,24,13.96,7.8,626,0.2945,1,0.1858,debt_consolidation,0
APP-004776,191579.5,12918.85,60,16.62,12.4,598,0.2315,0,0.6719,debt_consolidation,0
APP-004777,21197.37,13534.83,36,11.6,7.3,735,0.2958,1,0.2753,home_improvement,0
APP-004778,52013.65,42260.17,36,14.42,0.6,629,0.1461,0,0.4988,debt_consolidation,1
APP-004779,97676.73,12474.71,36,7.27,5.0,754,0.1136,0,0.3577,debt_consolidation,0
APP-004780,55284.33,4226.19,60,16.64,9.0,649,0.319,1,0.6602,auto,1
APP-004781,117858.04,32567.07,36,11.07,14.6,687,0.1672,0,0.1764,debt_consolidation,0
APP-004782,63783.68,18816.22,36,12.39,0.0,704,0.2454,0,0.1473,other,0
APP-004783,69243.16,13439.02,36,14.54,8.1,586,0.1305,0,0.4881,other,0
APP-004784,56971.06,11252.2,60,13.07,2.3,692,0.2593,0,0.5845,medical,0
APP-004785,50581.3,8372.33,36,10.57,8.8,700,0.335,0,0.146,other,0
APP-004786,49987.58,44621.53,60,7.39,9.1,746,0.2514,0,0.114,other,0
APP-004787,74035.68,14942.64,36,11.07,5.5,624,0.1115,0,0.4351,debt_consolidation,1
APP-004788,44817.38,5292.3,36,14.16,9.3,633,0.1483,0,0.3036,auto,0
APP-004789,102711.66,17535.68,36,11.11,11.6,718,0.257,0,0.1971,debt_consolidation,0
APP-004790,88937.66,29187.14,36,12.05,5.8,762,0.2482,0,0.5621,auto,0
APP-004791,110179.09,15877.15,36,15.29,0.5,646,0.2671,1,0.3191,home_improvement,0
APP-004792,37807.35,8595.38,60,17.48,12.9,608,0.1843,0,0.8428,debt_consolidation,0
APP-004793,28750.02,8160.66,36,14.55,10.2,662,0.2149,0,0.6652,debt_consolidation,1
APP-004794,64869.54,8517.34,60,17.68,9.0,621,0.2096,0,0.6008,other,0
APP-004795,250000.0,35047.71,36,16.08,3.4,703,0.3906,0,0.6283,debt_consolidation,0
APP-004796,119362.79,13909.66,36,15.17,10.9,617,0.1507,0,0.4953,debt_consolidation,1
APP-004797,49811.86,5476.62,48,15.31,15.7,736,0.487,2,0.6736,debt_consolidation,0
APP-004798,79690.72,18118.73,60,12.26,6.0,692,0.2183,0,0.3005,home_improvement,0
APP-004799,92169.47,15735.98,36,12.88,6.9,738,0.0776,1,0.7541,small_business,0
APP-004800,33702.13,11176.23,36,17.73,1.7,539,0.0496,2,0.5055,small_business,0
APP-004801,125437.51,8023.0,48,20.0,3.3,578,0.5039,1,0.3575,home_improvement,0
APP-004802,59980.75,7823.17,36,14.28,1.7,755,0.5997,1,0.2223,debt_consolidation,0
APP-004803,62231.45,27232.1,48,15.28,7.1,638,0.0608,1,0.545,debt_consolidation,0
APP-004804,65746.33,16738.41,60,17.98,5.0,595,0.0837,1,0.6009,home_improvement,1
APP-004805,112591.54,19139.65,24,16.18,8.2,668,0.3043,0,0.5257,small_business,1
APP-004806,45236.3,16711.69,60,15.01,2.5,694,0.1769,0,0.6362,auto,0
APP-004807,28646.8,17535.16,24,13.21,5.7,671,0.3617,0,0.2522,home_improvement,0
APP-004808,75899.17,11050.54,60,18.18,2.2,707,0.5594,0,0.7193,medical,0
APP-004809,24371.91,12868.31,60,14.17,7.3,699,0.4611,0,0.2149,home_improvement,0
APP-004810,56252.9,28496.96,60,17.85,0.0,696,0.3718,2,0.659,medical,0
APP-004811,114902.84,32937.47,60,12.03,7.2,758,0.1201,1,0.6798,medical,0
APP-004812,85828.61,7137.31,60,13.34,5.2,679,0.0847,1,0.4141,auto,0
APP-004813,107202.35,12850.19,24,11.94,7.3,677,0.2056,0,0.4094,medical,0
APP-004814,87545.26,23592.62,24,14.63,0.0,727,0.4209,2,0.3002,other,0
APP-004815,206716.4,43196.3,24,14.33,9.4,712,0.2043,0,0.549,home_improvement,0
APP-004816,49010.39,40759.35,36,16.64,5.2,628,0.2018,1,0.2493,debt_consolidation,1
APP-004817,78687.98,9139.53,48,13.13,7.5,675,0.1514,0,0.4915,debt_consolidation,0
APP-004818,52672.29,30376.69,36,12.48,0.0,705,0.0218,0,0.3535,medical,0
APP-004819,102889.12,15001.61,60,12.89,0.9,646,0.0365,0,0.4622,medical,1
APP-004820,63106.98,26573.39,36,19.94,4.7,649,0.4018,2,0.7113,medical,1
APP-004821,148329.0,22904.89,24,17.58,12.7,599,0.1478,1,0.6482,auto,0
APP-004822,50380.07,6966.06,36,20.22,8.9,513,0.2414,0,0.3024,debt_consolidation,0
APP-004823,127715.87,19948.09,60,12.22,7.1,658,0.0815,0,0.2776,auto,0
APP-004824,86409.21,25983.26,36,11.09,2.3,687,0.144,0,0.3307,auto,0
APP-004825,63995.06,14331.48,36,19.45,1.5,616,0.3281,1,0.5839,home_improvement,0
APP-004826,84331.85,12569.65,36,11.74,7.7,760,0.2611,0,0.6674,home_improvement,0
APP-004827,73684.63,5827.47,60,19.18,9.7,619,0.4717,1,0.4936,debt_consolidation,0
APP-004828,77110.97,21555.84,36,9.17,7.4,733,0.2506,0,0.3469,home_improvement,0
APP-004829,58855.73,16366.27,48,13.64,14.2,704,0.0954,0,0.6308,small_business,1
APP-004830,46415.1,8493.34,24,7.04,3.4,806,0.4482,0,0.1601,other,0
APP-004831,55343.16,12003.06,24,16.41,7.3,711,0.3207,1,0.9644,medical,0
APP-004832,28976.28,15859.37,60,16.17,0.0,596,0.295,1,0.472,debt_consolidation,1
APP-004833,97370.42,10487.04,48,10.69,7.4,741,0.1944,1,0.5039,auto,0
APP-004834,35927.7,14522.53,60,13.58,13.1,778,0.2491,1,0.8939,auto,0
APP-004835,58552.08,5255.04,36,15.98,1.8,577,0.1727,1,0.3686,debt_consolidation,0
APP-004836,88716.77,31715.74,60,11.74,10.3,717,0.2758,0,0.1379,small_business,0
APP-004837,97251.24,14634.42,36,10.73,13.0,730,0.1421,0,0.4511,debt_consolidation,0
APP-004838,27731.09,7663.92,60,15.62,3.4,668,0.3003,0,0.5818,debt_consolidation,0
APP-004839,62196.59,3481.69,36,17.41,8.6,540,0.2506,0,0.4134,debt_consolidation,1
APP-004840,81049.88,26338.9,36,14.49,13.6,663,0.1958,1,0.2911,debt_consolidation,0
APP-004841,66643.33,20042.23,36,12.95,7.5,646,0.1372,0,0.2493,other,0
APP-004842,123908.48,16384.67,60,13.02,10.0,769,0.3522,1,0.4764,home_improvement,0
APP-004843,43812.53,23928.36,60,15.59,0.0,675,0.3172,2,0.2515,debt_consolidation,1
APP-004844,24309.02,23890.23,36,16.75,9.2,656,0.1528,0,0.7752,home_improvement,1
APP-004845,95903.62,16231.0,24,14.23,8.8,646,0.1869,0,0.3406,home_improvement,0
APP-004846,50228.67,12512.2,36,17.23,0.5,699,0.4854,2,0.5345,debt_consolidation,0
APP-004847,27946.38,11383.97,24,14.01,2.2,683,0.1742,1,0.2865,debt_consolidation,1
APP-004848,60237.88,18509.7,60,15.19,9.2,634,0.2203,1,0.3239,auto,0
APP-004849,117337.58,32603.73,36,12.82,5.1,695,0.1558,0,0.6098,debt_consolidation,0
APP-004850,35446.55,13659.9,36,17.91,11.5,648,0.3645,0,0.5947,small_business,1
APP-004851,199470.29,34141.22,36,21.71,7.9,530,0.2918,1,0.5126,debt_consolidation,1
APP-004852,43475.78,18003.7,24,12.52,6.8,719,0.3392,0,0.3489,auto,0
APP-004853,67772.23,18082.59,60,14.96,5.7,713,0.3236,2,0.3876,small_business,0
APP-004854,36205.23,50000.0,36,14.4,7.8,692,0.3788,0,0.3409,debt_consolidation,0
APP-004855,66311.29,37814.85,60,15.43,10.1,654,0.2832,1,0.4017,debt_consolidation,1
APP-004856,60958.2,38387.89,60,11.34,8.9,676,0.1195,1,0.4191,other,1
APP-004857,31798.85,9129.7,36,8.93,4.6,728,0.0985,0,0.3838,home_improvement,0
APP-004858,250000.0,50000.0,36,15.53,12.1,643,0.1852,1,0.5969,auto,0
APP-004859,51245.38,13824.78,60,11.76,9.5,730,0.3552,0,0.244,debt_consolidation,0
APP-004860,51266.9,12707.64,60,13.57,8.2,594,0.2679,0,0.1363,debt_consolidation,1
APP-004861,103495.12,4144.51,24,14.4,6.9,690,0.5094,1,0.5555,medical,0
APP-004862,155279.95,17520.95,60,16.51,8.8,681,0.3172,0,0.8367,other,0
APP-004863,111617.4,7735.37,36,11.59,0.0,738,0.3925,0,0.2131,debt_consolidation,1
APP-004864,36518.57,18373.99,36,18.18,7.6,627,0.3129,1,0.4965,small_business,0
APP-004865,72028.62,7392.31,36,20.51,13.9,633,0.3842,2,0.4821,auto,0
APP-004866,26346.32,41133.16,60,14.24,7.5,599,0.0915,1,0.4714,debt_consolidation,0
APP-004867,100203.76,19966.61,36,18.99,6.9,647,0.6037,0,0.5288,debt_consolidation,1
APP-004868,29651.03,50000.0,36,14.8,3.8,695,0.1212,1,0.3014,debt_consolidation,0
APP-004869,44205.56,8010.83,24,17.97,8.7,576,0.3465,0,0.6766,home_improvement,1
APP-004870,64900.19,35611.64,36,12.63,5.6,654,0.2459,0,0.3215,auto,1
APP-004871,80478.53,5096.61,36,13.43,12.4,715,0.3634,1,0.1201,home_improvement,0
APP-004872,57348.04,16359.89,60,13.16,2.6,674,0.1524,0,0.4245,debt_consolidation,1
APP-004873,134767.01,10052.36,36,14.88,4.5,684,0.1867,1,0.5915,auto,0
APP-004874,91977.34,11182.32,60,19.11,3.8,593,0.1726,3,0.4977,medical,1
APP-004875,88575.49,10746.51,60,14.6,14.8,674,0.1703,3,0.1976,medical,0
APP-004876,36027.22,8530.2,60,15.62,5.6,682,0.2656,1,0.5534,medical,1
APP-004877,146948.75,6983.35,60,14.71,4.0,671,0.0663,0,0.7196,debt_consolidation,0
APP-004878,44208.45,11218.24,36,11.72,0.0,689,0.0828,0,0.6643,auto,0
APP-004879,149666.22,15509.38,36,12.94,2.4,662,0.2035,0,0.0757,home_improvement,0
APP-004880,171578.5,28476.85,24,16.03,8.9,654,0.1355,0,0.5242,home_improvement,0
APP-004881,83134.72,17209.33,36,18.15,8.9,620,0.378,0,0.4102,debt_consolidation,0
APP-004882,106671.45,28523.89,36,11.08,3.6,737,0.1576,1,0.263,medical,0
APP-004883,18000.0,6152.18,60,19.82,3.8,609,0.3009,2,0.3613,medical,1
APP-004884,59191.98,11279.95,60,15.43,14.9,689,0.4126,2,0.2836,home_improvement,0
APP-004885,110324.58,21900.98,36,13.09,18.6,785,0.2869,0,0.691,other,0
APP-004886,101306.66,17693.53,60,14.73,11.7,744,0.3528,1,0.3706,small_business,0
APP-004887,36194.97,8799.26,36,13.24,13.5,710,0.2583,0,0.6034,debt_consolidation,0
APP-004888,56452.56,24925.93,24,17.18,14.5,694,0.4436,0,0.5398,auto,1
APP-004889,19238.85,10654.8,24,13.66,16.5,673,0.3891,3,0.0971,home_improvement,1
APP-004890,79251.3,9237.56,48,15.8,5.1,628,0.4697,0,0.3388,other,0
APP-004891,26321.59,19232.05,36,16.15,2.5,665,0.1529,3,0.7884,debt_consolidation,0
APP-004892,111834.11,14551.98,36,8.59,14.8,713,0.3549,0,0.0725,debt_consolidation,0
APP-004893,114674.22,10706.59,24,9.78,2.2,703,0.1,0,0.297,home_improvement,0
APP-004894,51763.81,10497.79,36,14.2,1.9,726,0.3717,0,0.5933,debt_consolidation,0
APP-004895,83479.39,7796.43,60,10.19,2.0,751,0.1331,0,0.5098,auto,0
APP-004896,58567.5,11526.11,24,13.07,5.9,671,0.3121,0,0.457,home_improvement,0
APP-004897,73003.2,27444.18,60,10.96,0.0,691,0.2746,0,0.5265,debt_consolidation,0
APP-004898,37476.08,16709.68,48,14.62,0.1,570,0.2244,1,0.0399,medical,1
APP-004899,87635.29,25283.02,36,7.64,3.7,811,0.4235,0,0.1118,other,0
APP-004900,29565.8,19559.64,24,17.59,1.1,656,0.3677,1,0.2708,small_business,0
APP-004901,27004.97,10165.97,60,9.46,11.3,718,0.0675,1,0.1268,home_improvement,0
APP-004902,61305.02,5571.4,36,16.72,6.5,656,0.1868,0,0.5352,debt_consolidation,0
APP-004903,58732.34,8470.36,36,14.64,9.1,655,0.1811,1,0.5965,debt_consolidation,0
APP-004904,74076.04,9824.03,60,17.39,8.6,666,0.2032,1,0.7182,other,0
APP-004905,47590.05,9393.05,60,14.05,5.6,608,0.1845,0,0.1273,auto,0
APP-004906,160696.79,25614.03,60,22.08,10.9,536,0.4754,1,0.7209,medical,1
APP-004907,70209.08,25459.53,60,14.25,8.5,747,0.2761,0,0.8309,other,1
APP-004908,72687.58,50000.0,36,15.9,5.1,712,0.3585,2,0.6579,debt_consolidation,1
APP-004909,71454.4,9310.94,60,13.44,0.0,627,0.1534,0,0.2968,auto,0
APP-004910,105191.66,36622.71,36,7.93,8.8,706,0.0448,0,0.285,debt_consolidation,0
APP-004911,85701.95,36491.66,60,17.22,0.8,728,0.425,2,0.4183,debt_consolidation,1
APP-004912,80363.16,12672.52,36,18.23,8.2,640,0.3186,1,0.6394,home_improvement,0
APP-004913,92541.73,19083.25,24,10.99,6.9,704,0.3572,1,0.0925,home_improvement,0
APP-004914,27073.96,29778.12,36,11.52,0.4,738,0.2581,0,0.3225,other,0
APP-004915,27569.23,14012.82,60,19.19,7.7,597,0.3964,0,0.7261,debt_consolidation,1
APP-004916,62669.76,13397.14,36,15.99,7.4,711,0.437,0,0.4324,small_business,0
APP-004917,59116.13,10077.38,60,14.64,7.4,701,0.2977,2,0.4936,auto,0
APP-004918,85858.11,3688.89,24,8.75,7.2,789,0.1501,0,0.4114,auto,0
APP-004919,65627.54,15104.95,36,11.67,3.6,712,0.1223,1,0.5038,other,0
APP-004920,85942.84,9606.35,36,15.81,9.2,656,0.139,0,0.7195,home_improvement,0
APP-004921,35748.26,7771.37,36,13.79,3.4,663,0.083,3,0.2864,home_improvement,0
APP-004922,64665.63,18523.12,60,14.48,1.7,797,0.5447,1,0.4437,debt_consolidation,0
APP-004923,34147.18,6248.79,60,13.43,9.5,659,0.2368,0,0.2301,debt_consolidation,0
APP-004924,78263.32,23142.6,60,17.04,10.7,714,0.4471,0,0.3914,other,0
APP-004925,26385.39,19194.74,36,15.41,9.2,666,0.2667,0,0.6491,home_improvement,0
APP-004926,76828.53,11496.43,36,9.46,5.6,743,0.1425,1,0.321,home_improvement,0
APP-004927,32113.21,13977.22,60,7.94,0.0,746,0.1494,0,0.1683,debt_consolidation,0
APP-004928,54070.78,7270.47,60,12.07,13.2,679,0.039,0,0.6313,home_improvement,0
APP-004929,99878.31,22406.36,60,13.99,0.0,656,0.3344,1,0.2841,auto,1
APP-004930,72495.88,16164.54,36,16.39,9.1,655,0.3485,0,0.2791,debt_consolidation,0
APP-004931,29502.36,16878.18,60,16.6,16.0,580,0.3931,1,0.0723,small_business,0
APP-004932,47070.11,19399.46,36,13.26,7.2,686,0.2715,0,0.3073,auto,0
APP-004933,31617.97,9989.63,60,9.74,7.8,685,0.1705,0,0.1952,small_business,0
APP-004934,28815.2,6008.02,60,16.87,8.2,633,0.2861,1,0.5329,debt_consolidation,1
APP-004935,68776.74,25264.32,60,17.14,7.4,574,0.2942,0,0.8165,auto,1
APP-004936,85057.75,21619.71,36,12.1,17.1,692,0.1149,0,0.3729,debt_consolidation,0
APP-004937,80308.71,10629.58,60,10.99,2.7,699,0.2012,1,0.1743,home_improvement,0
APP-004938,86803.6,18383.11,36,17.36,2.1,703,0.2851,0,0.7988,auto,0
APP-004939,64629.44,30077.38,36,19.53,5.0,623,0.5268,0,0.4921,auto,1
APP-004940,57006.2,28067.02,60,17.47,14.3,703,0.259,1,0.9126,debt_consolidation,1
APP-004941,38834.69,10451.07,36,11.33,3.9,670,0.2079,0,0.2319,other,0
APP-004942,52622.78,6114.53,36,14.54,8.4,730,0.3909,0,0.5851,debt_consolidation,0
APP-004943,34471.75,6754.2,60,20.01,11.3,623,0.5565,1,0.1838,medical,1
APP-004944,43324.05,12101.72,60,10.5,10.0,747,0.3733,0,0.2705,other,0
APP-004945,67834.58,33861.97,48,7.73,11.1,768,0.2675,0,0.1069,medical,0
APP-004946,61426.44,9503.41,36,17.05,12.9,687,0.4248,3,0.4411,small_business,0
APP-004947,250000.0,10260.26,60,14.95,7.9,703,0.3556,0,0.5723,medical,0
APP-004948,34069.6,10138.5,36,12.13,4.4,725,0.1276,1,0.3753,small_business,0
APP-004949,61211.79,10651.97,24,16.57,7.2,621,0.1668,0,0.5861,auto,0
APP-004950,32818.61,14405.89,36,14.92,5.0,652,0.2625,0,0.4124,auto,0
APP-004951,53960.38,6901.37,60,10.28,17.8,691,0.1013,2,0.0876,debt_consolidation,0
APP-004952,55024.72,27196.2,36,11.91,4.1,798,0.3036,1,0.2266,auto,0
APP-004953,97507.54,13331.8,36,17.53,8.7,611,0.3079,0,0.2726,debt_consolidation,0
APP-004954,52381.18,50000.0,60,11.99,0.0,775,0.2684,0,0.5806,other,0
APP-004955,59296.71,7341.02,60,15.46,7.1,669,0.3114,1,0.205,debt_consolidation,1
APP-004956,52869.92,36462.01,48,14.13,5.2,678,0.3832,0,0.3051,debt_consolidation,0
APP-004957,33177.85,32496.39,60,9.91,9.5,751,0.204,0,0.5386,other,0
APP-004958,47530.81,11420.07,60,11.58,9.7,797,0.3441,0,0.4356,debt_consolidation,0
APP-004959,54112.09,11530.71,36,12.12,12.9,705,0.1479,1,0.6249,home_improvement,0
APP-004960,67344.67,8497.7,36,17.07,12.5,748,0.3104,1,0.7619,auto,0
APP-004961,85002.61,8554.46,48,13.2,6.2,627,0.2756,0,0.2365,debt_consolidation,0
APP-004962,58077.65,14494.9,60,19.07,2.3,649,0.4212,0,0.596,debt_consolidation,0
APP-004963,57589.64,14675.1,60,18.68,2.8,602,0.2321,0,0.443,home_improvement,0
APP-004964,28457.08,5724.66,24,14.29,7.9,650,0.154,0,0.7795,debt_consolidation,1
APP-004965,84222.31,50000.0,60,8.01,7.2,713,0.1019,0,0.1997,debt_consolidation,0
APP-004966,46542.05,12473.78,60,13.88,7.7,692,0.2577,0,0.4115,debt_consolidation,1
APP-004967,93037.85,15062.43,36,12.37,4.1,780,0.3791,0,0.2762,home_improvement,0
APP-004968,122275.71,10083.81,60,11.18,13.0,799,0.4053,1,0.2136,debt_consolidation,0
APP-004969,59393.69,12419.69,60,11.77,0.0,672,0.0988,0,0.4588,debt_consolidation,0
APP-004970,39773.38,11782.08,60,16.46,3.8,641,0.2926,0,0.2731,auto,0
APP-004971,64481.09,14475.38,60,15.69,1.7,747,0.4647,1,0.252,auto,1
APP-004972,76842.99,14377.82,24,10.37,5.6,753,0.2651,0,0.4728,debt_consolidation,0
APP-004973,55864.98,23126.31,60,15.31,12.1,706,0.2906,0,0.7053,debt_consolidation,0
APP-004974,49583.04,16542.56,36,14.8,5.2,721,0.3022,0,0.639,other,0
APP-004975,85189.89,21815.76,60,12.02,7.0,712,0.2468,1,0.2876,medical,0
APP-004976,82535.2,14417.73,60,11.94,9.5,623,0.0452,0,0.2934,home_improvement,0
APP-004977,55045.95,16581.29,60,17.0,5.0,609,0.4544,0,0.4771,home_improvement,0
APP-004978,29383.57,12606.23,60,11.52,8.2,677,0.205,0,0.4821,debt_consolidation,0
APP-004979,80919.01,25944.34,60,13.96,7.6,668,0.1484,1,0.2639,small_business,1
APP-004980,44973.36,17483.71,36,12.25,1.4,696,0.2317,0,0.4117,other,1
APP-004981,72043.56,13229.71,36,18.95,4.4,672,0.181,3,0.687,other,1
APP-004982,69891.41,13002.75,36,19.12,8.1,581,0.2977,1,0.4591,debt_consolidation,0
APP-004983,26250.7,13609.8,60,17.8,12.3,557,0.2548,0,0.403,debt_consolidation,1
APP-004984,67579.62,14758.31,48,17.85,12.3,723,0.3669,1,0.7826,debt_consolidation,1
APP-004985,83209.61,14033.67,48,16.73,15.9,642,0.3809,0,0.5301,debt_consolidation,0
APP-004986,88254.12,10485.78,36,13.87,8.7,667,0.2305,0,0.5264,debt_consolidation,0
APP-004987,68766.92,22596.41,48,13.91,4.6,648,0.1812,0,0.2258,auto,0
APP-004988,25162.08,23439.74,36,15.01,6.2,627,0.2246,1,0.3823,debt_consolidation,0
APP-004989,119987.33,40804.22,60,17.09,6.0,625,0.2368,0,0.6576,other,1
APP-004990,79176.39,10216.9,60,8.57,4.7,739,0.054,1,0.03,debt_consolidation,0
APP-004991,36481.09,21342.13,36,12.71,8.2,666,0.0507,0,0.471,debt_consolidation,1
APP-004992,44534.36,4791.53,60,13.37,8.4,717,0.2302,0,0.5433,other,0
APP-004993,72629.77,23452.89,36,11.74,1.2,725,0.1288,0,0.4703,auto,0
APP-004994,90078.7,6229.72,36,12.87,11.4,698,0.1348,2,0.3172,home_improvement,0
APP-004995,51427.09,8192.64,48,14.14,0.0,727,0.4945,0,0.5242,medical,0
APP-004996,96605.87,17581.36,60,12.87,5.5,681,0.0858,1,0.6549,debt_consolidation,0
APP-004997,27491.01,10111.56,24,8.95,11.7,759,0.2276,0,0.2919,debt_consolidation,0
APP-004998,39409.5,9339.98,36,11.13,9.2,728,0.0845,1,0.5675,home_improvement,0
APP-004999,24130.88,10945.79,36,16.49,4.9,735,0.4186,1,0.7225,home_improvement,0
APP-005000,42251.2,22138.8,24,19.17,15.4,626,0.359,0,0.5086,medical,0
