{
  "n_rows": 5000,
  "default_rate": 0.2672,
  "roc_auc": 0.6301894119390324,
  "accuracy": 0.729,
  "precision": 0.4666666666666667,
  "recall": 0.10486891385767791,
  "f1": 0.1712538226299694
}