{
  "n_rows": 30000,
  "fraud_rate": 0.0046,
  "threshold": 0.35,
  "roc_auc": 0.6952145727681561,
  "precision": 0.005104043973301924,
  "recall": 0.9285714285714286,
  "f1": 0.01015228426395939
}