{
  "rows_after_features": 636,
  "mae_units": 18.557369908244365,
  "mape": 0.07627246752292602
}