customer_id,churn_probability,risk_band,retention_priority
C103095,0.967893926653972,Very High,Contact
C100071,0.949525536346488,Very High,Contact
C101652,0.937061698273076,Very High,Contact
C102363,0.9368072243489158,Very High,Contact
C102393,0.9340094198332921,Very High,Contact
C100143,0.9282867703868809,Very High,Contact
C100486,0.9206550113422344,Very High,Contact
C100755,0.9191220759068349,Very High,Contact
C101537,0.9155852681369818,Very High,Contact
C102825,0.9131882763302994,Very High,Contact
C101458,0.9128726582351944,Very High,Contact
C103008,0.9084805276312751,Very High,Contact
C101202,0.9084188523987718,Very High,Contact
C100367,0.9067368132964415,Very High,Contact
C100086,0.905953931802333,Very High,Contact
C103071,0.903443054612588,Very High,Contact
C102557,0.9011968097702728,Very High,Contact
C103185,0.8971377194255964,Very High,Contact
C101164,0.8969609321047356,Very High,Contact
C101320,0.8969465708953247,Very High,Contact
C101068,0.8964229942507176,Very High,Contact
C102847,0.8954657314930101,Very High,Contact
C102462,0.8919424379076192,Very High,Contact
C103044,0.8913158213648152,Very High,Contact
C101260,0.8901618928534839,Very High,Contact
C100358,0.887453321120574,Very High,Contact
C103058,0.8845178167753414,Very High,Contact
C100106,0.8821730799555624,Very High,Contact
C102402,0.8814100771777772,Very High,Contact
C100103,0.8773738523783631,Very High,Contact
C101885,0.8773357495581289,Very High,Contact
C102495,0.8771071779989725,Very High,Contact
C101720,0.8741680285500552,Very High,Contact
C100517,0.8740574869488844,Very High,Contact
C100419,0.8725859878341816,Very High,Contact
C102192,0.8723633015952732,Very High,Contact
C102820,0.8717613541487296,Very High,Contact
C102265,0.8695920606070315,Very High,Contact
C100955,0.8685262650193994,Very High,Contact
C101020,0.8684009203932567,Very High,Contact
C100191,0.8673995857258421,Very High,Contact
C101047,0.8669059257907262,Very High,Contact
C100304,0.8668942488324242,Very High,Contact
C100463,0.8665782807312769,Very High,Contact
C101305,0.8644524272145626,Very High,Contact
C102779,0.8643031588702833,Very High,Contact
C100033,0.8637912804805143,Very High,Contact
C100418,0.8629273480414962,Very High,Contact
C103491,0.8627080804146843,Very High,Contact
C100085,0.8602767250659541,Very High,Contact
C101695,0.8578596294334567,Very High,Contact
C101903,0.8576844853327119,Very High,Contact
C100881,0.857575248355663,Very High,Contact
C103496,0.8571615754672233,Very High,Contact
C100316,0.8557590499060247,Very High,Contact
C102715,0.8553400816713185,Very High,Contact
C101099,0.8547268579215186,Very High,Contact
C102109,0.8527383533110529,Very High,Contact
C102419,0.8526316771577646,Very High,Contact
C100579,0.8520411146142014,Very High,Contact
C101803,0.8519701198802994,Very High,Contact
C100760,0.8514354911946548,Very High,Contact
C102484,0.8509134450486191,Very High,Contact
C100922,0.8506694462220556,Very High,Contact
C100527,0.8491642909733529,Very High,Contact
C102339,0.8484760717792835,Very High,Contact
C102958,0.8484349842099398,Very High,Contact
C100461,0.848126733510426,Very High,Contact
C100618,0.8477396764691822,Very High,Contact
C103261,0.8473315700748454,Very High,Contact
C101602,0.8469299196663028,Very High,Contact
C100102,0.8463773143456257,Very High,Contact
C102711,0.8457296680776322,Very High,Contact
C102775,0.8455321880227274,Very High,Contact
C102473,0.8452075636334768,Very High,Contact
C102627,0.8450054024088857,Very High,Contact
C101432,0.8444643388428269,Very High,Contact
C101409,0.844294831842835,Very High,Contact
C101455,0.8442339021005454,Very High,Contact
C102439,0.8430108142785376,Very High,Contact
C103335,0.8426608671934843,Very High,Contact
C100620,0.8421674263426562,Very High,Contact
C102769,0.8421371776349171,Very High,Contact
C102296,0.840602781302535,Very High,Contact
C102449,0.8401445573229765,Very High,Contact
C100574,0.8399290223330766,Very High,Contact
C100904,0.8393632074503622,Very High,Contact
C101174,0.8387117271972842,Very High,Contact
C103042,0.8375147194344731,Very High,Contact
C102258,0.8365039295413734,Very High,Contact
C100409,0.8363348756725795,Very High,Contact
C100454,0.8362538437814964,Very High,Contact
C101662,0.8340072124736735,Very High,Contact
C100606,0.8339315193234703,Very High,Contact
C100648,0.8324223096468953,Very High,Contact
C101366,0.8322975145213993,Very High,Contact
C102343,0.8321332237635963,Very High,Contact
C102486,0.8309872417749354,Very High,Contact
C103126,0.8304758108223125,Very High,Contact
C100538,0.8291781011335155,Very High,Contact
C101697,0.828095014430638,Very High,Contact
C102803,0.8279840087807487,Very High,Contact
C103141,0.8272594532353221,Very High,Contact
C100251,0.8270948118879232,Very High,Contact
C102115,0.826925053799883,Very High,Contact
C100218,0.8264880159814604,Very High,Contact
C100161,0.8260002016603561,Very High,Contact
C100080,0.8256547842170952,Very High,Contact
C102740,0.825263943123642,Very High,Contact
C100632,0.8249341197599837,Very High,Contact
C101640,0.8244118992142726,Very High,Contact
C102553,0.824266006073862,Very High,Contact
C102121,0.8238667885873486,Very High,Contact
C100170,0.8236208871410801,Very High,Contact
C100284,0.8225888520349082,Very High,Contact
C101496,0.8222001727873017,Very High,Contact
C100466,0.8220246910661788,Very High,Contact
C100607,0.8212118587577303,Very High,Contact
C103332,0.8197374578150397,Very High,Contact
C100433,0.819648774308247,Very High,Contact
C100847,0.8176689742667728,Very High,Contact
C100373,0.8167227325349222,Very High,Contact
C100137,0.8160180368280299,Very High,Contact
C100945,0.813019231006072,Very High,Contact
C103208,0.8121485730023267,Very High,Contact
C100857,0.8105428002039348,Very High,Contact
C101314,0.8103720032125901,Very High,Contact
C101435,0.8102694940644939,Very High,Contact
C102576,0.8096640364671845,Very High,Contact
C100932,0.809652436395134,Very High,Contact
C102042,0.8095233850047925,Very High,Contact
C102153,0.8093317032511584,Very High,Contact
C100434,0.8092813757966225,Very High,Contact
C102509,0.8090845046052336,Very High,Contact
C100617,0.8087552719395124,Very High,Contact
C100741,0.8066895540173732,Very High,Contact
C102452,0.8066048944140606,Very High,Contact
C102329,0.8062442655024075,Very High,Contact
C102218,0.80588902767087,Very High,Contact
C102248,0.805362310973909,Very High,Contact
C102161,0.8053100141733767,Very High,Contact
C100634,0.8051150097104272,Very High,Contact
C100719,0.8050876125669769,Very High,Contact
C100866,0.8044989088863131,Very High,Contact
C102219,0.8036018027011536,Very High,Contact
C102677,0.8035458296390762,Very High,Contact
C100666,0.8020463409333852,Very High,Contact
C103000,0.8020183014288135,Very High,Contact
C100545,0.8019332739199788,Very High,Contact
C102146,0.8018997773289991,Very High,Contact
C102705,0.8017823408533479,Very High,Contact
C103385,0.8016789773620346,Very High,Contact
C103296,0.8015384597704177,Very High,Contact
C103162,0.8012473706720917,Very High,Contact
C102750,0.8011253984698282,Very High,Contact
C100068,0.8009743498911782,Very High,Contact
C101481,0.8003692530668761,Very High,Contact
C100843,0.7999863334276437,High,Contact
C102904,0.7996670041909314,High,Contact
C101866,0.7995245296929064,High,Contact
C101698,0.799051712442733,High,Contact
C100990,0.798926489693639,High,Contact
C102286,0.7979027457449872,High,Contact
C100224,0.7966751040693568,High,Contact
C102923,0.7963717965473548,High,Contact
C100539,0.7957693038433493,High,Contact
C102301,0.7953168191610583,High,Contact
C101693,0.7947306065894143,High,Contact
C100052,0.7937818636678332,High,Contact
C102050,0.7933675165252178,High,Contact
C101916,0.792566548281649,High,Contact
C102254,0.7925311037942993,High,Contact
C101984,0.7920374321406121,High,Contact
C102866,0.7913567287766916,High,Contact
C102425,0.7913271528460449,High,Contact
C100693,0.7909604477319702,High,Contact
C102503,0.7905910737131236,High,Contact
C102885,0.7903741490659744,High,Contact
C102970,0.7892761524421047,High,Contact
C102765,0.7892542378904446,High,Contact
C103319,0.7887526054199681,High,Contact
C101467,0.788147498573404,High,Contact
C100258,0.7874387642254237,High,Contact
C101364,0.7873972263108474,High,Contact
C101316,0.7873064206661978,High,Contact
C100622,0.787234065674197,High,Contact
C102560,0.7860765598895474,High,Contact
C101906,0.7860359059291467,High,Contact
C103036,0.7859446945588608,High,Contact
C101630,0.7858647879862485,High,Contact
C101759,0.7854491083085404,High,Contact
C100987,0.7852855169085657,High,Contact
C102653,0.7847041814770416,High,Contact
C100345,0.7843914568921391,High,Contact
C102739,0.7841548336980564,High,Contact
C103130,0.7837508445398089,High,Contact
C102401,0.7837400155475877,High,Contact
C103303,0.7827195778761601,High,Contact
C102640,0.7826410735287571,High,Contact
C102417,0.7819639519301023,High,Contact
C100665,0.781573285858533,High,Contact
C100380,0.7813228950870279,High,Contact
C102540,0.7809089407348724,High,Contact
C100901,0.7792826304794066,High,Contact
C100348,0.7789708211674857,High,Contact
C102755,0.7783134910057006,High,Contact
C101948,0.7781866159804576,High,Contact
C103364,0.7780729083268808,High,Contact
C103096,0.7778590903778121,High,Contact
C103088,0.7777083759849313,High,Contact
C101905,0.7776186499468664,High,Contact
C103470,0.7775691780687709,High,Contact
C100128,0.7772338442763878,High,Contact
C102659,0.7768628620322224,High,Contact
C102897,0.7764869922649975,High,Contact
C100616,0.7764087768001274,High,Contact
C103006,0.7764076760330411,High,Contact
C101477,0.7759722949619174,High,Contact
C102125,0.7754989547706608,High,Contact
C101373,0.7753569214211716,High,Contact
C103217,0.7750568812108596,High,Contact
C101377,0.774740242992362,High,Contact
C103426,0.7747325270994011,High,Contact
C101614,0.774202946731332,High,Contact
C103483,0.7741018551261142,High,Contact
C101684,0.7738971905183724,High,Contact
C103128,0.7733205391894701,High,Contact
C101584,0.772308891319162,High,Contact
C100999,0.7718781302785735,High,Contact
C101994,0.7715378040746231,High,Contact
C102587,0.7713396304113574,High,Contact
C102622,0.7709826559047629,High,Contact
C101025,0.7698327236569836,High,Contact
C101897,0.7691961893693818,High,Contact
C101796,0.7689153752886139,High,Contact
C101111,0.7687759142692503,High,Contact
C101718,0.7683189280396867,High,Contact
C102025,0.7677168870333899,High,Contact
C102644,0.767503805238535,High,Contact
C101451,0.7674093888612357,High,Contact
C103322,0.7667528739248992,High,Contact
C103151,0.7666884683926368,High,Contact
C102829,0.7666567478915162,High,Contact
C102883,0.7666429509824878,High,Contact
C101657,0.7665211018199405,High,Contact
C101708,0.7653979275613066,High,Contact
C102925,0.7652258918367557,High,Contact
C100127,0.7642719611418812,High,Contact
C103287,0.7641228560742459,High,Contact
C101899,0.7634230305718421,High,Contact
C102322,0.7633119330632553,High,Contact
C101400,0.7633110222010345,High,Contact
C101671,0.7628538507329155,High,Contact
C101013,0.7627439066286787,High,Contact
C100364,0.7627101611871614,High,Contact
C103169,0.7623966219354107,High,Contact
C100535,0.7621012246374008,High,Contact
C102971,0.7619826801450182,High,Contact
C100936,0.7616726780248126,High,Contact
C103056,0.7616114777782417,High,Contact
C103026,0.7609283994247202,High,Contact
C102196,0.7604448798749257,High,Contact
C102369,0.7604155093743236,High,Contact
C103373,0.7603575127360012,High,Contact
C102149,0.7601786900129108,High,Contact
C100375,0.7599314982544461,High,Contact
C101923,0.7599263880569084,High,Contact
C100006,0.7592343594396227,High,Contact
C102525,0.758875951951801,High,Contact
C100956,0.7580801061963052,High,Contact
C101910,0.7574550948317706,High,Contact
C100490,0.7573967284223391,High,Contact
C100573,0.7571647966278314,High,Contact
C102040,0.7569583847967712,High,Contact
C101056,0.7565926387755256,High,Contact
C101315,0.7548203505166232,High,Contact
C100972,0.7547755332629604,High,Contact
C101551,0.7547690814783224,High,Contact
C100396,0.7542945869284858,High,Contact
C102174,0.7529515109775251,High,Contact
C101954,0.7529027020984216,High,Contact
C102818,0.7524118460177732,High,Contact
C102822,0.751817740557106,High,Contact
C101618,0.750282858982622,High,Contact
C100299,0.7501506182606014,High,Contact
C101579,0.7497586671792961,High,Contact
C101166,0.7497513937138606,High,Contact
C103283,0.749568584146578,High,Contact
C100057,0.7485392143088679,High,Contact
C100335,0.7483276368231088,High,Contact
C102886,0.7482479627804618,High,Contact
C100361,0.7478681598117788,High,Contact
C101123,0.7478275669666464,High,Contact
C103498,0.7477252504844433,High,Contact
C100772,0.7473769710731931,High,Contact
C102122,0.7465123898670034,High,Contact
C100260,0.7464822270623949,High,Contact
C101100,0.7462943913246477,High,Contact
C102437,0.7462586217399827,High,Contact
C102791,0.7459486479873944,High,Contact
C102352,0.7458511919270011,High,Contact
C101391,0.745746333862384,High,Contact
C102345,0.7446609721612834,High,Contact
C101404,0.7444691231390068,High,Contact
C100730,0.744014926931585,High,Contact
C100554,0.743581331823202,High,Contact
C100825,0.7435764733849805,High,Contact
C100272,0.7433099225675557,High,Contact
C102221,0.7427586010754798,High,Contact
C101494,0.7420657212469788,High,Contact
C101775,0.7417407060588583,High,Contact
C102180,0.7416483556850217,High,Contact
C101066,0.7414260191790316,High,Contact
C100919,0.7407890868187674,High,Contact
C102504,0.740374655326826,High,Contact
C102673,0.7401164793843938,High,Contact
C100029,0.7398371218921035,High,Contact
C101776,0.7398109898794437,High,Contact
C102590,0.7390891149487688,High,Contact
C102848,0.7389521924197733,High,Contact
C101370,0.7388306925798142,High,Contact
C102919,0.7382574332664986,High,Contact
C100229,0.7382243212532794,High,Contact
C102027,0.738118655079696,High,Contact
C102103,0.7378422801804211,High,Contact
C103053,0.7372141703415376,High,Contact
C100460,0.7371403926917741,High,Contact
C103233,0.7371168010490698,High,Contact
C100196,0.7370049475299875,High,Contact
C101319,0.7368160257313584,High,Contact
C103460,0.7363608504413773,High,Contact
C102400,0.7363478334873604,High,Contact
C102224,0.7362534934152127,High,Contact
C101798,0.7361245485967345,High,Contact
C100969,0.7356638712858894,High,Contact
C102230,0.7356208223107428,High,Contact
C100407,0.7356007276143456,High,Contact
C102601,0.7355783810760712,High,Contact
C102199,0.735190032336018,High,Contact
C100862,0.7351897923953387,High,Contact
C100257,0.7348551271719862,High,Contact
C102799,0.7344234608739325,High,Contact
C103081,0.7328297509622246,High,Contact
C103159,0.7326344038574918,High,Contact
C101457,0.7325405696177092,High,Contact
C100731,0.7322738627616743,High,Contact
C102001,0.7321002146278893,High,Contact
C102882,0.7320633731401213,High,Contact
C102459,0.7320150365629824,High,Contact
C102485,0.7310007535703411,High,Contact
C100631,0.7309285107399429,High,Contact
C100496,0.730871359314372,High,Contact
C100599,0.7304054616911043,High,Contact
C101440,0.7293285395269128,High,Contact
C101664,0.7286107246533762,High,Contact
C101516,0.7282569483453124,High,Contact
C101940,0.7279770005985547,High,Contact
C101628,0.7275483483641865,High,Contact
C102051,0.7272895637654063,High,Contact
C100532,0.7272740145374871,High,Contact
C101290,0.726894193878551,High,Contact
C100505,0.725928120992808,High,Contact
C100832,0.725401063830206,High,Contact
C100562,0.7246199908789464,High,Contact
C102697,0.7243750406736793,High,Contact
C100135,0.7243718125594347,High,Contact
C101594,0.7241965529111513,High,Contact
C103300,0.7241633972842111,High,Contact
C102878,0.723681556757863,High,Contact
C101237,0.7235505861924444,High,Contact
C102087,0.7235325613442373,High,Contact
C101802,0.7230572416705475,High,Contact
C102105,0.7222305708221048,High,Contact
C100287,0.7216626357137329,High,Contact
C101051,0.721652317765772,High,Contact
C102294,0.7216449241826431,High,Contact
C102150,0.7212171411947625,High,Contact
C103142,0.7211993900078163,High,Contact
C103152,0.7211913384370514,High,Contact
C102706,0.719988940800955,High,Contact
C101756,0.7195898496038245,High,Contact
C100642,0.7194282363889495,High,Contact
C102128,0.7189556976909305,High,Contact
C100553,0.7186778169008026,High,Contact
C100256,0.7182627733853794,High,Contact
C102360,0.7179267976169146,High,Contact
C102442,0.7178027294510677,High,Contact
C100756,0.7172570641349253,High,Contact
C101904,0.7172380280197221,High,Contact
C101544,0.7167875470044277,High,Contact
C101532,0.716581764295826,High,Contact
C103318,0.7157588971133626,High,Contact
C102664,0.7157296068524798,High,Contact
C100939,0.7156288965300912,High,Contact
C100330,0.7155378946418246,High,Contact
C101661,0.7154857243416081,High,Contact
C103276,0.7145425774751076,High,Contact
C100714,0.7145155660363951,High,Contact
C103240,0.7144572020907974,High,Contact
C100555,0.7142245572126278,High,Contact
C101208,0.7132229905674266,High,Contact
C101747,0.7121028419215527,High,Contact
C103045,0.712102018144091,High,Contact
C102516,0.7118707794237978,High,Contact
C100789,0.711382134955417,High,Contact
C102209,0.7109785018983592,High,Contact
C101242,0.7109439272107374,High,Contact
C101690,0.7102697149261272,High,Contact
C102993,0.7102064245659563,High,Contact
C101027,0.7101100894792078,High,Contact
C103320,0.7090960083078989,High,Contact
C101638,0.7083677912618017,High,Contact
C101683,0.7080946731215565,High,Contact
C101178,0.7080417761258494,High,Contact
C103215,0.7080239193915017,High,Contact
C103345,0.7076153024170635,High,Contact
C100014,0.7071000685037472,High,Contact
C102953,0.7066445925197328,High,Contact
C100808,0.706600548042222,High,Contact
C101659,0.7065289746815825,High,Contact
C101383,0.7064326408756139,High,Contact
C101943,0.7060465667421113,High,Contact
C101773,0.7057793956528584,High,Contact
C101077,0.7051821983609308,High,Contact
C101703,0.705043483730412,High,Contact
C103051,0.7050230244890529,High,Contact
C100837,0.7042054065785857,High,Contact
C100807,0.7041662164214457,High,Contact
C101189,0.7040538643898699,High,Contact
C102988,0.703890953008301,High,Contact
C100625,0.703652537242023,High,Contact
C100117,0.703582551110994,High,Contact
C103333,0.7034644845721192,High,Contact
C101999,0.7032594254782767,High,Contact
C102030,0.7031887104901275,High,Contact
C103106,0.7027541395979815,High,Contact
C102461,0.7025100279307656,High,Contact
C101844,0.7024486500684687,High,Contact
C103112,0.7024355641081417,High,Contact
C100298,0.7019463629087043,High,Contact
C101778,0.7018802705561868,High,Contact
C102038,0.7017388404283607,High,Contact
C102431,0.701485350708035,High,Contact
C102564,0.7014599204526872,High,Contact
C100962,0.7012059735776365,High,Contact
C103121,0.7009813550577266,High,Contact
C101444,0.7004947780756403,High,Contact
C100261,0.6995937623766183,High,Contact
C100107,0.6993475802304993,High,Contact
C101214,0.6987753082638296,High,Contact
C103020,0.697813198882658,High,Contact
C102996,0.6977515014314329,High,Contact
C102922,0.6976638509229874,High,Contact
C103451,0.6973075439844825,High,Contact
C100910,0.6965950819063007,High,Contact
C101116,0.6964131247548981,High,Contact
C102260,0.6959603320728596,High,Contact
C100816,0.6958014392472691,High,Contact
C102257,0.6955163784068139,High,Contact
C101724,0.6949420551532323,High,Contact
C100676,0.6947199759719581,High,Contact
C102084,0.6940168073440481,High,Contact
C101691,0.6937784763930309,High,Contact
C100746,0.6936752247994387,High,Contact
C101028,0.6936293375757481,High,Contact
C101033,0.693518076531014,High,Contact
C102537,0.6933179216205035,High,Contact
C102011,0.6932600961679409,High,Contact
C103399,0.6926117442384556,High,Contact
C101590,0.6925325069977065,High,Contact
C102668,0.6919899509447138,High,Contact
C100767,0.6916398912611436,High,Contact
C103067,0.6914187469467877,High,Contact
C101528,0.6910075008042631,High,Contact
C100747,0.6905344776396914,High,Contact
C103327,0.6893795854315434,High,Contact
C101133,0.6893764484592311,High,Contact
C102704,0.6889844679683101,High,Contact
C100327,0.6889286573215487,High,Contact
C100331,0.6887905912962218,High,Contact
C102987,0.6886813143949164,High,Contact
C101853,0.6886389400581672,High,Contact
C100329,0.6880824364671748,High,Contact
C102245,0.6880400212612865,High,Contact
C101960,0.6879938879821773,High,Contact
C100366,0.6879408092410209,High,Contact
C103429,0.6879146306537565,High,Contact
C100688,0.687336127059743,High,Contact
C103089,0.6873266965815982,High,Contact
C100155,0.6868537850813243,High,Contact
C101438,0.6865980111484332,High,Contact
C101145,0.6865675558373967,High,Contact
C102727,0.6864469860455628,High,Contact
C101171,0.686382201121654,High,Contact
C100572,0.6863707369609144,High,Contact
C101587,0.6854295953950417,High,Contact
C101552,0.6852877949904947,High,Contact
C101112,0.6849202588766617,High,Contact
C102781,0.6843979164505826,High,Contact
C101031,0.684117859850584,High,Contact
C100386,0.6840556199601668,High,Contact
C102242,0.6839833474357496,High,Contact
C102467,0.6839229539997668,High,Contact
C101037,0.6838344040282123,High,Contact
C101880,0.683685867873203,High,Contact
C103216,0.6834647879674688,High,Contact
C100563,0.6828091973196346,High,Contact
C100215,0.6826007201840893,High,Contact
C100225,0.6820985986778081,High,Contact
C100859,0.6818688838968269,High,Contact
C101871,0.6817396866940322,High,Contact
C103280,0.6815810034044599,High,Contact
C102271,0.6810739133214757,High,Contact
C103025,0.6809364202658773,High,Contact
C103105,0.680917380744357,High,Contact
C102440,0.6807736549921979,High,Contact
C102846,0.6807628354065888,High,Contact
C100966,0.6805681007276415,High,Contact
C101621,0.6803581789704639,High,Contact
C101464,0.6803045287359116,High,Contact
C102888,0.6799967426359376,High,Contact
C102556,0.6796937858234738,High,Contact
C103265,0.679648472335593,High,Contact
C103235,0.6795592343379441,High,Contact
C100109,0.6792207341579467,High,Contact
C102632,0.6792053725545019,High,Contact
C103227,0.6790771525414547,High,Contact
C102053,0.6789766108679569,High,Contact
C100720,0.6785608215434938,High,Contact
C100399,0.6785426292465088,High,Contact
C100309,0.6783918128311233,High,Contact
C102292,0.6783638022475974,High,Contact
C101158,0.6780721774776376,High,Contact
C102323,0.6780171692977409,High,Contact
C100864,0.6777283737975683,High,Contact
C103494,0.6773189457819777,High,Contact
C101360,0.6770356368331595,High,Contact
C100148,0.6768367037474888,High,Contact
C102325,0.6756714036537127,High,Contact
C101525,0.6756136025455048,High,Contact
C100674,0.6755379844092745,High,Contact
C101861,0.6751639029764867,High,Contact
C100192,0.674960435424695,High,Contact
C101402,0.6745996679122422,High,Contact
C102763,0.6745963405551859,High,Contact
C103325,0.6744394984751533,High,Contact
C102545,0.6742132706829259,High,Contact
C103277,0.6739275730902053,High,Contact
C101405,0.6738012854776319,High,Contact
C102548,0.6737536162948488,High,Contact
C102600,0.6737010225824458,High,Contact
C100899,0.6732164279290956,High,Contact
C103124,0.6730694898267702,High,Contact
C102188,0.6725549188323341,High,Contact
C100911,0.6724361258240967,High,Contact
C100308,0.6722570482342932,High,Contact
C103337,0.6721625035744438,High,Contact
C101161,0.6718530283814779,High,Contact
C103083,0.6716979337757684,High,Contact
C103174,0.6713639634815239,High,Contact
C100153,0.6711623086654358,High,Contact
C102200,0.6711511157411321,High,Contact
C102974,0.6708229378007761,High,Contact
C102075,0.6708044712069423,High,Contact
C101518,0.6705897352065654,High,Contact
C101185,0.6704297296712157,High,Contact
C102049,0.6702199333677678,High,Contact
C101777,0.670050617565388,High,Contact
C101275,0.669468355413436,High,Contact
C103343,0.6693475008282027,High,Contact
C101207,0.6692384915220261,High,Contact
C102123,0.6692183677024013,High,Contact
C101376,0.6676804146329088,High,Contact
C101687,0.6676688560508581,High,Contact
C102730,0.6674603386346029,High,Contact
C101129,0.6674302878587005,High,Contact
C102928,0.6673958874118079,High,Contact
C103172,0.6671526449946011,High,Contact
C101269,0.6671150494199893,High,Contact
C102865,0.6666958247856376,High,Contact
C101513,0.6665765322055037,High,Contact
C103001,0.6665506909390209,High,Contact
C102007,0.6647838008579664,High,Contact
C100924,0.6647468376658595,High,Contact
C102365,0.6645172730412657,High,Contact
C100959,0.6641190802936504,High,Contact
C101034,0.663162292236367,High,Contact
C100865,0.6629853678595645,High,Contact
C100415,0.6629787603994678,High,Contact
C101188,0.662873764688835,High,Contact
C100457,0.6628045757690508,High,Contact
C100179,0.6621376742865065,High,Contact
C101109,0.661888820187118,High,Contact
C103254,0.6617337049788635,High,Contact
C100824,0.6614816835563655,High,Contact
C103110,0.661366632867988,High,Contact
C103129,0.6612578887947435,High,Contact
C102955,0.6610992719538205,High,Contact
C102384,0.6605510960025178,High,Contact
C100175,0.6599651172602906,High,Contact
C100694,0.6595846467543063,High,Contact
C100929,0.6595470553266025,High,Contact
C101949,0.6595323001573291,High,Contact
C102734,0.6590367844485123,High,Contact
C101379,0.6589236272538382,High,Contact
C103418,0.6586525425241736,High,Contact
C101514,0.6585917278795111,High,Contact
C103255,0.6581383412511855,High,Contact
C101527,0.6579105041950609,High,Contact
C103328,0.6578289418427313,High,Contact
C102757,0.6576089238424152,High,Contact
C101955,0.6575259780997175,High,Contact
C103310,0.6575120754402761,High,Contact
C103306,0.6574438593326789,High,Contact
C100171,0.657177348361933,High,Contact
C103068,0.6569980066123139,High,Contact
C101278,0.6569959425527846,High,Contact
C101675,0.6567292188561821,High,Contact
C102488,0.6554635751004899,High,Contact
C102381,0.6552202451858319,High,Contact
C103493,0.655198946996768,High,Contact
C100060,0.6551172549593349,High,Contact
C102497,0.6546624089130163,High,Contact
C102879,0.6545567170280449,High,Contact
C101785,0.6545044725833006,High,Contact
C102800,0.6539112303059861,High,Contact
C101969,0.6538470504727549,High,Contact
C103084,0.6538195920877715,High,Contact
C100138,0.65368098238443,High,Contact
C102191,0.653378957385015,High,Contact
C103032,0.6531316816456345,High,Contact
C101479,0.6529885245797029,High,Contact
C103311,0.6529486551192372,High,Contact
C102143,0.6525002833820439,High,Contact
C100794,0.6522345927411547,High,Contact
C101236,0.6519538448085463,High,Contact
C101673,0.6515377226882876,High,Contact
C101682,0.6510817713869291,High,Contact
C101488,0.6499217305279035,High,Contact
C101891,0.6497687148646107,High,Contact
C103425,0.6497009660686046,High,Contact
C100008,0.6495075391619166,High,Contact
C102701,0.6492557687934422,High,Contact
C103115,0.6490301674647938,High,Contact
C103221,0.6481528030210106,High,Contact
C100034,0.6470362039084094,High,Contact
C101578,0.6468857883331898,High,Contact
C100428,0.6467313064505223,High,Contact
C100691,0.6465124354886419,High,Contact
C103219,0.6463322709108819,High,Contact
C102415,0.6460075413988348,High,Contact
C101312,0.6457810018190506,High,Contact
C100587,0.6457660370174474,High,Contact
C103248,0.6457569169580892,High,Contact
C102603,0.6457368546117382,High,Contact
C101247,0.6456587050162225,High,Contact
C100750,0.6455784724664899,High,Contact
C103234,0.6450273315643953,High,Contact
C101781,0.6445887781545494,High,Contact
C100839,0.6443687908892143,High,Contact
C100220,0.6442462337139007,High,Contact
C102833,0.6441653408567612,High,Contact
C102472,0.6440081545252961,High,Contact
C102185,0.6434977261305318,High,Contact
C103046,0.6434049661059362,High,Contact
C102017,0.643136574117149,High,Contact
C101926,0.6430041856497744,High,Contact
C100045,0.6427953316029298,High,Contact
C100761,0.6424869497525504,High,Contact
C102956,0.6423584212900257,High,Contact
C100083,0.6422269371169811,High,Contact
C103381,0.642100387005274,High,Contact
C102942,0.6420553319228384,High,Contact
C102303,0.6419712269308752,High,Contact
C101295,0.6416438082525872,High,Contact
C103369,0.6412996532458324,High,Contact
C101890,0.6409174728688497,High,Contact
C102857,0.6408981139839262,High,Contact
C100577,0.6407119440071203,High,Contact
C101487,0.6401125548349729,High,Contact
C103380,0.6400094928413255,High,Contact
C101654,0.6400027203972269,High,Contact
C101054,0.6398406599018738,High,Contact
C101719,0.6396471333177521,High,Contact
C102394,0.6392882089033397,High,Contact
C101429,0.6392125672777152,High,Contact
C101389,0.6390966038623485,High,Contact
C100010,0.6389988915485015,High,Contact
C101772,0.6384017388809561,High,Contact
C103069,0.6382008142098442,High,Contact
C103413,0.6378382856244429,High,Contact
C102072,0.6377001539638746,High,Contact
C100311,0.6372215463084718,High,Contact
C100565,0.6372131008099251,High,Contact
C103307,0.6368382675657779,High,Contact
C103408,0.6367955667631701,High,Contact
C103436,0.636691594450782,High,Contact
C100626,0.6362075766541275,High,Contact
C103490,0.635412459839203,High,Contact
C100140,0.6353120264094021,High,Contact
C100735,0.6353101640670007,High,Contact
C101556,0.6352314536699634,High,Contact
C101326,0.6350388156164792,High,Contact
C101469,0.6347089739824776,High,Contact
C103117,0.6346785255393341,High,Contact
C101538,0.6344872050794427,High,Contact
C101387,0.6331864704529699,High,Contact
C103176,0.633019959385234,High,Contact
C102000,0.6330091916953632,High,Contact
C103145,0.6324193127123037,High,Contact
C100621,0.631977542197939,High,Contact
C101030,0.6318890931156232,High,Contact
C101836,0.6318016683645451,High,Contact
C102566,0.6308926175012789,High,Contact
C100657,0.630596860513002,High,Contact
C103256,0.6305386284426653,High,Contact
C100813,0.6299668428083567,High,Contact
C102077,0.6299607323287967,High,Contact
C102510,0.6291033732092739,High,Contact
C101154,0.6287674333463933,High,Contact
C101581,0.6287084445412053,High,Contact
C103355,0.628692021943886,High,Contact
C103298,0.6277312255336692,High,Contact
C102699,0.6275068851641998,High,Contact
C101196,0.6272772200023778,High,Contact
C102555,0.6270307091897073,High,Contact
C102170,0.6270132328354822,High,Contact
C102671,0.6265993950287263,High,Contact
C100297,0.6260831244016257,High,Contact
C102198,0.626033649965903,High,Contact
C101721,0.6259938374284918,High,Contact
C101480,0.6257557628348791,High,Contact
C103301,0.6255892537950339,High,Contact
C103160,0.6254755544577939,High,Contact
C103222,0.625377709206272,High,Contact
C103031,0.6252351836884198,High,Contact
C100800,0.6250928578224665,High,Contact
C102630,0.6243755617987017,High,Contact
C102690,0.6242756397895409,High,Contact
C101786,0.624152997340445,High,Contact
C100262,0.6240480661749093,High,Contact
C100372,0.6240387852490777,High,Contact
C100336,0.6238287348354752,High,Contact
C102669,0.623708754024229,High,Contact
C101417,0.6235660356065794,High,Contact
C102745,0.6234630032062721,High,Contact
C101369,0.6233816066167629,High,Contact
C102945,0.6233697504112365,High,Contact
C103027,0.6231687312333252,High,Contact
C100853,0.6229460046547831,High,Contact
C101782,0.6228427707572105,High,Contact
C101439,0.6220810329146528,High,Contact
C101998,0.6220553127831933,High,Contact
C101832,0.621701418465182,High,Contact
C102407,0.6213292259601332,High,Contact
C100749,0.6212305892329135,High,Contact
C100022,0.6209157732367724,High,Contact
C103376,0.6199366378136613,High,Contact
C101172,0.6196340250428619,High,Contact
C103140,0.61922134578441,High,Contact
C100370,0.6191186214571982,High,Contact
C102756,0.618256047924759,High,Contact
C100543,0.6182445098873469,High,Contact
C100118,0.6179839140852955,High,Contact
C100213,0.6179009190539378,High,Contact
C100453,0.617794656070201,High,Contact
C100447,0.6175955307437314,High,Contact
C102929,0.6175448409395619,High,Contact
C100362,0.6171347505519555,High,Contact
C102496,0.6166327577512508,High,Contact
C102237,0.6165604271444582,High,Contact
C100472,0.6164640946600526,High,Contact
C101922,0.6163155181752222,High,Contact
C103371,0.6162882968749166,High,Contact
C101502,0.6161817508297441,High,Contact
C100605,0.616122263630067,High,Contact
C101639,0.6160411679867647,High,Contact
C102014,0.6159929294829947,High,Contact
C102849,0.6158057744042356,High,Contact
C103428,0.6155893848227479,High,Contact
C102097,0.6155684879316639,High,Contact
C100737,0.6154967760943093,High,Contact
C102618,0.6153397773270464,High,Contact
C103465,0.6152835224045877,High,Contact
C100646,0.6151744188477439,High,Contact
C101681,0.6148652701892204,High,Contact
C100639,0.6147729387849655,High,Contact
C101601,0.6143663398832425,High,Contact
C100223,0.6143184506984202,High,Contact
C102726,0.6143100124154972,High,Contact
C102160,0.6142617635867981,High,Contact
C103028,0.6138966262261196,High,Contact
C103023,0.6137563222833042,High,Contact
C103010,0.6136240404546861,High,Contact
C102320,0.6133014339795492,High,Contact
C101548,0.6132394493631292,High,Contact
C101089,0.6132211938250395,High,Contact
C100613,0.6132018310331535,High,Contact
C102931,0.6131119650963437,High,Contact
C101307,0.612740961229691,High,Contact
C100878,0.6126707569549589,High,Contact
C102436,0.6124031566600574,High,Contact
C103356,0.6121474316555147,High,Contact
C100164,0.6120369148697696,High,Contact
C100333,0.6118870541050067,High,Contact
C102110,0.6116213887891316,High,Contact
C102095,0.611576090037744,High,Contact
C100948,0.6114854603516054,High,Contact
C102278,0.6107954309879772,High,Contact
C100025,0.6107427723313246,High,Contact
C102409,0.6106742852381233,High,Contact
C100934,0.6103583090127411,High,Contact
C102423,0.6103269881596728,High,Contact
C102005,0.6100133746224915,High,Contact
C100790,0.6099652418271297,High,Contact
C103285,0.6099100474288321,High,Contact
C101063,0.6099024891733262,High,Contact
C100039,0.6098900737634321,High,Contact
C102135,0.6095414049659962,High,Contact
C103076,0.6094635800804357,High,Contact
C100339,0.6091950682452771,High,Contact
C103214,0.6090241344116032,High,Contact
C103040,0.6085250478870405,High,Contact
C100349,0.6084583008316533,High,Contact
C100576,0.6078743546445207,High,Contact
C100163,0.6077605954245134,High,Contact
C102481,0.6076287544695426,High,Contact
C103340,0.6075096359028526,High,Contact
C100440,0.6074443878244317,High,Contact
C102968,0.6072711236472292,High,Contact
C102751,0.6066226989280032,High,Contact
C100004,0.606403411799586,High,Contact
C102492,0.6058598611877758,High,Contact
C100970,0.6055945718731388,High,Contact
C100900,0.6053145403369339,High,Contact
C101531,0.6051938373239586,High,Contact
C101939,0.6050633701442791,High,Contact
C101852,0.6049257745082944,High,Contact
C103018,0.6044505888932041,High,Contact
C101329,0.6039359249276665,High,Contact
C102764,0.6038899596903484,High,Contact
C101519,0.6033875839297979,High,Contact
C101917,0.6032994882797654,High,Contact
C103170,0.6030271951624615,High,Contact
C101918,0.6025689685728179,High,Contact
C101600,0.6022527022296267,High,Contact
C100983,0.6022399284331971,High,Contact
C102338,0.6020527535535737,High,Contact
C102268,0.6017523414202802,High,Contact
C100974,0.6016122087079395,High,Contact
C102151,0.6015340588730371,High,Contact
C101127,0.6012124107546478,High,Contact
C102344,0.6012010089551623,High,Contact
C102249,0.6009815079842412,High,Contact
C102870,0.6009098462897223,High,Contact
C100795,0.6007573183984022,High,Contact
C101103,0.6005942250864615,High,Contact
C103468,0.600454457209453,High,Contact
C101311,0.600031580685197,High,Contact
C103269,0.5999250401976894,Medium,Contact
C100132,0.5998689229541977,Medium,Contact
C101181,0.5995953201563912,Medium,Contact
C102652,0.599381470386521,Medium,Contact
C101254,0.5992951250643562,Medium,Contact
C101408,0.59921715869515,Medium,Contact
C101258,0.598637318436363,Medium,Contact
C103093,0.5985657299001399,Medium,Contact
C103014,0.5985610405756748,Medium,Contact
C102120,0.5981041033682652,Medium,Contact
C103231,0.5968172649045091,Medium,Contact
C101473,0.5964509827445326,Medium,Contact
C100267,0.5964396673969136,Medium,Contact
C102247,0.5963609783899534,Medium,Contact
C100390,0.5962204275919348,Medium,Contact
C101611,0.5960350307872342,Medium,Contact
C101144,0.5957287691497575,Medium,Contact
C101507,0.5956615981388891,Medium,Contact
C100699,0.5953726006613747,Medium,Contact
C103334,0.5951065725951831,Medium,Contact
C102206,0.5949198134834558,Medium,Contact
C102766,0.5948583488583649,Medium,Contact
C102687,0.5946540690570359,Medium,Contact
C101935,0.5946357307183578,Medium,Contact
C101212,0.594392887990833,Medium,Contact
C102094,0.5942475764127125,Medium,Contact
C103004,0.5941068152144112,Medium,Contact
C101738,0.593946883417077,Medium,Contact
C102307,0.5937108463565303,Medium,Contact
C100193,0.5934021719901036,Medium,Contact
C102864,0.5932616671029184,Medium,Contact
C101529,0.5930677413194414,Medium,Contact
C102812,0.5928721075077744,Medium,Contact
C100090,0.5926040991385715,Medium,Contact
C100806,0.5925725342378245,Medium,Contact
C101331,0.5924590766415653,Medium,Contact
C103150,0.59227142254637,Medium,Contact
C102235,0.5918030995049731,Medium,Contact
C100568,0.5917803655075949,Medium,Contact
C102211,0.5916666648172654,Medium,Contact
C100698,0.591249953072614,Medium,Contact
C102927,0.5903945632309922,Medium,Contact
C103102,0.5895422925489914,Medium,Contact
C102789,0.5892781107167372,Medium,Contact
C101162,0.5891778574540664,Medium,Contact
C102938,0.5889668770289662,Medium,Contact
C101889,0.5887552289742541,Medium,Contact
C101014,0.5885824517099033,Medium,Contact
C102796,0.588523546545643,Medium,Contact
C100835,0.5884133881226761,Medium,Contact
C102083,0.5882650439151427,Medium,Contact
C102029,0.5881330787786618,Medium,Contact
C100889,0.5870835461670186,Medium,Contact
C100982,0.5870407139590462,Medium,Contact
C100065,0.5864472922525689,Medium,Contact
C100727,0.5863617154956947,Medium,Contact
C100389,0.586211329969951,Medium,Contact
C101746,0.5858329294569935,Medium,Contact
C102580,0.5854862698264902,Medium,Contact
C101971,0.5853832195719728,Medium,Contact
C102438,0.5852610490100213,Medium,Contact
C102524,0.5851715735217237,Medium,Contact
C100492,0.5845419719644591,Medium,Contact
C102349,0.5844450375103808,Medium,Contact
C100130,0.5842570573411178,Medium,Contact
C102724,0.5842565082898901,Medium,Contact
C100594,0.5836184948745552,Medium,Contact
C101153,0.5834131875543134,Medium,Contact
C101506,0.5831218647012198,Medium,Contact
C101824,0.5828714979460721,Medium,Contact
C100269,0.5824444179745817,Medium,Contact
C100569,0.5818613310819629,Medium,Contact
C103161,0.5817213746629613,Medium,Contact
C101000,0.5814966361309183,Medium,Contact
C100378,0.5814158399822683,Medium,Contact
C102465,0.5813336804418081,Medium,Contact
C101092,0.5812228115373148,Medium,Contact
C102353,0.5809497249475876,Medium,Contact
C103415,0.5805675609091336,Medium,Contact
C102689,0.5801771925082171,Medium,Contact
C100359,0.5799191559910146,Medium,Contact
C103474,0.5798721637261391,Medium,Contact
C100915,0.5798691040801346,Medium,Contact
C102117,0.5789905457586971,Medium,Contact
C102246,0.5786612436219621,Medium,Contact
C100850,0.578293796900707,Medium,Contact
C101217,0.5781404296332021,Medium,Contact
C100544,0.5776628327315888,Medium,Contact
C101576,0.5776531805200833,Medium,Contact
C102969,0.5775253261002969,Medium,Contact
C101973,0.5774325931461861,Medium,Contact
C102085,0.5774303446506175,Medium,Contact
C102621,0.577399262439403,Medium,Contact
C101636,0.5773738246678124,Medium,Contact
C102920,0.5772074820934893,Medium,Contact
C100509,0.576858195939767,Medium,Contact
C100027,0.575479710781852,Medium,Contact
C101622,0.5753652785107525,Medium,Contact
C103404,0.5753215849493423,Medium,Contact
C100385,0.5752533116965479,Medium,Contact
C100561,0.5751510489380464,Medium,Contact
C102063,0.5746780885700346,Medium,Contact
C102037,0.5739442734112525,Medium,Contact
C100947,0.5738945394014535,Medium,Contact
C102935,0.5736601559588145,Medium,Contact
C100420,0.5734363885087574,Medium,Contact
C102966,0.5732483972901263,Medium,Contact
C102383,0.573238723675739,Medium,Contact
C101065,0.5726132421854521,Medium,Contact
C103253,0.5723267171345214,Medium,Contact
C103302,0.5721633932577801,Medium,Contact
C102531,0.5719848595071747,Medium,Contact
C101841,0.571925005966358,Medium,Contact
C101267,0.5718254093143871,Medium,Contact
C102251,0.5714974705818553,Medium,Contact
C101670,0.5714046071870663,Medium,Contact
C102562,0.5712825152983936,Medium,Contact
C102418,0.5708081842571547,Medium,Contact
C102880,0.5707904448811637,Medium,Contact
C103270,0.5705697051285589,Medium,Contact
C102233,0.5703410053387289,Medium,Contact
C102470,0.5701690528854555,Medium,Contact
C102287,0.5699927192786305,Medium,Contact
C100921,0.5697349828806008,Medium,Contact
C101072,0.569720675218003,Medium,Contact
C101097,0.5693833272357849,Medium,Contact
C100662,0.5691666480435904,Medium,Contact
C101361,0.5691385463019075,Medium,Contact
C101665,0.5688169583421746,Medium,Contact
C101279,0.5686052603628027,Medium,Contact
C103171,0.5685608482182372,Medium,Contact
C101186,0.5684423919497578,Medium,Contact
C102869,0.5681930373136034,Medium,Contact
C101406,0.56784459013569,Medium,Contact
C100880,0.5673149342813804,Medium,Contact
C103147,0.5672800523297121,Medium,Contact
C102863,0.5671160174276885,Medium,Contact
C101643,0.5667574414941158,Medium,Contact
C100712,0.5664389505070818,Medium,Contact
C101515,0.5664389180803899,Medium,Contact
C102947,0.5664264965611007,Medium,Contact
C100697,0.5663878690824046,Medium,Contact
C103030,0.5660161291150344,Medium,Contact
C101843,0.5658458020123366,Medium,Contact
C100556,0.5657191604394832,Medium,Contact
C101534,0.5656255031428975,Medium,Contact
C100079,0.5656195610926935,Medium,Contact
C101339,0.5654379074015603,Medium,Contact
C101993,0.5653787259257707,Medium,Contact
C102334,0.5653621663726174,Medium,Contact
C101499,0.5651315432747971,Medium,Contact
C100696,0.5649585496190928,Medium,Contact
C103437,0.5647107885561058,Medium,Contact
C101282,0.5644900689713732,Medium,Contact
C100854,0.5642571137257499,Medium,Contact
C101856,0.5641287715449547,Medium,Contact
C100894,0.56405768679077,Medium,Contact
C103453,0.5634029447260229,Medium,Contact
C102102,0.5629213328731393,Medium,Contact
C103367,0.562519301410682,Medium,Contact
C102479,0.5624966451500764,Medium,Contact
C103409,0.5624569448605455,Medium,Contact
C101801,0.5623245427842799,Medium,Contact
C100758,0.5623096446160424,Medium,Contact
C101138,0.5620465793755653,Medium,Contact
C100570,0.5620232184359255,Medium,Contact
C101149,0.5609323003704666,Medium,Contact
C102899,0.5607733056434403,Medium,Contact
C101462,0.5606168697405483,Medium,Contact
C101354,0.5603977661828188,Medium,Contact
C101403,0.5603683217021876,Medium,Contact
C102952,0.5603202168704544,Medium,Contact
C100438,0.560133568428196,Medium,Contact
C100495,0.5601159195941542,Medium,Contact
C101206,0.5599156416013915,Medium,Contact
C103138,0.5596846960069043,Medium,Contact
C102571,0.5593755318269464,Medium,Contact
C101912,0.5592362439519152,Medium,Contact
C100645,0.5590778770875355,Medium,Contact
C100951,0.5590398098433939,Medium,Contact
C100412,0.5589845490013745,Medium,Contact
C102348,0.5583022442771969,Medium,Contact
C100836,0.5582697672535435,Medium,Contact
C102477,0.5582351877610028,Medium,Contact
C101550,0.5582326916842769,Medium,Contact
C102267,0.5581899982880583,Medium,Contact
C102390,0.5580600982579506,Medium,Contact
C100394,0.5580262435655836,Medium,Contact
C101749,0.557799149034532,Medium,Contact
C102695,0.5574422149287256,Medium,Contact
C100923,0.5572211433735705,Medium,Contact
C100063,0.5568970056081157,Medium,Contact
C103212,0.556887753699741,Medium,Contact
C100978,0.5566242021263097,Medium,Contact
C102700,0.5563782674358888,Medium,Contact
C102411,0.5562692893277942,Medium,Contact
C100282,0.5562072263706009,Medium,Contact
C100783,0.5558336037801426,Medium,Contact
C100833,0.5555535981389189,Medium,Contact
C102231,0.5555261296988382,Medium,Contact
C103242,0.5553271111481356,Medium,Contact
C101855,0.5552875175135289,Medium,Contact
C101592,0.5552130937643238,Medium,Contact
C102405,0.55518006965695,Medium,Contact
C103086,0.5540007260416568,Medium,Contact
C100159,0.5539317108712065,Medium,Contact
C100986,0.5539165893566278,Medium,Contact
C101944,0.5538098601788942,Medium,Contact
C100560,0.5537787309846657,Medium,Contact
C101490,0.5537102115896599,Medium,Contact
C101483,0.553436838875116,Medium,Contact
C102679,0.5532769748378398,Medium,Contact
C102629,0.5526294149681772,Medium,Contact
C102164,0.5524621802425246,Medium,Contact
C100708,0.5523065362313212,Medium,Contact
C102046,0.5518646828270053,Medium,Contact
C101504,0.5512081587743857,Medium,Contact
C101931,0.5510664643328769,Medium,Contact
C101992,0.5508368196189525,Medium,Contact
C102895,0.5507426166123007,Medium,Contact
C103202,0.5506880073235662,Medium,Contact
C100872,0.5504395289079341,Medium,Contact
C102100,0.5503331716014146,Medium,Contact
C102926,0.5503175573993376,Medium,Contact
C102666,0.5501161557747675,Medium,Contact
C102598,0.5500882654828971,Medium,Contact
C101692,0.5498950587907229,Medium,Contact
C103050,0.5497406258104011,Medium,Contact
C101626,0.5495746478255581,Medium,Contact
C100497,0.5494578053850339,Medium,Contact
C100431,0.5493386370054779,Medium,Contact
C101736,0.5489277605483981,Medium,Contact
C101990,0.5487900895698583,Medium,Contact
C101819,0.5483421116571121,Medium,Contact
C100076,0.5480280899287813,Medium,Contact
C101898,0.5478627953855661,Medium,Contact
C101705,0.547660196019181,Medium,Contact
C102990,0.5474963450742,Medium,Contact
C102340,0.5473306699639061,Medium,Contact
C102406,0.5472226473279929,Medium,Contact
C101283,0.5470514635437631,Medium,Contact
C100673,0.546927872614609,Medium,Contact
C101150,0.546775895503511,Medium,Contact
C101191,0.5466503730563836,Medium,Contact
C103472,0.5465947370320844,Medium,Contact
C100551,0.5465267082949795,Medium,Contact
C102608,0.546439197300153,Medium,Contact
C102948,0.5461539828476447,Medium,Contact
C101219,0.5456105646630505,Medium,Contact
C102272,0.5455751301467838,Medium,Contact
C102474,0.5455720939400828,Medium,Contact
C102253,0.5455002243920891,Medium,Contact
C102735,0.5453768665076391,Medium,Contact
C103416,0.5449512932046163,Medium,Contact
C100081,0.5447893171175009,Medium,Contact
C102498,0.5447697955327747,Medium,Contact
C102466,0.54475893600771,Medium,Contact
C102691,0.5447306760063146,Medium,Contact
C101094,0.5443744126180975,Medium,Contact
C103013,0.5438548986192441,Medium,Contact
C101650,0.5437405271872802,Medium,Contact
C100512,0.5434997587832229,Medium,Contact
C101946,0.543424908191143,Medium,Contact
C101956,0.5432006123418835,Medium,Contact
C100984,0.5429443668977244,Medium,Contact
C102291,0.5423718790017202,Medium,Contact
C103205,0.54227986935116,Medium,Contact
C101908,0.5420415210497216,Medium,Contact
C100032,0.5417731711561333,Medium,Contact
C101317,0.5416555159641013,Medium,Contact
C103211,0.5415607987460049,Medium,Contact
C103499,0.5413960548144751,Medium,Contact
C102176,0.5411046644898952,Medium,Contact
C102480,0.5409743123431255,Medium,Contact
C103143,0.5409300894334133,Medium,Contact
C101920,0.5407795307823734,Medium,Contact
C102912,0.5405879845790489,Medium,Contact
C101074,0.5405175841033654,Medium,Contact
C102681,0.540295808135897,Medium,Contact
C100533,0.5402688162585453,Medium,Contact
C100604,0.5402260513197698,Medium,Contact
C101559,0.5402255453244518,Medium,Contact
C103065,0.5401316568182258,Medium,Contact
C101357,0.5398179710486721,Medium,Contact
C103021,0.5390210380896002,Medium,Contact
C101448,0.5383276508932218,Medium,Contact
C103467,0.538022882912761,Medium,Contact
C102551,0.5379272395690877,Medium,Contact
C103077,0.5378439341671575,Medium,Contact
C101704,0.5375665905086688,Medium,Contact
C102157,0.5375457125527389,Medium,Contact
C102538,0.5374901133731209,Medium,Contact
C103157,0.536801445293121,Medium,Contact
C100341,0.5366787847161988,Medium,Contact
C102874,0.5355252412372078,Medium,Contact
C102079,0.5353554441782531,Medium,Contact
C102222,0.5349325319223953,Medium,Contact
C101032,0.5348064618610645,Medium,Contact
C100515,0.5347346602271705,Medium,Contact
C102210,0.5347200683027848,Medium,Contact
C101423,0.534057114111317,Medium,Contact
C100423,0.5332140944721144,Medium,Contact
C102771,0.5331193252729395,Medium,Contact
C101341,0.5330053038682473,Medium,Contact
C101763,0.5324964345461937,Medium,Contact
C101382,0.5323162210047261,Medium,Contact
C103274,0.5318042961143362,Medium,Contact
C102213,0.5315902914565513,Medium,Contact
C100508,0.5315704808941486,Medium,Contact
C100844,0.5314767677963473,Medium,Contact
C103450,0.5311841538990542,Medium,Contact
C101900,0.531147483432763,Medium,Contact
C101593,0.5310800826388457,Medium,Contact
C100271,0.5309057662627982,Medium,Contact
C102657,0.5298765218600292,Medium,Contact
C100489,0.5297980788710862,Medium,Contact
C100108,0.5297842239133228,Medium,Contact
C100667,0.5297439850465646,Medium,Contact
C103092,0.5297051616998555,Medium,Contact
C102052,0.5296636720524693,Medium,Contact
C100595,0.5294995866560015,Medium,Contact
C101530,0.5290882710028216,Medium,Contact
C102767,0.5286724022716113,Medium,Contact
C100042,0.5283459334581355,Medium,Contact
C101915,0.528208580319563,Medium,Contact
C101787,0.5282054452875103,Medium,Contact
C101988,0.5278967529557482,Medium,Contact
C101195,0.5277126382542707,Medium,Contact
C100792,0.5276222053860418,Medium,Contact
C100963,0.5275593179005666,Medium,Contact
C100482,0.5275168105025448,Medium,Contact
C100265,0.5274375953081137,Medium,Contact
C100499,0.5273710987172997,Medium,Contact
C100149,0.5272085520371262,Medium,Contact
C102963,0.5271094630947246,Medium,Contact
C102016,0.5269861546929799,Medium,Contact
C100768,0.5268194659677489,Medium,Contact
C100231,0.5266063921799223,Medium,Contact
C103388,0.5262826545073213,Medium,Contact
C100846,0.5260072684256804,Medium,Contact
C103479,0.5257815692573176,Medium,Contact
C102957,0.525665715242055,Medium,Contact
C102171,0.5249083745285373,Medium,Contact
C103359,0.5248267068495586,Medium,Contact
C101474,0.5242542630927762,Medium,Contact
C100469,0.5241637795244193,Medium,Contact
C103326,0.5241565833749382,Medium,Contact
C102569,0.5241025901507652,Medium,Contact
C101245,0.5239598875068269,Medium,Contact
C100705,0.5235209173358627,Medium,Contact
C100288,0.5231244198117928,Medium,Contact
C100322,0.5229547654866482,Medium,Contact
C102840,0.5229064534052459,Medium,Contact
C102894,0.522891003863489,Medium,Contact
C101780,0.5223240181047354,Medium,Contact
C100879,0.5220994815808329,Medium,Contact
C102089,0.5219297030448147,Medium,Contact
C102868,0.5216900746832407,Medium,Contact
C100886,0.5212397231353525,Medium,Contact
C103321,0.5210022899769795,Medium,Contact
C101243,0.5209884596526195,Medium,Contact
C101701,0.5208891765119721,Medium,Contact
C101839,0.5206820079667811,Medium,Contact
C102403,0.5204956119584672,Medium,Contact
C101932,0.5203876220500265,Medium,Contact
C101700,0.5202502567091102,Medium,Contact
C100424,0.5202240811412611,Medium,Contact
C100583,0.5198777752813478,Medium,Contact
C101130,0.5197661777468838,Medium,Contact
C103246,0.5194929899636381,Medium,Contact
C101651,0.5194104838913866,Medium,Contact
C103268,0.5190855898081884,Medium,Contact
C100278,0.5190186858724042,Medium,Contact
C100738,0.5188490603639533,Medium,Contact
C102399,0.5187663036532956,Medium,Contact
C100926,0.5186968289600434,Medium,Contact
C100280,0.5186809967330903,Medium,Contact
C100084,0.5186493904640437,Medium,Contact
C102793,0.5186068141051262,Medium,Contact
C100811,0.5186002462337472,Medium,Contact
C101752,0.5185563967245147,Medium,Contact
C102915,0.5184080294718296,Medium,Contact
C102163,0.51831267546726,Medium,Contact
C101616,0.5180319896397174,Medium,Contact
C100174,0.517799538222119,Medium,Contact
C101881,0.517798506600512,Medium,Contact
C100475,0.517782223813002,Medium,Contact
C101070,0.5177277279235529,Medium,Contact
C100082,0.5175979233074174,Medium,Contact
C101543,0.5175688980848382,Medium,Contact
C100162,0.5173219876086443,Medium,Contact
C102761,0.517138933065016,Medium,Contact
C102189,0.5166549405208892,Medium,Contact
C100638,0.516532302840581,Medium,Contact
C101755,0.5163549868466171,Medium,Contact
C101768,0.5162838085435684,Medium,Contact
C101823,0.5162537068475695,Medium,Contact
C103012,0.5160467510545256,Medium,Contact
C103464,0.5155341035839005,Medium,Contact
C102178,0.5149731646322521,Medium,Contact
C100623,0.5149145209155337,Medium,Contact
C101869,0.514705069494242,Medium,Contact
C101646,0.5146457215472896,Medium,Contact
C101964,0.5143808765756667,Medium,Contact
C101735,0.5143621423847711,Medium,Contact
C100845,0.5140836216804558,Medium,Contact
C103398,0.5140098708970028,Medium,Contact
C101987,0.5138505236531773,Medium,Contact
C103226,0.5137878669489151,Medium,Contact
C101570,0.513732323416589,Medium,Contact
C101431,0.5136711816278988,Medium,Contact
C102633,0.5135644187916109,Medium,Contact
C100041,0.513217400465861,Medium,Contact
C100186,0.5131086637483937,Medium,Contact
C101393,0.5128163282412096,Medium,Contact
C100952,0.5127457642281859,Medium,Contact
C100188,0.5127393896372159,Medium,Contact
C102236,0.5127084212709987,Medium,Contact
C101549,0.5124122567998404,Medium,Contact
C100977,0.5121131636208407,Medium,Contact
C102884,0.5120966696510675,Medium,Contact
C102949,0.5120177087016946,Medium,Contact
C103133,0.511848831996854,Medium,Contact
C103323,0.5118446157469497,Medium,Contact
C100101,0.5114768943203272,Medium,Contact
C101934,0.5111525723339629,Medium,Contact
C100450,0.5107360916380852,Medium,Contact
C102967,0.5105255943674901,Medium,Contact
C102582,0.5104198501835475,Medium,Contact
C101466,0.5101866860154899,Medium,Contact
C101226,0.5101491017831914,Medium,Contact
C102234,0.5100487797070826,Medium,Contact
C102898,0.5098024189364603,Medium,Contact
C100306,0.5097300831608221,Medium,Contact
C102099,0.5094580546181748,Medium,Contact
C101806,0.5092533988757315,Medium,Contact
C103078,0.50920379808243,Medium,Contact
C101098,0.5091571307000955,Medium,Contact
C101342,0.5090776008727029,Medium,Contact
C102280,0.5090628690594085,Medium,Contact
C101180,0.5089123051804247,Medium,Contact
C102533,0.5089070251077514,Medium,Contact
C101287,0.5086267351057295,Medium,Contact
C100643,0.5084910098094269,Medium,Contact
C101416,0.5082858006259038,Medium,Contact
C100917,0.5082129411965565,Medium,Contact
C101119,0.5081692235238849,Medium,Contact
C103190,0.5081408897250175,Medium,Contact
C101868,0.5080086542430456,Medium,Contact
C102312,0.5079825571550742,Medium,Contact
C100011,0.5076947365254494,Medium,Contact
C103427,0.5076893681070286,Medium,Contact
C101631,0.5076692449282769,Medium,Contact
C101842,0.5074117399858278,Medium,Contact
C102858,0.5068918768923133,Medium,Contact
C102670,0.5068539868652951,Medium,Contact
C103239,0.5066757713264558,Medium,Contact
C100312,0.5063441901435743,Medium,Contact
C100584,0.5062009938750051,Medium,Contact
C103358,0.5061112767730704,Medium,Contact
C100728,0.5060673712598054,Medium,Contact
C102457,0.506025128743463,Medium,Contact
C102412,0.50596990824014,Medium,Contact
C102505,0.5059290234606928,Medium,Contact
C103442,0.5053360942430798,Medium,Contact
C100734,0.5052345286939647,Medium,Contact
C103038,0.5052294201750228,Medium,Contact
C102716,0.5051113841533964,Medium,Contact
C101427,0.5048959873843206,Medium,Contact
C100459,0.5048675292729427,Medium,Contact
C101324,0.5045636873204032,Medium,Contact
C102738,0.504325891559327,Medium,Contact
C100494,0.504165065533773,Medium,Contact
C102055,0.5036973747271363,Medium,Contact
C102502,0.5035264216049962,Medium,Contact
C100810,0.5035200191965288,Medium,Contact
C101121,0.5033901282617068,Medium,Contact
C100882,0.5033693167607697,Medium,Contact
C100136,0.5033431873674401,Medium,Contact
C102573,0.502733730019843,Medium,Contact
C100334,0.5026352587932195,Medium,Contact
C100410,0.5021579422114854,Medium,Contact
C103057,0.5020678416931736,Medium,Contact
C101176,0.5020158188098801,Medium,Contact
C100340,0.5020131417601847,Medium,Contact
C100817,0.5017938833565795,Medium,Contact
C101204,0.5017039336329032,Medium,Contact
C101125,0.5009789568610721,Medium,Contact
C102693,0.5006231045558748,Medium,Contact
C100961,0.5002684175447358,Medium,Contact
C103183,0.5000295465123937,Medium,Contact
C102980,0.49965138771919465,Medium,Contact
C102675,0.49943923184642,Medium,Contact
C101870,0.49936008290302375,Medium,Contact
C102544,0.499236085406958,Medium,Contact
C100931,0.49903474423006644,Medium,Contact
C100552,0.49899931439962775,Medium,Contact
C101470,0.49891493957758837,Medium,Contact
C100726,0.49842990797864695,Medium,Contact
C103314,0.4981574789648176,Medium,Contact
C101712,0.4980889618178953,Medium,Contact
C101557,0.49797021519208445,Medium,Contact
C103396,0.4978397472146469,Medium,Contact
C101264,0.49781039939879335,Medium,Contact
C103447,0.4974362992019432,Medium,Contact
C103225,0.49687801152888345,Medium,Contact
C102585,0.4966138864476821,Medium,Contact
C103179,0.49635172390786375,Medium,Contact
C102588,0.49573481593745855,Medium,Contact
C101884,0.4957270956436441,Medium,Contact
C102408,0.4956034603446312,Medium,Contact
C102794,0.4954660748244329,Medium,Contact
C103357,0.4948849042977316,Medium,Contact
C101750,0.49480323025523715,Medium,Contact
C103024,0.49479029968704397,Medium,Contact
C103232,0.4945829132168277,Medium,Contact
C100649,0.49456673939446855,Medium,Contact
C100729,0.49454812562096734,Medium,Contact
C102263,0.4943594712800966,Medium,Contact
C100588,0.4943430083584832,Medium,Contact
C101128,0.49418228157063265,Medium,Contact
C101936,0.4941321550472972,Medium,Contact
C101333,0.4940946543766874,Medium,Contact
C103382,0.493749140899187,Medium,Contact
C100598,0.493695774789663,Medium,Contact
C100769,0.49352568854884415,Medium,Contact
C101985,0.4935054518537312,Medium,Contact
C102223,0.4932783376017533,Medium,Contact
C102838,0.4932642125087424,Medium,Contact
C100998,0.49305055723864,Medium,Contact
C100877,0.4926291077223937,Medium,Contact
C101744,0.49253348169834077,Medium,Contact
C102501,0.4924652477234772,Medium,Contact
C102729,0.49238106094576045,Medium,Contact
C103368,0.49224617102277024,Medium,Contact
C103330,0.4920804871924825,Medium,Contact
C103220,0.4920792980988166,Medium,Contact
C102076,0.4918690963831342,Medium,Contact
C102298,0.4917370991705818,Medium,Contact
C100647,0.4913056419778428,Medium,Contact
C102936,0.49103611136404535,Medium,Contact
C101126,0.49084115774218573,Medium,Contact
C101029,0.4903443231309204,Medium,Contact
C102469,0.49020394262309736,Medium,Contact
C100764,0.4900635815152224,Medium,Contact
C100275,0.48985580160279857,Medium,Contact
C100368,0.48979338315198717,Medium,Contact
C101459,0.4893897677199864,Medium,Contact
C100001,0.48883030276626155,Medium,Contact
C102514,0.48879987007968273,Medium,Contact
C100950,0.48851437098890793,Medium,Contact
C101205,0.48849332358235525,Medium,Contact
C103423,0.48844738960467066,Medium,Contact
C101874,0.4883769091118911,Medium,Contact
C101263,0.48805621617227996,Medium,Contact
C102447,0.4879003686862904,Medium,Contact
C102270,0.487591447936085,Medium,Contact
C101248,0.48746745350696347,Medium,Contact
C102694,0.4874384223469071,Medium,Contact
C101346,0.48737501121542115,Medium,Contact
C100325,0.48690862385510325,Medium,Contact
C102154,0.4865561800755183,Medium,Contact
C102158,0.4864572140402924,Medium,Contact
C101198,0.48642930442113647,Medium,Contact
C102844,0.48634691873927643,Medium,Contact
C100350,0.4861497120138407,Medium,Contact
C101486,0.4860306474365454,Medium,Contact
C101663,0.48576480426999924,Medium,Contact
C101837,0.4853727558728685,Medium,Contact
C102586,0.4851160146842378,Medium,Contact
C100801,0.48486900958547247,Medium,Contact
C100281,0.48472965659339234,Medium,Contact
C102983,0.4843331336678309,Medium,Contact
C102667,0.48428402077789084,Medium,Contact
C101184,0.48418222040815706,Medium,Contact
C102444,0.48343086211852887,Medium,Contact
C102306,0.48342420880636433,Medium,Contact
C100976,0.48327256365162585,Medium,Contact
C100422,0.48262229150206365,Medium,Contact
C101825,0.48245478079867,Medium,Contact
C101676,0.4822834249641854,Medium,Contact
C102646,0.4818091784208237,Medium,Contact
C101327,0.48178974247161815,Medium,Contact
C101995,0.48162481045309996,Medium,Contact
C103085,0.48160437859301347,Medium,Contact
C102009,0.48129093102997894,Medium,Contact
C101076,0.4809318622826319,Medium,Contact
C100663,0.4808798286572359,Medium,Contact
C102696,0.4806438231247799,Medium,Contact
C100200,0.48042746412389276,Medium,Contact
C100166,0.4797642997444062,Medium,Contact
C102368,0.47956069851586364,Medium,Contact
C102225,0.47946315571664894,Medium,Contact
C102581,0.4792706434463286,Medium,Contact
C101503,0.47902010736469486,Medium,Contact
C102468,0.4790089742810417,Medium,Contact
C102841,0.4789054466571618,Medium,Contact
C102684,0.4788685633822205,Medium,Contact
C100993,0.4778730229555002,Medium,Contact
C101831,0.477772252105854,Medium,Contact
C100376,0.47760987839945507,Medium,Contact
C101829,0.4770929583838587,Medium,Contact
C101945,0.47648718998876916,Medium,Contact
C101896,0.4760697016363703,Medium,Contact
C101882,0.47527703943823174,Medium,Contact
C100612,0.4747886307470148,Medium,Contact
C101713,0.4747193896780456,Medium,Contact
C100119,0.47467118677645176,Medium,Contact
C103338,0.4744372133055375,Medium,Contact
C101399,0.4744308048569687,Medium,Contact
C102386,0.47428722187222794,Medium,Contact
C100602,0.4741853279314721,Medium,Contact
C101888,0.4740070428821034,Medium,Contact
C101727,0.47389156479660194,Medium,Contact
C101667,0.47380310019451505,Medium,Contact
C102593,0.47336347553501,Medium,Contact
C101309,0.4731906796363059,Medium,Contact
C103189,0.47218029567713143,Medium,Contact
C101321,0.47209858259834037,Medium,Contact
C102012,0.47189797842135894,Medium,Contact
C100500,0.47174746839117754,Medium,Contact
C102350,0.47169606881191184,Medium,Contact
C102723,0.47120382182979637,Medium,Contact
C101080,0.4711642405947026,Medium,Contact
C100628,0.4709876674267835,Medium,Contact
C103315,0.4708224425631946,Medium,Contact
C100313,0.47074803968758766,Medium,Contact
C102661,0.4707062565652636,Medium,Contact
C101325,0.4704674954212944,Medium,Contact
C101493,0.47035732113436873,Medium,Contact
C100787,0.47026668624798246,Medium,Contact
C102688,0.47005444403532815,Medium,Contact
C101834,0.46988193041304144,Medium,Contact
C102507,0.46945171225950694,Medium,Contact
C100374,0.4692707048846233,Medium,Contact
C101811,0.4692479882045966,Medium,Contact
C100791,0.46919071976320326,Medium,Contact
C102867,0.46911974247233057,Medium,Contact
C100296,0.46903644950710355,Medium,Contact
C100828,0.46901268737481155,Medium,Contact
C101412,0.4689608671823026,Medium,Contact
C102616,0.4687446627759899,Medium,Contact
C102142,0.4684495146189354,Medium,Contact
C103394,0.4683324781598023,Medium,Contact
C103213,0.468140110838917,Medium,Contact
C103486,0.468032055836166,Medium,Contact
C100379,0.4678660855001846,Medium,Contact
C100253,0.46778263108729295,Medium,Contact
C100815,0.4674179029679512,Medium,Contact
C102720,0.4673327265736762,Medium,Contact
C102645,0.46718474145063044,Medium,Contact
C102432,0.46693362477245737,Medium,Contact
C101177,0.4669091901231627,Medium,Contact
C101634,0.46676450193946817,Medium,Contact
C102615,0.46669545387425354,Medium,Contact
C101846,0.46665838555722994,Medium,Contact
C100898,0.4665607336955435,Medium,Contact
C100055,0.46634503654370413,Medium,Contact
C103196,0.466301522205857,Medium,Contact
C101883,0.46621432112477296,Medium,Contact
C101380,0.4661566644290112,Medium,Contact
C100059,0.4658115550632917,Medium,Contact
C101929,0.46580715468588224,Medium,Contact
C102113,0.4653097873184886,Medium,Contact
C102719,0.4653085925457518,Medium,Contact
C101892,0.46515333751526106,Medium,Contact
C100914,0.4651199694211394,Medium,Contact
C102308,0.4649317507210763,Medium,Contact
C101966,0.4647110265395776,Medium,Contact
C102636,0.46470383714686,Medium,Contact
C102758,0.46428757004410404,Medium,Contact
C100305,0.4640888024581139,Medium,Contact
C103378,0.46398207977358935,Medium,Contact
C102554,0.4635196333431238,Medium,Contact
C100009,0.46346629513567666,Medium,Contact
C100981,0.4632863774011495,Medium,Contact
C100991,0.4630502270766682,Medium,Contact
C102057,0.463049654968481,Medium,Contact
C103459,0.46299213997434113,Medium,Contact
C102546,0.46275661870119694,Medium,Contact
C101058,0.4627000552254786,Medium,Contact
C100035,0.46268737786254094,Medium,Contact
C102126,0.4624127646959944,Medium,Contact
C102228,0.46238466232082653,Medium,Contact
C101526,0.4621130340672088,Medium,Contact
C100393,0.4621055776452529,Medium,Contact
C100242,0.4621028773643624,Medium,Contact
C101794,0.46166962453961385,Medium,Contact
C103455,0.46136065436026297,Medium,Contact
C100909,0.46123056571406945,Medium,Contact
C101199,0.4610519123428256,Medium,Contact
C102194,0.46073367506195206,Medium,Contact
C101879,0.4605710404857468,Medium,Contact
C100141,0.4602843646835249,Medium,Contact
C101235,0.4602004393490264,Medium,Contact
C101224,0.4601547975920689,Medium,Contact
C100338,0.4601332386142632,Medium,Contact
C100126,0.46007353456427663,Medium,Contact
C102975,0.4595657914114911,Medium,Contact
C100830,0.4593830551976158,Medium,Contact
C102876,0.4588204075871189,Medium,Contact
C102976,0.4586438361660069,Medium,Contact
C101790,0.45844321525849696,Medium,Contact
C102660,0.45838577795733987,Medium,Contact
C103047,0.4583593370881195,Medium,Contact
C102054,0.45807376863986465,Medium,Contact
C102410,0.4580045151192893,Medium,Contact
C100531,0.45795360495304976,Medium,Contact
C102044,0.45790574260218486,Medium,Contact
C102795,0.45777737060142437,Medium,Contact
C100036,0.4573132976024258,Medium,Contact
C101517,0.4572339833274153,Medium,Contact
C101555,0.4571932742442323,Medium,Contact
C101059,0.45698347609252965,Medium,Contact
C103125,0.4569323947979334,Medium,Contact
C102714,0.4564822140131249,Medium,Contact
C101009,0.4557711739476869,Medium,Contact
C102140,0.4556989468052701,Medium,Contact
C101653,0.4554695538840204,Medium,Contact
C102377,0.45507469682854473,Medium,Contact
C102448,0.4549480434679278,Medium,Contact
C100384,0.45472569784695516,Medium,Contact
C102478,0.45452781419299293,Medium,Contact
C103339,0.4544181860301258,Medium,Contact
C101656,0.45401707439401084,Medium,Contact
C100344,0.45380640372722636,Medium,Contact
C102604,0.4537809672681755,Medium,Contact
C101845,0.45376688141457755,Medium,Contact
C102139,0.45359195291769205,Medium,Contact
C103177,0.45344680285649613,Medium,Contact
C101330,0.45343825154404405,Medium,Contact
C102583,0.4532919836436627,Medium,Contact
C102900,0.45319908630406414,Medium,Contact
C102591,0.4530677362700017,Medium,Contact
C102762,0.45284746430398953,Medium,Contact
C100273,0.45284000694547705,Medium,Contact
C102979,0.4527549649699309,Medium,Contact
C100444,0.4527495729401004,Medium,Contact
C100566,0.45272457927903986,Medium,Contact
C101088,0.45266923956556865,Medium,Contact
C101668,0.4525688885525071,Medium,Contact
C101390,0.45250339755289076,Medium,Contact
C101165,0.4523261873107703,Medium,Contact
C100028,0.4521546955968915,Medium,Contact
C103477,0.4521025143719155,Medium,Contact
C103100,0.452037563111267,Medium,Contact
C102458,0.45168400416096377,Medium,Contact
C100590,0.451526095935071,Medium,Contact
C101793,0.45121161031372,Medium,Contact
C102165,0.45118817382542054,Medium,Contact
C101115,0.4506929601721792,Medium,Contact
C102324,0.4504800939797515,Medium,Contact
C101583,0.4503048479798287,Medium,Contact
C101991,0.4502872102295414,Medium,Contact
C103463,0.45021332749638965,Medium,Contact
C101093,0.45015760552037953,Medium,Contact
C103197,0.4499249887276842,Medium,Contact
C100165,0.44974139295991933,Medium,Contact
C102064,0.44971976899063226,Medium,Contact
C100302,0.4492659496287952,Medium,Contact
C100172,0.44872990412150277,Medium,Contact
C102823,0.4486402593256361,Medium,Contact
C102744,0.44857892599094923,Medium,Contact
C100526,0.44833023841864633,Medium,Contact
C101623,0.4475561966252831,Medium,Contact
C103015,0.4475084689850986,Medium,Contact
C101105,0.44743537656718824,Medium,Contact
C100906,0.4469411314521531,Medium,Contact
C100156,0.44673504473316694,Medium,Contact
C103372,0.4465182196360111,Medium,Contact
C103284,0.4463033889299401,Medium,Contact
C101288,0.4462169575551253,Medium,Contact
C103187,0.44598944367247884,Medium,Contact
C102817,0.44582097723701475,Medium,Contact
C102082,0.4457125280135727,Medium,Contact
C101928,0.4452758101757151,Medium,Contact
C101565,0.4451711819196562,Medium,Contact
C100290,0.44499320821267324,Medium,Contact
C101087,0.4445913471729302,Medium,Contact
C102521,0.44396050796714487,Medium,Contact
C101733,0.4437438292230755,Medium,Contact
C101694,0.44330688629476184,Medium,Contact
C102086,0.44297876950097836,Medium,Contact
C101344,0.44252967389059383,Medium,Contact
C100593,0.4425021775244895,Medium,Contact
C101239,0.44242338866613773,Medium,Contact
C103005,0.4423624419749161,Medium,Contact
C100116,0.4421160423345702,Medium,Contact
C102946,0.44205355837970994,Medium,Contact
C103135,0.44198017701718745,Medium,Contact
C101582,0.44196506777025524,Medium,Contact
C103406,0.4419416362366048,Medium,Contact
C101800,0.44179716861446794,Medium,Contact
C100351,0.441758431557037,Medium,Contact
C101234,0.44158618744622263,Medium,Contact
C103299,0.4415024858386128,Medium,Contact
C102892,0.44148613094915207,Medium,Contact
C101468,0.44132056101095357,Medium,Contact
C102435,0.4413043215163308,Medium,Contact
C101131,0.4411975984215156,Medium,Contact
C101989,0.4411374512089868,Medium,Contact
C102961,0.4410604481623176,Medium,Contact
C103193,0.44103279226642067,Medium,Contact
C100401,0.4403409135310541,Medium,Contact
C102326,0.4402885679230484,Medium,Contact
C102380,0.44019799884257305,Medium,Contact
C100838,0.4397417271361717,Medium,Contact
C100012,0.43964849450652504,Medium,Contact
C101717,0.43902606564391167,Medium,Contact
C101253,0.43886963766335524,Medium,Contact
C102913,0.43865316258416776,Medium,Contact
C102607,0.43858552272678747,Medium,Contact
C100491,0.43776388783584813,Medium,Contact
C102024,0.43766750619107625,Medium,Contact
C100266,0.4374784881930424,Medium,Contact
C101332,0.4372181731516983,Medium,Contact
C102305,0.4371101601349159,Medium,Contact
C103098,0.4369050076493851,Medium,Contact
C101568,0.43671374614899217,Medium,Contact
C101986,0.4366580593680309,Medium,Contact
C100413,0.43634695482674396,Medium,Contact
C101588,0.4357843358616469,Medium,Contact
C103488,0.435728805169612,Medium,Contact
C101101,0.4356186018344805,Medium,Contact
C102778,0.4355497030031658,Medium,Contact
C102534,0.43542089386076677,Medium,Contact
C101810,0.4353345702637897,Medium,Contact
C102536,0.4352641212391222,Medium,Contact
C101822,0.43501889873605254,Medium,Contact
C103175,0.4347456886880429,Medium,Contact
C103492,0.43461648322357105,Medium,Contact
C103209,0.43458699235760406,Medium,Contact
C101141,0.43456695052468736,Medium,Contact
C100134,0.4342302768095318,Medium,Contact
C103243,0.4334013265802773,Medium,Contact
C102032,0.43330997328979914,Medium,Contact
C100480,0.4332570835441024,Medium,Contact
C100669,0.432826412204254,Medium,Contact
C101725,0.4328027934269843,Medium,Contact
C100564,0.43271736727132354,Medium,Contact
C100798,0.4325528848344809,Medium,Contact
C103164,0.43208278368273934,Medium,Contact
C102274,0.4319154600447683,Medium,Contact
C101252,0.43191087924474014,Medium,Contact
C100319,0.4317286796770352,Medium,Contact
C100030,0.4315903142678336,Medium,Contact
C102656,0.4313111218401213,Medium,Contact
C101216,0.4312750734068236,Medium,Contact
C102013,0.4312372941130666,Medium,Contact
C101190,0.4310110737697676,Medium,Contact
C100414,0.4306375482849902,Medium,Contact
C101830,0.4306277902186247,Medium,Contact
C101419,0.43054725004105565,Medium,Contact
C102805,0.4301768387317199,Medium,Contact
C101318,0.4300865834990667,Medium,Contact
C102713,0.42993407841832815,Medium,Contact
C101535,0.4297022154121939,Medium,Contact
C100940,0.42957841659471424,Medium,Contact
C102424,0.4290034800993373,Medium,Contact
C101815,0.42885090906294965,Medium,Contact
C103118,0.42876509888551306,Medium,Contact
C101002,0.42870479720746957,Medium,Contact
C100343,0.42864907448230244,Medium,Contact
C101061,0.4282312351317369,Medium,Contact
C102619,0.4281835466648583,Medium,Contact
C103060,0.4278745107519032,Medium,Contact
C101381,0.4278224160403256,Medium,Contact
C101561,0.4275647041521903,Medium,Contact
C101540,0.42712639404627306,Medium,Contact
C101193,0.4266123245284755,Medium,Contact
C100244,0.4263595034393147,Medium,Contact
C100799,0.4263226289870377,Medium,Contact
C102460,0.4254067305156793,Medium,Contact
C101041,0.42538447885916764,Medium,Contact
C100869,0.4253693545981548,Medium,Contact
C101603,0.42490640423943704,Medium,Contact
C100227,0.4247535666211721,Medium,Contact
C102768,0.4247368982402555,Medium,Contact
C100241,0.4246744132059912,Medium,Contact
C102787,0.42465141668509143,Medium,Contact
C100821,0.4245348957086023,Medium,Contact
C101449,0.4241619211761842,Medium,Contact
C101660,0.4239992730511871,Medium,Contact
C101091,0.4239299301210977,Medium,Contact
C100530,0.42385122095460714,Medium,Contact
C101410,0.4234799124813518,Medium,Contact
C100293,0.4228350658983288,Medium,Contact
C101804,0.4225943975245125,Medium,Contact
C100941,0.42246041969864334,Medium,Contact
C101647,0.42243416654368365,Medium,Contact
C101498,0.422378323641531,Medium,Contact
C103424,0.4220484180002375,Medium,Contact
C102747,0.42168477386340797,Medium,Contact
C103186,0.4215934615516198,Medium,Contact
C100151,0.42151344108428823,Medium,Contact
C103349,0.4212466707207331,Medium,Contact
C102073,0.4211453191322735,Medium,Contact
C102359,0.4207142284391682,Medium,Contact
C103033,0.4206755935953563,Medium,Contact
C100609,0.4204714125551298,Medium,Contact
C101460,0.4203225258272722,Medium,Contact
C103120,0.42030270212415344,Medium,Contact
C102561,0.4202803368286412,Medium,Contact
C100471,0.4196989034485991,Medium,Contact
C100228,0.4195981331379994,Medium,Contact
C102530,0.41945400551053624,Medium,Contact
C100328,0.4192805675692437,Medium,Contact
C101604,0.4192050203060162,Medium,Contact
C100391,0.41871742660866135,Medium,Contact
C103347,0.41833086000941855,Medium,Contact
C100721,0.41793075000745905,Medium,Contact
C100571,0.4178899863271793,Medium,Contact
C101791,0.41781058052167114,Medium,Contact
C102430,0.417436969816841,Medium,Contact
C100198,0.4173705641040064,Medium,Contact
C103377,0.4173009957941992,Medium,Contact
C100709,0.4169451528428536,Medium,Contact
C102475,0.416588050565404,Medium,Contact
C102903,0.41634502690592673,Medium,Contact
C102201,0.4161378239741876,Medium,Contact
C100226,0.4161320234232876,Medium,Contact
C102314,0.4160139073924615,Medium,Contact
C102962,0.41597481213620624,Medium,Contact
C100232,0.41556759230498214,Medium,Contact
C103279,0.4155216186284962,Medium,Contact
C100446,0.4153324667345746,Medium,Contact
C101788,0.4153310487085277,Medium,Contact
C102215,0.41530593296560264,Medium,Contact
C101779,0.4152628716133677,Medium,Contact
C101808,0.4152490240104775,Medium,Contact
C102277,0.41519038081384035,Medium,Contact
C103094,0.41514819826482224,Medium,Contact
C102255,0.4151318052143383,Medium,Contact
C102391,0.4148997847658346,Medium,Contact
C100848,0.41463081569225463,Medium,Contact
C102808,0.41430989934268675,Medium,Contact
C101113,0.41406626808570796,Medium,Contact
C103123,0.41402551665013276,Medium,Contact
C100239,0.41377576024318924,Medium,Contact
C100913,0.413684410548497,Medium,Contact
C101902,0.41368410002914635,Medium,Contact
C101914,0.41362570092961837,Medium,Contact
C100477,0.41339840748590984,Medium,Contact
C101491,0.41338236659219624,Medium,Contact
C102798,0.4133566417835185,Medium,Contact
C101231,0.4133212730173947,Medium,Contact
C102710,0.4132294102890895,Medium,Contact
C101545,0.41305812151202037,Medium,Contact
C103431,0.412871906037248,Medium,Contact
C101372,0.4127895881806144,Medium,Contact
C101200,0.4126406789161985,Medium,Contact
C101426,0.412597452154315,Medium,Contact
C100377,0.4121846754546533,Medium,Contact
C102859,0.41213448402178,Medium,Contact
C102759,0.4118595487748482,Medium,Contact
C100548,0.4117665246301761,Medium,Contact
C102939,0.4115008854239271,Medium,Contact
C101358,0.41145661225610025,Medium,Contact
C100672,0.41120744402130327,Medium,Contact
C103407,0.4111314325897869,Medium,Contact
C103462,0.4110427554218582,Medium,Contact
C100347,0.4109069736620833,Medium,Contact
C102392,0.4106402047551303,Medium,Contact
C101194,0.4106112021888948,Medium,Contact
C101632,0.4103850588086175,Medium,Contact
C101863,0.4103154187606049,Medium,Contact
C103365,0.4099787177829057,Medium,Contact
C102625,0.4098042089824529,Medium,Contact
C100169,0.4096672753496458,Medium,Contact
C101492,0.40959526075505126,Medium,Contact
C100182,0.4092480374444087,Medium,Contact
C100670,0.4091689437623607,Medium,Contact
C100883,0.4087156655919677,Medium,Contact
C102916,0.4086560012511307,Medium,Contact
C100360,0.40862058505405385,Medium,Contact
C100061,0.40843862763774147,Medium,Contact
C101706,0.40841215414273174,Medium,Contact
C101244,0.40794067526842964,Medium,Contact
C102896,0.4076418215197518,Medium,Contact
C100206,0.40757621171461395,Medium,Contact
C100687,0.40670073636231535,Medium,Contact
C100819,0.4066843129128132,Medium,Contact
C103410,0.406675568782488,Medium,Contact
C102680,0.4066480428952848,Medium,Contact
C100307,0.4064093112222982,Medium,Contact
C102940,0.4061644760805969,Medium,Contact
C100658,0.4059384052627491,Medium,Contact
C100470,0.40504889957774676,Medium,Contact
C100654,0.4048541810607301,Medium,Contact
C103449,0.40481835956100787,Medium,Contact
C103350,0.40472263135794734,Medium,Contact
C102541,0.4046413008296155,Medium,Contact
C103090,0.4044757182858268,Medium,Contact
C101739,0.40436182763228584,Medium,Contact
C102328,0.4041900114031578,Medium,Contact
C101082,0.4040754664746993,Medium,Contact
C100893,0.40383325182539653,Medium,Contact
C101146,0.4038098849688257,Medium,Contact
C100277,0.40338749711229815,Medium,Contact
C101685,0.40321587770086187,Medium,Contact
C101349,0.4031677137941711,Medium,Contact
C101536,0.40315790985494293,Medium,Contact
C101446,0.4031454969231407,Medium,Contact
C100217,0.40296116215618727,Medium,Contact
C102107,0.4028936716814474,Medium,Contact
C102331,0.4026333109354893,Medium,Contact
C100745,0.4025855755732861,Medium,Contact
C102066,0.40253974367714374,Medium,Contact
C102446,0.4025265943126264,Medium,Contact
C101696,0.40214422228749186,Medium,Contact
C101589,0.4018031343149209,Medium,Contact
C102127,0.40147582230145756,Medium,Contact
C100110,0.40140723189231425,Medium,Contact
C102570,0.4009925009785726,Medium,Contact
C101289,0.40086154549778086,Medium,Contact
C100559,0.4007857146198767,Medium,Contact
C101813,0.4006742654183662,Medium,Contact
C101485,0.40057295904051227,Medium,Contact
C102811,0.400288126411256,Medium,Contact
C101820,0.3999613498647706,Low,Contact
C101084,0.39952867668602016,Low,Contact
C100044,0.3994995454803693,Low,Contact
C101187,0.39934307713966455,Low,Contact
C100591,0.39913196410911045,Low,Contact
C100980,0.39898662698164034,Low,Contact
C101743,0.3989460873729526,Low,Contact
C100827,0.3989005301401118,Low,Contact
C102773,0.39826275111160464,Low,Contact
C101867,0.39822901397776717,Low,Contact
C102810,0.3982267574562932,Low,Contact
C101308,0.39805653832816607,Low,Contact
C100653,0.3980422460609943,Low,Contact
C101835,0.39765873901127474,Low,Contact
C101057,0.3974931395393805,Low,Contact
C102293,0.397352420778709,Low,Contact
C101271,0.39671364286471056,Low,Contact
C100145,0.39654460046983003,Low,Contact
C101963,0.3965125362843237,Low,Contact
C100520,0.39611114798005037,Low,Contact
C102129,0.39606993969236254,Low,Contact
C101096,0.3959577472090556,Low,Contact
C100337,0.39592802446753883,Low,Contact
C102379,0.39507566732116906,Low,Contact
C101818,0.3948576217927496,Low,Contact
C102204,0.3938848254001925,Low,Contact
C100072,0.3937602889974191,Low,Contact
C100627,0.3936209672943529,Low,Contact
C103402,0.3932209704672118,Low,Contact
C101463,0.39314096413788474,Low,Contact
C103495,0.39301492955489803,Low,Contact
C102717,0.39265353725616636,Low,Contact
C101574,0.3925926165688904,Low,Contact
C100525,0.3924306776334899,Low,Contact
C100417,0.3920439705094502,Low,Contact
C102197,0.3920303776855493,Low,Contact
C101857,0.3919191634478405,Low,Contact
C102006,0.39164682800997863,Low,Contact
C101901,0.39161275508710197,Low,Contact
C100487,0.39147785023785425,Low,Contact
C100831,0.39116165008548676,Low,Contact
C100536,0.3907888972480545,Low,Contact
C103264,0.39053823705426416,Low,Contact
C102784,0.38998108819236665,Low,Contact
C100058,0.38954303208369007,Low,Contact
C101122,0.38928435993053195,Low,Contact
C100478,0.3891519423217055,Low,Contact
C101249,0.3889960216399231,Low,Contact
C101850,0.38889268476875494,Low,Contact
C102313,0.38880752134585983,Low,Contact
C102243,0.38861049029537426,Low,Contact
C102575,0.3885993359771721,Low,Contact
C101580,0.388497973433396,Low,Contact
C100363,0.38800829449584123,Low,Contact
C100912,0.38790969893791094,Low,Contact
C101071,0.3878688201102482,Low,Contact
C103342,0.3871479668987228,Low,Contact
C103247,0.3870765304764332,Low,Contact
C100858,0.3868600061282469,Low,Contact
C102262,0.3866787132991048,Low,Contact
C102048,0.3866351359093534,Low,Contact
C102748,0.3864985587410149,Low,Contact
C103432,0.38634359057579154,Low,Contact
C100937,0.3860263244163304,Low,Contact
C101909,0.38601209816235965,Low,Contact
C103087,0.3857401998876465,Low,Contact
C101607,0.3854017944438165,Low,Contact
C103458,0.38528763086851064,Low,Contact
C101396,0.38516789375646704,Low,Contact
C103484,0.3850288579954872,Low,Contact
C102528,0.3843130714833286,Low,Contact
C102093,0.3839924495411096,Low,Contact
C100524,0.3838750308156971,Low,Contact
C102238,0.38357977031596624,Low,Contact
C102261,0.38330971601202435,Low,Contact
C101337,0.3833018998991881,Low,Contact
C100147,0.38328499742202526,Low,Contact
C102637,0.38316437710382634,Low,Contact
C101015,0.3830079417766226,Low,Contact
C100557,0.382958432579622,Low,Contact
C103469,0.3828239841609655,Low,Contact
C103352,0.382678433795064,Low,Contact
C102809,0.3821009563661961,Low,Contact
C100211,0.3820943709280428,Low,Contact
C103009,0.38187757386461474,Low,Contact
C101420,0.3818680446259787,Low,Contact
C101539,0.3818462348498402,Low,Contact
C103229,0.38151897015337005,Low,Contact
C101407,0.38118154119529823,Low,Contact
C102801,0.3809498525954669,Low,Contact
C101509,0.3808149769928403,Low,Contact
C101809,0.38046844336369257,Low,Contact
C102542,0.38046243679417857,Low,Contact
C100723,0.3802116471343798,Low,Contact
C101293,0.38017548563985687,Low,Contact
C101547,0.3800273316535266,Low,Contact
C102911,0.3797946080965287,Low,Monitor
C100088,0.3790829252096486,Low,Monitor
C102907,0.3789067613003497,Low,Monitor
C100398,0.3786368658163109,Low,Monitor
C100873,0.37843812806714466,Low,Monitor
C101560,0.37812341875315036,Low,Monitor
C103139,0.37808409619069366,Low,Monitor
C102783,0.377868806224743,Low,Monitor
C102754,0.3778195590288453,Low,Monitor
C103252,0.3778100907023154,Low,Monitor
C101615,0.37779416493225376,Low,Monitor
C101428,0.37758307239613076,Low,Monitor
C100098,0.37751878770446845,Low,Monitor
C102276,0.37744331565975014,Low,Monitor
C103412,0.37740880783899944,Low,Monitor
C101347,0.37688710445851364,Low,Monitor
C100502,0.3768434050816614,Low,Monitor
C101108,0.37652506813362563,Low,Monitor
C101135,0.3764551393751952,Low,Monitor
C100092,0.37620429800155947,Low,Monitor
C102782,0.3760917548682839,Low,Monitor
C102921,0.3760859102705594,Low,Monitor
C102860,0.37595679158060724,Low,Monitor
C102208,0.37550009761125486,Low,Monitor
C101702,0.3754283203487183,Low,Monitor
C103290,0.3753972659580076,Low,Monitor
C101789,0.3751565217265749,Low,Monitor
C102872,0.37507388579220013,Low,Monitor
C102998,0.3748810980723514,Low,Monitor
C101046,0.37486514976338703,Low,Monitor
C103062,0.3741907330158869,Low,Monitor
C103446,0.3741622743143702,Low,Monitor
C102529,0.3740099510346223,Low,Monitor
C103317,0.37377799819800317,Low,Monitor
C103295,0.37371052881643696,Low,Monitor
C102550,0.373675345868094,Low,Monitor
C100473,0.37351687877782863,Low,Monitor
C102453,0.3734811741419801,Low,Monitor
C100096,0.37344928350331075,Low,Monitor
C101443,0.37343812832998813,Low,Monitor
C102889,0.37308456023801356,Low,Monitor
C100139,0.37275400733098,Low,Monitor
C101454,0.3725600960991467,Low,Monitor
C102372,0.3725299145416367,Low,Monitor
C101173,0.37241943592584953,Low,Monitor
C100702,0.3720069555407043,Low,Monitor
C101792,0.3720011033294871,Low,Monitor
C101336,0.3719557195094379,Low,Monitor
C100992,0.3718883434572679,Low,Monitor
C101894,0.3713230328664535,Low,Monitor
C100523,0.3711919911434506,Low,Monitor
C103116,0.3711427422987345,Low,Monitor
C102426,0.3707787042050073,Low,Monitor
C101510,0.370708604975737,Low,Monitor
C103149,0.37059461821139617,Low,Monitor
C101036,0.37057211858767575,Low,Monitor
C100087,0.3704774575021672,Low,Monitor
C101495,0.37031822247476825,Low,Monitor
C100274,0.3702984863492045,Low,Monitor
C100458,0.37003320858210415,Low,Monitor
C103444,0.36976480228165687,Low,Monitor
C100671,0.3696887037569037,Low,Monitor
C101441,0.3696341217737412,Low,Monitor
C100780,0.3696333925577056,Low,Monitor
C102451,0.36960703420580804,Low,Monitor
C101284,0.36954286390374297,Low,Monitor
C100519,0.369542681913591,Low,Monitor
C102611,0.3693631076011963,Low,Monitor
C103456,0.3693143786028346,Low,Monitor
C101230,0.3689571797425414,Low,Monitor
C102515,0.36843094852688846,Low,Monitor
C101434,0.36835355436738393,Low,Monitor
C100249,0.36822407151483966,Low,Monitor
C101124,0.36733238715215155,Low,Monitor
C103361,0.3672124785278949,Low,Monitor
C101220,0.36716334691363944,Low,Monitor
C102429,0.36650555914985894,Low,Monitor
C103383,0.36638753596506995,Low,Monitor
C101147,0.3661891278282356,Low,Monitor
C103293,0.3657514189450242,Low,Monitor
C100656,0.3657100528912035,Low,Monitor
C103292,0.36568907807281803,Low,Monitor
C102839,0.3653673044345227,Low,Monitor
C100259,0.36533734784586264,Low,Monitor
C100927,0.3653210329576219,Low,Monitor
C101907,0.3652813585916007,Low,Monitor
C100291,0.36523308143478694,Low,Monitor
C101546,0.364258114087012,Low,Monitor
C102890,0.36395041457403665,Low,Monitor
C100157,0.36367309839388823,Low,Monitor
C101371,0.3630439613847256,Low,Monitor
C101118,0.36271898091250915,Low,Monitor
C101619,0.3626675806731645,Low,Monitor
C100301,0.3624065601063034,Low,Monitor
C101447,0.36199204309425204,Low,Monitor
C100024,0.3616330139337156,Low,Monitor
C102183,0.36124462118291684,Low,Monitor
C102309,0.3612372492924907,Low,Monitor
C102578,0.3612193999196862,Low,Monitor
C103011,0.3612009004439738,Low,Monitor
C103266,0.3611477925356836,Low,Monitor
C100382,0.36110137764046685,Low,Monitor
C101301,0.3610319613117725,Low,Monitor
C100700,0.3610290344800711,Low,Monitor
C103419,0.36099804123365814,Low,Monitor
C100131,0.36087220284707006,Low,Monitor
C103007,0.3607484352916259,Low,Monitor
C100221,0.36055926673788197,Low,Monitor
C101374,0.3605094849774071,Low,Monitor
C103430,0.3602612611968034,Low,Monitor
C101941,0.3601403732417721,Low,Monitor
C103305,0.3601293025225235,Low,Monitor
C103066,0.360024515202334,Low,Monitor
C100426,0.35992926380572754,Low,Monitor
C100246,0.3596229325958916,Low,Monitor
C100411,0.35940451396462786,Low,Monitor
C101933,0.35935348855133825,Low,Monitor
C102631,0.3593302417771457,Low,Monitor
C101035,0.3593094619699812,Low,Monitor
C100406,0.3592944182618166,Low,Monitor
C100013,0.35904375324974486,Low,Monitor
C102416,0.3589379109048689,Low,Monitor
C102902,0.3589113616468554,Low,Monitor
C102712,0.3584667867540125,Low,Monitor
C101471,0.3584419681398116,Low,Monitor
C103487,0.35839500395425644,Low,Monitor
C101957,0.35809947166278344,Low,Monitor
C102543,0.35800708457515124,Low,Monitor
C103374,0.3575092128754763,Low,Monitor
C101827,0.35697074686098007,Low,Monitor
C100958,0.3566020601011066,Low,Monitor
C102487,0.3565294316928232,Low,Monitor
C103387,0.3564923098213407,Low,Monitor
C103153,0.356448228128277,Low,Monitor
C100233,0.35642653455329526,Low,Monitor
C101335,0.356418911782536,Low,Monitor
C102284,0.35607501520724005,Low,Monitor
C101976,0.35591201071907586,Low,Monitor
C103003,0.3556966015654294,Low,Monitor
C100113,0.35555730268631525,Low,Monitor
C102226,0.3551621895969668,Low,Monitor
C100725,0.35496701340722303,Low,Monitor
C100048,0.35496684502157644,Low,Monitor
C102367,0.3549414194744353,Low,Monitor
C100346,0.3549181070713774,Low,Monitor
C102613,0.35488476926465146,Low,Monitor
C103180,0.35484829174562166,Low,Monitor
C101942,0.35411298728917934,Low,Monitor
C102119,0.3537523573214945,Low,Monitor
C103324,0.3535819452640338,Low,Monitor
C102319,0.35349586787133475,Low,Monitor
C100840,0.3525360538395638,Low,Monitor
C102944,0.3524778784890539,Low,Monitor
C100578,0.35238848845735177,Low,Monitor
C102450,0.35230370108566483,Low,Monitor
C102654,0.35211271622321283,Low,Monitor
C100184,0.3520692143317225,Low,Monitor
C103360,0.35195662040515646,Low,Monitor
C101445,0.35159914008712495,Low,Monitor
C100435,0.3515673771708154,Low,Monitor
C103082,0.35153611462051976,Low,Monitor
C103476,0.3513436872689129,Low,Monitor
C100775,0.3511313405889321,Low,Monitor
C102508,0.3510616567328601,Low,Monitor
C103362,0.35087835558726216,Low,Monitor
C101766,0.35063231846998544,Low,Monitor
C101238,0.3506065140402692,Low,Monitor
C101816,0.3505580143648064,Low,Monitor
C100938,0.350529913863,Low,Monitor
C101433,0.35008935727420715,Low,Monitor
C100704,0.3500853101218797,Low,Monitor
C102456,0.3497803227183436,Low,Monitor
C102827,0.34975536602724067,Low,Monitor
C100056,0.34965791143558334,Low,Monitor
C101102,0.3496426930969452,Low,Monitor
C102639,0.34964098409474964,Low,Monitor
C100448,0.3496037560763838,Low,Monitor
C102471,0.3489713694673462,Low,Monitor
C101298,0.348864095016876,Low,Monitor
C100176,0.34866893645682695,Low,Monitor
C100353,0.34853144513998435,Low,Monitor
C100285,0.34851522700123266,Low,Monitor
C102136,0.34844440420264183,Low,Monitor
C103109,0.3483225758540125,Low,Monitor
C100043,0.34815194968514274,Low,Monitor
C100944,0.34811211347943083,Low,Monitor
C101767,0.3473595378739841,Low,Monitor
C100884,0.34720152860856823,Low,Monitor
C100997,0.3471429566717186,Low,Monitor
C101394,0.34702385692852544,Low,Monitor
C103091,0.34682168813546205,Low,Monitor
C102232,0.3466229834945816,Low,Monitor
C101228,0.34651564960431264,Low,Monitor
C101951,0.3463950499575745,Low,Monitor
C101677,0.3463284824866739,Low,Monitor
C100452,0.34593720789390425,Low,Monitor
C101132,0.34582659816740297,Low,Monitor
C101564,0.34580795259732183,Low,Monitor
C101849,0.3455318494483292,Low,Monitor
C100985,0.3453748139467618,Low,Monitor
C100885,0.34529504146332257,Low,Monitor
C101073,0.34519518976146135,Low,Monitor
C100624,0.3443013561362533,Low,Monitor
C101040,0.3440312363786433,Low,Monitor
C101350,0.3437245686618108,Low,Monitor
C101965,0.34371576554001226,Low,Monitor
C101081,0.34323575594591094,Low,Monitor
C102832,0.3421345735712687,Low,Monitor
C100392,0.3421177271720707,Low,Monitor
C101533,0.3417134783165813,Low,Monitor
C102746,0.34148350313290526,Low,Monitor
C101012,0.3409681235209867,Low,Monitor
C100633,0.34093985806149546,Low,Monitor
C100387,0.3405337958173229,Low,Monitor
C101996,0.34052824205688087,Low,Monitor
C100318,0.34028217832313273,Low,Monitor
C100294,0.3396716417696288,Low,Monitor
C102266,0.3394686677478788,Low,Monitor
C100619,0.3394670347578119,Low,Monitor
C102252,0.33888933346362665,Low,Monitor
C103433,0.33855730161959263,Low,Monitor
C102658,0.33833316684556525,Low,Monitor
C100774,0.33827609714069357,Low,Monitor
C101873,0.33823619584765857,Low,Monitor
C101974,0.3381691173183318,Low,Monitor
C102785,0.33816353880930056,Low,Monitor
C101274,0.33784899364184645,Low,Monitor
C103250,0.3378014230000388,Low,Monitor
C102065,0.3376095010464311,Low,Monitor
C102855,0.3375236105195521,Low,Monitor
C100019,0.3373520228677585,Low,Monitor
C102427,0.33688029372663914,Low,Monitor
C100342,0.33687426217511174,Low,Monitor
C102698,0.33687377996282114,Low,Monitor
C100887,0.3368428974967389,Low,Monitor
C102914,0.3367469181411051,Low,Monitor
C102520,0.3365700027240527,Low,Monitor
C101501,0.3363704276450495,Low,Monitor
C102954,0.33630780105868996,Low,Monitor
C100994,0.3362111464386636,Low,Monitor
C101730,0.33607144675529366,Low,Monitor
C100776,0.3359843292384912,Low,Monitor
C102494,0.3358965191225363,Low,Monitor
C101672,0.3356972515079836,Low,Monitor
C100611,0.33568162233163934,Low,Monitor
C100129,0.3354744777940137,Low,Monitor
C102881,0.33530296684706373,Low,Monitor
C102854,0.3349673534992893,Low,Monitor
C101179,0.33489064591607665,Low,Monitor
C102101,0.334857277032896,Low,Monitor
C100834,0.3348364671453454,Low,Monitor
C101064,0.33466105032238996,Low,Monitor
C103439,0.3343323417688573,Low,Monitor
C102512,0.3341346872038335,Low,Monitor
C102098,0.3341296176204851,Low,Monitor
C103260,0.33367163919482684,Low,Monitor
C101192,0.33346209652279307,Low,Monitor
C101039,0.3334045670635027,Low,Monitor
C100181,0.33332334422608356,Low,Monitor
C100303,0.3332888913705551,Low,Monitor
C101211,0.3332054103871818,Low,Monitor
C103273,0.3331883523754144,Low,Monitor
C100968,0.3331735353225644,Low,Monitor
C103191,0.33295511891940494,Low,Monitor
C102138,0.3329545139621055,Low,Monitor
C100650,0.3326282629689768,Low,Monitor
C100075,0.3324482237306836,Low,Monitor
C101686,0.3319410940275789,Low,Monitor
C102297,0.33176918069400224,Low,Monitor
C103452,0.33168616480549257,Low,Monitor
C102111,0.3315749105032635,Low,Monitor
C102281,0.33119473683465367,Low,Monitor
C100501,0.3310476625887477,Low,Monitor
C102535,0.3308806438372121,Low,Monitor
C102366,0.3305498801561475,Low,Monitor
C101500,0.33044420614534953,Low,Monitor
C100580,0.3302360505019721,Low,Monitor
C101430,0.3301931852992948,Low,Monitor
C100826,0.33016609978838346,Low,Monitor
C101442,0.33006603077649116,Low,Monitor
C100905,0.3300295247280221,Low,Monitor
C103393,0.3300018343886401,Low,Monitor
C102981,0.32991439353116486,Low,Monitor
C101368,0.3298981756143064,Low,Monitor
C102678,0.32973351988722216,Low,Monitor
C102984,0.32965617164722333,Low,Monitor
C101302,0.32950111495945994,Low,Monitor
C102605,0.3293152321466593,Low,Monitor
C101136,0.32887847356439637,Low,Monitor
C103218,0.3288753832650645,Low,Monitor
C102506,0.3285959527855631,Low,Monitor
C102172,0.3285412791811831,Low,Monitor
C101378,0.3285167150305992,Low,Monitor
C101197,0.32825230014018386,Low,Monitor
C100007,0.328196377671076,Low,Monitor
C101610,0.32785758858684977,Low,Monitor
C100205,0.32783012593380556,Low,Monitor
C103074,0.32779542891814134,Low,Monitor
C102792,0.3273809510651742,Low,Monitor
C100636,0.32722124286893534,Low,Monitor
C101858,0.3269707197659281,Low,Monitor
C100575,0.3268574917155859,Low,Monitor
C100722,0.3267134725314176,Low,Monitor
C101629,0.32670390549902995,Low,Monitor
C100511,0.32655809704179045,Low,Monitor
C101710,0.32622470446479135,Low,Monitor
C103206,0.3258155824824534,Low,Monitor
C102997,0.32574786413817475,Low,Monitor
C102316,0.3255425824753785,Low,Monitor
C103237,0.325446383505152,Low,Monitor
C101052,0.32543014580313867,Low,Monitor
C101729,0.32527418862855373,Low,Monitor
C101605,0.32525472941394507,Low,Monitor
C100074,0.3251580783862104,Low,Monitor
C100202,0.32514947809434597,Low,Monitor
C102433,0.3250704773235363,Low,Monitor
C100681,0.32457734176934144,Low,Monitor
C101299,0.3243847428134461,Low,Monitor
C102355,0.32395219518375995,Low,Monitor
C102134,0.3239336631375521,Low,Monitor
C100503,0.32386332525808625,Low,Monitor
C101689,0.32370173262083524,Low,Monitor
C100916,0.3235792828045561,Low,Monitor
C102871,0.3235219334648364,Low,Monitor
C100635,0.3234226479269152,Low,Monitor
C100474,0.3232520185022498,Low,Monitor
C100788,0.32251647498417896,Low,Monitor
C102692,0.3224163143381171,Low,Monitor
C102068,0.32233878702791346,Low,Monitor
C100354,0.32232897768655566,Low,Monitor
C102124,0.3222875268001836,Low,Monitor
C103262,0.32206153179481684,Low,Monitor
C101475,0.32190551993885524,Low,Monitor
C100600,0.3214977042967468,Low,Monitor
C102302,0.32107793789096434,Low,Monitor
C103178,0.32048838749505065,Low,Monitor
C101508,0.3204562321489735,Low,Monitor
C102797,0.320455111342166,Low,Monitor
C102804,0.3201091331624991,Low,Monitor
C101669,0.3194957983252291,Low,Monitor
C101110,0.31939879158533524,Low,Monitor
C103199,0.318952991014622,Low,Monitor
C100144,0.3186796375495841,Low,Monitor
C100488,0.31861619191811125,Low,Monitor
C100142,0.31856293257155255,Low,Monitor
C103282,0.3179638539888861,Low,Monitor
C102356,0.31782832266544425,Low,Monitor
C101170,0.31757513217656186,Low,Monitor
C103259,0.3175300103831466,Low,Monitor
C100655,0.31740332312660147,Low,Monitor
C101864,0.31735056545641205,Low,Monitor
C100097,0.3173453004506299,Low,Monitor
C100724,0.3171479634470116,Low,Monitor
C100957,0.3170038797156937,Low,Monitor
C102853,0.31673004987979625,Low,Monitor
C100668,0.31661136219110136,Low,Monitor
C101363,0.31625442066731957,Low,Monitor
C103173,0.3159612889890735,Low,Monitor
C102445,0.3153456252794333,Low,Monitor
C101975,0.3148897676272686,Low,Monitor
C100706,0.3146257327545428,Low,Monitor
C100371,0.3145093656495903,Low,Monitor
C100685,0.3144775810626485,Low,Monitor
C100017,0.3144100764211787,Low,Monitor
C100100,0.314349792939588,Low,Monitor
C100547,0.31362082835664895,Low,Monitor
C100943,0.31348306252234454,Low,Monitor
C100264,0.31335223039444254,Low,Monitor
C101117,0.31305422778639097,Low,Monitor
C102852,0.31296576492152045,Low,Monitor
C102959,0.31294550402058613,Low,Monitor
C102443,0.31284219299805544,Low,Monitor
C103079,0.3128202937463832,Low,Monitor
C100324,0.31273714857663,Low,Monitor
C101257,0.3127348300545939,Low,Monitor
C101854,0.3125750439651216,Low,Monitor
C102549,0.3123554622678923,Low,Monitor
C103104,0.31199284019030626,Low,Monitor
C101851,0.3118064025283747,Low,Monitor
C100608,0.31115718686316396,Low,Monitor
C103473,0.3110563051106581,Low,Monitor
C102574,0.3110531117645897,Low,Monitor
C100928,0.31099447000177144,Low,Monitor
C101599,0.31093175224153713,Low,Monitor
C101961,0.3109206515754617,Low,Monitor
C103481,0.3108442920661553,Low,Monitor
C101770,0.3107689018406902,Low,Monitor
C100718,0.3107624808578814,Low,Monitor
C102336,0.3106872422430786,Low,Monitor
C102376,0.31044086701267615,Low,Monitor
C101707,0.3104343533496212,Low,Monitor
C101950,0.3103925803380619,Low,Monitor
C100321,0.3101539678391454,Low,Monitor
C102995,0.310137294374176,Low,Monitor
C101817,0.30940749232981557,Low,Monitor
C101886,0.30936016697618085,Low,Monitor
C100890,0.3091558127166583,Low,Monitor
C101139,0.3088790543382645,Low,Monitor
C103405,0.30861562258254505,Low,Monitor
C102067,0.30814763518040716,Low,Monitor
C100549,0.3081230277551365,Low,Monitor
C102008,0.308040352919921,Low,Monitor
C102491,0.3080137244627105,Low,Monitor
C100357,0.30792061953906524,Low,Monitor
C102737,0.3067607539635911,Low,Monitor
C102021,0.30670220883529903,Low,Monitor
C100093,0.3062828996310584,Low,Monitor
C100514,0.3061685910037508,Low,Monitor
C102137,0.3059727025813782,Low,Monitor
C102288,0.30581962460854845,Low,Monitor
C100150,0.3055032684309589,Low,Monitor
C103392,0.30529147949042207,Low,Monitor
C103165,0.3052887969213251,Low,Monitor
C100240,0.3051922624893057,Low,Monitor
C101067,0.30507188430558374,Low,Monitor
C102843,0.3050444031870457,Low,Monitor
C100300,0.304670629183816,Low,Monitor
C103482,0.30435475731531036,Low,Monitor
C102166,0.3040616909038914,Low,Monitor
C100332,0.30400328950780964,Low,Monitor
C101641,0.30368434153242974,Low,Monitor
C100925,0.3035934229702506,Low,Monitor
C103445,0.3035496819048167,Low,Monitor
C102806,0.30335442786494893,Low,Monitor
C100015,0.30334506642528125,Low,Monitor
C103251,0.3032984344938932,Low,Monitor
C102522,0.30318457713347535,Low,Monitor
C100732,0.3031660675643155,Low,Monitor
C102088,0.30314737107850986,Low,Monitor
C101482,0.30266740526183883,Low,Monitor
C100465,0.30225506318899586,Low,Monitor
C101114,0.3020711168361375,Low,Monitor
C100521,0.3016079302601722,Low,Monitor
C101465,0.30156919067343796,Low,Monitor
C100201,0.3013693978804081,Low,Monitor
C102080,0.30134001498037133,Low,Monitor
C101606,0.3012696369512914,Low,Monitor
C101292,0.30120055964563697,Low,Monitor
C101169,0.301178891267369,Low,Monitor
C101968,0.30110452822558276,Low,Monitor
C102034,0.3010312320245264,Low,Monitor
C102672,0.3008766493975319,Low,Monitor
C100365,0.3007964813784857,Low,Monitor
C102250,0.30069337766105747,Low,Monitor
C102130,0.3005968859792477,Low,Monitor
C102821,0.30035267175382196,Low,Monitor
C102851,0.3002509353913194,Low,Monitor
C100582,0.30022731328663727,Low,Monitor
C100177,0.29987631436935397,Low,Monitor
C102285,0.29978407576660054,Low,Monitor
C101362,0.2994533972701874,Low,Monitor
C102743,0.2992359805320196,Low,Monitor
C100000,0.299093379804202,Low,Monitor
C102220,0.29888481720012955,Low,Monitor
C100763,0.29888165602299893,Low,Monitor
C102873,0.2987301324525828,Low,Monitor
C100204,0.29869883343121817,Low,Monitor
C101384,0.2986902690615828,Low,Monitor
C100484,0.29866893190256577,Low,Monitor
C101795,0.2986656273687622,Low,Monitor
C103375,0.29860731577975136,Low,Monitor
C101388,0.29851559865436306,Low,Monitor
C100408,0.2984480679466298,Low,Monitor
C103466,0.29816525283303463,Low,Monitor
C100542,0.2976648344473543,Low,Monitor
C100467,0.2971394679741632,Low,Monitor
C100989,0.29704688244608823,Low,Monitor
C101221,0.29699616284567054,Low,Monitor
C101625,0.29667606211020364,Low,Monitor
C103155,0.29659523388049475,Low,Monitor
C102373,0.29624106565735353,Low,Monitor
C102676,0.296213684296925,Low,Monitor
C100683,0.2960900028166019,Low,Monitor
C100254,0.2959219814667689,Low,Monitor
C100040,0.29585489486104327,Low,Monitor
C100216,0.2958110112928195,Low,Monitor
C102802,0.29555639252326943,Low,Monitor
C103397,0.29544137536853293,Low,Monitor
C101821,0.29532573007598817,Low,Monitor
C100437,0.2952098498330235,Low,Monitor
C103034,0.29512979100924214,Low,Monitor
C101270,0.2950666833408913,Low,Monitor
C102227,0.2945950774605241,Low,Monitor
C100173,0.294388198685217,Low,Monitor
C102682,0.294373616957456,Low,Monitor
C101937,0.29433548349513056,Low,Monitor
C101805,0.29423250777826565,Low,Monitor
C100402,0.29376418115962094,Low,Monitor
C101760,0.293720317163538,Low,Monitor
C101246,0.29352455147007034,Low,Monitor
C102184,0.2932630143571746,Low,Monitor
C103271,0.29314793528159444,Low,Monitor
C103395,0.29282160372595356,Low,Monitor
C103080,0.29259492052486846,Low,Monitor
C101655,0.2925803379957951,Low,Monitor
C102463,0.29253953945578004,Low,Monitor
C102031,0.29240270643793376,Low,Monitor
C102385,0.2921788712893195,Low,Monitor
C102567,0.29206549293400447,Low,Monitor
C100498,0.29201138625308526,Low,Monitor
C101674,0.29187081159430633,Low,Monitor
C102361,0.2913313565888833,Low,Monitor
C102193,0.2912649949619234,Low,Monitor
C103075,0.2906897513246656,Low,Monitor
C100095,0.29058174195131053,Low,Monitor
C102333,0.2902979033560013,Low,Monitor
C102965,0.2902681887591838,Low,Monitor
C101277,0.2902646506948535,Low,Monitor
C102010,0.29017021643804164,Low,Monitor
C101484,0.28993192300864856,Low,Monitor
C100219,0.28992804496448416,Low,Monitor
C101086,0.2897855863141838,Low,Monitor
C103478,0.2897095168945474,Low,Monitor
C103454,0.28949694575123797,Low,Monitor
C100546,0.2890473531507459,Low,Monitor
C100875,0.2885114798202336,Low,Monitor
C101925,0.28833123551924134,Low,Monitor
C102972,0.28831891499415274,Low,Monitor
C102422,0.28822684812654314,Low,Monitor
C102347,0.28816103082299566,Low,Monitor
C102217,0.2881575248077742,Low,Monitor
C102214,0.2879346225902147,Low,Monitor
C100018,0.28788462117450403,Low,Monitor
C103194,0.28744413845570027,Low,Monitor
C101921,0.28740804031677886,Low,Monitor
C101010,0.2871792387493487,Low,Monitor
C100733,0.2870774260923666,Low,Monitor
C102982,0.28699458323035026,Low,Monitor
C100762,0.2869911334858626,Low,Monitor
C101095,0.28698098451832343,Low,Monitor
C100255,0.2866821571831155,Low,Monitor
C100677,0.28662845130342113,Low,Monitor
C100235,0.2862241912815454,Low,Monitor
C102722,0.2859030376163521,Low,Monitor
C102815,0.28581411697909337,Low,Monitor
C102389,0.28568104883410106,Low,Monitor
C101959,0.2856081417021362,Low,Monitor
C102033,0.2852159137843341,Low,Monitor
C100610,0.28472256991709816,Low,Monitor
C102634,0.2846786517609607,Low,Monitor
C103181,0.2845990301530619,Low,Monitor
C103471,0.28457148028342966,Low,Monitor
C100443,0.2845705909508274,Low,Monitor
C101120,0.28444082431578877,Low,Monitor
C101764,0.2842291222893287,Low,Monitor
C101575,0.2839163967669393,Low,Monitor
C100002,0.28383954906157177,Low,Monitor
C102476,0.2834740066918434,Low,Monitor
C102641,0.2834335527018824,Low,Monitor
C102893,0.28330852368964277,Low,Monitor
C102490,0.2829522688325341,Low,Monitor
C102202,0.2826484216534342,Low,Monitor
C100397,0.28219855153282114,Low,Monitor
C103103,0.28211339042149475,Low,Monitor
C102357,0.2812716336063253,Low,Monitor
C101783,0.28115666846617426,Low,Monitor
C101424,0.28104045878351824,Low,Monitor
C100534,0.281030309339088,Low,Monitor
C100973,0.28059231562870274,Low,Monitor
C102398,0.28054493150593973,Low,Monitor
C101182,0.28036266089961437,Low,Monitor
C103390,0.27990589833500334,Low,Monitor
C101642,0.2796089444835571,Low,Monitor
C101967,0.2793436522412084,Low,Monitor
C103440,0.2791199161357708,Low,Monitor
C101962,0.27882431487148635,Low,Monitor
C102004,0.27878152326293076,Low,Monitor
C100507,0.2787306907111215,Low,Monitor
C103163,0.2782675054190473,Low,Monitor
C101017,0.27822645009050684,Low,Monitor
C102828,0.2780207112914502,Low,Monitor
C102991,0.27774067390936125,Low,Monitor
C100908,0.27736415794101205,Low,Monitor
C101566,0.2772499764245393,Low,Monitor
C100369,0.2770710731989711,Low,Monitor
C101876,0.2768616087096585,Low,Monitor
C100603,0.27683697797769974,Low,Monitor
C101266,0.276787231237484,Low,Monitor
C101401,0.2767051144291882,Low,Monitor
C103154,0.2766336121599714,Low,Monitor
C103309,0.27647755173285365,Low,Monitor
C100537,0.27641995873291025,Low,Monitor
C103313,0.27629986174592835,Low,Monitor
C102732,0.2762576552911267,Low,Monitor
C101812,0.27616974872725075,Low,Monitor
C102074,0.27580518838801643,Low,Monitor
C103267,0.2756899851216585,Low,Monitor
C100421,0.2748648374189954,Low,Monitor
C103054,0.2748497872901646,Low,Monitor
C100740,0.2745927332263971,Low,Monitor
C103384,0.27408372260705804,Low,Monitor
C101365,0.27388382959758817,Low,Monitor
C100210,0.27326551405802524,Low,Monitor
C103386,0.27313860949712415,Low,Monitor
C101741,0.27310895009883107,Low,Monitor
C100427,0.2725643443705056,Low,Monitor
C101982,0.2723737462273614,Low,Monitor
C102116,0.271946877241047,Low,Monitor
C100820,0.2718809265670573,Low,Monitor
C103070,0.2717669217752654,Low,Monitor
C102638,0.2714230472969906,Low,Monitor
C102290,0.27139832010188586,Low,Monitor
C103200,0.27137439695972576,Low,Monitor
C101745,0.2711261251053678,Low,Monitor
C100279,0.2711232908779156,Low,Monitor
C101352,0.2711178317802569,Low,Monitor
C102108,0.27108586676607316,Low,Monitor
C103457,0.27102810389840404,Low,Monitor
C102167,0.27053683178735644,Low,Monitor
C100115,0.2705174498979053,Low,Monitor
C100238,0.27025490775472233,Low,Monitor
C103039,0.2701143410857254,Low,Monitor
C101924,0.2700528829719842,Low,Monitor
C100739,0.27003785470817415,Low,Monitor
C103146,0.26982989384089445,Low,Monitor
C101826,0.26978970013199244,Low,Monitor
C101887,0.2692622671625359,Low,Monitor
C102950,0.2692555398328179,Low,Monitor
C101398,0.2691778555261346,Low,Monitor
C102096,0.2689868488936959,Low,Monitor
C102662,0.2683380177653049,Low,Monitor
C102173,0.2676465011703243,Low,Monitor
C100051,0.26764491545270747,Low,Monitor
C101771,0.266891823603895,Low,Monitor
C103286,0.26687996578466566,Low,Monitor
C100243,0.2667921924964898,Low,Monitor
C101807,0.26671571584510617,Low,Monitor
C102770,0.266663827355148,Low,Monitor
C102937,0.26664508519245217,Low,Monitor
C102917,0.2664167722818467,Low,Monitor
C103346,0.26632070917586714,Low,Monitor
C102877,0.26631123271990287,Low,Monitor
C101919,0.2662860826986832,Low,Monitor
C100120,0.26626996576737627,Low,Monitor
C101215,0.26621330125742887,Low,Monitor
C101306,0.2659824072028748,Low,Monitor
C102131,0.26584983156297315,Low,Monitor
C100178,0.26581260044779137,Low,Monitor
C101351,0.26569768199274424,Low,Monitor
C101038,0.2656915503503597,Low,Monitor
C102395,0.2655141904514356,Low,Monitor
C100652,0.2651526986923164,Low,Monitor
C100208,0.2648681717143005,Low,Monitor
C100960,0.264288575413978,Low,Monitor
C102195,0.2642584129748695,Low,Monitor
C102790,0.2640772774970831,Low,Monitor
C102397,0.2636451572961144,Low,Monitor
C102776,0.2631542538757027,Low,Monitor
C103275,0.26291783940695806,Low,Monitor
C101140,0.262821697525659,Low,Monitor
C100528,0.262820352867728,Low,Monitor
C101633,0.2627813558939776,Low,Monitor
C100754,0.2625943935021284,Low,Monitor
C102190,0.2623720492838108,Low,Monitor
C100803,0.26207161900519155,Low,Monitor
C101567,0.2619399023668398,Low,Monitor
C102244,0.26182588393417594,Low,Monitor
C101069,0.26151756560746936,Low,Monitor
C100125,0.26146811915190876,Low,Monitor
C101478,0.2611048883120247,Low,Monitor
C101728,0.2610570501303433,Low,Monitor
C100965,0.26105265972372393,Low,Monitor
C101297,0.26068646169511783,Low,Monitor
C102388,0.26065931125252556,Low,Monitor
C101134,0.260222952303324,Low,Monitor
C101571,0.26012822217323334,Low,Monitor
C101476,0.2600066476852678,Low,Monitor
C102620,0.25993607205076247,Low,Monitor
C100234,0.25984636028084407,Low,Monitor
C103203,0.2598278538711523,Low,Monitor
C101523,0.2597624132777359,Low,Monitor
C100581,0.25960775448380163,Low,Monitor
C102686,0.2595714166074154,Low,Monitor
C101522,0.25948672030962094,Low,Monitor
C101280,0.25943324502494025,Low,Monitor
C101911,0.2593309478112672,Low,Monitor
C100077,0.25900765876225446,Low,Monitor
C100707,0.2589322197581208,Low,Monitor
C103272,0.2588675072366455,Low,Monitor
C102332,0.2586225915526851,Low,Monitor
C101893,0.2579651143610464,Low,Monitor
C102579,0.2578899974407749,Low,Monitor
C100089,0.2577178082578422,Low,Monitor
C100245,0.2577033978650251,Low,Monitor
C103401,0.25764092415322565,Low,Monitor
C100003,0.25745818684719063,Low,Monitor
C101913,0.2573244991454998,Low,Monitor
C102081,0.25724789475282805,Low,Monitor
C103351,0.257184630547048,Low,Monitor
C102043,0.2566214025353574,Low,Monitor
C102559,0.25631508552512705,Low,Monitor
C100516,0.25621558200849054,Low,Monitor
C102342,0.25600509873000676,Low,Monitor
C103238,0.2559744520663408,Low,Monitor
C100856,0.25589278991618014,Low,Monitor
C102106,0.25584320488727247,Low,Monitor
C101322,0.2552856858314571,Low,Monitor
C100185,0.2552048313890813,Low,Monitor
C102061,0.25501211875039925,Low,Monitor
C101265,0.25487787235090426,Low,Monitor
C102519,0.25434424509873604,Low,Monitor
C100468,0.25414207328076865,Low,Monitor
C100664,0.2540079523190064,Low,Monitor
C102648,0.2537642994158936,Low,Monitor
C100124,0.25375603501546945,Low,Monitor
C101375,0.25352642496456923,Low,Monitor
C100190,0.25340908386031863,Low,Monitor
C100160,0.25327003085917577,Low,Monitor
C102056,0.2529969428035145,Low,Monitor
C101572,0.2528499846163166,Low,Monitor
C102026,0.2518227417610634,Low,Monitor
C103064,0.2516391201817685,Low,Monitor
C101838,0.2515270246974797,Low,Monitor
C102753,0.251470612745061,Low,Monitor
C100050,0.25141040836837886,Low,Monitor
C102070,0.25105483433615655,Low,Monitor
C100589,0.2508506607621626,Low,Monitor
C102891,0.25066879364626016,Low,Monitor
C101627,0.2505683175543646,Low,Monitor
C102186,0.25054887581107615,Low,Monitor
C101573,0.2503325279464746,Low,Monitor
C103294,0.2502564226200749,Low,Monitor
C100713,0.25006364952833454,Low,Monitor
C102335,0.24981731555289574,Low,Monitor
C103108,0.24955552190227448,Low,Monitor
C101774,0.24954907658830433,Low,Monitor
C101232,0.24947347424533142,Low,Monitor
C100629,0.24893526329088084,Low,Monitor
C102780,0.24875431063054487,Low,Monitor
C101167,0.2484592979970338,Low,Monitor
C100690,0.24785985402958632,Low,Monitor
C102002,0.2477680015071616,Low,Monitor
C102182,0.24729376305785092,Low,Monitor
C101106,0.24711068307401615,Low,Monitor
C103489,0.24656023782551073,Low,Monitor
C101753,0.24643746595216548,Low,Monitor
C100895,0.24634037195232028,Low,Monitor
C100855,0.2463219861279476,Low,Monitor
C102635,0.2462810001755588,Low,Monitor
C102346,0.24605343389401246,Low,Monitor
C101709,0.24588504086483434,Low,Monitor
C101343,0.24578840408771366,Low,Monitor
C103063,0.24565272101365865,Low,Monitor
C102370,0.24561282175755317,Low,Monitor
C102028,0.24554429493728017,Low,Monitor
C101359,0.24511984686268087,Low,Monitor
C102396,0.24502904511877413,Low,Monitor
C101016,0.24499376353252073,Low,Monitor
C101620,0.24436707786818304,Low,Monitor
C100286,0.24430057637954755,Low,Monitor
C101345,0.24419834651498634,Low,Monitor
C101895,0.2439796320069867,Low,Monitor
C101597,0.24376148303021938,Low,Monitor
C101814,0.24374918822109604,Low,Monitor
C102114,0.24366173527422363,Low,Monitor
C102861,0.2436596726870507,Low,Monitor
C100802,0.2435895862761899,Low,Monitor
C101799,0.24353583639694862,Low,Monitor
C100793,0.24348300985652796,Low,Monitor
C100852,0.24335603676083165,Low,Monitor
C102577,0.24313002863524727,Low,Monitor
C102414,0.24287332502337358,Low,Monitor
C100250,0.2427061051619048,Low,Monitor
C102609,0.24264432232965247,Low,Monitor
C103403,0.2423588526208006,Low,Monitor
C102354,0.2421128737531969,Low,Monitor
C100567,0.2419271839408822,Low,Monitor
C100270,0.24176181343385839,Low,Monitor
C102493,0.24153647576794815,Low,Monitor
C102610,0.24151972402496036,Low,Monitor
C103195,0.24130011570783588,Low,Monitor
C103136,0.2412846151592116,Low,Monitor
C101666,0.24123285264800345,Low,Monitor
C102685,0.24109491272116285,Low,Monitor
C101520,0.24098347157924854,Low,Monitor
C101276,0.2407414682527248,Low,Monitor
C103289,0.24040064383101079,Low,Monitor
C100510,0.2403730565402632,Low,Monitor
C100094,0.24027065371467718,Low,Monitor
C101001,0.23998176284716882,Low,Monitor
C101168,0.23952272772102673,Low,Monitor
C103204,0.23898548831805683,Low,Monitor
C101645,0.23877677479028503,Low,Monitor
C103348,0.23863767142883474,Low,Monitor
C101472,0.23863131555685926,Low,Monitor
C102599,0.23836518422072336,Low,Monitor
C101218,0.23833600499478672,Low,Monitor
C101045,0.23828767792228797,Low,Monitor
C103052,0.23782435451046804,Low,Monitor
C100870,0.23778307160389978,Low,Monitor
C102327,0.23773558802177913,Low,Monitor
C102924,0.2376968885474332,Low,Monitor
C102090,0.23768119012983918,Low,Monitor
C101586,0.23720179596401517,Low,Monitor
C103210,0.23712958971118483,Low,Monitor
C102850,0.23693293872966742,Low,Monitor
C100506,0.2365538978120766,Low,Monitor
C102994,0.23638032882747617,Low,Monitor
C100751,0.2363627422950537,Low,Monitor
C100203,0.23617834323044118,Low,Monitor
C100892,0.23610401421000102,Low,Monitor
C102216,0.23599305881943633,Low,Monitor
C103461,0.23595671687473824,Low,Monitor
C102663,0.23588141726848857,Low,Monitor
C103417,0.23586658274844613,Low,Monitor
C101060,0.23564355796302758,Low,Monitor
C100207,0.23557733301587175,Low,Monitor
C102558,0.23526130848858887,Low,Monitor
C102532,0.23506986672852692,Low,Monitor
C100765,0.23504324897842527,Low,Monitor
C102741,0.23494231648186722,Low,Monitor
C101972,0.23460789366980797,Low,Monitor
C100355,0.23450275847698293,Low,Monitor
C100637,0.23425033318449526,Low,Monitor
C103207,0.2341874316096994,Low,Monitor
C103245,0.2340358875888439,Low,Monitor
C103022,0.23399693833469518,Low,Monitor
C102813,0.2339945601816332,Low,Monitor
C100814,0.23399162483973868,Low,Monitor
C102321,0.23369176241958084,Low,Monitor
C100742,0.23342872724980127,Low,Monitor
C102606,0.233171079212237,Low,Monitor
C100183,0.23302331276840532,Low,Monitor
C101392,0.2330185896577442,Low,Monitor
C101356,0.232978701930178,Low,Monitor
C100263,0.23258017862974392,Low,Monitor
C102264,0.2322347572116769,Low,Monitor
C101148,0.23221180629140717,Low,Monitor
C102441,0.23212801332592262,Low,Monitor
C100871,0.23167708555243355,Low,Monitor
C101023,0.2315884885103572,Low,Monitor
C102132,0.23150340829393687,Low,Monitor
C101281,0.2314093074624064,Low,Monitor
C102062,0.2312943033333088,Low,Monitor
C101947,0.23124100657989907,Low,Monitor
C101241,0.230683209925216,Low,Monitor
C100247,0.23067078057910903,Low,Monitor
C101723,0.23063427381110102,Low,Monitor
C102375,0.2302245847623615,Low,Monitor
C101877,0.23012524128773104,Low,Monitor
C102317,0.2300956180123034,Low,Monitor
C102721,0.22991760265725983,Low,Monitor
C100189,0.22978234296572891,Low,Monitor
C100979,0.22977303944003016,Low,Monitor
C103438,0.22947831625513015,Low,Monitor
C101585,0.22917987013995614,Low,Monitor
C101003,0.22893028080226877,Low,Monitor
C101828,0.22864685099623627,Low,Monitor
C102300,0.22859048570536555,Low,Monitor
C102814,0.22793501242995393,Low,Monitor
C102594,0.22791018370925578,Low,Monitor
C100615,0.22767410899518112,Low,Monitor
C100988,0.22694732046308974,Low,Monitor
C103434,0.22684501155566636,Low,Monitor
C100067,0.22649115998323022,Low,Monitor
C103230,0.2264660867273667,Low,Monitor
C102205,0.22603677247801374,Low,Monitor
C101078,0.22599422765963628,Low,Monitor
C100717,0.22588796249775117,Low,Monitor
C100918,0.2257440701199055,Low,Monitor
C102259,0.2255422238521934,Low,Monitor
C102951,0.2255171681896984,Low,Monitor
C101524,0.2253993448381056,Low,Monitor
C102831,0.22534535697981267,Low,Monitor
C102144,0.22521554747054004,Low,Monitor
C101157,0.22507429759390224,Low,Monitor
C100449,0.22476569617333247,Low,Monitor
C101050,0.22462589903105956,Low,Monitor
C101511,0.223763770035541,Low,Monitor
C102643,0.22373207942960888,Low,Monitor
C101348,0.223487410415113,Low,Monitor
C102584,0.22317013415852194,Low,Monitor
C101418,0.2231005370137596,Low,Monitor
C100404,0.22303856762912005,Low,Monitor
C103441,0.2227887339448184,Low,Monitor
C102602,0.22268579942011124,Low,Monitor
C100920,0.2225551137666907,Low,Monitor
C101053,0.22244838330780267,Low,Monitor
C103099,0.22243903461932513,Low,Monitor
C102035,0.2223006403706613,Low,Monitor
C101021,0.22229537092007612,Low,Monitor
C103184,0.22220431835715473,Low,Monitor
C101261,0.22219940292241133,Low,Monitor
C100289,0.2221870756651829,Low,Monitor
C100064,0.22205281248833728,Low,Monitor
C103002,0.22190442978013275,Low,Monitor
C103059,0.221170860390806,Low,Monitor
C102909,0.2210871624135784,Low,Monitor
C101453,0.22005927531112965,Low,Monitor
C101938,0.22003391202868045,Low,Monitor
C101255,0.21967717129659814,Low,Monitor
C101338,0.21951012620736787,Low,Monitor
C100661,0.21929930675339904,Low,Monitor
C101958,0.21919057567038497,Low,Monitor
C103041,0.21914128524020343,Low,Monitor
C101175,0.21905074726737164,Low,Monitor
C100046,0.21902533286762454,Low,Monitor
C102041,0.21869555857347012,Low,Monitor
C101223,0.21844505335772377,Low,Monitor
C101997,0.21841017745907915,Low,Monitor
C100464,0.21830136959446367,Low,Monitor
C102552,0.21792157587986594,Low,Monitor
C100199,0.2177067854549501,Low,Monitor
C101765,0.21769045009355922,Low,Monitor
C100897,0.2174207148874914,Low,Monitor
C102413,0.21717138429800215,Low,Monitor
C103132,0.21688634106938792,Low,Monitor
C102133,0.2168188361220007,Low,Monitor
C100317,0.21674744580714453,Low,Monitor
C100121,0.2167342498642787,Low,Monitor
C103497,0.2165668582962985,Low,Monitor
C101043,0.21638094240348296,Low,Monitor
C100752,0.2163712473793941,Low,Monitor
C101004,0.21631381667791424,Low,Monitor
C102932,0.21609302818057288,Low,Monitor
C100896,0.2155582746910709,Low,Monitor
C100168,0.21517153657105098,Low,Monitor
C100703,0.21506208276572664,Low,Monitor
C100031,0.21456069675744663,Low,Monitor
C100283,0.21440252068349402,Low,Monitor
C101678,0.21427401303880858,Low,Monitor
C100614,0.21411743863461,Low,Monitor
C100874,0.2138050982823236,Low,Monitor
C102104,0.21376884540132168,Low,Monitor
C101225,0.21359128340892086,Low,Monitor
C102930,0.21352008640891312,Low,Monitor
C100154,0.21283601915479056,Low,Monitor
C103475,0.21273507193621127,Low,Monitor
C100743,0.21256792037441644,Low,Monitor
C102207,0.2124546955095651,Low,Monitor
C102683,0.21243168235799406,Low,Monitor
C100078,0.2123401840715843,Low,Monitor
C101617,0.21208431690468918,Low,Monitor
C102624,0.21183315960727656,Low,Monitor
C102526,0.21171326623131537,Low,Monitor
C102147,0.2115484179763585,Low,Monitor
C100146,0.21151635772503807,Low,Monitor
C101648,0.21150970193980229,Low,Monitor
C101143,0.2115092960095103,Low,Monitor
C102977,0.2114824450519715,Low,Monitor
C103354,0.2112156921695209,Low,Monitor
C103055,0.21119720178576487,Low,Monitor
C101797,0.2110518665775744,Low,Monitor
C102500,0.21104072591793183,Low,Monitor
C103312,0.21101651993939832,Low,Monitor
C103308,0.2109616230499328,Low,Monitor
C103061,0.2109414431942123,Low,Monitor
C103072,0.21084934742236927,Low,Monitor
C101156,0.21072258935772348,Low,Monitor
C102777,0.21050464194204743,Low,Monitor
C102597,0.21013216468821533,Low,Monitor
C100295,0.2101223612866968,Low,Monitor
C102203,0.20997091629216266,Low,Monitor
C101726,0.20987206250778873,Low,Monitor
C101497,0.20975700939018227,Low,Monitor
C101562,0.20916971810035026,Low,Monitor
C101569,0.20915581582941906,Low,Monitor
C100766,0.20893532726752914,Low,Monitor
C102906,0.20861444617227587,Low,Monitor
C101452,0.20859329663813578,Low,Monitor
C102708,0.20832057623807942,Low,Monitor
C101553,0.20791693012020288,Low,Monitor
C100540,0.2078737952629153,Low,Monitor
C100513,0.20786725564287453,Low,Monitor
C103134,0.2078433472152557,Low,Monitor
C102482,0.20781963529816272,Low,Monitor
C101748,0.207815375862756,Low,Monitor
C102614,0.20762917573734108,Low,Monitor
C100659,0.20756457165867623,Low,Monitor
C100796,0.207357904766641,Low,Monitor
C101762,0.2071278250276536,Low,Monitor
C102563,0.20707796425955166,Low,Monitor
C100123,0.20699295260494097,Low,Monitor
C100935,0.20690951749096417,Low,Monitor
C103144,0.20689408358404598,Low,Monitor
C100805,0.2068229924832639,Low,Monitor
C102489,0.20665886592029747,Low,Monitor
C101304,0.2065735207102823,Low,Monitor
C103258,0.20656997388166845,Low,Monitor
C102023,0.20609856870680957,Low,Monitor
C103422,0.20593517606413156,Low,Monitor
C100112,0.20587235997258024,Low,Monitor
C100692,0.2058656531655524,Low,Monitor
C101859,0.2058100149329176,Low,Monitor
C100550,0.2054850867079359,Low,Monitor
C100493,0.20546960309427065,Low,Monitor
C100405,0.20521851146808917,Low,Monitor
C102179,0.2051085613812599,Low,Monitor
C101489,0.20482586474094466,Low,Monitor
C101137,0.20474022986307372,Low,Monitor
C101055,0.20455957008533676,Low,Monitor
C100829,0.2040720057338127,Low,Monitor
C101259,0.2033466111635127,Low,Monitor
C101437,0.20262424429732914,Low,Monitor
C101716,0.20239010383680045,Low,Monitor
C100237,0.20229608305469496,Low,Monitor
C103304,0.2022128449072491,Low,Monitor
C102058,0.2020967976128777,Low,Monitor
C102181,0.20209585385422293,Low,Monitor
C100601,0.20152960514225257,Low,Monitor
C103127,0.20140696001985575,Low,Monitor
C101310,0.20113597093076388,Low,Monitor
C100596,0.20105200483033686,Low,Monitor
C100630,0.2010459290935767,Low,Monitor
C102304,0.20100216687543065,Low,Monitor
C103168,0.20089259667468015,Low,Monitor
C101018,0.20040366179746058,Low,Monitor
C101456,0.20036477193333252,Low,Monitor
C101680,0.19990132294926455,Very Low,Monitor
C103389,0.19945100313723851,Very Low,Monitor
C102596,0.19915020816855739,Very Low,Monitor
C101006,0.19909635508203288,Very Low,Monitor
C102887,0.19903158568094856,Very Low,Monitor
C100314,0.1986085522927759,Very Low,Monitor
C101758,0.19772224443067773,Very Low,Monitor
C102595,0.19732750564210977,Very Low,Monitor
C101367,0.19711535228343893,Very Low,Monitor
C101512,0.19609056827718488,Very Low,Monitor
C102187,0.19603606077449942,Very Low,Monitor
C101624,0.19598677297286204,Very Low,Monitor
C102148,0.19581755511206253,Very Low,Monitor
C100320,0.19558981160744954,Very Low,Monitor
C101229,0.1954170191137639,Very Low,Monitor
C100485,0.19540463465146513,Very Low,Monitor
C101107,0.19512714842577517,Very Low,Monitor
C102341,0.19459253073495553,Very Low,Monitor
C103114,0.19421355373978896,Very Low,Monitor
C101413,0.19400557837146537,Very Low,Monitor
C101251,0.19397992512215972,Very Low,Monitor
C101847,0.19351261421729543,Very Low,Monitor
C101048,0.19287663410740316,Very Low,Monitor
C102003,0.19249299526217775,Very Low,Monitor
C101019,0.1924920179220206,Very Low,Monitor
C100964,0.19222422372539386,Very Low,Monitor
C102856,0.19124299671163097,Very Low,Monitor
C103223,0.19117646453715467,Very Low,Monitor
C102731,0.1909925857227201,Very Low,Monitor
C100381,0.19076186793386057,Very Low,Monitor
C102283,0.1906672443332068,Very Low,Monitor
C101542,0.1904910716431526,Very Low,Monitor
C100326,0.1898597796535863,Very Low,Monitor
C102565,0.18955424509028984,Very Low,Monitor
C101979,0.18941909012309696,Very Low,Monitor
C101227,0.18912530904693614,Very Low,Monitor
C100323,0.18902970713607847,Very Low,Monitor
C101577,0.18896131246728143,Very Low,Monitor
C101769,0.18853540846815392,Very Low,Monitor
C102999,0.18842920500624613,Very Low,Monitor
C100236,0.18830411312973883,Very Low,Monitor
C102742,0.18822940642501074,Very Low,Monitor
C100597,0.1879520296101304,Very Low,Monitor
C100356,0.18788532825597584,Very Low,Monitor
C102455,0.18768618732132802,Very Low,Monitor
C102404,0.18760518563778708,Very Low,Monitor
C102078,0.18741732500506933,Very Low,Monitor
C102177,0.18733011228666413,Very Low,Monitor
C101637,0.18725306947390552,Very Low,Monitor
C101977,0.18722987479190056,Very Low,Monitor
C100416,0.18701091428650246,Very Low,Monitor
C103278,0.18692441559123973,Very Low,Monitor
C103297,0.18676006887587546,Very Low,Monitor
C102824,0.18658561105504573,Very Low,Monitor
C101757,0.18634300139087703,Very Low,Monitor
C102709,0.18604109491644477,Very Low,Monitor
C100053,0.18586462453201916,Very Low,Monitor
C101505,0.18581521969942175,Very Low,Monitor
C103131,0.18579500081561806,Very Low,Monitor
C100152,0.18573793858107923,Very Low,Monitor
C102241,0.18541553915696665,Very Low,Monitor
C100770,0.18497714501895082,Very Low,Monitor
C102788,0.18478958222783035,Very Low,Monitor
C103411,0.18400798699013646,Very Low,Monitor
C100352,0.1839888445200797,Very Low,Monitor
C100276,0.18372958456658736,Very Low,Monitor
C101386,0.18360537664604717,Very Low,Monitor
C101296,0.18319387638446863,Very Low,Monitor
C100849,0.1831601727844836,Very Low,Monitor
C100047,0.1829881066408068,Very Low,Monitor
C103182,0.1829516896151136,Very Low,Monitor
C101155,0.1821720493042513,Very Low,Monitor
C102434,0.1820446456872837,Very Low,Monitor
C100744,0.18201906854703426,Very Low,Monitor
C100504,0.18166163547410433,Very Low,Monitor
C100479,0.18155141028813424,Very Low,Monitor
C100851,0.18071097564576274,Very Low,Monitor
C101334,0.18057960827337385,Very Low,Monitor
C100804,0.1803734189094191,Very Low,Monitor
C100797,0.17987517526590951,Very Low,Monitor
C103119,0.17965827969042683,Very Low,Monitor
C100292,0.17958152259288665,Very Low,Monitor
C102513,0.17920796687126725,Very Low,Monitor
C100425,0.17915861146111617,Very Low,Monitor
C100975,0.17912798067046767,Very Low,Monitor
C102162,0.17889000368780272,Very Low,Monitor
C103016,0.17865071143511746,Very Low,Monitor
C100876,0.1783172725213004,Very Low,Monitor
C100455,0.17809847151834116,Very Low,Monitor
C102674,0.17805935149464985,Very Low,Monitor
C102239,0.17790674676046064,Very Low,Monitor
C101090,0.17784764938960712,Very Low,Monitor
C103017,0.17784197470422053,Very Low,Monitor
C102934,0.1777837921076376,Very Low,Monitor
C102315,0.17753983752556687,Very Low,Monitor
C100784,0.17733236101497898,Very Low,Monitor
C102589,0.177047135502767,Very Low,Monitor
C103443,0.17683931869524003,Very Low,Monitor
C101049,0.1767604709149203,Very Low,Monitor
C100686,0.17659603127576912,Very Low,Monitor
C100268,0.17648486711012792,Very Low,Monitor
C102642,0.17641327150512448,Very Low,Monitor
C102362,0.17633424171704817,Very Low,Monitor
C102358,0.17600561088473834,Very Low,Monitor
C101734,0.17592879362864045,Very Low,Monitor
C101688,0.1756695197561689,Very Low,Monitor
C101595,0.17492792467173623,Very Low,Monitor
C101840,0.17477120979482375,Very Low,Monitor
C103137,0.1745108432401465,Very Low,Monitor
C101563,0.1744191648340022,Very Low,Monitor
C101425,0.1743093861330936,Very Low,Monitor
C103366,0.17428043783946054,Very Low,Monitor
C101875,0.1742167471049507,Very Low,Monitor
C100689,0.17396462996785036,Very Low,Monitor
C100442,0.17383628345274335,Very Low,Monitor
C100996,0.17372926765376984,Very Low,Monitor
C102421,0.17369515799635304,Very Low,Monitor
C102572,0.17306538243764322,Very Low,Monitor
C102240,0.17306247616486162,Very Low,Monitor
C102626,0.17302820221694468,Very Low,Monitor
C101415,0.1730221695629336,Very Low,Monitor
C103073,0.1728261744681602,Very Low,Monitor
C103035,0.17254249015377485,Very Low,Monitor
C100558,0.17239237938875795,Very Low,Monitor
C102918,0.17229215369911485,Very Low,Monitor
C100038,0.17218488823421982,Very Low,Monitor
C101285,0.17191427399062983,Very Low,Monitor
C102736,0.17177779725071674,Very Low,Monitor
C100400,0.17173959744193082,Very Low,Monitor
C102364,0.17093283538518433,Very Low,Monitor
C101722,0.17086498883224638,Very Low,Monitor
C100651,0.1707451566016288,Very Low,Monitor
C103113,0.1699473435116905,Very Low,Monitor
C100037,0.1697505362668339,Very Low,Monitor
C100777,0.16959294109987025,Very Low,Monitor
C101953,0.169361638862348,Very Low,Monitor
C102617,0.16934127450876224,Very Low,Monitor
C102568,0.1693249226996882,Very Low,Monitor
C102623,0.16928643517630856,Very Low,Monitor
C100778,0.1692629540664265,Very Low,Monitor
C101872,0.16897093786357528,Very Low,Monitor
C101612,0.16882844978558867,Very Low,Monitor
C102330,0.16875459727317232,Very Low,Monitor
C102702,0.16858781540573878,Very Low,Monitor
C101521,0.16816867017324275,Very Low,Monitor
C103448,0.16789441798778418,Very Low,Monitor
C101291,0.16788599222269251,Very Low,Monitor
C102112,0.16784633982872643,Very Low,Monitor
C102141,0.16737590576097686,Very Low,Monitor
C101152,0.16729648886861018,Very Low,Monitor
C101649,0.16715572481035865,Very Low,Monitor
C103420,0.1670711295366578,Very Low,Monitor
C100541,0.16670864274986666,Very Low,Monitor
C100212,0.16647421846225416,Very Low,Monitor
C101262,0.16618524128064904,Very Low,Monitor
C103291,0.1660251910317778,Very Low,Monitor
C102910,0.1659675556572686,Very Low,Monitor
C102612,0.16594927072812332,Very Low,Monitor
C102168,0.16560795495342726,Very Low,Monitor
C101007,0.1655992017415965,Very Low,Monitor
C102786,0.1655595407401077,Very Low,Monitor
C101714,0.16551085482016367,Very Low,Monitor
C103288,0.16546609111451752,Very Low,Monitor
C102092,0.16531461350068824,Very Low,Monitor
C103107,0.16474521620486313,Very Low,Monitor
C100195,0.16382806616448062,Very Low,Monitor
C101355,0.16382208034427434,Very Low,Monitor
C100462,0.1637517749804213,Very Low,Monitor
C102295,0.16373231654993484,Very Low,Monitor
C100812,0.1633991175526151,Very Low,Monitor
C101450,0.16311698752249293,Very Low,Monitor
C100252,0.16304119491748084,Very Low,Monitor
C102760,0.16282027958708006,Very Low,Monitor
C101075,0.16278152425733936,Very Low,Monitor
C103037,0.16276318789322397,Very Low,Monitor
C102279,0.16268954978224978,Very Low,Monitor
C103244,0.1621610947000479,Very Low,Monitor
C101385,0.161890978228913,Very Low,Monitor
C100248,0.16181591917932422,Very Low,Monitor
C103049,0.161719337932577,Very Low,Monitor
C101711,0.1616086829969108,Very Low,Monitor
C102059,0.16153902008022106,Very Low,Monitor
C101644,0.16139328767886343,Very Low,Monitor
C102015,0.16136395388114966,Very Low,Monitor
C102022,0.16128148277157656,Very Low,Monitor
C101250,0.16102241223297334,Very Low,Monitor
C102933,0.16101718287409988,Very Low,Monitor
C102539,0.16076183184546705,Very Low,Monitor
C103029,0.16065673168216343,Very Low,Monitor
C101930,0.160557932763949,Very Low,Monitor
C100781,0.15985308253795305,Very Low,Monitor
C103414,0.15979915577341677,Very Low,Monitor
C100070,0.15976385993752865,Very Low,Monitor
C101268,0.1596295334852547,Very Low,Monitor
C100158,0.15946405189606636,Very Low,Monitor
C100967,0.15938767327205694,Very Low,Monitor
C101742,0.15885062186652368,Very Low,Monitor
C101256,0.15877618725198445,Very Low,Monitor
C103421,0.1585278402413833,Very Low,Monitor
C100315,0.1580288209290346,Very Low,Monitor
C102837,0.15778180787181703,Very Low,Monitor
C101598,0.15755594522126926,Very Low,Monitor
C102036,0.1569857439347579,Very Low,Monitor
C101203,0.15685954754635736,Very Low,Monitor
C100114,0.15660079906723087,Very Low,Monitor
C102862,0.15616063797491078,Very Low,Monitor
C101008,0.15603444486911103,Very Low,Monitor
C103043,0.1555083846276628,Very Low,Monitor
C101085,0.15530850012953754,Very Low,Monitor
C102229,0.1551749385937281,Very Low,Monitor
C101209,0.15493974317924777,Very Low,Monitor
C103257,0.15458871896621582,Very Low,Monitor
C103156,0.15451661208157588,Very Low,Monitor
C102420,0.1543201538607172,Very Low,Monitor
C100823,0.15341943016623102,Very Low,Monitor
C100902,0.153407976016948,Very Low,Monitor
C102060,0.15281945590846988,Very Low,Monitor
C103048,0.15250003984756771,Very Low,Monitor
C100021,0.1524350701167459,Very Low,Monitor
C102351,0.15133799458662128,Very Low,Monitor
C101411,0.15120636100947168,Very Low,Monitor
C101011,0.1506981490476452,Very Low,Monitor
C100930,0.15052974871199457,Very Low,Monitor
C101978,0.15040428981763687,Very Low,Monitor
C102069,0.15039039571683835,Very Low,Monitor
C100680,0.15037129978977443,Very Low,Monitor
C102310,0.15017259783620332,Very Low,Monitor
C100757,0.14982770417736072,Very Low,Monitor
C100949,0.14968842164526533,Very Low,Monitor
C100903,0.14954401250361288,Very Low,Monitor
C102212,0.14926568821285732,Very Low,Monitor
C103480,0.14924450844315543,Very Low,Monitor
C100436,0.1492230312453628,Very Low,Monitor
C101609,0.14921198238390135,Very Low,Monitor
C100759,0.14891789966991442,Very Low,Monitor
C101272,0.14882865897687347,Very Low,Monitor
C100529,0.14858001136552346,Very Low,Monitor
C102454,0.147738718145282,Very Low,Monitor
C103379,0.14771819969014152,Very Low,Monitor
C101233,0.14735184186566394,Very Low,Monitor
C100891,0.14696804909147854,Very Low,Monitor
C101026,0.1468922193977555,Very Low,Monitor
C101422,0.1466383047692916,Very Low,Monitor
C101952,0.14650473912357884,Very Low,Monitor
C102845,0.1462155556504224,Very Low,Monitor
C100641,0.1461568042774044,Very Low,Monitor
C103281,0.14578322923781983,Very Low,Monitor
C100122,0.14566391963856423,Very Low,Monitor
C100073,0.14565479002595288,Very Low,Monitor
C102527,0.14525520597117558,Very Low,Monitor
C100020,0.14492255706797574,Very Low,Monitor
C102649,0.14482397692327018,Very Low,Monitor
C101240,0.14453176841346724,Very Low,Monitor
C100822,0.14391389891965461,Very Low,Monitor
C101294,0.14385249693131427,Very Low,Monitor
C101608,0.1436733804525343,Very Low,Monitor
C100695,0.1436418433196328,Very Low,Monitor
C100675,0.14363764923242592,Very Low,Monitor
C101980,0.14328898817336805,Very Low,Monitor
C101740,0.14283663213596104,Very Low,Monitor
C100867,0.14282237472008508,Very Low,Monitor
C102718,0.14259646521106292,Very Low,Monitor
C100104,0.14202105938369047,Very Low,Monitor
C102826,0.14192221387944623,Very Low,Monitor
C101323,0.1418352236908017,Very Low,Monitor
C102733,0.14161326237061625,Very Low,Monitor
C101862,0.14147861216915178,Very Low,Monitor
C102985,0.1414613441749136,Very Low,Monitor
C100748,0.14085019367139814,Very Low,Monitor
C101160,0.13999987061023267,Very Low,Monitor
C100888,0.13990234913012214,Very Low,Monitor
C102273,0.1398358892210961,Very Low,Monitor
C101970,0.13975209081114298,Very Low,Monitor
C103363,0.13958455985331109,Very Low,Monitor
C102517,0.13954948868335126,Very Low,Monitor
C100230,0.13953815682270565,Very Low,Monitor
C102275,0.13951236635755285,Very Low,Monitor
C100445,0.13940572058188647,Very Low,Monitor
C100592,0.13938031949927876,Very Low,Monitor
C102282,0.13915213079644764,Very Low,Monitor
C103097,0.13903234007888002,Very Low,Monitor
C103353,0.1389824425642836,Very Low,Monitor
C101596,0.1386131949756353,Very Low,Monitor
C103241,0.1386011096928604,Very Low,Monitor
C102374,0.1385580779283407,Very Low,Monitor
C100395,0.13783490301398713,Very Low,Monitor
C103485,0.13776073298823552,Very Low,Monitor
C101981,0.13749680727135047,Very Low,Monitor
C100678,0.1374403478881257,Very Low,Monitor
C100026,0.13734350239498724,Very Low,Monitor
C100779,0.13719343810394358,Very Low,Monitor
C100197,0.13712448029781002,Very Low,Monitor
C101022,0.1369823869484917,Very Low,Monitor
C102378,0.1367785665007561,Very Low,Monitor
C100660,0.13673718763609435,Very Low,Monitor
C100429,0.13667825275442252,Very Low,Monitor
C100062,0.13657014239970075,Very Low,Monitor
C103336,0.1365177832575389,Very Low,Monitor
C102651,0.13639413278336954,Very Low,Monitor
C100476,0.13637670206327832,Very Low,Monitor
C100933,0.13608574454567537,Very Low,Monitor
C102118,0.1358091105455472,Very Low,Monitor
C102152,0.13566994080143346,Very Low,Monitor
C100710,0.13552920462480975,Very Low,Monitor
C102318,0.1345434471165814,Very Low,Monitor
C101024,0.13443773118716895,Very Low,Monitor
C103188,0.13442460373377138,Very Low,Monitor
C100773,0.13420364273916388,Very Low,Monitor
C100716,0.13404930221824063,Very Low,Monitor
C100439,0.1340324270095895,Very Low,Monitor
C101421,0.13384233597450737,Very Low,Monitor
C102159,0.1337182451817245,Very Low,Monitor
C103370,0.13367748859684983,Very Low,Monitor
C100861,0.13361185759558247,Very Low,Monitor
C101541,0.13339190643472834,Very Low,Monitor
C100430,0.13320866231112696,Very Low,Monitor
C102725,0.1331105765999042,Very Low,Monitor
C100383,0.13309906947790143,Very Low,Monitor
C100701,0.13282150249393523,Very Low,Monitor
C100388,0.13272276390102059,Very Low,Monitor
C103111,0.13148233900465325,Very Low,Monitor
C101558,0.13124312532489574,Very Low,Monitor
C102989,0.13101449213202615,Very Low,Monitor
C101983,0.13093280814159203,Very Low,Monitor
C102707,0.1306481906801489,Very Low,Monitor
C101183,0.1300458709570406,Very Low,Monitor
C103316,0.12972496816862547,Very Low,Monitor
C102047,0.12961532029137465,Very Low,Monitor
C100005,0.1292143778684217,Very Low,Monitor
C101751,0.12903451536497845,Very Low,Monitor
C100023,0.12876785247103129,Very Low,Monitor
C101079,0.12813440158632072,Very Low,Monitor
C102311,0.12781536975951488,Very Low,Monitor
C102819,0.12774268589785467,Very Low,Monitor
C102018,0.1273506370432915,Very Low,Monitor
C102382,0.1272869553988669,Very Low,Monitor
C101715,0.12725811934105485,Very Low,Monitor
C101042,0.12705435555496855,Very Low,Monitor
C103148,0.12672565624396523,Very Low,Monitor
C102483,0.1261551058117318,Very Low,Monitor
C100715,0.12589431696646167,Very Low,Monitor
C101142,0.12570192295590557,Very Low,Monitor
C102941,0.12557016023632062,Very Low,Monitor
C102547,0.1254883371501064,Very Low,Monitor
C101213,0.12489438497160583,Very Low,Monitor
C101848,0.12453988219966414,Very Low,Monitor
C101044,0.1232007827329455,Very Low,Monitor
C102875,0.12317655797021457,Very Low,Monitor
C100679,0.12135677567542041,Very Low,Monitor
C100518,0.12120590761269454,Very Low,Monitor
C100403,0.1211952807711303,Very Low,Monitor
C102774,0.12103998895411554,Very Low,Monitor
C101273,0.12090003110858015,Very Low,Monitor
C102647,0.12079240840931296,Very Low,Monitor
C102256,0.12075563914978578,Very Low,Monitor
C100868,0.12008465841805331,Very Low,Monitor
C100860,0.11912935506919556,Very Low,Monitor
C103344,0.11886264677224723,Very Low,Monitor
C100111,0.11877105387937999,Very Low,Monitor
C102943,0.11822651552787439,Very Low,Monitor
C100907,0.11793491845326048,Very Low,Monitor
C103167,0.11741132180623742,Very Low,Monitor
C102901,0.11652321354360153,Very Low,Monitor
C103341,0.11647677380041917,Very Low,Monitor
C102835,0.11641404791051052,Very Low,Monitor
C102169,0.11542453920733299,Very Low,Monitor
C101865,0.11477715408408733,Very Low,Monitor
C100786,0.11472504759302458,Very Low,Monitor
C101635,0.11412756418682346,Very Low,Monitor
C100586,0.11396545185881655,Very Low,Monitor
C101104,0.11359255817307197,Very Low,Monitor
C101397,0.11350159716671633,Very Low,Monitor
C100942,0.11339358548018418,Very Low,Monitor
C102964,0.1133869689108723,Very Low,Monitor
C103435,0.11333232088384286,Very Low,Monitor
C101761,0.11308914976281828,Very Low,Monitor
C102749,0.11285129350434779,Very Low,Monitor
C101222,0.11212820572746561,Very Low,Monitor
C100585,0.11182101773734564,Very Low,Monitor
C102156,0.11161223473731936,Very Low,Monitor
C101328,0.11084299690026024,Very Low,Monitor
C101927,0.11067492486067526,Very Low,Monitor
C102175,0.11064419661854832,Very Low,Monitor
C102592,0.11007399554125104,Very Low,Monitor
C102628,0.10996217093716444,Very Low,Monitor
C103236,0.109956426601876,Very Low,Monitor
C103201,0.10974422769671899,Very Low,Monitor
C102289,0.10971984332466875,Very Low,Monitor
C102523,0.10960450662236709,Very Low,Monitor
C102842,0.10957623475091652,Very Low,Monitor
C102807,0.10926249180779928,Very Low,Monitor
C103101,0.1090800288322848,Very Low,Monitor
C100953,0.10907819190055577,Very Low,Monitor
C101613,0.10904687587735454,Very Low,Monitor
C102145,0.10894009355136514,Very Low,Monitor
C101414,0.10823323820620684,Very Low,Monitor
C100209,0.10807063562753648,Very Low,Monitor
C100863,0.10804055689913675,Very Low,Monitor
C100841,0.10754827713084794,Very Low,Monitor
C102752,0.10739385695897773,Very Low,Monitor
C102371,0.10736459048373773,Very Low,Monitor
C101151,0.10733071495334119,Very Low,Monitor
C102992,0.10691245107088923,Very Low,Monitor
C100684,0.1061592824833933,Very Low,Monitor
C102039,0.10579667046710171,Very Low,Monitor
C101340,0.10546006215601574,Very Low,Monitor
C100818,0.10495032511866596,Very Low,Monitor
C102772,0.10482322325454664,Very Low,Monitor
C103192,0.10470146426750696,Very Low,Monitor
C102836,0.10428657909260763,Very Low,Monitor
C102020,0.1040701951857133,Very Low,Monitor
C102499,0.10392436042993777,Very Low,Monitor
C102665,0.10360765087868254,Very Low,Monitor
C102518,0.10312607770388349,Very Low,Monitor
C100782,0.10290048200274722,Very Low,Monitor
C100954,0.10257875647382128,Very Low,Monitor
C100432,0.10197074080726531,Very Low,Monitor
C100522,0.10193854531343204,Very Low,Monitor
C100049,0.10160683519776102,Very Low,Monitor
C102269,0.101381846321616,Very Low,Monitor
C100456,0.10043353944465577,Very Low,Monitor
C100167,0.099992279813278,Very Low,Monitor
C103122,0.09815188215606452,Very Low,Monitor
C103228,0.09804734708668078,Very Low,Monitor
C100736,0.09786282887707706,Very Low,Monitor
C101833,0.09786163462050351,Very Low,Monitor
C100194,0.09758805149056277,Very Low,Monitor
C101083,0.0972094303413123,Very Low,Monitor
C102908,0.09716886735609848,Very Low,Monitor
C101658,0.09698908531203025,Very Low,Monitor
C103198,0.09640437348092216,Very Low,Monitor
C100187,0.09596778064913868,Very Low,Monitor
C102091,0.09560262002607303,Very Low,Monitor
C102978,0.0953212662376152,Very Low,Monitor
C102464,0.09523160443593094,Very Low,Monitor
C102299,0.09452416872419064,Very Low,Monitor
C100066,0.0937334899590983,Very Low,Monitor
C101300,0.09372940293787095,Very Low,Monitor
C102960,0.09358281345454911,Very Low,Monitor
C103400,0.09308482984290546,Very Low,Monitor
C103166,0.09294423033733364,Very Low,Monitor
C102655,0.09287533290254094,Very Low,Monitor
C101313,0.09221950873860618,Very Low,Monitor
C102045,0.09216798013042912,Very Low,Monitor
C102155,0.09194045766491671,Very Low,Monitor
C103158,0.0913440436333541,Very Low,Monitor
C100640,0.09080786139480328,Very Low,Monitor
C101737,0.09057306327307559,Very Low,Monitor
C100222,0.09053228253236187,Very Low,Monitor
C100995,0.09051899265059558,Very Low,Monitor
C101436,0.08960445918118544,Very Low,Monitor
C100105,0.08951997698345004,Very Low,Monitor
C103391,0.08948119822087146,Very Low,Monitor
C101210,0.08936779532852576,Very Low,Monitor
C100785,0.08830661212383516,Very Low,Monitor
C102019,0.08789482530028304,Very Low,Monitor
C102071,0.08767770259593943,Very Low,Monitor
C102816,0.08759395644835287,Very Low,Monitor
C101860,0.08737967498863018,Very Low,Monitor
C101784,0.08737198158507563,Very Low,Monitor
C102650,0.08717026814755444,Very Low,Monitor
C101159,0.08694115985631208,Very Low,Monitor
C100133,0.0864920134126497,Very Low,Monitor
C100441,0.08644473908667229,Very Low,Monitor
C101731,0.08624124896587121,Very Low,Monitor
C102428,0.08618777492869202,Very Low,Monitor
C100809,0.08603722762237291,Very Low,Monitor
C100771,0.08556861008061166,Very Low,Monitor
C100946,0.08530842387782843,Very Low,Monitor
C100971,0.08490344454419438,Very Low,Monitor
C102834,0.08479448233470865,Very Low,Monitor
C100711,0.08463104190487712,Very Low,Monitor
C101461,0.08364435322803065,Very Low,Monitor
C101554,0.08334335608147356,Very Low,Monitor
C100016,0.08322030295334892,Very Low,Monitor
C102728,0.08303361702844166,Very Low,Monitor
C101062,0.08284953450158013,Very Low,Monitor
C101353,0.08119147111695964,Very Low,Monitor
C100451,0.08108996000488375,Very Low,Monitor
C100180,0.08058772825263327,Very Low,Monitor
C101303,0.07934861961147988,Very Low,Monitor
C102703,0.07928711922888573,Very Low,Monitor
C101732,0.07879610351015173,Very Low,Monitor
C103249,0.07832770729855218,Very Low,Monitor
C103331,0.07756944909699601,Very Low,Monitor
C103019,0.07631255719140241,Very Low,Monitor
C101286,0.07607671964115648,Very Low,Monitor
C100842,0.07570333000986039,Very Low,Monitor
C103263,0.07535091746364134,Very Low,Monitor
C100310,0.07507093962681126,Very Low,Monitor
C102830,0.07502991687893507,Very Low,Monitor
C102905,0.0735128650606622,Very Low,Monitor
C101591,0.07226381438898016,Very Low,Monitor
C102986,0.0722451155382321,Very Low,Monitor
C101679,0.07178568748702932,Very Low,Monitor
C101395,0.07119962918302593,Very Low,Monitor
C100483,0.0709886470620767,Very Low,Monitor
C101163,0.07040126468634535,Very Low,Monitor
C100099,0.06860918878937101,Very Low,Monitor
C102511,0.06776996001495687,Very Low,Monitor
C103329,0.0664351142594953,Very Low,Monitor
C101201,0.06541109539564667,Very Low,Monitor
C100644,0.0642128053860274,Very Low,Monitor
C102973,0.06406570497969041,Very Low,Monitor
C100069,0.0638056258349768,Very Low,Monitor
C100214,0.06287940991193187,Very Low,Monitor
C100682,0.06203021655763243,Very Low,Monitor
C100054,0.06178515589066056,Very Low,Monitor
C103224,0.059783874189245176,Very Low,Monitor
C100091,0.057441667271637485,Very Low,Monitor
C101699,0.057068633003513336,Very Low,Monitor
C101005,0.05599873740900434,Very Low,Monitor
C100481,0.05511474454929822,Very Low,Monitor
C101878,0.05355405516615621,Very Low,Monitor
C102337,0.05247846858532217,Very Low,Monitor
C102387,0.04877914072405726,Very Low,Monitor
C101754,0.04735815596991396,Very Low,Monitor
C100753,0.03722745486702967,Very Low,Monitor
