{
  "n_rows": 3500,
  "churn_rate": 0.14971428571428572,
  "roc_auc": 0.7706737470959177,
  "accuracy": 0.8584415584415584,
  "precision": 0.6363636363636364,
  "recall": 0.12173913043478261,
  "f1": 0.20437956204379562
}