customer_id,age,income,prior_purchases,email_engagement,tenure_months,channel,discount_pct,treatment,response
C000000,43,73133.63,4,0.1328,4,email,5,1,0
C000001,67,45015.17,5,0.241,49,sms,10,0,0
C000002,72,27965.91,2,0.4807,113,email,10,0,0
C000003,36,41493.73,4,0.0502,66,email,10,0,0
C000004,27,93880.53,4,0.2979,2,direct_mail,15,0,0
C000005,53,45600.29,5,0.3175,61,direct_mail,15,0,0
C000006,57,86816.59,4,0.1477,48,sms,5,0,0
C000007,62,58470.74,4,0.2244,81,email,10,0,0
C000008,55,78001.64,4,0.5145,32,sms,10,1,0
C000009,59,39583.57,10,0.0997,63,email,15,0,0
C000010,70,71710.3,6,0.3736,83,paid_social,20,1,0
C000011,70,48793.46,2,0.4881,42,email,5,0,0
C000012,71,87710.36,5,0.2691,57,email,20,0,0
C000013,67,35754.78,2,0.1009,110,email,0,0,0
C000014,59,87942.71,4,0.6925,88,email,0,1,0
C000015,70,70580.24,5,0.3218,25,email,15,0,0
C000016,21,26764.98,2,0.1278,117,email,10,0,0
C000017,22,93624.21,2,0.2765,1,sms,5,0,0
C000018,64,51716.65,5,0.1389,3,email,15,0,0
C000019,44,70242.39,6,0.7404,87,email,10,1,0
C000020,61,36222.45,6,0.3105,63,direct_mail,5,1,0
C000021,47,41652.0,5,0.3007,113,sms,15,1,0
C000022,69,149740.28,5,0.2754,28,direct_mail,20,0,0
C000023,24,50139.46,3,0.4946,77,direct_mail,0,1,0
C000024,57,77033.59,2,0.1923,86,email,5,0,0
C000025,21,142095.78,5,0.4975,23,email,0,1,0
C000026,28,46073.74,5,0.2686,77,sms,15,0,0
C000027,65,35839.49,0,0.4626,19,email,20,0,0
C000028,36,112578.62,5,0.1194,4,sms,10,0,0
C000029,74,52126.94,6,0.4168,111,email,10,0,0
C000030,39,101506.21,5,0.365,81,email,10,1,0
C000031,63,31922.33,3,0.0509,45,paid_social,10,1,0
C000032,72,36914.87,5,0.0504,52,email,15,1,0
C000033,38,105176.03,3,0.2951,10,email,0,0,0
C000034,73,52241.11,0,0.59,85,sms,0,0,0
C000035,59,154423.69,4,0.5451,13,email,15,1,0
C000036,73,45240.24,7,0.0224,106,email,10,0,0
C000037,37,69898.29,5,0.0964,59,email,5,1,0
C000038,48,38958.61,7,0.0433,93,sms,0,1,0
C000039,61,49407.76,6,0.2634,64,email,10,0,0
C000040,73,54217.03,5,0.2308,97,email,0,0,0
C000041,36,54101.33,8,0.1914,89,email,0,0,0
C000042,46,37245.78,7,0.4526,104,email,10,1,0
C000043,63,93486.8,5,0.293,50,email,20,1,0
C000044,66,77391.21,8,0.0501,78,email,0,0,0
C000045,74,75020.1,5,0.3468,47,sms,10,1,0
C000046,32,93965.2,4,0.53,108,email,0,1,0
C000047,74,87657.26,3,0.398,96,sms,5,0,0
C000048,27,119957.33,5,0.3228,72,direct_mail,5,1,0
C000049,68,55284.15,3,0.0978,16,paid_social,0,0,0
C000050,68,101914.62,6,0.0887,37,sms,10,1,0
C000051,70,40384.35,4,0.3071,40,direct_mail,0,1,0
C000052,68,92892.86,5,0.105,31,email,0,1,0
C000053,59,66941.02,3,0.3818,119,email,10,0,0
C000054,52,59125.54,3,0.3761,47,email,15,1,0
C000055,50,72763.65,10,0.3613,89,email,15,1,0
C000056,25,92733.09,3,0.1272,24,email,15,0,0
C000057,70,109887.29,7,0.5323,92,direct_mail,0,0,0
C000058,70,18000.0,6,0.6196,47,email,5,0,0
C000059,25,49686.31,7,0.227,45,sms,10,0,0
C000060,53,61147.33,2,0.193,58,email,20,0,0
C000061,40,36957.07,5,0.33,80,email,15,1,0
C000062,61,62120.42,2,0.1349,22,email,10,0,0
C000063,53,220000.0,5,0.4904,12,paid_social,10,1,0
C000064,52,88917.36,5,0.1002,81,email,15,0,0
C000065,46,49792.8,7,0.027,24,email,20,1,0
C000066,27,63491.22,3,0.6183,20,direct_mail,20,1,0
C000067,63,69581.34,4,0.3797,22,sms,5,0,0
C000068,68,83766.41,11,0.1907,44,sms,10,0,1
C000069,31,47331.87,2,0.2707,108,sms,10,0,0
C000070,46,91355.07,6,0.1898,9,paid_social,20,1,0
C000071,24,35939.69,7,0.2518,74,email,10,1,0
C000072,44,220000.0,2,0.5244,89,email,20,1,0
C000073,27,128414.42,3,0.2962,4,email,10,1,1
C000074,43,78775.01,6,0.1563,43,email,10,1,0
C000075,72,98159.54,3,0.4998,91,paid_social,20,1,0
C000076,28,72993.52,4,0.4417,43,email,0,0,0
C000077,28,74867.21,7,0.2209,2,email,5,0,0
C000078,59,49804.25,6,0.097,84,email,10,1,0
C000079,33,63060.61,4,0.3445,47,email,5,0,0
C000080,21,39726.38,3,0.2118,18,paid_social,0,0,0
C000081,41,56226.25,5,0.5376,114,paid_social,15,1,0
C000082,30,126445.05,5,0.561,47,paid_social,10,0,0
C000083,54,38309.13,1,0.0701,94,paid_social,20,0,0
C000084,50,194524.23,5,0.1188,36,sms,5,1,0
C000085,63,47052.95,4,0.3007,55,sms,10,1,0
C000086,53,77816.93,2,0.2824,1,email,10,1,0
C000087,25,44378.52,4,0.0508,88,paid_social,15,1,0
C000088,24,59295.99,4,0.0524,52,email,15,1,0
C000089,71,81392.02,3,0.239,99,direct_mail,0,0,0
C000090,60,34110.58,5,0.2795,40,sms,0,0,0
C000091,62,53353.54,6,0.5972,88,sms,15,0,0
C000092,65,43142.68,5,0.094,90,email,0,0,0
C000093,38,53377.17,6,0.3074,55,email,20,1,0
C000094,49,58414.62,5,0.1114,81,paid_social,10,0,0
C000095,31,48847.69,4,0.212,119,email,10,0,0
C000096,21,40258.03,3,0.6816,43,direct_mail,10,0,0
C000097,53,43803.94,9,0.2553,12,email,0,1,0
C000098,33,23367.53,4,0.1769,13,paid_social,0,0,0
C000099,53,102405.0,2,0.2244,84,email,10,0,0
C000100,69,69077.96,5,0.3973,33,sms,0,1,0
C000101,35,132592.22,3,0.1627,65,email,10,0,0
C000102,34,105580.28,1,0.3963,31,email,15,1,0
C000103,30,46271.2,4,0.6664,96,direct_mail,15,1,1
C000104,38,18690.88,7,0.0862,26,email,15,0,0
C000105,62,104097.4,8,0.2309,85,direct_mail,15,0,0
C000106,56,88251.3,2,0.3439,46,email,15,1,0
C000107,57,66928.57,5,0.3479,76,direct_mail,15,0,0
C000108,23,35781.81,7,0.3493,26,email,10,0,0
C000109,64,84692.43,4,0.5971,20,email,5,0,0
C000110,60,52642.77,3,0.2436,9,email,10,0,0
C000111,32,46249.13,2,0.5458,105,email,0,0,0
C000112,53,31520.11,2,0.3384,75,direct_mail,15,1,0
C000113,60,59401.6,4,0.6135,28,email,10,1,0
C000114,23,84551.9,2,0.3297,13,email,0,1,0
C000115,25,112041.7,6,0.2899,85,sms,10,0,0
C000116,32,41262.6,2,0.3853,109,email,0,0,0
C000117,21,82847.8,2,0.3016,90,email,15,1,0
C000118,54,52765.36,3,0.2816,80,sms,0,0,0
C000119,30,41086.8,7,0.3124,6,paid_social,10,0,0
C000120,52,75668.14,4,0.4105,80,paid_social,10,1,0
C000121,63,110542.53,6,0.3781,87,direct_mail,0,0,1
C000122,35,30802.61,4,0.658,85,email,15,0,0
C000123,50,150940.4,2,0.6437,19,direct_mail,15,1,0
C000124,55,46037.3,4,0.1177,88,email,5,0,0
C000125,54,50059.27,6,0.5884,5,sms,20,0,0
C000126,35,94239.62,7,0.1104,104,direct_mail,10,0,0
C000127,52,203939.28,7,0.2703,103,sms,15,0,0
C000128,33,81401.91,5,0.4956,35,email,10,0,0
C000129,55,86399.47,3,0.4398,117,email,10,0,0
C000130,36,57520.33,5,0.1546,53,paid_social,0,1,0
C000131,38,50750.08,2,0.2375,78,email,0,0,0
C000132,72,141842.86,3,0.4843,58,email,10,1,0
C000133,59,132059.01,5,0.0209,32,email,5,0,0
C000134,28,61461.28,6,0.4094,44,email,10,0,0
C000135,21,55273.22,4,0.411,86,sms,20,0,0
C000136,26,48273.7,6,0.469,96,paid_social,5,1,0
C000137,41,50876.89,8,0.538,58,email,0,0,0
C000138,69,89611.91,3,0.3528,36,paid_social,10,0,0
C000139,23,49717.21,6,0.3742,110,email,5,1,0
C000140,27,59802.32,3,0.4537,36,sms,0,1,0
C000141,27,44370.11,8,0.0429,69,email,0,1,0
C000142,35,106543.81,3,0.0255,99,email,15,0,0
C000143,69,81468.57,6,0.0678,15,email,20,1,0
C000144,38,130664.97,7,0.0219,104,paid_social,0,1,0
C000145,53,48825.57,3,0.4985,118,sms,15,1,0
C000146,21,45015.63,2,0.3119,1,paid_social,10,1,0
C000147,63,67687.73,5,0.4258,57,direct_mail,5,0,0
C000148,51,148765.74,4,0.0603,70,sms,20,0,0
C000149,53,62966.25,8,0.1626,112,sms,5,1,0
C000150,72,84801.86,5,0.2322,2,paid_social,15,1,0
C000151,51,32615.99,3,0.0919,62,paid_social,10,1,0
C000152,24,44164.32,6,0.1412,41,paid_social,10,1,0
C000153,63,48022.18,0,0.3104,32,email,10,0,0
C000154,50,109401.16,8,0.1399,93,direct_mail,10,1,0
C000155,54,35675.67,4,0.2316,89,sms,20,1,0
C000156,23,31619.96,7,0.3908,103,direct_mail,0,1,0
C000157,48,70837.68,3,0.0518,54,paid_social,15,1,0
C000158,68,41073.33,2,0.1715,77,paid_social,10,1,0
C000159,51,60581.83,4,0.5168,98,email,15,0,0
C000160,43,71066.33,7,0.0252,58,email,10,0,1
C000161,51,49912.74,4,0.4384,31,email,15,1,0
C000162,23,92285.99,7,0.5482,66,email,15,1,0
C000163,39,94822.7,5,0.116,14,sms,0,0,0
C000164,67,91680.91,4,0.2143,71,email,15,1,0
C000165,57,122553.46,7,0.3895,7,paid_social,10,0,0
C000166,36,66213.76,3,0.3177,95,direct_mail,10,0,0
C000167,42,78895.6,4,0.0877,53,paid_social,10,1,0
C000168,24,89445.94,4,0.125,22,sms,5,1,0
C000169,56,77653.78,7,0.1523,50,email,15,0,0
C000170,63,77758.08,8,0.1139,79,email,20,0,0
C000171,47,44889.84,5,0.4936,65,paid_social,10,1,0
C000172,55,121375.83,4,0.1046,86,email,15,0,0
C000173,61,48731.45,2,0.1067,54,email,15,0,0
C000174,63,47264.68,6,0.4529,70,email,20,0,0
C000175,58,40219.31,1,0.438,90,email,5,1,1
C000176,58,73651.55,4,0.1515,79,paid_social,15,1,0
C000177,23,48808.52,1,0.0747,46,email,5,1,1
C000178,38,51024.44,0,0.2391,112,email,0,1,0
C000179,63,87670.65,2,0.3288,77,email,10,1,0
C000180,63,34512.46,5,0.0349,31,email,15,0,0
C000181,69,104811.62,4,0.0954,119,direct_mail,5,1,0
C000182,37,81597.95,5,0.2645,68,email,0,0,0
C000183,38,29619.47,5,0.2725,11,direct_mail,15,0,0
C000184,73,124727.02,4,0.0278,86,email,15,0,0
C000185,60,56577.22,8,0.5029,77,direct_mail,20,0,0
C000186,23,82944.17,4,0.3288,55,email,20,1,0
C000187,66,76987.51,6,0.2991,22,paid_social,10,0,0
C000188,38,22683.63,4,0.1467,113,email,5,0,0
C000189,47,109228.53,6,0.4311,1,direct_mail,20,1,0
C000190,62,41707.06,5,0.3993,97,paid_social,5,0,0
C000191,27,63682.01,2,0.0861,105,paid_social,5,1,0
C000192,55,55178.52,6,0.1351,117,email,0,1,0
C000193,60,159876.42,5,0.1354,113,email,5,0,0
C000194,56,131724.47,4,0.4098,20,sms,5,1,0
C000195,66,78301.25,5,0.7077,60,email,20,0,0
C000196,74,78807.52,2,0.1407,72,email,0,0,0
C000197,37,57766.64,4,0.2042,113,paid_social,5,0,0
C000198,29,54962.06,2,0.38,68,sms,10,1,0
C000199,32,38356.98,3,0.21,46,sms,10,0,0
C000200,47,43071.9,3,0.3352,72,sms,15,0,0
C000201,62,54679.52,8,0.0969,69,direct_mail,15,0,0
C000202,51,25586.77,11,0.5155,80,email,5,1,0
C000203,48,83061.78,10,0.1654,59,sms,20,0,0
C000204,69,27174.92,3,0.0977,34,email,15,1,0
C000205,21,109711.38,2,0.2175,68,email,0,1,0
C000206,67,117943.53,4,0.0987,104,email,15,0,0
C000207,31,64111.9,6,0.4363,72,paid_social,15,0,0
C000208,66,107963.34,3,0.2485,17,email,10,1,0
C000209,32,118680.92,5,0.2637,66,email,5,0,0
C000210,62,49188.23,3,0.4231,34,email,10,1,0
C000211,52,76200.03,6,0.3834,81,email,5,1,0
C000212,48,84340.12,4,0.2562,36,email,10,1,0
C000213,51,55867.96,4,0.6049,103,email,15,0,0
C000214,63,33084.02,3,0.0987,55,email,0,0,0
C000215,48,67599.15,2,0.2981,104,direct_mail,10,0,0
C000216,21,80695.51,5,0.0684,36,paid_social,0,1,0
C000217,39,72975.35,7,0.4225,112,email,10,1,0
C000218,55,104636.51,6,0.3087,24,paid_social,5,0,0
C000219,42,85440.03,7,0.3561,88,email,15,0,0
C000220,26,38300.09,3,0.4129,57,email,0,1,0
C000221,48,48378.21,6,0.1271,47,email,5,1,0
C000222,25,86247.41,3,0.3757,46,email,5,1,0
C000223,51,119414.83,3,0.4085,101,email,15,0,0
C000224,51,137281.81,4,0.4347,42,email,15,1,0
C000225,51,55123.03,7,0.1088,97,email,0,0,0
C000226,62,207093.43,2,0.7179,54,sms,0,0,0
C000227,59,35755.33,2,0.366,92,sms,15,0,0
C000228,51,54585.09,2,0.2523,94,paid_social,0,0,0
C000229,74,29670.7,5,0.4925,81,sms,15,0,0
C000230,62,40385.94,7,0.1451,65,sms,0,1,0
C000231,61,168667.24,3,0.864,17,sms,20,0,0
C000232,49,89215.8,2,0.5118,72,sms,15,1,0
C000233,47,58223.59,3,0.6111,115,paid_social,0,1,0
C000234,59,69350.11,2,0.5196,63,direct_mail,15,0,0
C000235,73,37864.19,3,0.2084,85,sms,0,1,0
C000236,57,102424.87,5,0.2938,44,email,0,0,0
C000237,27,87738.57,4,0.4439,51,sms,15,0,0
C000238,63,34698.6,0,0.3635,31,paid_social,0,0,0
C000239,72,53512.34,3,0.3108,57,email,10,0,1
C000240,37,204588.34,7,0.0312,113,email,5,1,0
C000241,48,25553.12,5,0.1944,13,direct_mail,5,0,0
C000242,68,77224.52,4,0.4639,54,email,5,0,0
C000243,47,39569.52,6,0.5576,118,sms,10,0,0
C000244,33,77974.45,5,0.0798,79,email,0,1,0
C000245,66,48871.08,8,0.3649,115,email,15,0,0
C000246,22,66271.69,3,0.4824,47,sms,0,1,0
C000247,53,50930.98,6,0.2431,105,email,10,0,0
C000248,45,36863.72,3,0.3398,2,email,15,1,0
C000249,65,54882.17,2,0.233,27,direct_mail,5,0,0
C000250,29,41437.55,8,0.2825,17,email,0,0,0
C000251,40,63348.55,6,0.096,3,sms,10,1,0
C000252,55,84423.61,3,0.6584,75,sms,0,0,0
C000253,50,41367.77,9,0.4429,4,paid_social,10,1,1
C000254,68,105618.69,5,0.1759,76,email,10,0,0
C000255,56,49697.76,3,0.2375,83,email,5,1,0
C000256,49,61394.69,10,0.1905,96,email,0,1,0
C000257,33,58400.69,2,0.1162,92,paid_social,5,1,0
C000258,59,34738.83,5,0.3324,106,paid_social,10,1,0
C000259,62,25438.83,8,0.1238,33,sms,20,1,0
C000260,55,81605.32,4,0.0098,42,sms,10,0,0
C000261,29,74203.64,3,0.628,88,direct_mail,0,0,0
C000262,51,91967.34,2,0.04,110,email,10,1,0
C000263,28,121559.98,2,0.5359,59,paid_social,0,1,0
C000264,68,69258.09,4,0.1944,84,email,10,1,0
C000265,35,27706.48,7,0.4667,85,sms,20,1,0
C000266,44,39651.77,1,0.3725,105,sms,15,0,0
C000267,64,55169.81,6,0.7208,82,email,15,1,0
C000268,29,28274.19,0,0.6612,60,email,0,1,0
C000269,46,66294.34,7,0.1256,115,paid_social,5,1,0
C000270,59,55685.04,3,0.0946,6,email,15,0,0
C000271,22,44842.42,6,0.2404,57,paid_social,10,0,0
C000272,71,80416.03,5,0.3699,74,direct_mail,10,0,0
C000273,31,32560.36,4,0.1655,20,email,15,1,0
C000274,52,68203.57,0,0.0697,38,email,15,1,0
C000275,51,83471.05,4,0.2709,108,paid_social,15,0,0
C000276,54,32704.56,3,0.3112,92,email,0,0,0
C000277,24,55061.18,5,0.1726,65,direct_mail,15,1,0
C000278,71,73329.06,7,0.015,48,sms,15,1,0
C000279,38,96505.04,7,0.3707,52,paid_social,5,1,0
C000280,48,94936.11,2,0.4865,82,direct_mail,0,0,0
C000281,32,32122.53,1,0.2372,25,sms,10,1,0
C000282,72,82743.62,3,0.3376,63,email,10,0,0
C000283,58,85434.07,2,0.172,19,email,0,0,0
C000284,27,44739.27,3,0.239,30,email,0,1,0
C000285,28,84880.87,0,0.3694,2,email,10,1,0
C000286,62,55946.81,3,0.4735,73,email,0,0,0
C000287,41,69998.15,1,0.3698,91,email,20,0,0
C000288,35,82670.12,7,0.1175,107,paid_social,15,0,0
C000289,45,62331.15,6,0.1517,54,email,20,1,0
C000290,36,96450.62,3,0.284,60,email,15,0,0
C000291,69,138105.19,5,0.4869,46,sms,20,1,0
C000292,47,111951.29,3,0.0271,104,paid_social,5,0,0
C000293,42,36404.99,5,0.6283,29,email,10,0,0
C000294,35,53194.52,5,0.3744,36,email,0,1,0
C000295,28,54505.58,7,0.2944,33,email,0,0,0
C000296,70,85905.74,4,0.2197,110,email,10,0,0
C000297,43,113394.43,1,0.3095,57,paid_social,0,0,0
C000298,55,47660.7,4,0.0125,64,sms,0,0,0
C000299,41,78622.89,3,0.3189,8,email,0,1,0
C000300,63,24247.25,4,0.0705,44,sms,15,0,0
C000301,51,55809.6,5,0.5398,106,sms,20,0,0
C000302,29,101693.75,11,0.4116,72,email,0,1,0
C000303,27,77084.71,4,0.1069,24,email,0,0,0
C000304,61,65258.9,2,0.4389,31,email,15,1,0
C000305,43,83845.77,3,0.499,28,sms,15,0,0
C000306,34,67545.76,2,0.2855,63,sms,0,0,0
C000307,56,85735.54,2,0.6347,24,direct_mail,0,0,0
C000308,54,74880.31,6,0.5243,113,email,20,1,0
C000309,43,103321.55,5,0.0963,113,paid_social,10,1,0
C000310,32,124222.6,5,0.1918,13,paid_social,5,0,0
C000311,72,60847.83,1,0.3129,88,direct_mail,20,0,0
C000312,62,62340.84,4,0.3152,57,direct_mail,0,1,0
C000313,40,163213.25,3,0.1028,42,email,0,1,0
C000314,46,107272.12,6,0.3892,22,direct_mail,5,1,0
C000315,68,59021.4,4,0.4585,116,email,10,0,0
C000316,55,70853.71,4,0.2556,52,paid_social,5,1,0
C000317,38,68024.48,3,0.1178,100,sms,5,0,0
C000318,33,83819.05,5,0.0665,29,paid_social,10,1,0
C000319,42,20934.63,8,0.2375,64,direct_mail,10,0,0
C000320,34,61656.33,5,0.2634,47,sms,15,1,0
C000321,59,74041.55,4,0.5766,99,paid_social,10,1,0
C000322,31,69291.71,6,0.6909,85,sms,15,1,0
C000323,50,74202.44,0,0.4385,71,paid_social,5,1,0
C000324,31,55665.15,3,0.423,43,sms,5,0,0
C000325,71,76882.91,6,0.5299,100,sms,15,1,1
C000326,41,57610.18,2,0.1301,40,direct_mail,10,1,0
C000327,68,66031.56,3,0.1778,5,email,15,1,0
C000328,28,25925.88,4,0.4328,2,paid_social,10,0,0
C000329,36,76697.54,6,0.3234,31,email,15,0,0
C000330,60,49561.18,4,0.1503,28,paid_social,0,0,0
C000331,38,123400.46,7,0.0595,52,sms,15,1,0
C000332,40,87586.13,4,0.344,89,sms,5,1,0
C000333,55,58487.66,6,0.2522,64,email,15,1,0
C000334,74,40552.18,5,0.3129,7,email,20,0,1
C000335,63,98377.54,1,0.0176,90,email,15,0,0
C000336,70,65316.61,7,0.3914,9,email,10,1,0
C000337,27,49957.99,6,0.3056,15,direct_mail,0,0,0
C000338,62,46426.87,6,0.0669,64,email,0,1,0
C000339,69,32553.99,5,0.106,77,email,5,0,0
C000340,68,19234.09,3,0.2945,111,email,10,0,1
C000341,40,40575.32,4,0.4797,34,email,5,1,0
C000342,61,76748.45,5,0.3029,18,email,5,0,0
C000343,28,31483.55,1,0.4184,80,paid_social,0,0,0
C000344,63,168511.01,6,0.2754,45,email,0,1,0
C000345,35,57197.13,9,0.1955,5,email,20,1,0
C000346,40,44320.99,3,0.1138,118,email,0,0,0
C000347,64,163753.19,6,0.1209,94,direct_mail,10,0,0
C000348,59,107800.21,3,0.4924,11,sms,20,0,0
C000349,34,71382.9,6,0.2747,31,sms,10,0,0
C000350,33,59877.49,2,0.3589,39,email,0,0,0
C000351,27,49156.64,2,0.134,111,email,10,1,0
C000352,55,42891.42,2,0.0883,36,email,10,1,0
C000353,53,61399.24,2,0.2152,20,email,15,1,0
C000354,32,65236.13,3,0.4025,5,email,0,0,0
C000355,70,97286.49,1,0.4026,34,email,15,0,0
C000356,52,57502.66,7,0.2119,26,direct_mail,10,0,0
C000357,37,56193.3,6,0.4508,72,email,15,0,0
C000358,65,61036.35,4,0.0878,78,email,0,1,0
C000359,48,160706.06,2,0.2349,78,email,0,1,0
C000360,54,67411.97,9,0.0811,117,email,15,1,0
C000361,41,90243.04,6,0.4054,82,email,5,0,0
C000362,69,59871.93,9,0.3212,116,sms,15,0,0
C000363,71,54564.87,5,0.1089,63,email,20,1,0
C000364,52,29484.91,3,0.0793,108,email,0,0,0
C000365,67,70578.95,7,0.185,54,direct_mail,10,0,0
C000366,66,66000.49,3,0.3355,32,email,10,0,0
C000367,47,63239.24,6,0.206,6,direct_mail,10,1,0
C000368,32,40773.06,9,0.4754,10,email,5,0,0
C000369,73,57844.08,6,0.2544,94,direct_mail,0,1,0
C000370,43,33074.68,4,0.5846,67,paid_social,15,1,0
C000371,33,83135.13,2,0.1218,33,email,15,1,0
C000372,39,62733.01,2,0.5573,20,direct_mail,10,0,0
C000373,43,90712.62,6,0.4556,9,sms,15,0,0
C000374,57,98820.44,6,0.3035,86,sms,15,1,0
C000375,51,80643.27,7,0.4588,18,sms,0,0,0
C000376,67,27818.35,6,0.1798,31,email,10,1,0
C000377,62,53934.23,6,0.1286,13,email,5,1,0
C000378,53,40237.63,4,0.1716,100,email,15,0,0
C000379,59,46653.31,4,0.2075,12,paid_social,10,0,0
C000380,42,62258.07,12,0.1908,14,email,10,1,0
C000381,43,117362.75,1,0.6867,49,sms,0,1,0
C000382,28,96398.0,5,0.1208,102,email,20,1,0
C000383,71,44950.26,4,0.2828,62,email,20,0,0
C000384,23,54264.88,5,0.1609,96,sms,5,1,0
C000385,74,54193.07,5,0.7863,116,sms,5,1,0
C000386,28,76519.02,4,0.2767,96,sms,10,1,0
C000387,66,52352.15,3,0.2055,108,email,15,0,1
C000388,50,60968.78,1,0.2332,83,email,5,1,0
C000389,45,50006.31,3,0.0679,6,direct_mail,10,0,0
C000390,21,135156.02,2,0.0706,64,email,5,0,0
C000391,65,68939.43,7,0.4301,40,email,0,1,0
C000392,65,96040.54,6,0.619,36,direct_mail,20,1,0
C000393,35,79623.59,8,0.2823,75,email,15,0,0
C000394,73,27493.88,5,0.2284,20,paid_social,15,1,0
C000395,30,74559.99,3,0.3744,99,direct_mail,15,1,0
C000396,28,39552.37,5,0.4558,95,email,10,1,0
C000397,25,49327.11,3,0.2287,25,email,0,0,0
C000398,45,50228.82,6,0.1147,28,sms,15,0,0
C000399,64,53937.34,3,0.1049,104,email,15,0,0
C000400,21,93858.27,1,0.116,90,direct_mail,5,1,0
C000401,73,48490.95,5,0.498,112,email,5,0,0
C000402,34,64263.84,2,0.0395,34,paid_social,10,1,0
C000403,37,76927.77,3,0.2174,92,paid_social,10,1,0
C000404,48,37787.68,7,0.0767,19,paid_social,20,1,0
C000405,59,99556.05,2,0.4921,32,sms,15,1,0
C000406,38,48118.4,5,0.2976,38,email,0,1,0
C000407,35,97301.09,5,0.1515,12,email,0,1,0
C000408,33,143025.83,2,0.1766,113,sms,10,1,0
C000409,62,44056.79,1,0.4061,6,email,20,0,0
C000410,74,160126.12,5,0.6972,68,email,10,0,0
C000411,30,95402.06,3,0.5377,75,paid_social,20,1,0
C000412,32,131132.29,2,0.1764,8,paid_social,0,0,0
C000413,48,115048.09,2,0.2592,12,email,15,0,0
C000414,39,19455.68,4,0.1541,53,email,5,0,0
C000415,63,22010.87,4,0.2575,27,paid_social,0,0,0
C000416,37,51946.72,6,0.4047,43,email,15,0,0
C000417,73,81544.0,4,0.1043,5,email,5,1,0
C000418,59,38091.87,3,0.1488,58,email,10,1,0
C000419,57,77058.65,2,0.2136,63,email,0,0,0
C000420,56,60459.23,7,0.3501,1,sms,10,0,0
C000421,58,71648.98,4,0.1988,95,email,20,1,0
C000422,58,76581.8,7,0.2307,58,paid_social,5,0,0
C000423,42,52888.37,4,0.2786,94,direct_mail,10,1,0
C000424,57,130187.39,9,0.2108,21,direct_mail,15,1,0
C000425,30,113952.0,5,0.2545,33,sms,15,1,0
C000426,59,71977.61,2,0.3942,24,email,5,1,0
C000427,64,84570.37,5,0.476,100,email,10,0,1
C000428,58,34827.58,7,0.2256,34,email,0,1,0
C000429,25,24492.5,6,0.6261,64,email,10,1,0
C000430,22,65336.8,5,0.187,63,email,5,1,0
C000431,61,39372.18,6,0.3384,37,email,10,0,0
C000432,37,68505.56,5,0.2036,5,email,0,1,0
C000433,37,34469.77,4,0.3271,24,direct_mail,10,0,0
C000434,51,41933.62,0,0.3674,91,email,20,0,0
C000435,23,95204.01,4,0.3295,31,sms,15,1,0
C000436,45,30832.24,4,0.318,52,email,0,0,1
C000437,29,92832.63,5,0.4181,96,sms,5,1,0
C000438,64,58055.22,8,0.0653,101,sms,10,1,0
C000439,49,30056.18,4,0.2007,25,email,10,1,0
C000440,54,34795.67,8,0.2393,24,sms,10,0,0
C000441,38,20807.39,7,0.0822,103,sms,0,0,0
C000442,31,37640.39,3,0.2149,62,email,0,0,0
C000443,28,85350.8,7,0.1307,21,email,15,0,0
C000444,61,25958.12,2,0.2678,37,direct_mail,5,1,1
C000445,38,60739.4,3,0.2271,107,direct_mail,5,0,0
C000446,48,130562.52,5,0.3111,111,sms,15,0,0
C000447,64,41432.58,4,0.3174,1,sms,0,0,0
C000448,54,121330.22,7,0.2573,40,email,15,0,0
C000449,60,30569.54,4,0.2741,20,email,5,0,0
C000450,30,90861.68,5,0.2025,116,sms,10,0,0
C000451,46,57863.9,6,0.4681,38,email,5,0,0
C000452,55,62904.03,1,0.2315,22,email,20,1,0
C000453,40,78504.27,8,0.0841,12,email,10,1,0
C000454,44,46202.9,5,0.1654,114,sms,5,1,0
C000455,74,49120.78,9,0.2762,88,sms,10,0,0
C000456,23,62786.16,7,0.6422,66,direct_mail,10,1,1
C000457,48,152316.73,3,0.3004,112,paid_social,10,0,0
C000458,50,220000.0,4,0.4939,81,paid_social,0,0,0
C000459,57,55705.19,5,0.175,97,sms,20,1,0
C000460,29,70485.58,4,0.4454,107,direct_mail,0,0,0
C000461,66,41447.58,6,0.5495,67,direct_mail,10,1,0
C000462,71,189914.85,7,0.8758,36,sms,0,0,0
C000463,48,59734.51,9,0.2638,107,direct_mail,10,0,0
C000464,70,106644.98,2,0.336,63,direct_mail,15,1,0
C000465,54,47561.18,4,0.0947,106,sms,0,1,0
C000466,40,53634.92,3,0.6273,103,email,5,1,0
C000467,45,56192.44,4,0.1433,66,direct_mail,10,1,0
C000468,27,44761.35,3,0.4855,103,email,0,1,0
C000469,66,82154.82,5,0.2295,116,email,5,1,0
C000470,49,89535.26,3,0.3206,115,email,10,1,0
C000471,62,119014.13,2,0.2331,45,paid_social,0,0,0
C000472,55,46771.94,2,0.1181,57,paid_social,5,0,0
C000473,45,35542.84,4,0.4875,62,email,10,1,0
C000474,54,88122.42,2,0.0306,61,email,0,0,0
C000475,65,66478.96,10,0.5899,54,email,10,0,0
C000476,27,55094.5,5,0.3533,25,email,15,0,0
C000477,33,91014.61,4,0.3882,74,email,5,0,0
C000478,57,125789.38,8,0.3473,34,paid_social,10,0,0
C000479,39,110997.04,5,0.2867,72,paid_social,10,1,0
C000480,43,45926.77,6,0.3906,1,paid_social,5,0,0
C000481,57,66109.41,5,0.1061,38,sms,20,0,0
C000482,21,33946.03,5,0.0722,69,email,0,1,0
C000483,27,46986.0,4,0.3285,113,email,15,1,0
C000484,54,45224.55,9,0.3416,3,sms,15,1,0
C000485,71,22728.42,4,0.3381,95,sms,10,0,0
C000486,25,47455.25,6,0.5846,19,paid_social,0,0,0
C000487,22,76712.29,4,0.443,12,paid_social,20,1,0
C000488,26,30892.07,2,0.0295,7,direct_mail,10,1,0
C000489,71,101410.69,5,0.2792,63,email,10,0,0
C000490,31,58121.92,4,0.0746,48,email,15,0,0
C000491,36,28245.78,5,0.0456,32,sms,20,0,0
C000492,59,63620.09,6,0.632,15,sms,20,1,0
C000493,69,78156.35,1,0.5287,60,email,10,1,0
C000494,74,86186.98,3,0.4246,70,direct_mail,20,0,0
C000495,37,82335.45,3,0.5134,27,sms,10,0,1
C000496,46,98447.71,2,0.2749,41,email,10,1,0
C000497,63,74617.32,6,0.6289,1,email,5,1,0
C000498,73,64618.52,8,0.0984,98,email,5,1,0
C000499,49,56923.6,7,0.0679,110,paid_social,10,1,1
C000500,54,35511.61,4,0.1694,12,email,5,1,0
C000501,44,135725.36,5,0.2737,119,sms,0,1,0
C000502,63,89683.03,0,0.4807,114,email,10,0,0
C000503,50,67652.76,5,0.4876,38,direct_mail,10,1,0
C000504,51,80714.36,5,0.0984,90,paid_social,5,1,0
C000505,74,75584.63,4,0.2114,58,email,5,0,0
C000506,33,41382.5,4,0.1176,79,direct_mail,20,0,0
C000507,69,33333.55,1,0.0671,67,email,15,0,0
C000508,32,113209.53,5,0.1574,62,sms,5,0,0
C000509,37,81573.38,6,0.1318,68,email,10,1,0
C000510,74,73098.69,2,0.2023,94,sms,10,0,0
C000511,34,115854.13,3,0.0489,111,paid_social,15,0,0
C000512,35,86548.3,6,0.514,89,email,0,1,0
C000513,71,71645.35,5,0.233,18,email,10,1,0
C000514,39,73332.8,5,0.139,69,direct_mail,15,1,0
C000515,27,74316.97,1,0.3022,106,direct_mail,5,0,0
C000516,31,108512.54,7,0.3133,63,sms,10,1,0
C000517,25,115655.98,7,0.2415,14,sms,10,1,0
C000518,45,57313.38,5,0.0473,82,paid_social,0,0,0
C000519,56,51919.06,4,0.1478,18,email,5,0,0
C000520,66,71149.83,2,0.4013,58,email,15,1,0
C000521,31,55271.11,2,0.1798,58,email,0,0,0
C000522,68,87469.57,5,0.1394,78,email,10,1,0
C000523,21,37762.17,6,0.1811,69,email,10,1,0
C000524,51,71269.57,2,0.3886,39,email,5,1,0
C000525,55,60424.08,3,0.4423,46,email,20,0,0
C000526,61,60049.72,6,0.3389,45,email,5,1,0
C000527,26,39271.06,1,0.2063,74,email,10,1,0
C000528,52,100589.51,2,0.2033,61,paid_social,0,1,0
C000529,33,68794.19,4,0.3067,27,email,15,1,0
C000530,25,102832.32,7,0.2534,102,paid_social,10,1,0
C000531,60,68220.05,5,0.0498,16,email,10,1,0
C000532,24,53988.83,4,0.0467,112,email,10,0,0
C000533,72,84386.38,6,0.5738,74,paid_social,10,1,0
C000534,62,102033.95,3,0.3348,41,email,0,1,0
C000535,45,50207.3,1,0.1085,37,paid_social,0,0,0
C000536,62,57407.64,5,0.1983,14,email,10,1,0
C000537,46,45897.94,2,0.3598,73,direct_mail,10,0,0
C000538,21,79531.41,5,0.409,115,email,5,0,0
C000539,24,33080.31,8,0.2916,96,sms,10,1,0
C000540,47,94979.68,6,0.0792,4,email,10,0,0
C000541,48,70509.56,2,0.1423,57,email,10,0,0
C000542,44,68844.05,6,0.5271,113,email,10,1,0
C000543,31,111667.78,1,0.431,107,sms,15,0,0
C000544,73,163146.7,4,0.2898,13,email,10,1,0
C000545,50,77746.71,5,0.1552,2,paid_social,0,0,0
C000546,68,45278.08,4,0.4043,38,email,0,0,0
C000547,26,54204.69,2,0.0409,7,sms,5,0,0
C000548,27,74871.66,1,0.4917,69,sms,15,0,0
C000549,36,108595.39,4,0.0615,27,direct_mail,10,0,0
C000550,60,50081.94,6,0.3358,20,email,0,0,0
C000551,67,69535.61,10,0.3303,109,email,20,1,0
C000552,71,123909.47,1,0.4309,102,paid_social,0,1,0
C000553,39,53719.48,4,0.1937,113,direct_mail,5,1,0
C000554,25,135409.05,8,0.3195,61,direct_mail,15,1,0
C000555,64,51055.65,1,0.7023,43,email,5,1,0
C000556,47,55946.74,6,0.1715,86,paid_social,10,1,0
C000557,56,28786.25,3,0.6389,90,direct_mail,15,0,0
C000558,32,62469.29,2,0.0833,110,email,20,0,0
C000559,26,48612.24,8,0.2368,47,sms,15,1,0
C000560,50,112281.87,5,0.2044,63,paid_social,10,1,0
C000561,45,67631.56,8,0.3852,71,sms,0,1,0
C000562,38,45172.6,2,0.2734,55,email,10,1,0
C000563,49,28751.02,2,0.1407,37,email,5,0,0
C000564,44,35062.35,4,0.1395,60,email,15,1,0
C000565,46,142238.41,5,0.2343,72,email,15,0,0
C000566,46,183249.0,4,0.0958,107,email,20,1,0
C000567,31,118258.49,5,0.3665,89,paid_social,10,0,0
C000568,54,34050.25,1,0.489,18,paid_social,0,1,0
C000569,37,96959.16,7,0.397,115,paid_social,20,1,0
C000570,46,67588.18,4,0.1434,44,email,5,1,0
C000571,61,87567.52,5,0.2992,22,email,10,0,0
C000572,58,44307.66,2,0.1752,105,email,15,1,0
C000573,52,64455.35,2,0.4088,80,email,15,1,0
C000574,46,76446.92,5,0.5069,84,sms,20,1,0
C000575,43,42224.27,4,0.066,119,paid_social,15,1,0
C000576,49,90958.66,6,0.4122,71,email,20,0,0
C000577,45,40076.82,8,0.3844,42,email,20,0,0
C000578,40,80480.09,1,0.5654,8,email,5,0,0
C000579,45,85875.53,5,0.248,49,email,0,1,0
C000580,74,53659.85,1,0.2012,107,email,10,1,0
C000581,47,31799.0,10,0.2542,65,sms,0,1,0
C000582,41,44275.05,4,0.0912,82,paid_social,10,1,0
C000583,51,76133.48,2,0.2863,89,email,10,0,0
C000584,46,82425.81,5,0.2155,55,direct_mail,15,1,0
C000585,69,65885.9,7,0.3416,4,email,0,1,0
C000586,30,78568.72,5,0.4731,88,email,10,1,0
C000587,21,33953.11,2,0.0078,90,sms,5,1,0
C000588,67,103721.89,4,0.4476,39,email,5,0,0
C000589,54,31876.85,5,0.1916,111,email,10,1,0
C000590,63,84082.54,1,0.1773,102,email,15,1,0
C000591,25,56088.12,1,0.531,4,direct_mail,10,1,0
C000592,65,45014.07,3,0.1532,24,email,0,1,0
C000593,25,69387.03,1,0.4043,22,email,10,1,0
C000594,38,44418.0,3,0.3264,61,paid_social,0,1,0
C000595,72,56174.81,5,0.6041,9,sms,5,1,0
C000596,22,48346.79,3,0.3983,105,sms,10,1,0
C000597,54,119038.84,5,0.0702,69,email,0,0,0
C000598,56,75841.94,4,0.2425,80,email,10,0,0
C000599,48,73463.59,3,0.1959,68,paid_social,10,0,0
C000600,37,91796.63,4,0.1073,47,sms,20,0,0
C000601,64,91480.47,1,0.1602,55,email,15,1,0
C000602,37,65265.79,3,0.3651,94,email,5,1,0
C000603,49,39888.84,3,0.1719,53,email,0,1,0
C000604,38,59745.88,7,0.2216,116,email,10,1,0
C000605,68,111989.51,3,0.138,112,paid_social,20,1,1
C000606,24,69280.0,3,0.2807,58,direct_mail,5,0,0
C000607,68,66641.88,4,0.127,38,email,5,0,0
C000608,64,53026.5,6,0.4561,15,paid_social,5,0,0
C000609,74,56541.53,4,0.2763,59,email,15,0,0
C000610,28,27692.3,4,0.128,85,paid_social,15,1,0
C000611,24,42758.15,1,0.2348,24,email,15,1,0
C000612,61,33462.71,4,0.3291,69,paid_social,10,0,0
C000613,41,48115.21,7,0.4949,15,email,10,1,0
C000614,55,38403.58,5,0.4275,63,paid_social,15,1,0
C000615,31,66994.89,9,0.2074,78,email,15,0,0
C000616,30,112124.26,4,0.1352,67,paid_social,20,0,0
C000617,58,66175.99,8,0.0658,93,sms,0,0,0
C000618,32,61545.47,4,0.2356,47,email,15,0,0
C000619,54,28621.44,1,0.1676,75,email,0,0,0
C000620,26,103962.08,2,0.7569,84,paid_social,10,1,0
C000621,40,41534.01,3,0.1442,114,sms,10,1,0
C000622,74,39997.22,3,0.4014,69,sms,10,0,0
C000623,28,52512.75,2,0.3527,27,email,0,0,0
C000624,35,57078.82,2,0.4718,1,email,10,0,0
C000625,48,62306.55,3,0.3082,78,paid_social,10,0,0
C000626,22,54527.34,4,0.1499,56,email,10,1,0
C000627,27,56879.64,8,0.3252,114,sms,15,1,0
C000628,52,90743.34,5,0.1762,36,sms,10,1,0
C000629,61,42681.75,2,0.4618,24,direct_mail,5,1,0
C000630,36,66591.15,1,0.5509,85,email,0,0,0
C000631,47,70076.41,1,0.2937,92,email,10,1,0
C000632,69,71592.36,6,0.2979,39,direct_mail,15,0,0
C000633,25,53110.45,5,0.1624,5,paid_social,10,0,0
C000634,35,24507.45,4,0.3756,32,sms,20,0,0
C000635,62,71638.25,5,0.0836,58,email,10,0,0
C000636,34,72846.34,5,0.6046,53,email,10,1,0
C000637,34,33830.49,6,0.3305,33,paid_social,0,0,0
C000638,37,105107.5,1,0.7489,20,paid_social,10,1,0
C000639,48,25712.14,3,0.3316,26,direct_mail,5,0,0
C000640,53,131184.16,4,0.1092,13,direct_mail,20,1,0
C000641,59,58138.19,6,0.1328,27,email,0,0,0
C000642,35,77688.24,7,0.1847,14,email,0,0,0
C000643,41,70287.99,2,0.1597,17,direct_mail,15,0,0
C000644,65,44261.05,3,0.477,48,paid_social,0,0,0
C000645,32,60193.3,3,0.1497,117,email,0,1,0
C000646,28,163830.25,6,0.2261,54,email,0,0,0
C000647,51,61867.1,1,0.4064,109,email,15,0,0
C000648,43,75658.51,3,0.1818,79,email,10,1,0
C000649,60,108225.04,7,0.1227,11,email,10,1,0
C000650,47,136825.77,3,0.2497,19,email,5,0,0
C000651,67,94518.97,7,0.2451,55,sms,0,1,0
C000652,23,110747.68,10,0.0836,99,sms,5,1,0
C000653,31,69011.25,2,0.1013,32,sms,10,0,0
C000654,54,96286.01,2,0.4937,45,email,0,0,0
C000655,43,95304.8,2,0.4341,37,direct_mail,10,1,0
C000656,26,96914.91,5,0.3068,42,sms,10,0,0
C000657,59,52515.98,4,0.2229,97,sms,15,0,1
C000658,72,20777.38,6,0.4522,37,email,5,1,0
C000659,26,80758.71,4,0.2947,45,sms,10,0,1
C000660,69,49340.21,0,0.4092,75,email,0,0,0
C000661,22,220000.0,2,0.0756,94,sms,0,1,0
C000662,58,78162.19,5,0.1208,43,email,5,0,0
C000663,69,72395.37,5,0.1819,36,email,15,1,0
C000664,25,48386.21,4,0.1358,78,sms,0,1,0
C000665,40,104688.73,3,0.1453,107,paid_social,5,0,0
C000666,56,84787.35,3,0.499,91,sms,0,0,0
C000667,66,68534.05,4,0.0887,33,email,10,0,0
C000668,55,94874.51,4,0.3661,53,email,15,1,0
C000669,65,86261.9,3,0.1115,104,email,15,0,0
C000670,63,72971.9,1,0.2475,18,email,0,0,0
C000671,58,49729.49,8,0.2416,33,email,0,0,0
C000672,53,37535.47,2,0.4669,49,direct_mail,5,0,0
C000673,73,38691.33,7,0.4695,21,email,10,1,0
C000674,27,76626.73,3,0.2406,115,paid_social,5,1,0
C000675,32,38757.26,5,0.3118,71,email,10,1,0
C000676,58,121371.34,4,0.6059,60,paid_social,5,1,0
C000677,45,61448.78,4,0.5503,8,email,5,0,0
C000678,45,122092.43,5,0.4512,9,email,15,1,0
C000679,32,68918.41,6,0.1601,27,paid_social,0,0,0
C000680,34,60191.64,5,0.1429,70,direct_mail,15,1,1
C000681,30,62650.3,5,0.563,75,email,0,0,0
C000682,39,25573.14,2,0.2778,75,email,20,0,0
C000683,35,52389.6,4,0.2299,68,paid_social,0,1,0
C000684,45,82754.46,3,0.3459,10,email,0,1,0
C000685,39,40819.17,5,0.3288,100,email,15,1,0
C000686,41,58328.5,4,0.2849,107,sms,0,0,0
C000687,31,27353.22,5,0.2814,37,email,5,1,0
C000688,28,62910.06,8,0.4097,89,sms,10,1,0
C000689,49,35334.52,5,0.4953,38,sms,5,1,0
C000690,53,56013.12,1,0.4364,49,email,15,1,0
C000691,68,62208.56,2,0.3603,101,paid_social,10,1,0
C000692,39,108611.96,1,0.2833,116,email,10,0,0
C000693,48,80199.0,2,0.3683,107,email,0,0,0
C000694,48,57634.18,6,0.0658,51,email,5,1,0
C000695,29,83141.4,8,0.1041,47,sms,15,0,0
C000696,72,52132.09,0,0.4167,77,email,0,0,0
C000697,28,71780.03,8,0.3187,4,paid_social,10,1,0
C000698,23,47776.55,8,0.2621,59,email,10,1,0
C000699,61,53438.25,4,0.241,4,sms,10,0,0
C000700,70,94116.48,4,0.1273,41,paid_social,0,1,0
C000701,38,72494.01,4,0.0595,9,sms,15,1,0
C000702,35,101798.8,9,0.2649,53,paid_social,10,0,0
C000703,24,80953.97,2,0.1002,23,email,5,1,0
C000704,56,56528.92,5,0.3289,90,direct_mail,15,0,0
C000705,66,23007.99,7,0.4854,29,email,10,1,0
C000706,45,26498.59,3,0.0638,12,paid_social,10,1,0
C000707,72,33698.28,6,0.2047,116,email,10,0,0
C000708,57,79990.26,5,0.5776,86,paid_social,10,1,1
C000709,53,100078.9,3,0.44,35,email,20,1,0
C000710,30,71220.7,1,0.0303,91,paid_social,15,1,0
C000711,24,70220.24,7,0.237,68,direct_mail,15,1,0
C000712,72,74760.27,8,0.2833,86,email,10,0,0
C000713,33,34099.64,3,0.069,12,direct_mail,10,1,0
C000714,33,58033.01,8,0.3635,68,email,15,0,0
C000715,58,93346.26,7,0.7913,53,paid_social,5,1,0
C000716,28,65362.14,2,0.1969,77,direct_mail,15,1,0
C000717,61,45352.29,5,0.3732,21,direct_mail,20,1,0
C000718,23,32070.08,8,0.366,116,email,10,1,0
C000719,25,86479.66,11,0.3045,92,email,15,0,0
C000720,37,106165.27,6,0.5866,41,email,20,1,0
C000721,73,40954.16,5,0.0271,61,direct_mail,10,1,0
C000722,35,55277.72,4,0.7125,4,paid_social,5,1,0
C000723,27,47089.22,3,0.2043,50,paid_social,0,0,0
C000724,55,80646.09,1,0.3493,13,email,15,1,0
C000725,74,64499.38,3,0.1848,48,sms,10,1,0
C000726,36,75420.94,2,0.2358,18,email,10,1,0
C000727,54,49203.74,5,0.5765,89,email,10,1,0
C000728,61,84824.77,3,0.1871,15,direct_mail,10,0,0
C000729,46,40897.2,6,0.168,59,email,10,1,0
C000730,35,54080.68,5,0.3701,41,paid_social,10,0,0
C000731,64,43237.52,3,0.3889,18,email,0,1,0
C000732,61,36330.95,4,0.2834,59,email,20,0,0
C000733,64,68030.73,10,0.272,63,email,10,0,0
C000734,24,120613.54,6,0.1857,16,email,0,0,0
C000735,26,68780.04,4,0.383,17,paid_social,15,0,0
C000736,22,77692.94,5,0.2205,92,email,10,0,0
C000737,30,30026.37,3,0.1019,36,email,10,1,0
C000738,21,105723.32,5,0.1016,38,email,15,0,0
C000739,71,36806.91,4,0.2067,115,sms,10,0,0
C000740,40,87169.0,1,0.0687,79,email,20,1,0
C000741,71,61425.1,2,0.3788,42,paid_social,0,1,0
C000742,66,77629.08,4,0.1238,15,email,20,0,1
C000743,66,56463.4,2,0.2894,22,email,10,0,0
C000744,53,89176.14,4,0.2937,31,email,5,1,0
C000745,21,50349.39,6,0.1988,95,direct_mail,5,0,0
C000746,34,106364.51,5,0.196,88,email,0,0,0
C000747,50,71904.29,5,0.3614,83,paid_social,5,0,0
C000748,32,58940.91,3,0.3821,64,email,10,1,0
C000749,36,90015.02,10,0.1898,119,direct_mail,20,1,0
C000750,28,53640.97,3,0.1613,35,paid_social,5,1,0
C000751,51,32773.47,4,0.4046,70,paid_social,15,1,0
C000752,73,64879.73,3,0.2962,73,email,15,1,0
C000753,27,43823.04,2,0.3802,94,direct_mail,10,1,0
C000754,35,152252.65,4,0.2489,77,email,20,1,0
C000755,62,101434.74,5,0.1462,108,paid_social,15,1,0
C000756,55,74114.67,4,0.1491,38,direct_mail,0,1,0
C000757,26,44136.64,1,0.3745,57,paid_social,0,0,0
C000758,36,55516.72,4,0.5705,116,email,10,1,0
C000759,35,74649.82,3,0.3114,47,direct_mail,10,0,0
C000760,32,47737.6,2,0.4687,107,email,10,0,0
C000761,33,31799.61,7,0.3594,102,paid_social,5,1,0
C000762,64,88834.07,4,0.1314,84,sms,20,1,0
C000763,68,220000.0,4,0.1529,30,sms,0,0,0
C000764,71,83846.92,7,0.5142,88,email,0,0,0
C000765,39,108940.81,3,0.4159,30,email,0,0,0
C000766,69,22932.89,2,0.3703,16,email,0,0,0
C000767,34,36095.0,5,0.5301,43,email,15,0,0
C000768,64,64048.59,5,0.4751,18,email,15,0,0
C000769,38,32958.94,7,0.4873,79,direct_mail,0,0,0
C000770,26,18997.62,3,0.4504,45,email,15,0,0
C000771,43,58560.96,3,0.0751,107,direct_mail,10,1,0
C000772,33,67887.21,4,0.5818,89,email,10,0,0
C000773,49,139199.88,2,0.1062,32,email,15,0,0
C000774,59,63750.66,2,0.0524,49,email,20,1,0
C000775,55,43012.51,8,0.4496,109,email,0,1,0
C000776,31,30309.76,1,0.2167,34,direct_mail,10,1,0
C000777,41,74380.89,0,0.4179,19,email,5,0,0
C000778,50,67369.5,9,0.4965,56,paid_social,20,0,0
C000779,58,49346.36,3,0.2591,17,sms,10,0,0
C000780,56,38848.38,5,0.6695,99,email,15,1,0
C000781,57,70975.94,4,0.2415,44,email,0,0,0
C000782,28,54544.82,4,0.5175,40,paid_social,0,0,0
C000783,46,81803.13,8,0.0919,53,email,5,0,0
C000784,38,105340.89,1,0.1693,41,sms,0,0,0
C000785,33,66055.86,7,0.1867,118,email,10,0,0
C000786,58,34441.78,4,0.5089,98,email,10,1,0
C000787,64,110592.79,6,0.5401,49,email,10,1,0
C000788,30,41950.89,7,0.3286,27,email,20,1,0
C000789,45,44275.26,3,0.3039,40,sms,15,1,0
C000790,43,75839.6,3,0.4509,62,sms,10,1,0
C000791,44,65970.72,7,0.1454,98,email,10,0,0
C000792,33,138739.6,9,0.0954,53,paid_social,15,1,0
C000793,44,82785.62,4,0.4413,114,direct_mail,10,1,0
C000794,42,72965.25,3,0.1661,51,email,5,1,0
C000795,66,94214.07,2,0.2044,5,email,10,1,0
C000796,48,95456.9,5,0.1885,21,email,10,1,0
C000797,60,60058.97,6,0.0908,99,email,0,1,0
C000798,38,163890.21,1,0.4961,74,sms,10,1,0
C000799,70,96150.38,6,0.5201,99,email,20,1,0
C000800,55,67111.84,4,0.2666,90,email,5,0,0
C000801,25,72599.16,3,0.1112,23,direct_mail,20,1,0
C000802,37,88366.7,2,0.1605,56,sms,15,1,0
C000803,36,69503.05,5,0.709,119,email,0,0,0
C000804,58,75784.43,5,0.3746,29,email,5,1,1
C000805,43,66409.49,6,0.1418,90,email,0,0,0
C000806,22,105988.09,4,0.4978,23,email,0,0,0
C000807,37,42567.37,6,0.186,67,email,15,1,0
C000808,56,64671.0,3,0.2284,101,direct_mail,0,0,0
C000809,67,49504.55,3,0.3975,116,paid_social,15,0,0
C000810,32,182061.39,5,0.2674,52,sms,15,1,0
C000811,23,208671.23,4,0.5264,72,email,10,0,0
C000812,51,81752.68,4,0.3228,43,email,15,1,0
C000813,30,65655.9,1,0.2601,51,sms,0,1,0
C000814,73,74563.85,6,0.0908,40,paid_social,15,1,0
C000815,69,42929.73,2,0.2381,17,email,10,0,0
C000816,74,72355.84,6,0.6165,103,email,10,0,0
C000817,26,66011.51,10,0.4521,63,email,0,0,0
C000818,72,68218.16,6,0.1484,109,sms,15,1,0
C000819,74,71990.43,7,0.4016,94,paid_social,15,1,0
C000820,24,101730.2,3,0.0356,62,email,15,1,0
C000821,46,160623.21,6,0.2893,119,sms,0,1,0
C000822,53,24562.17,6,0.3916,27,sms,15,1,0
C000823,70,220000.0,2,0.3386,76,direct_mail,0,0,0
C000824,47,55144.36,5,0.3599,76,email,5,0,0
C000825,59,72589.67,1,0.2707,48,sms,10,1,0
C000826,55,36159.07,6,0.3196,57,email,5,0,0
C000827,55,43877.31,4,0.1424,110,paid_social,5,1,0
C000828,51,58703.6,6,0.5031,52,sms,0,0,0
C000829,36,74293.71,7,0.4294,17,email,10,1,0
C000830,58,26191.83,7,0.7707,54,email,0,0,0
C000831,61,69013.79,4,0.3158,105,paid_social,0,1,0
C000832,56,48303.17,4,0.1278,10,paid_social,5,1,0
C000833,33,73802.4,5,0.3424,71,paid_social,5,1,0
C000834,32,105557.74,4,0.0759,69,email,15,1,0
C000835,23,102722.64,8,0.4535,28,paid_social,0,1,0
C000836,69,29005.07,9,0.1292,94,paid_social,15,1,0
C000837,37,74250.17,5,0.1077,85,paid_social,10,0,0
C000838,41,84261.72,6,0.7026,2,email,10,0,0
C000839,43,102397.45,3,0.2198,47,email,0,0,0
C000840,28,48184.37,5,0.3938,3,email,15,1,1
C000841,24,62440.03,6,0.1879,42,email,15,1,0
C000842,41,63474.94,2,0.1323,15,email,0,1,0
C000843,44,67223.81,5,0.4658,43,sms,0,0,0
C000844,72,52209.92,5,0.2792,47,email,10,1,0
C000845,49,53901.67,6,0.4269,116,email,15,0,0
C000846,68,178778.5,4,0.1094,43,email,10,1,0
C000847,58,32224.05,4,0.0645,38,sms,10,1,0
C000848,71,96426.79,5,0.2939,46,email,15,0,0
C000849,54,93404.58,5,0.5092,28,paid_social,5,0,0
C000850,44,96873.09,4,0.2539,37,paid_social,15,1,0
C000851,23,39748.51,7,0.3689,26,email,5,0,0
C000852,33,75652.92,8,0.2567,26,email,10,0,0
C000853,63,56748.34,12,0.1504,73,email,10,1,0
C000854,29,73204.49,5,0.2957,116,email,15,0,1
C000855,23,82467.29,8,0.1671,57,email,5,0,0
C000856,51,42557.96,5,0.3101,76,paid_social,15,1,1
C000857,47,78597.2,7,0.1192,96,email,5,1,0
C000858,67,62327.69,4,0.1332,104,email,10,0,0
C000859,24,31813.83,2,0.4711,78,email,10,1,0
C000860,73,212750.75,5,0.4616,96,email,0,1,0
C000861,44,41916.95,2,0.1102,80,email,10,1,0
C000862,54,110572.4,2,0.4515,111,paid_social,5,0,0
C000863,28,47065.08,7,0.599,60,email,10,0,0
C000864,57,64416.01,6,0.5529,4,email,10,1,0
C000865,68,72621.57,5,0.4775,81,email,15,1,1
C000866,62,78384.62,11,0.3408,4,direct_mail,0,1,0
C000867,69,137294.44,4,0.2206,16,paid_social,0,0,0
C000868,51,63303.31,4,0.3031,91,sms,5,1,0
C000869,34,141644.76,6,0.0554,34,paid_social,5,0,0
C000870,50,69137.92,6,0.3512,4,email,10,1,0
C000871,26,41357.05,10,0.4174,39,paid_social,10,0,1
C000872,25,87291.67,2,0.1833,82,paid_social,10,0,0
C000873,53,48125.08,3,0.2715,100,sms,20,0,0
C000874,22,138648.17,1,0.1895,30,email,0,1,0
C000875,53,91609.76,0,0.6837,105,sms,5,0,0
C000876,60,100544.59,6,0.1915,46,email,0,0,0
C000877,56,37043.75,5,0.0759,75,sms,0,0,0
C000878,74,81043.45,4,0.5746,30,sms,10,1,0
C000879,35,18000.0,2,0.2243,49,paid_social,5,1,0
C000880,51,48377.92,8,0.0391,105,paid_social,10,1,1
C000881,67,43788.28,3,0.0274,15,email,10,0,0
C000882,47,38200.55,6,0.1703,21,email,15,0,0
C000883,24,109037.47,3,0.1521,65,email,0,0,0
C000884,24,40014.61,3,0.3456,26,sms,20,1,0
C000885,36,30023.77,2,0.1183,37,email,5,0,0
C000886,39,143217.07,6,0.1362,5,email,10,0,0
C000887,72,57314.33,9,0.1583,119,sms,10,0,0
C000888,45,74358.9,2,0.4482,25,paid_social,15,1,0
C000889,31,40724.82,3,0.4663,85,email,0,1,0
C000890,60,89927.57,5,0.0503,1,email,15,0,0
C000891,33,68140.68,7,0.068,22,direct_mail,5,1,0
C000892,70,169361.83,3,0.0337,36,paid_social,5,0,0
C000893,60,55510.17,6,0.3333,100,email,20,0,0
C000894,64,62683.77,2,0.1681,75,direct_mail,10,0,0
C000895,35,117707.97,2,0.3794,77,paid_social,5,1,0
C000896,59,73722.96,5,0.3696,29,email,0,1,0
C000897,60,33820.27,6,0.838,29,email,5,0,0
C000898,47,61511.89,2,0.4674,2,email,10,0,0
C000899,24,63174.43,8,0.105,25,email,10,0,0
C000900,37,120311.01,6,0.0453,105,email,5,1,0
C000901,37,33459.84,7,0.1339,64,email,10,1,0
C000902,66,55362.27,5,0.3439,71,email,10,1,0
C000903,64,44531.89,7,0.3257,24,email,0,0,0
C000904,34,54599.12,5,0.2666,112,email,0,1,0
C000905,55,45397.52,3,0.0828,18,sms,10,0,0
C000906,56,41372.1,6,0.0911,25,sms,5,0,0
C000907,49,106164.14,4,0.213,53,email,10,1,0
C000908,60,66702.12,2,0.163,93,sms,10,0,0
C000909,64,92423.1,4,0.2558,47,email,0,0,0
C000910,33,39217.74,2,0.5819,62,direct_mail,0,0,0
C000911,27,52711.06,4,0.3073,103,email,0,0,0
C000912,45,142123.83,7,0.1463,78,email,5,0,0
C000913,32,60211.84,2,0.051,108,sms,5,1,0
C000914,50,60654.1,5,0.1976,57,email,15,0,0
C000915,33,74695.14,5,0.2267,57,email,5,0,0
C000916,59,77683.89,5,0.1018,97,email,10,1,0
C000917,29,79737.79,7,0.3786,90,email,5,0,0
C000918,26,53449.45,4,0.3453,50,email,20,1,0
C000919,34,37291.36,6,0.4207,15,email,5,1,0
C000920,31,52786.48,5,0.2672,107,email,5,1,0
C000921,58,37238.03,3,0.1072,63,email,0,0,0
C000922,47,77809.23,3,0.0347,75,email,10,0,0
C000923,40,29445.21,3,0.1077,63,sms,15,0,0
C000924,72,44526.39,4,0.2524,12,email,15,1,0
C000925,65,146932.9,2,0.1745,5,email,0,0,0
C000926,69,53985.73,3,0.3501,95,email,10,0,0
C000927,32,62916.13,2,0.1403,33,paid_social,0,0,0
C000928,67,55811.22,4,0.1816,32,paid_social,15,0,0
C000929,44,97062.28,3,0.0072,118,sms,15,1,0
C000930,63,121206.98,5,0.4571,61,email,5,1,0
C000931,63,57784.51,4,0.1329,61,email,20,0,0
C000932,45,41117.57,5,0.4733,5,paid_social,5,0,0
C000933,41,75798.59,3,0.5646,12,email,0,1,0
C000934,58,75237.98,8,0.6151,104,email,0,1,1
C000935,57,85851.74,5,0.0899,83,email,5,1,0
C000936,23,71884.84,2,0.0757,67,email,15,0,0
C000937,58,70182.93,6,0.1812,60,email,0,1,0
C000938,74,79947.47,2,0.0937,79,direct_mail,10,1,0
C000939,63,37630.75,3,0.2826,23,email,15,1,0
C000940,73,82615.42,10,0.2486,99,email,10,0,0
C000941,24,39301.63,2,0.1778,17,email,0,0,0
C000942,32,76535.82,7,0.1469,102,email,10,1,0
C000943,63,65901.13,6,0.238,112,email,5,1,0
C000944,24,47638.7,2,0.5136,119,email,5,0,0
C000945,34,50622.19,2,0.2215,81,paid_social,20,1,1
C000946,33,28895.72,12,0.1984,4,email,10,1,0
C000947,23,91469.94,3,0.479,13,email,15,1,0
C000948,30,36711.49,3,0.2517,107,email,0,1,0
C000949,28,63017.32,2,0.5054,2,email,5,0,0
C000950,39,213339.35,6,0.362,85,email,10,0,0
C000951,58,67914.89,8,0.0977,36,sms,10,1,0
C000952,32,31974.52,8,0.1566,9,sms,0,1,0
C000953,30,51084.76,3,0.3704,66,paid_social,0,0,0
C000954,71,43520.63,4,0.3074,78,email,20,1,0
C000955,57,165639.56,6,0.1806,22,paid_social,5,1,0
C000956,26,158119.58,4,0.1742,89,email,0,0,0
C000957,53,50210.57,1,0.3371,20,email,0,0,0
C000958,29,220000.0,0,0.288,59,paid_social,20,1,0
C000959,36,45557.59,3,0.4672,48,email,10,1,0
C000960,48,79574.87,4,0.2996,23,direct_mail,5,1,0
C000961,73,42103.96,4,0.2922,114,email,15,1,0
C000962,71,31099.81,9,0.191,94,sms,5,1,0
C000963,26,93978.71,6,0.4895,110,email,10,1,0
C000964,56,70056.75,4,0.4542,75,paid_social,15,1,0
C000965,64,143485.89,2,0.4968,103,email,10,0,0
C000966,47,59968.96,8,0.3053,21,sms,0,1,0
C000967,47,73569.65,3,0.1211,30,email,10,1,0
C000968,37,65843.95,7,0.3307,54,sms,15,0,0
C000969,50,65718.4,2,0.102,111,sms,15,0,0
C000970,30,48957.67,4,0.3872,26,email,5,0,0
C000971,64,46690.93,4,0.3542,36,paid_social,0,1,0
C000972,23,80543.77,4,0.1548,60,sms,5,0,0
C000973,46,50249.42,5,0.6022,92,sms,10,1,0
C000974,45,71168.08,9,0.3247,28,email,5,0,0
C000975,63,86699.07,4,0.1045,68,sms,10,1,0
C000976,32,148381.82,5,0.7332,16,paid_social,15,0,0
C000977,27,18000.0,3,0.1833,21,email,5,0,0
C000978,55,53525.05,6,0.0789,89,email,5,0,0
C000979,40,59225.85,3,0.2036,48,sms,5,1,0
C000980,38,128682.33,3,0.0527,87,email,10,1,0
C000981,68,50184.92,4,0.2104,83,email,10,0,0
C000982,54,91835.88,7,0.4155,53,sms,15,1,0
C000983,32,119020.11,7,0.2051,45,paid_social,20,1,0
C000984,59,53826.09,2,0.0699,113,email,10,0,0
C000985,67,119354.03,2,0.5855,86,direct_mail,0,0,0
C000986,69,89750.95,3,0.3327,75,paid_social,10,1,0
C000987,57,33602.29,9,0.6523,91,direct_mail,15,1,0
C000988,62,33121.36,2,0.2406,15,email,0,0,0
C000989,42,55170.33,1,0.3613,72,paid_social,10,1,0
C000990,33,23873.31,6,0.1959,51,direct_mail,5,1,0
C000991,60,37752.23,4,0.3887,36,sms,10,1,0
C000992,51,159604.12,3,0.1836,73,email,0,0,0
C000993,40,49087.63,3,0.4116,46,email,15,1,0
C000994,67,85476.48,1,0.4133,72,paid_social,10,1,0
C000995,38,108103.77,4,0.1435,30,email,5,0,0
C000996,70,48667.21,10,0.3913,12,direct_mail,10,1,0
C000997,55,75008.78,2,0.4092,37,email,5,0,0
C000998,28,88469.05,5,0.1219,61,paid_social,20,0,0
C000999,47,65928.7,3,0.1448,46,sms,10,1,0
C001000,66,26071.65,8,0.4556,53,email,10,0,0
C001001,32,39328.67,5,0.111,37,email,20,0,0
C001002,53,120039.97,6,0.0899,65,email,15,0,0
C001003,40,38071.78,2,0.7641,114,paid_social,20,1,0
C001004,54,101561.76,3,0.2391,80,email,10,1,0
C001005,46,65019.14,2,0.3513,97,email,15,0,0
C001006,22,69592.3,5,0.2744,83,sms,0,1,0
C001007,35,78051.82,2,0.1064,63,sms,5,1,0
C001008,70,41786.59,1,0.2082,102,email,5,0,0
C001009,34,49805.27,4,0.1415,117,sms,15,0,0
C001010,29,48030.18,2,0.5116,16,email,20,0,0
C001011,35,42849.36,5,0.3824,39,email,10,1,1
C001012,27,18643.8,6,0.5098,48,email,15,1,0
C001013,66,57310.14,6,0.199,46,email,10,1,0
C001014,69,95406.18,2,0.3585,10,email,5,1,0
C001015,22,45469.65,7,0.5472,112,email,0,0,0
C001016,50,47688.52,4,0.2479,12,email,0,1,0
C001017,54,49933.46,7,0.3846,26,sms,10,0,0
C001018,69,48315.26,5,0.0697,71,paid_social,0,1,0
C001019,42,61111.21,2,0.549,45,email,0,0,0
C001020,61,47708.37,3,0.3862,55,paid_social,20,1,0
C001021,66,89915.94,1,0.2041,90,email,10,0,0
C001022,53,79042.42,5,0.3561,32,email,20,0,0
C001023,29,126897.99,4,0.6137,14,sms,15,0,0
C001024,62,45479.45,3,0.5957,67,email,10,1,0
C001025,27,102196.55,3,0.0509,102,email,10,1,0
C001026,74,38665.13,5,0.159,76,email,0,1,0
C001027,69,84808.2,8,0.2886,89,paid_social,15,1,0
C001028,38,60833.86,4,0.5423,43,email,10,0,0
C001029,58,80193.34,5,0.4859,91,email,5,1,0
C001030,63,42023.23,7,0.0631,74,email,20,1,0
C001031,57,74166.68,5,0.5586,65,email,0,1,0
C001032,36,69453.16,2,0.1,38,email,10,0,0
C001033,54,38076.89,5,0.2405,2,email,15,1,0
C001034,65,35918.21,7,0.1378,2,email,10,1,0
C001035,56,89642.15,3,0.2481,32,email,0,1,0
C001036,24,180087.89,5,0.015,17,email,10,0,0
C001037,35,47369.42,6,0.1326,87,paid_social,10,1,0
C001038,36,113270.64,3,0.2042,86,sms,15,0,0
C001039,60,49000.45,7,0.2245,60,email,0,0,1
C001040,56,63764.09,4,0.2693,77,email,20,0,0
C001041,25,87187.87,4,0.0174,70,email,0,0,0
C001042,23,83490.09,2,0.3428,43,email,0,0,0
C001043,38,50577.9,5,0.3909,113,sms,10,0,0
C001044,51,79152.08,7,0.0938,89,paid_social,0,0,0
C001045,43,54374.55,4,0.1284,119,email,0,0,0
C001046,71,153485.49,9,0.3738,39,email,15,1,0
C001047,41,47372.42,7,0.1399,104,email,5,0,0
C001048,69,58689.85,5,0.2005,15,email,15,1,0
C001049,22,57878.03,5,0.0744,9,email,20,0,0
C001050,34,116750.74,4,0.1921,45,email,15,0,0
C001051,21,39224.82,2,0.3828,34,direct_mail,0,0,0
C001052,67,84556.16,4,0.2321,76,email,15,0,0
C001053,52,74559.02,4,0.0523,58,email,15,1,0
C001054,55,61002.61,6,0.4151,21,paid_social,10,1,0
C001055,58,71100.85,8,0.2603,44,email,15,0,0
C001056,50,94999.93,6,0.422,117,email,15,1,0
C001057,48,71429.88,3,0.2935,82,paid_social,5,0,0
C001058,21,57618.48,1,0.3834,74,email,5,1,0
C001059,45,67730.11,3,0.251,39,email,0,0,0
C001060,66,41240.79,6,0.1606,105,email,5,1,0
C001061,32,106949.91,5,0.3072,80,direct_mail,0,1,0
C001062,27,35858.84,3,0.1395,67,paid_social,5,0,0
C001063,41,32807.48,1,0.2627,90,email,0,0,0
C001064,39,42049.72,4,0.1472,7,sms,0,0,0
C001065,59,38621.14,3,0.3233,10,email,10,1,0
C001066,23,95230.75,7,0.3657,98,email,20,1,0
C001067,67,70019.81,3,0.3173,116,email,0,0,1
C001068,65,43266.77,3,0.3234,10,email,10,0,0
C001069,42,55083.31,3,0.1887,64,paid_social,10,1,0
C001070,55,65456.37,4,0.4044,2,email,0,1,0
C001071,60,77476.43,2,0.3021,33,sms,5,1,0
C001072,49,41155.48,6,0.492,79,sms,20,0,0
C001073,21,64418.82,5,0.3785,51,email,10,1,0
C001074,33,82336.16,4,0.209,10,email,10,1,0
C001075,33,90350.8,7,0.1802,118,email,20,1,0
C001076,58,29291.62,2,0.4913,22,email,15,1,1
C001077,47,93108.73,3,0.2914,59,sms,5,0,0
C001078,62,32178.14,3,0.5525,73,sms,5,1,0
C001079,62,95099.14,5,0.1959,109,email,0,1,0
C001080,52,18648.66,3,0.0536,18,direct_mail,15,0,0
C001081,66,48996.3,3,0.153,61,email,5,1,0
C001082,34,50959.34,2,0.4034,84,direct_mail,0,1,0
C001083,38,90630.47,1,0.1411,81,email,10,1,0
C001084,66,93462.34,5,0.296,85,email,0,1,0
C001085,26,61925.13,5,0.3643,19,email,15,0,0
C001086,56,28495.13,2,0.5008,67,direct_mail,0,0,0
C001087,64,127209.0,8,0.2987,97,email,10,0,0
C001088,51,72312.85,3,0.2166,80,sms,20,0,1
C001089,60,87635.55,4,0.2568,12,email,20,1,1
C001090,21,39894.99,6,0.1934,117,email,15,0,0
C001091,59,27653.31,3,0.0309,64,paid_social,5,1,0
C001092,29,73569.03,9,0.3349,18,email,15,0,0
C001093,28,86610.12,5,0.4989,28,paid_social,5,0,0
C001094,24,46104.45,4,0.2014,13,email,0,0,0
C001095,72,97747.44,4,0.6881,41,paid_social,15,0,1
C001096,32,109862.12,3,0.565,76,direct_mail,5,0,0
C001097,63,54588.53,3,0.1964,16,paid_social,20,1,0
C001098,41,51509.65,8,0.4784,118,email,5,0,0
C001099,57,81148.45,8,0.2488,78,paid_social,10,0,0
C001100,66,25111.61,1,0.0897,77,email,10,0,0
C001101,40,89678.28,6,0.4979,83,email,10,0,0
C001102,21,141025.74,6,0.325,72,email,10,1,0
C001103,41,55707.63,1,0.075,112,email,0,1,0
C001104,34,60401.6,5,0.3311,68,direct_mail,15,1,0
C001105,59,215511.24,4,0.3805,101,email,5,0,0
C001106,41,77337.38,3,0.1766,68,email,0,0,0
C001107,51,95954.93,5,0.3805,106,email,20,0,0
C001108,54,37654.17,10,0.2191,54,direct_mail,0,0,0
C001109,22,69788.71,2,0.3968,39,direct_mail,0,1,0
C001110,49,44731.12,1,0.2964,42,email,15,1,0
C001111,69,47009.74,2,0.0668,87,paid_social,0,1,0
C001112,59,32003.83,5,0.645,77,paid_social,20,0,1
C001113,45,34094.22,5,0.6954,37,email,15,0,0
C001114,67,111244.66,5,0.1979,61,sms,20,1,0
C001115,35,100189.15,0,0.2775,61,paid_social,0,0,0
C001116,74,72165.11,4,0.3864,74,email,10,0,0
C001117,65,102562.88,4,0.0608,112,direct_mail,0,0,0
C001118,63,42537.06,4,0.3716,21,email,10,0,0
C001119,21,39364.99,3,0.0539,92,email,10,1,0
C001120,60,57119.43,7,0.2032,101,sms,10,0,0
C001121,58,47965.91,6,0.5513,57,paid_social,20,0,0
C001122,63,140918.09,1,0.3931,67,paid_social,0,0,0
C001123,34,60599.34,1,0.0214,83,sms,10,0,0
C001124,64,25729.76,1,0.5014,92,sms,0,0,0
C001125,37,113210.31,4,0.0463,26,email,15,1,0
C001126,55,24346.97,5,0.3889,27,email,0,1,0
C001127,62,31940.3,1,0.1669,82,email,5,1,0
C001128,51,86720.87,5,0.1761,81,sms,10,1,0
C001129,45,123474.65,6,0.3487,22,email,10,1,0
C001130,65,27009.96,4,0.5815,6,email,15,0,0
C001131,71,53041.69,3,0.3772,84,email,10,0,0
C001132,47,63420.28,4,0.3006,52,email,10,1,0
C001133,62,138254.47,1,0.2662,103,direct_mail,20,1,0
C001134,64,70042.45,7,0.2165,22,email,5,1,0
C001135,67,24279.1,2,0.2093,107,email,5,1,0
C001136,54,82041.73,4,0.1933,38,email,5,1,0
C001137,69,35942.56,2,0.2823,7,paid_social,5,0,0
C001138,62,46147.04,5,0.2833,47,direct_mail,10,1,0
C001139,49,148573.14,4,0.6152,12,email,15,0,0
C001140,38,49291.88,6,0.3631,51,direct_mail,0,1,0
C001141,56,99696.54,2,0.2338,63,email,20,1,1
C001142,43,56506.12,5,0.2669,43,email,15,0,0
C001143,46,74633.22,3,0.1055,42,sms,5,0,0
C001144,60,47832.05,5,0.1393,99,email,20,0,0
C001145,47,48538.6,6,0.7129,25,direct_mail,10,0,0
C001146,73,48998.78,4,0.3533,64,email,15,1,0
C001147,36,63728.77,7,0.3649,92,email,0,0,0
C001148,65,141807.69,3,0.4306,15,email,15,1,0
C001149,22,82400.15,2,0.1406,26,email,5,1,0
C001150,36,60623.6,3,0.1509,66,email,20,1,0
C001151,41,55953.18,3,0.2669,117,direct_mail,5,0,0
C001152,62,59067.85,3,0.3007,103,email,20,1,0
C001153,73,113409.63,11,0.1025,91,email,20,1,1
C001154,26,40016.11,6,0.2937,39,sms,5,1,0
C001155,51,76521.7,5,0.2424,35,email,15,1,0
C001156,61,70638.72,5,0.3119,53,email,10,0,0
C001157,65,171425.26,3,0.2932,94,email,15,0,0
C001158,48,39526.49,9,0.5418,74,sms,5,1,0
C001159,64,25449.85,4,0.3057,52,email,0,0,0
C001160,22,58733.12,3,0.4352,19,sms,20,1,0
C001161,57,63917.36,3,0.3027,20,direct_mail,15,0,0
C001162,32,44743.57,1,0.1455,37,email,15,1,0
C001163,31,125177.12,2,0.0918,69,email,10,0,0
C001164,40,71654.1,4,0.1087,100,email,20,0,0
C001165,33,42181.42,2,0.2153,75,email,15,1,0
C001166,24,112062.94,5,0.5857,37,email,5,0,0
C001167,63,156185.75,4,0.0728,4,email,10,1,0
C001168,21,60336.62,2,0.6295,62,email,10,0,0
C001169,68,95291.11,6,0.2178,75,email,15,1,0
C001170,46,108556.64,6,0.1024,66,email,15,1,0
C001171,74,40449.74,5,0.1712,49,paid_social,10,1,0
C001172,25,63309.83,2,0.2274,67,sms,15,1,0
C001173,41,55345.75,6,0.1669,17,direct_mail,5,1,0
C001174,21,106564.41,0,0.2956,100,sms,0,1,0
C001175,25,55654.89,7,0.0526,38,sms,15,1,0
C001176,34,51322.09,6,0.5045,72,email,20,1,0
C001177,71,40894.8,4,0.7112,94,paid_social,15,0,0
C001178,30,110498.43,2,0.3045,33,paid_social,20,1,0
C001179,53,51610.57,2,0.055,86,direct_mail,10,0,0
C001180,55,79016.46,2,0.2836,15,email,5,0,0
C001181,45,38633.25,1,0.2775,10,paid_social,0,0,0
C001182,74,98705.62,4,0.6281,59,email,0,1,0
C001183,29,57913.64,5,0.4439,100,email,5,1,0
C001184,73,75939.43,3,0.4003,9,email,20,0,0
C001185,28,67563.47,6,0.1397,66,sms,10,0,1
C001186,31,74736.19,7,0.3121,63,paid_social,0,0,0
C001187,32,108515.35,4,0.1471,4,email,10,1,0
C001188,27,71618.6,3,0.2746,68,email,0,0,0
C001189,63,110104.33,7,0.197,69,email,15,1,0
C001190,35,70724.61,6,0.4003,79,direct_mail,10,1,0
C001191,59,46339.07,4,0.275,27,email,5,0,0
C001192,36,46437.47,6,0.0956,92,email,15,1,1
C001193,46,58695.54,2,0.1762,49,email,10,1,0
C001194,30,51601.43,6,0.1394,57,email,15,1,0
C001195,69,86135.27,2,0.1377,110,email,0,0,0
C001196,50,101153.75,7,0.2759,106,email,5,1,0
C001197,69,64845.41,2,0.2732,110,sms,0,1,0
C001198,36,49855.14,7,0.071,8,direct_mail,20,1,0
C001199,28,120374.72,7,0.2522,117,sms,20,0,0
C001200,41,63066.89,3,0.152,52,email,15,0,0
C001201,65,33929.16,5,0.3804,74,email,10,1,0
C001202,52,155518.45,3,0.2861,62,email,10,0,0
C001203,42,94687.78,8,0.3239,18,paid_social,0,0,0
C001204,65,26101.12,2,0.4409,88,email,0,0,0
C001205,62,54679.96,2,0.4314,109,direct_mail,0,1,0
C001206,71,80993.74,5,0.0072,61,sms,15,0,0
C001207,56,44264.49,5,0.0985,19,sms,20,0,0
C001208,70,55154.58,8,0.2809,73,paid_social,0,1,0
C001209,23,18000.0,5,0.1054,63,email,20,0,0
C001210,34,54497.36,2,0.2438,78,email,0,0,0
C001211,32,63119.17,4,0.3365,101,email,0,0,0
C001212,23,37573.37,6,0.3381,89,sms,15,1,0
C001213,72,52617.89,3,0.0356,24,email,0,1,0
C001214,41,35656.03,4,0.1192,15,sms,5,1,0
C001215,27,52484.04,7,0.175,76,email,15,1,0
C001216,28,77333.18,3,0.4272,97,email,15,1,1
C001217,51,68322.65,5,0.5354,51,email,10,0,0
C001218,67,85010.09,6,0.5331,85,direct_mail,0,0,0
C001219,55,108513.19,3,0.4634,5,email,0,0,0
C001220,53,61003.31,4,0.2275,112,email,0,0,0
C001221,71,42754.31,8,0.3715,56,sms,10,0,0
C001222,42,64945.69,4,0.3258,42,email,5,0,0
C001223,34,51002.62,2,0.0734,46,sms,15,1,0
C001224,59,220000.0,5,0.193,58,email,20,1,0
C001225,55,22512.9,6,0.1144,105,sms,15,1,1
C001226,54,57105.73,2,0.3878,24,paid_social,0,0,0
C001227,32,35323.26,5,0.6224,18,email,5,0,0
C001228,27,119236.36,5,0.4098,70,email,5,0,0
C001229,39,81725.85,7,0.0938,19,paid_social,15,0,0
C001230,46,35696.33,3,0.3603,8,email,10,1,0
C001231,67,62662.51,5,0.2954,74,sms,20,0,0
C001232,66,67916.16,5,0.2573,47,sms,10,1,0
C001233,34,58193.62,5,0.0574,35,email,0,1,1
C001234,72,40851.44,1,0.0041,8,email,0,1,0
C001235,63,43462.08,3,0.1437,17,sms,20,0,0
C001236,74,45235.29,2,0.0789,76,email,0,1,0
C001237,68,100715.63,2,0.082,38,sms,0,0,0
C001238,36,31587.75,5,0.2568,114,email,0,0,0
C001239,46,66765.55,7,0.3148,61,sms,5,1,0
C001240,74,26652.92,3,0.5161,86,email,20,0,0
C001241,42,56290.21,3,0.3962,5,sms,5,1,0
C001242,65,43645.11,12,0.3918,71,sms,10,1,1
C001243,68,201940.37,5,0.2592,15,sms,5,1,1
C001244,42,36988.16,7,0.3036,22,email,10,1,0
C001245,42,81148.94,4,0.0518,70,email,0,0,0
C001246,45,45555.82,2,0.1168,20,email,5,1,0
C001247,73,30352.64,5,0.4446,45,paid_social,10,0,0
C001248,58,55160.69,2,0.4451,23,sms,15,1,0
C001249,32,81205.3,5,0.0112,34,sms,20,1,0
C001250,32,24843.58,7,0.3488,80,email,15,0,0
C001251,49,83883.48,4,0.2372,107,email,15,1,0
C001252,31,71574.25,6,0.5965,42,email,15,1,0
C001253,48,91427.53,4,0.3789,78,email,0,0,0
C001254,58,35715.83,3,0.1765,43,email,10,0,0
C001255,39,143874.63,2,0.2336,56,paid_social,0,0,0
C001256,64,94177.34,5,0.2268,45,email,10,0,0
C001257,30,124611.94,5,0.0178,64,email,0,1,0
C001258,55,94281.29,4,0.3404,109,paid_social,10,1,0
C001259,38,97396.45,4,0.7613,50,email,5,1,0
C001260,56,42660.57,8,0.1877,81,email,15,0,0
C001261,33,91253.5,5,0.3503,13,email,5,1,0
C001262,42,31014.91,1,0.3328,28,paid_social,15,1,0
C001263,36,74635.94,3,0.2418,108,paid_social,10,1,0
C001264,59,50302.84,8,0.4494,98,email,15,0,1
C001265,23,72844.35,1,0.347,33,email,10,1,0
C001266,37,94119.19,2,0.3462,19,email,10,1,0
C001267,53,76359.96,6,0.6405,108,sms,10,1,0
C001268,43,69770.46,4,0.1948,99,email,0,0,0
C001269,39,74035.71,5,0.2802,19,paid_social,5,0,0
C001270,54,73439.68,5,0.0735,62,email,15,1,0
C001271,71,35312.85,7,0.3712,52,email,10,0,0
C001272,64,61168.71,2,0.2037,54,paid_social,10,1,0
C001273,35,101015.99,1,0.2533,44,paid_social,0,1,0
C001274,71,38753.03,4,0.3386,1,sms,10,0,0
C001275,34,75738.19,5,0.157,14,direct_mail,10,1,0
C001276,34,58752.55,5,0.4156,22,sms,0,0,0
C001277,46,54528.2,3,0.5969,16,email,5,0,0
C001278,47,67420.86,3,0.2866,98,direct_mail,0,1,0
C001279,21,59170.55,8,0.1876,107,email,0,1,0
C001280,35,114027.56,4,0.3377,107,email,5,1,0
C001281,39,99103.9,1,0.2499,81,email,5,1,0
C001282,42,42108.58,5,0.5072,85,email,5,1,0
C001283,29,47797.76,1,0.0463,91,sms,15,0,0
C001284,56,60816.18,5,0.3618,72,email,0,1,1
C001285,25,52455.91,1,0.2841,94,sms,15,1,0
C001286,56,71607.89,2,0.3986,68,sms,15,0,0
C001287,24,94981.59,2,0.0668,21,direct_mail,5,1,0
C001288,74,62537.37,3,0.2054,7,email,10,0,0
C001289,37,84408.43,2,0.1896,39,sms,20,0,0
C001290,61,195543.62,8,0.3085,12,sms,0,0,0
C001291,25,75846.69,4,0.2289,86,email,15,0,0
C001292,44,87722.49,2,0.3546,20,email,0,0,0
C001293,39,72403.89,2,0.2299,87,email,10,0,0
C001294,25,61179.16,5,0.725,98,sms,5,0,0
C001295,65,42772.97,5,0.159,31,email,0,0,0
C001296,45,61451.23,3,0.3728,43,sms,10,0,0
C001297,31,91502.82,7,0.2647,73,email,20,0,0
C001298,44,74983.31,3,0.5432,100,email,15,0,0
C001299,28,83771.18,2,0.4545,27,paid_social,15,0,0
C001300,56,95548.01,7,0.2424,112,sms,0,0,0
C001301,42,51174.55,3,0.3909,78,email,10,0,0
C001302,54,56153.16,2,0.3252,31,email,0,0,0
C001303,48,42846.24,3,0.0916,96,email,10,0,0
C001304,55,44615.72,4,0.2726,94,paid_social,15,1,0
C001305,65,139299.74,3,0.5599,101,email,5,0,0
C001306,40,67410.35,2,0.1601,38,sms,15,1,0
C001307,47,44423.5,4,0.3629,56,sms,0,1,0
C001308,51,87911.78,4,0.1314,115,email,15,0,0
C001309,69,54973.39,3,0.0652,18,email,5,1,0
C001310,29,36028.46,5,0.0979,100,sms,0,0,0
C001311,27,56115.89,8,0.1454,55,direct_mail,10,0,0
C001312,47,90428.96,6,0.1452,4,sms,10,1,0
C001313,22,73898.12,6,0.2726,15,email,10,1,0
C001314,51,65281.66,4,0.2982,4,email,10,1,0
C001315,68,62858.19,3,0.5268,79,email,5,1,0
C001316,74,40523.69,7,0.6708,98,email,10,1,0
C001317,53,83177.99,3,0.5438,94,email,0,1,0
C001318,53,36562.77,5,0.3464,22,email,10,0,0
C001319,36,71200.43,7,0.4075,59,email,0,1,0
C001320,68,190682.76,1,0.6125,33,email,10,1,0
C001321,63,29046.91,5,0.2027,45,email,0,0,0
C001322,64,116906.94,6,0.3762,53,sms,5,0,0
C001323,23,97927.1,8,0.3246,99,paid_social,0,0,0
C001324,40,53509.75,2,0.256,8,email,10,0,0
C001325,42,84156.87,3,0.5096,88,direct_mail,15,1,1
C001326,28,47905.84,2,0.0957,40,paid_social,10,1,0
C001327,46,62890.89,5,0.1298,33,paid_social,10,0,0
C001328,45,93137.69,6,0.3012,51,direct_mail,10,1,0
C001329,30,48472.47,3,0.0292,6,email,0,1,0
C001330,53,74896.76,6,0.0612,8,email,5,0,0
C001331,47,108475.05,1,0.3153,80,sms,10,0,0
C001332,43,63765.53,6,0.3728,60,email,5,0,0
C001333,40,72094.3,5,0.0502,14,sms,5,1,0
C001334,54,28106.96,8,0.3259,17,email,10,0,0
C001335,62,50455.98,5,0.5643,54,email,0,1,0
C001336,47,52034.23,8,0.3084,71,sms,10,0,0
C001337,48,129851.95,7,0.4437,100,email,15,1,0
C001338,51,52406.63,3,0.2185,113,email,0,0,0
C001339,63,66918.66,1,0.1829,69,paid_social,5,0,0
C001340,68,57822.91,6,0.0279,102,email,10,0,0
C001341,28,79878.74,1,0.1222,12,email,20,1,0
C001342,60,64862.69,3,0.2031,25,direct_mail,0,0,0
C001343,21,62667.34,4,0.184,11,email,10,0,0
C001344,72,60048.86,6,0.3112,24,email,0,0,0
C001345,38,102058.49,6,0.3779,119,email,20,1,0
C001346,50,46656.64,6,0.5149,77,email,20,0,0
C001347,51,35712.62,0,0.2826,97,sms,5,1,0
C001348,37,72473.9,8,0.361,67,direct_mail,5,0,0
C001349,43,94484.35,6,0.1515,73,sms,10,1,0
C001350,50,38386.34,7,0.7168,69,paid_social,15,0,0
C001351,24,51926.38,6,0.3019,113,paid_social,10,1,0
C001352,54,59005.56,5,0.3082,115,email,15,0,0
C001353,31,77529.22,5,0.4709,65,email,0,1,0
C001354,53,57769.52,7,0.577,61,sms,10,0,0
C001355,25,46795.39,5,0.2233,95,email,10,0,0
C001356,35,108506.96,5,0.1766,44,email,0,0,0
C001357,73,80014.43,5,0.0945,28,paid_social,0,0,0
C001358,73,52627.61,3,0.1025,97,email,10,1,0
C001359,46,64938.02,2,0.2737,4,email,10,1,0
C001360,67,101472.12,5,0.2866,98,email,15,0,0
C001361,56,51552.56,8,0.1522,48,email,10,0,0
C001362,29,188113.96,3,0.0992,82,email,10,0,0
C001363,59,61753.57,3,0.4164,58,email,10,1,0
C001364,73,90590.44,5,0.0092,68,paid_social,10,0,0
C001365,22,55318.91,7,0.468,15,email,0,0,0
C001366,43,95821.54,1,0.2657,113,email,10,1,0
C001367,26,52146.22,4,0.2286,71,sms,0,1,0
C001368,28,90092.53,2,0.5782,10,email,5,0,0
C001369,56,87974.42,5,0.0912,114,paid_social,5,1,0
C001370,37,62566.3,0,0.4618,73,paid_social,15,1,0
C001371,41,34698.39,6,0.1039,45,sms,10,1,0
C001372,56,47658.47,2,0.1157,4,email,5,0,0
C001373,34,65307.33,11,0.165,86,email,5,0,1
C001374,53,72455.06,4,0.5482,12,paid_social,5,1,1
C001375,34,33317.68,4,0.3878,103,sms,10,0,1
C001376,52,108423.74,7,0.1647,93,email,15,1,0
C001377,24,85434.28,4,0.3417,7,sms,5,0,0
C001378,49,93490.06,4,0.7049,97,email,0,0,0
C001379,37,61477.57,4,0.4332,112,sms,10,0,0
C001380,49,52540.3,5,0.5265,46,email,10,0,1
C001381,32,95551.27,4,0.5483,51,email,10,0,0
C001382,63,82224.75,4,0.0371,116,email,5,0,0
C001383,38,28099.05,5,0.104,65,paid_social,5,0,0
C001384,67,174724.02,5,0.0503,33,email,5,1,0
C001385,33,64303.32,3,0.2394,101,email,0,1,0
C001386,36,70966.54,3,0.3499,86,sms,10,0,0
C001387,56,53405.0,1,0.568,101,email,20,0,0
C001388,51,125216.53,1,0.3805,51,sms,5,0,0
C001389,57,67447.6,7,0.2575,49,email,20,0,0
C001390,73,80146.37,6,0.5591,39,email,15,0,1
C001391,39,73199.46,5,0.3696,43,email,5,1,0
C001392,53,42007.78,4,0.1687,67,email,10,1,0
C001393,46,54173.07,4,0.0569,54,email,5,1,0
C001394,67,47153.15,5,0.577,41,paid_social,20,1,0
C001395,45,90436.42,4,0.314,89,email,5,1,0
C001396,59,110931.0,3,0.3903,48,email,15,0,0
C001397,52,49015.32,2,0.2028,72,sms,20,1,0
C001398,66,50427.5,5,0.285,32,email,0,0,0
C001399,44,87686.1,2,0.134,113,email,20,0,0
C001400,34,50827.33,4,0.27,29,email,5,1,0
C001401,39,77059.85,2,0.3468,110,email,10,0,0
C001402,66,34473.09,4,0.3002,60,email,10,1,0
C001403,65,92118.05,3,0.0782,63,email,20,0,0
C001404,53,58321.0,2,0.4243,1,email,15,0,0
C001405,65,95184.55,4,0.3081,92,sms,15,1,0
C001406,45,39763.85,5,0.0874,69,email,15,0,0
C001407,50,58459.99,6,0.2425,31,email,10,0,0
C001408,26,51112.59,2,0.2463,2,email,10,1,0
C001409,62,61919.23,5,0.2723,25,email,15,1,0
C001410,41,88387.7,7,0.4082,108,paid_social,5,0,0
C001411,63,116768.54,4,0.4938,30,sms,0,1,0
C001412,22,104402.42,4,0.4003,38,sms,5,1,0
C001413,65,39151.21,2,0.1382,56,sms,0,1,0
C001414,49,172100.77,4,0.3882,44,email,15,0,0
C001415,59,40073.97,3,0.1289,41,email,10,1,0
C001416,49,48086.19,2,0.18,18,email,15,0,0
C001417,37,42455.63,4,0.1452,76,sms,20,0,0
C001418,65,81875.86,3,0.3747,23,direct_mail,10,0,0
C001419,43,52182.89,6,0.3714,82,direct_mail,10,0,0
C001420,73,122415.19,5,0.1717,88,email,15,1,0
C001421,65,93106.05,4,0.07,33,email,10,0,0
C001422,44,82219.89,1,0.4619,10,sms,5,0,0
C001423,57,116893.26,1,0.1565,61,email,20,1,0
C001424,74,153815.01,6,0.2379,68,sms,0,1,0
C001425,60,65616.64,2,0.4312,77,email,20,1,0
C001426,22,54510.08,2,0.0835,22,sms,5,0,0
C001427,61,51049.84,7,0.1394,75,email,0,0,0
C001428,45,61947.38,5,0.4509,18,paid_social,15,0,0
C001429,53,52518.76,2,0.1671,55,direct_mail,10,1,0
C001430,43,54360.93,0,0.3641,6,paid_social,10,1,0
C001431,41,39771.34,6,0.1162,73,email,5,0,0
C001432,48,34268.73,6,0.6373,42,email,15,1,0
C001433,61,48506.48,2,0.0589,91,direct_mail,10,1,0
C001434,38,47205.84,7,0.2146,50,email,0,1,0
C001435,67,71989.44,6,0.1961,71,email,5,1,0
C001436,65,86424.98,5,0.1526,109,sms,5,1,0
C001437,58,77490.38,3,0.2753,75,direct_mail,10,1,0
C001438,61,38436.43,6,0.1372,31,email,5,1,0
C001439,47,154069.18,3,0.0991,101,email,0,0,0
C001440,59,101537.89,3,0.4865,10,paid_social,10,0,0
C001441,35,91964.7,6,0.3135,32,sms,20,1,0
C001442,71,119123.78,8,0.1396,82,direct_mail,0,1,0
C001443,29,102419.22,3,0.1485,47,sms,0,0,0
C001444,53,83788.98,2,0.0517,16,email,5,0,0
C001445,58,81387.15,3,0.2126,41,email,15,0,0
C001446,60,70262.44,5,0.5437,109,email,5,1,0
C001447,40,57507.17,3,0.1123,54,email,15,1,0
C001448,71,49798.26,4,0.5663,95,email,15,1,0
C001449,42,43020.73,3,0.2288,62,paid_social,10,0,0
C001450,65,56956.96,7,0.0812,72,direct_mail,5,1,0
C001451,67,105067.77,6,0.2949,61,direct_mail,5,0,0
C001452,23,115547.81,3,0.4541,58,sms,0,0,0
C001453,42,47487.27,5,0.3543,77,paid_social,10,1,0
C001454,36,91629.47,4,0.5565,90,direct_mail,5,1,0
C001455,47,48198.56,4,0.442,2,paid_social,5,0,0
C001456,44,119656.27,4,0.7247,109,email,10,0,1
C001457,44,72381.02,5,0.361,101,email,15,1,0
C001458,39,47301.83,4,0.379,88,direct_mail,5,0,0
C001459,63,60273.39,5,0.6447,77,email,15,1,0
C001460,49,32837.47,5,0.3224,62,sms,0,0,0
C001461,68,63443.3,4,0.287,39,email,10,0,0
C001462,56,36539.3,7,0.1744,49,email,10,0,0
C001463,51,62513.65,4,0.4782,105,email,5,0,0
C001464,22,23901.62,5,0.1982,110,direct_mail,0,1,0
C001465,54,53401.03,3,0.1884,41,sms,0,0,0
C001466,62,81654.0,6,0.3744,65,paid_social,0,0,0
C001467,61,44653.87,5,0.2215,46,direct_mail,10,1,0
C001468,66,77174.69,2,0.6025,68,direct_mail,10,1,0
C001469,37,49405.75,3,0.3234,86,email,15,0,0
C001470,70,56867.89,6,0.5783,47,direct_mail,5,1,0
C001471,46,75276.52,5,0.169,57,email,15,0,0
C001472,72,29175.55,6,0.2286,10,email,10,0,0
C001473,62,55215.1,4,0.437,80,email,5,1,0
C001474,53,71306.89,7,0.1344,46,sms,15,0,0
C001475,23,43128.39,3,0.3034,18,direct_mail,15,1,0
C001476,32,41382.88,1,0.2236,97,email,15,0,0
C001477,22,62028.35,7,0.1036,91,sms,10,0,0
C001478,68,42651.35,9,0.0442,106,email,10,0,0
C001479,37,28316.4,4,0.2424,63,email,20,0,0
C001480,42,75043.98,2,0.0973,40,email,15,0,0
C001481,41,59250.63,8,0.0357,113,sms,0,1,0
C001482,60,124129.63,6,0.3275,44,direct_mail,10,0,0
C001483,27,63403.59,5,0.384,35,paid_social,10,1,0
C001484,45,35999.66,3,0.2415,77,email,20,0,0
C001485,24,162182.11,3,0.167,73,direct_mail,15,1,0
C001486,53,25928.24,4,0.2926,48,paid_social,10,1,0
C001487,36,80159.3,3,0.3743,28,email,10,0,0
C001488,56,93935.47,2,0.4673,39,email,0,0,0
C001489,56,39763.26,9,0.5174,12,direct_mail,10,0,0
C001490,28,33150.47,5,0.3837,16,direct_mail,0,0,0
C001491,30,45640.31,4,0.447,113,sms,0,1,0
C001492,31,35277.85,5,0.1722,17,email,15,1,0
C001493,42,31581.29,4,0.0624,75,email,5,1,0
C001494,26,38401.04,2,0.3207,66,sms,15,1,0
C001495,56,73633.78,3,0.1849,74,paid_social,0,0,0
C001496,71,28930.46,4,0.4859,12,email,10,1,0
C001497,49,138356.47,3,0.3159,46,email,15,1,0
C001498,47,50420.64,1,0.3167,110,direct_mail,0,0,0
C001499,37,42326.05,1,0.2483,86,sms,5,0,0
C001500,70,57726.68,2,0.1777,82,email,20,0,0
C001501,62,48647.77,2,0.2776,28,paid_social,15,0,0
C001502,70,86209.53,2,0.5659,92,sms,10,1,0
C001503,62,163072.87,5,0.1282,72,email,5,0,0
C001504,66,74499.51,1,0.1841,103,email,20,0,0
C001505,31,48483.05,3,0.6665,48,email,15,1,0
C001506,48,84096.95,5,0.5491,43,email,0,1,0
C001507,70,74702.39,5,0.1834,28,sms,10,1,0
C001508,62,33370.35,3,0.5675,36,direct_mail,20,1,1
C001509,63,47770.21,3,0.508,102,email,5,0,1
C001510,63,56110.58,3,0.27,32,paid_social,5,1,0
C001511,37,65793.13,6,0.2985,21,sms,15,0,0
C001512,63,119002.51,4,0.1953,77,email,0,1,0
C001513,54,140670.21,6,0.4822,34,email,15,0,0
C001514,72,48512.43,8,0.5533,74,sms,20,1,1
C001515,34,89110.23,5,0.3782,6,sms,10,1,0
C001516,38,25717.56,4,0.0278,76,sms,0,0,0
C001517,28,60568.52,6,0.0563,82,email,0,0,0
C001518,26,90833.96,7,0.243,98,direct_mail,10,1,0
C001519,54,26893.14,5,0.215,60,email,0,0,0
C001520,39,103491.18,3,0.0536,14,sms,15,0,0
C001521,35,159954.39,4,0.3282,109,direct_mail,5,0,0
C001522,44,57434.49,9,0.5968,112,email,15,0,1
C001523,65,42101.3,4,0.2363,6,direct_mail,20,1,0
C001524,55,46954.26,5,0.1579,57,paid_social,10,0,0
C001525,40,55076.01,2,0.1528,16,email,0,1,0
C001526,66,59121.81,4,0.5598,54,email,10,0,0
C001527,73,95612.9,2,0.0917,71,email,10,0,0
C001528,67,42999.14,4,0.0665,72,sms,10,0,0
C001529,42,30197.04,2,0.1922,85,sms,10,1,0
C001530,31,24625.65,2,0.2185,98,email,15,0,0
C001531,37,88582.62,2,0.263,6,email,10,1,0
C001532,57,151120.26,3,0.5426,63,direct_mail,5,1,0
C001533,46,74700.5,4,0.463,43,email,10,1,0
C001534,57,101291.34,7,0.3134,102,paid_social,15,0,0
C001535,71,63475.32,3,0.3878,97,email,5,0,0
C001536,41,83681.01,10,0.5611,47,email,10,0,0
C001537,31,49003.28,2,0.2927,103,direct_mail,10,1,0
C001538,63,76499.39,2,0.4245,32,email,0,0,0
C001539,44,78216.55,8,0.4979,70,email,15,0,0
C001540,41,53719.66,3,0.3436,92,email,5,0,0
C001541,44,68345.07,2,0.3878,15,email,10,1,0
C001542,31,86497.62,7,0.0742,6,paid_social,10,1,0
C001543,50,77828.61,5,0.4249,78,email,10,0,0
C001544,42,54002.52,5,0.247,19,sms,5,0,0
C001545,57,31424.1,3,0.1884,19,sms,0,1,0
C001546,47,33419.08,5,0.0816,76,direct_mail,5,1,0
C001547,57,117489.65,4,0.5104,74,sms,10,1,0
C001548,50,60123.82,7,0.3314,43,email,10,1,0
C001549,45,117250.58,10,0.287,67,email,10,1,0
C001550,38,74062.7,6,0.326,90,email,15,1,0
C001551,47,162909.17,3,0.2458,36,email,15,0,0
C001552,56,60515.73,5,0.0368,80,email,0,0,0
C001553,70,84559.36,4,0.2025,99,paid_social,5,1,0
C001554,33,77655.74,0,0.2333,80,email,15,0,0
C001555,59,86348.79,3,0.3648,118,sms,0,1,0
C001556,45,39835.24,7,0.4256,107,direct_mail,10,0,0
C001557,56,84844.1,4,0.4512,111,email,15,0,0
C001558,44,63904.37,2,0.0361,9,email,15,1,0
C001559,27,118669.29,7,0.0906,40,email,5,1,0
C001560,40,38424.92,6,0.1813,46,direct_mail,15,0,0
C001561,47,36289.44,5,0.1693,48,email,10,1,0
C001562,74,57801.47,6,0.274,103,sms,5,0,0
C001563,67,41151.68,4,0.2343,67,email,5,1,0
C001564,46,66818.16,4,0.0323,21,email,20,1,0
C001565,50,29870.52,3,0.285,110,paid_social,10,0,0
C001566,65,85658.84,4,0.0661,113,paid_social,0,1,0
C001567,46,30962.55,5,0.3978,35,email,5,0,0
C001568,34,84559.28,4,0.3975,32,email,10,0,0
C001569,56,47479.51,7,0.3574,92,email,0,0,0
C001570,31,168758.73,5,0.2615,17,email,5,0,0
C001571,29,71845.44,3,0.0969,21,email,0,1,0
C001572,60,50238.48,9,0.1905,20,email,20,0,0
C001573,42,63232.02,6,0.186,51,email,15,0,0
C001574,57,48415.63,3,0.2814,87,sms,10,1,0
C001575,34,114987.91,4,0.3969,97,email,20,1,0
C001576,48,59429.37,5,0.1198,109,email,10,0,0
C001577,68,70934.99,4,0.233,5,email,0,0,0
C001578,28,104576.57,9,0.1694,38,direct_mail,10,1,0
C001579,70,56746.2,7,0.248,85,sms,15,1,0
C001580,43,46779.29,3,0.521,112,email,5,0,0
C001581,69,50266.94,10,0.5394,72,email,5,0,0
C001582,41,48518.22,5,0.3829,15,sms,10,0,0
C001583,37,88835.75,6,0.4939,17,email,10,1,0
C001584,59,109776.45,3,0.2313,21,email,0,0,0
C001585,70,85462.26,3,0.4199,87,email,5,0,0
C001586,28,79108.19,1,0.3732,117,email,5,0,0
C001587,26,51379.83,5,0.3465,12,paid_social,5,1,0
C001588,60,45595.19,4,0.208,41,email,20,1,0
C001589,26,69225.51,6,0.5274,59,paid_social,10,1,0
C001590,41,113973.1,0,0.7857,66,sms,15,1,0
C001591,28,83458.83,2,0.1213,89,email,15,0,0
C001592,60,71570.88,5,0.2704,100,paid_social,15,1,0
C001593,47,58203.15,3,0.4231,8,email,0,0,0
C001594,29,53314.84,5,0.5219,25,sms,20,1,1
C001595,43,112786.9,1,0.4937,23,email,15,0,0
C001596,69,46350.25,4,0.5065,46,direct_mail,5,0,0
C001597,31,62371.51,2,0.1661,21,email,15,0,0
C001598,55,70004.78,2,0.5827,87,sms,15,1,1
C001599,70,150674.85,5,0.3394,65,email,10,0,0
C001600,27,159272.71,6,0.3086,57,email,5,0,0
C001601,31,37874.41,3,0.3457,9,email,10,1,0
C001602,72,31779.55,5,0.1265,19,email,10,0,0
C001603,71,43486.7,8,0.4329,102,email,0,0,0
C001604,26,77631.62,3,0.3361,20,paid_social,10,1,0
C001605,32,85460.8,2,0.0817,119,paid_social,20,1,0
C001606,69,47111.53,7,0.0324,35,sms,15,1,1
C001607,50,48778.64,3,0.1046,28,direct_mail,10,0,0
C001608,66,220000.0,3,0.3485,40,paid_social,5,1,0
C001609,74,76154.43,1,0.4144,46,email,15,1,0
C001610,32,37789.36,3,0.0893,80,email,20,1,0
C001611,28,78858.62,5,0.0673,115,email,0,1,0
C001612,47,70139.58,12,0.2213,28,sms,15,1,0
C001613,34,56435.82,6,0.3739,78,sms,0,1,0
C001614,54,22259.66,4,0.3631,45,email,15,0,0
C001615,47,137392.5,6,0.2098,86,direct_mail,15,1,0
C001616,43,53300.18,7,0.1643,18,paid_social,10,1,0
C001617,37,62050.33,5,0.212,93,sms,0,1,0
C001618,28,55568.34,6,0.2044,25,sms,15,0,0
C001619,54,30036.91,6,0.223,58,email,0,0,0
C001620,34,52302.25,4,0.3087,79,email,0,1,0
C001621,49,70646.09,8,0.0367,19,email,15,1,0
C001622,21,55211.6,5,0.4093,95,direct_mail,5,0,0
C001623,59,43372.72,8,0.7481,36,email,0,0,0
C001624,71,111158.48,4,0.0626,6,sms,0,1,0
C001625,72,36828.56,3,0.2211,99,email,20,1,0
C001626,26,44968.85,3,0.2087,8,email,5,1,0
C001627,68,54799.37,5,0.1548,52,email,0,1,0
C001628,23,203108.81,4,0.161,71,email,10,0,0
C001629,71,31387.44,9,0.2196,11,paid_social,10,1,0
C001630,29,81444.04,3,0.5629,87,sms,5,1,0
C001631,55,55219.17,4,0.4965,119,email,20,1,0
C001632,23,107858.57,3,0.1052,113,paid_social,10,1,0
C001633,24,47818.83,1,0.2184,102,email,15,1,0
C001634,67,48923.9,3,0.1454,57,email,5,0,0
C001635,31,120072.12,2,0.0642,88,email,10,1,0
C001636,26,77573.71,3,0.7499,113,email,10,1,0
C001637,68,74809.2,8,0.167,13,email,15,0,0
C001638,43,90543.12,0,0.3001,87,email,15,1,0
C001639,27,48063.15,7,0.5328,47,email,15,1,0
C001640,56,132300.45,6,0.2931,32,email,0,0,0
C001641,34,39951.31,2,0.3715,46,email,10,0,0
C001642,43,60273.87,7,0.0746,59,email,20,1,0
C001643,52,61191.95,4,0.0959,79,email,10,1,0
C001644,58,36909.47,3,0.3622,85,paid_social,10,1,0
C001645,30,108184.86,4,0.2575,100,email,10,0,0
C001646,39,78251.12,5,0.2903,89,email,0,1,0
C001647,74,84525.94,5,0.7358,76,direct_mail,10,0,0
C001648,43,39397.77,5,0.2853,64,email,15,1,0
C001649,21,69801.23,6,0.211,97,email,15,0,0
C001650,61,27438.59,6,0.0129,65,email,5,0,0
C001651,53,26261.12,4,0.1919,35,direct_mail,10,1,0
C001652,24,94344.84,7,0.4428,40,email,0,1,0
C001653,73,125183.6,5,0.2957,78,paid_social,20,1,0
C001654,25,77866.9,4,0.2687,104,email,0,1,0
C001655,22,56576.93,6,0.3575,102,sms,10,1,0
C001656,61,109883.61,6,0.4597,100,paid_social,15,1,1
C001657,34,55683.36,5,0.6351,60,email,5,0,0
C001658,63,93368.95,9,0.6656,85,email,15,0,0
C001659,29,108884.6,1,0.0193,38,email,5,1,0
C001660,41,67193.81,4,0.185,18,email,15,1,0
C001661,28,155765.99,2,0.499,27,sms,0,1,0
C001662,24,50565.54,8,0.2364,17,email,0,0,0
C001663,72,41138.69,2,0.2095,105,direct_mail,15,1,0
C001664,25,77619.71,4,0.3613,102,paid_social,15,0,0
C001665,62,57060.2,5,0.6086,93,email,5,0,0
C001666,47,29565.55,7,0.1678,24,sms,15,0,0
C001667,44,39040.52,8,0.5282,24,paid_social,20,1,0
C001668,46,104536.9,4,0.1156,70,sms,0,0,0
C001669,60,88821.18,3,0.6532,59,email,0,1,0
C001670,41,78084.06,0,0.586,110,email,10,0,0
C001671,30,44352.12,3,0.3288,65,paid_social,5,0,0
C001672,62,107709.79,4,0.6672,13,email,5,0,0
C001673,72,28296.74,4,0.2219,5,email,10,1,0
C001674,31,48122.02,3,0.6679,57,email,5,0,0
C001675,49,80158.81,3,0.6589,39,email,10,1,0
C001676,22,52509.9,5,0.3661,61,paid_social,20,1,0
C001677,41,35799.14,3,0.4099,119,paid_social,5,1,0
C001678,61,25831.57,5,0.2791,38,email,0,1,0
C001679,55,102329.05,6,0.3623,49,email,10,0,0
C001680,53,53662.44,5,0.3809,1,email,15,1,0
C001681,61,100082.64,2,0.1761,77,email,10,0,0
C001682,65,126705.62,2,0.0786,19,direct_mail,0,0,0
C001683,54,51867.73,5,0.2507,30,email,0,1,0
C001684,40,58830.33,4,0.4076,53,email,0,0,0
C001685,58,56711.85,5,0.3092,101,sms,10,1,0
C001686,24,100700.57,5,0.5025,116,email,10,1,1
C001687,67,96164.01,3,0.1135,7,sms,20,0,0
C001688,38,60284.47,5,0.3682,27,paid_social,15,1,0
C001689,53,40476.09,4,0.3654,95,email,15,0,0
C001690,70,77288.46,5,0.2174,58,email,15,1,0
C001691,70,74512.44,6,0.1305,67,email,5,1,0
C001692,39,36309.51,12,0.3203,46,paid_social,0,1,0
C001693,51,86875.39,2,0.3444,48,paid_social,0,0,0
C001694,61,33073.04,4,0.167,24,paid_social,10,0,0
C001695,64,100872.18,6,0.3547,2,email,15,0,1
C001696,22,36644.17,3,0.0643,80,sms,10,1,0
C001697,51,96366.24,3,0.301,27,paid_social,10,1,0
C001698,50,66896.94,4,0.4322,70,email,5,0,0
C001699,52,64453.06,5,0.1508,115,sms,5,0,0
C001700,22,59172.7,3,0.2767,29,email,15,0,0
C001701,38,93775.57,4,0.2484,26,paid_social,0,0,0
C001702,56,40963.68,2,0.3941,108,email,10,1,0
C001703,65,75884.24,4,0.2156,18,email,10,1,0
C001704,62,70099.04,2,0.1175,39,paid_social,5,1,0
C001705,49,57318.87,5,0.575,98,email,15,1,0
C001706,45,128892.79,6,0.5102,3,email,0,0,0
C001707,47,102859.19,4,0.1769,88,direct_mail,5,0,0
C001708,68,39582.47,2,0.1591,18,email,10,0,0
C001709,48,178772.22,3,0.1396,53,email,5,1,0
C001710,74,63391.76,4,0.5404,108,email,5,0,0
C001711,68,132778.41,5,0.4427,113,sms,0,0,0
C001712,71,51575.96,7,0.2451,113,email,0,0,0
C001713,49,56156.72,7,0.497,86,paid_social,15,1,0
C001714,68,41824.96,4,0.3177,78,email,5,0,0
C001715,64,65408.24,7,0.3113,83,email,5,1,0
C001716,30,78942.56,3,0.1919,77,paid_social,15,0,0
C001717,46,66022.2,2,0.3538,50,sms,10,1,0
C001718,49,106993.39,3,0.1704,38,email,15,0,0
C001719,29,74321.94,4,0.1093,98,paid_social,0,0,0
C001720,57,124338.47,3,0.1962,93,email,10,0,0
C001721,54,79137.85,4,0.3453,99,email,5,1,0
C001722,47,69714.3,5,0.1859,102,email,10,0,0
C001723,62,43117.57,7,0.4442,43,email,10,0,0
C001724,21,55037.33,5,0.092,23,paid_social,10,0,0
C001725,74,79276.47,5,0.0091,36,direct_mail,10,0,0
C001726,56,58709.02,7,0.3119,64,email,0,0,0
C001727,22,47642.32,3,0.4311,48,paid_social,15,0,0
C001728,46,100893.12,9,0.4152,78,email,10,0,0
C001729,73,48483.87,6,0.0774,108,email,10,1,0
C001730,57,59907.96,3,0.0455,85,paid_social,0,0,0
C001731,40,52537.64,4,0.2144,106,direct_mail,0,0,0
C001732,42,105943.42,9,0.0633,56,email,20,0,0
C001733,26,61647.48,2,0.1361,63,paid_social,15,1,0
C001734,23,172181.23,2,0.5041,47,direct_mail,0,0,0
C001735,50,133917.52,3,0.4837,66,email,10,0,0
C001736,21,66876.12,5,0.1292,41,email,5,1,0
C001737,50,58591.6,3,0.0801,113,sms,10,1,0
C001738,51,72903.77,4,0.5102,12,email,5,1,0
C001739,37,34967.69,5,0.0692,6,email,0,1,0
C001740,36,150604.57,4,0.2955,68,email,0,1,0
C001741,67,62409.2,7,0.1531,92,email,0,0,0
C001742,29,38940.76,4,0.0634,27,email,15,1,0
C001743,42,50117.62,5,0.6416,1,email,15,1,0
C001744,29,38777.69,3,0.5277,104,email,15,1,0
C001745,47,58591.84,2,0.1716,101,email,5,0,0
C001746,40,58535.2,5,0.3991,39,paid_social,15,0,0
C001747,27,143854.19,7,0.2294,91,paid_social,20,0,0
C001748,27,161238.76,2,0.1975,113,sms,0,1,0
C001749,72,116702.58,4,0.134,16,email,10,0,0
C001750,64,61299.15,8,0.0908,78,email,0,0,0
C001751,57,44108.44,6,0.1378,6,email,15,1,0
C001752,37,53318.82,8,0.2538,104,email,10,0,0
C001753,32,42732.71,4,0.2812,44,email,0,0,0
C001754,51,49384.3,11,0.2015,40,paid_social,0,0,0
C001755,72,87149.36,5,0.0758,49,email,10,1,0
C001756,54,72661.97,8,0.2777,55,email,5,1,0
C001757,51,45117.61,2,0.0799,59,email,10,0,0
C001758,58,76936.04,8,0.1591,12,email,15,0,1
C001759,34,142112.03,3,0.2751,60,sms,5,1,0
C001760,71,220000.0,4,0.162,32,email,20,1,0
C001761,32,86167.51,7,0.1612,61,paid_social,20,1,0
C001762,50,61913.72,4,0.029,69,email,5,0,0
C001763,70,47339.69,2,0.4117,72,sms,15,1,0
C001764,28,132186.78,4,0.0382,64,email,15,1,0
C001765,31,81791.67,2,0.1644,6,sms,10,1,0
C001766,64,64761.27,8,0.5585,91,email,0,0,0
C001767,69,56992.35,3,0.2786,20,email,20,1,0
C001768,64,94521.01,4,0.2521,99,sms,0,0,0
C001769,69,60069.52,4,0.1474,66,direct_mail,10,0,0
C001770,28,126620.95,5,0.4335,40,paid_social,10,1,0
C001771,40,62215.93,7,0.273,67,email,15,0,0
C001772,41,58880.35,5,0.1574,78,email,0,1,0
C001773,50,75989.87,4,0.0714,37,paid_social,10,1,0
C001774,63,113940.26,5,0.2388,89,email,5,0,0
C001775,60,32939.06,5,0.2837,79,email,15,0,0
C001776,49,82428.11,6,0.5759,32,sms,10,1,0
C001777,51,52708.28,5,0.2369,35,email,15,0,0
C001778,21,58910.67,5,0.5314,70,email,15,0,0
C001779,72,126286.95,1,0.0728,85,email,0,1,0
C001780,69,41052.08,2,0.2645,16,email,10,1,0
C001781,34,43220.56,5,0.2514,84,paid_social,5,0,0
C001782,30,119796.62,4,0.3148,66,sms,5,1,0
C001783,30,89383.48,4,0.1432,86,direct_mail,20,0,0
C001784,52,130850.68,5,0.3932,85,email,5,1,0
C001785,35,67472.35,5,0.0316,52,direct_mail,0,1,0
C001786,64,45959.12,0,0.1271,43,paid_social,10,0,0
C001787,54,44125.77,3,0.1392,97,email,5,1,0
C001788,61,95920.96,0,0.0288,24,paid_social,0,1,0
C001789,49,93190.69,2,0.1258,74,email,15,1,0
C001790,44,54689.35,7,0.1264,83,sms,15,1,0
C001791,70,49202.91,6,0.2788,25,email,0,1,0
C001792,34,56571.91,2,0.243,118,sms,5,1,0
C001793,74,78017.04,6,0.1288,115,email,10,0,0
C001794,29,105173.38,2,0.2526,24,email,10,1,0
C001795,68,109949.94,5,0.2871,59,direct_mail,20,1,0
C001796,54,35537.72,2,0.0646,56,email,0,0,0
C001797,62,36517.61,4,0.2876,94,email,0,0,0
C001798,54,80822.46,3,0.2454,44,sms,15,1,0
C001799,23,41368.71,8,0.428,58,email,0,0,0
C001800,67,84313.8,3,0.2934,2,email,10,0,0
C001801,45,75836.55,2,0.3794,5,email,15,1,0
C001802,32,59395.98,8,0.3548,77,email,0,1,0
C001803,42,103969.87,3,0.5074,101,sms,20,0,0
C001804,45,87421.03,6,0.124,52,sms,15,1,0
C001805,50,69363.06,2,0.3415,27,paid_social,5,0,0
C001806,31,32519.11,5,0.5903,10,paid_social,0,0,0
C001807,56,74059.37,2,0.3831,46,email,15,0,0
C001808,38,107354.42,6,0.4126,1,paid_social,20,1,0
C001809,22,35337.62,4,0.3403,2,email,10,0,0
C001810,23,106971.87,4,0.2006,87,email,20,0,0
C001811,45,80236.93,2,0.5495,14,direct_mail,10,0,0
C001812,64,81116.7,3,0.0964,12,email,5,0,0
C001813,26,34392.24,8,0.4898,88,sms,10,0,1
C001814,58,111578.45,5,0.6086,88,email,10,0,0
C001815,56,43399.69,1,0.1634,102,sms,0,1,0
C001816,40,35626.12,6,0.2659,89,email,15,1,0
C001817,42,60778.1,4,0.1183,76,paid_social,0,0,0
C001818,35,90170.23,4,0.2226,118,email,5,1,0
C001819,66,71565.49,7,0.1951,106,email,15,0,0
C001820,56,64534.88,4,0.8094,3,sms,5,1,0
C001821,62,46515.65,6,0.3634,52,sms,0,1,0
C001822,29,73907.13,1,0.2638,54,email,0,1,0
C001823,27,117804.34,3,0.1329,113,email,5,1,0
C001824,32,93048.51,3,0.3925,22,sms,15,1,0
C001825,23,76322.58,3,0.1247,42,sms,20,0,0
C001826,35,117534.48,2,0.1303,39,email,20,1,0
C001827,62,53104.51,2,0.0903,67,paid_social,20,1,0
C001828,49,81570.04,7,0.1332,58,email,5,1,0
C001829,58,36328.27,3,0.1334,39,paid_social,5,0,0
C001830,52,150504.91,4,0.084,48,email,5,0,0
C001831,69,117294.87,4,0.2489,12,paid_social,15,0,0
C001832,74,72623.15,1,0.0738,15,paid_social,10,0,0
C001833,28,50309.52,5,0.0149,110,email,10,0,0
C001834,59,87915.31,7,0.0621,116,sms,10,0,0
C001835,60,37651.59,4,0.6597,77,sms,0,1,0
C001836,53,25345.17,1,0.3967,15,email,0,1,0
C001837,55,90805.84,4,0.1199,88,email,15,0,0
C001838,43,52244.81,6,0.3612,17,paid_social,5,0,0
C001839,53,65009.75,8,0.1455,92,email,20,1,1
C001840,38,83817.98,5,0.4061,36,email,10,0,0
C001841,33,93926.62,4,0.2127,13,paid_social,5,1,0
C001842,56,38913.46,3,0.2699,61,sms,10,1,0
C001843,33,50561.67,4,0.2001,104,email,20,1,0
C001844,49,51364.95,1,0.3052,50,direct_mail,15,0,0
C001845,49,85445.76,6,0.0093,6,sms,5,0,0
C001846,31,46802.79,8,0.2065,36,direct_mail,10,0,0
C001847,45,163741.61,5,0.0944,103,sms,10,0,0
C001848,27,69991.91,7,0.2291,69,email,20,0,0
C001849,70,38207.78,5,0.3998,67,email,5,1,0
C001850,35,106686.08,3,0.3729,53,sms,0,1,0
C001851,33,42575.01,3,0.0783,63,email,10,1,0
C001852,70,131545.25,9,0.4745,24,email,0,0,0
C001853,27,48488.34,7,0.1005,58,email,15,1,0
C001854,27,65371.39,4,0.1827,71,sms,20,1,0
C001855,37,79812.4,4,0.246,97,sms,20,1,0
C001856,58,35349.35,4,0.7312,33,email,20,0,0
C001857,41,30504.75,4,0.0853,45,email,15,0,0
C001858,29,66867.49,4,0.1095,26,email,10,1,0
C001859,60,53649.07,7,0.4608,84,email,5,1,0
C001860,56,30097.37,2,0.6742,38,sms,0,1,0
C001861,60,33393.77,0,0.3291,64,paid_social,5,1,0
C001862,57,102886.14,3,0.1766,36,email,10,0,1
C001863,46,57926.75,6,0.3537,9,email,5,1,0
C001864,63,67597.19,4,0.0518,105,sms,15,1,0
C001865,41,99206.0,2,0.1957,105,email,15,0,0
C001866,58,41636.08,3,0.4146,70,email,20,0,1
C001867,49,113918.4,5,0.2895,106,paid_social,0,0,0
C001868,56,75712.59,1,0.3031,117,email,15,1,0
C001869,54,86174.49,0,0.3486,26,email,20,0,0
C001870,36,97758.47,7,0.2829,1,email,10,1,0
C001871,46,41044.72,5,0.1108,1,email,5,0,0
C001872,27,38801.47,2,0.2471,34,sms,0,1,0
C001873,68,68489.79,4,0.1739,68,sms,0,1,0
C001874,62,167514.83,2,0.499,99,paid_social,15,0,0
C001875,40,46137.33,4,0.1456,85,email,10,1,0
C001876,28,73621.35,4,0.1687,52,sms,0,0,0
C001877,32,42949.87,4,0.351,92,email,10,1,0
C001878,32,185925.46,4,0.3207,93,email,15,0,0
C001879,56,98189.48,9,0.482,36,paid_social,20,1,0
C001880,53,48161.29,2,0.07,13,email,0,1,0
C001881,56,49824.8,4,0.1905,20,sms,5,1,1
C001882,67,39569.99,3,0.6349,70,email,0,0,0
C001883,46,55395.65,3,0.185,36,email,10,1,0
C001884,59,64961.07,2,0.1985,70,email,0,0,0
C001885,23,39567.94,0,0.0772,96,email,0,0,0
C001886,72,76846.55,7,0.2332,65,sms,15,1,0
C001887,31,53303.54,5,0.1995,8,paid_social,15,1,0
C001888,35,61013.23,2,0.4169,52,email,20,0,0
C001889,42,106210.2,9,0.2384,74,email,0,1,0
C001890,62,72439.11,8,0.5436,43,email,15,0,1
C001891,53,112693.72,1,0.4973,74,direct_mail,10,0,0
C001892,22,40574.39,10,0.2754,57,email,0,1,0
C001893,69,115957.47,7,0.2925,81,sms,15,0,0
C001894,60,40604.49,6,0.3264,97,sms,10,0,1
C001895,31,92305.64,3,0.0867,98,paid_social,0,0,0
C001896,56,57408.45,1,0.1811,42,email,0,1,0
C001897,27,48227.9,6,0.4541,101,email,20,0,0
C001898,65,102788.86,2,0.0855,69,email,0,0,0
C001899,22,88315.99,6,0.1666,92,email,5,0,0
C001900,42,61352.39,3,0.1795,82,sms,5,0,0
C001901,53,112678.62,3,0.2917,70,paid_social,5,1,0
C001902,46,35638.92,4,0.2554,113,sms,5,1,0
C001903,36,80961.49,7,0.5007,54,paid_social,0,0,0
C001904,32,37335.44,4,0.1474,55,email,0,0,0
C001905,70,58671.62,3,0.3716,24,email,0,1,0
C001906,25,48255.12,7,0.0025,51,sms,15,1,0
C001907,27,75085.28,7,0.1597,70,paid_social,15,1,0
C001908,25,95476.57,6,0.1887,5,direct_mail,15,0,0
C001909,31,66355.38,4,0.3042,88,email,0,0,0
C001910,48,148025.99,4,0.3188,21,email,20,1,0
C001911,39,38283.76,4,0.172,15,email,10,1,0
C001912,33,152448.33,6,0.0263,97,sms,0,0,0
C001913,63,25750.2,7,0.5976,98,paid_social,5,0,0
C001914,61,94870.88,7,0.0669,34,paid_social,0,0,1
C001915,26,41028.02,1,0.3322,105,paid_social,15,1,0
C001916,72,73005.71,9,0.4018,119,email,15,0,0
C001917,58,73579.11,3,0.1392,41,sms,15,0,0
C001918,63,43707.32,3,0.3429,59,email,10,0,0
C001919,48,89136.16,0,0.0588,17,sms,5,1,0
C001920,74,95004.69,8,0.4923,71,sms,0,1,0
C001921,55,73495.89,4,0.5221,105,email,10,0,0
C001922,33,90160.72,5,0.09,83,email,15,1,0
C001923,65,54921.86,2,0.2283,50,email,10,0,0
C001924,40,109636.62,7,0.6054,7,direct_mail,0,1,0
C001925,35,83524.71,1,0.1192,13,email,15,1,0
C001926,28,42637.46,2,0.0503,68,paid_social,0,1,0
C001927,71,45316.37,8,0.4246,74,paid_social,0,1,0
C001928,57,71298.43,4,0.4618,102,email,5,0,0
C001929,64,44003.37,3,0.5785,71,email,15,0,0
C001930,35,34611.24,3,0.2795,105,email,0,0,0
C001931,73,58318.41,8,0.2909,100,email,10,1,0
C001932,22,61253.03,5,0.2611,67,direct_mail,15,1,0
C001933,67,54491.23,4,0.1874,32,paid_social,15,0,0
C001934,54,135170.88,6,0.2353,12,paid_social,10,1,0
C001935,72,44557.19,4,0.3869,99,email,10,1,0
C001936,72,130930.11,4,0.087,115,sms,20,0,0
C001937,56,35911.94,3,0.1263,94,email,15,0,0
C001938,61,122564.6,5,0.3551,89,paid_social,20,1,0
C001939,46,53198.65,2,0.0602,113,email,0,1,0
C001940,71,49795.21,4,0.1517,90,email,20,0,0
C001941,71,100305.78,8,0.159,12,email,15,1,0
C001942,51,55271.33,2,0.4812,17,email,10,0,0
C001943,66,78815.63,4,0.3773,58,direct_mail,10,1,0
C001944,23,82570.37,9,0.5528,42,email,15,0,0
C001945,46,75367.27,11,0.1635,37,email,5,0,0
C001946,67,33290.08,3,0.3659,52,email,10,0,0
C001947,48,19142.82,4,0.3211,46,direct_mail,10,0,0
C001948,47,51151.7,6,0.0937,28,email,20,1,0
C001949,32,72716.07,5,0.6979,55,email,10,1,0
C001950,28,108018.91,1,0.402,93,email,5,0,0
C001951,74,44916.68,6,0.4751,49,email,15,1,0
C001952,32,82441.75,0,0.2576,41,paid_social,10,1,0
C001953,35,30244.21,6,0.4674,71,paid_social,15,0,0
C001954,33,109305.98,5,0.2455,111,email,20,1,0
C001955,37,60289.3,5,0.209,75,sms,0,0,0
C001956,63,143869.74,3,0.5832,79,email,20,1,0
C001957,34,53004.64,4,0.479,6,email,15,0,0
C001958,45,59158.64,3,0.1907,38,paid_social,0,1,0
C001959,67,131927.04,4,0.6211,100,paid_social,10,1,0
C001960,48,81156.2,2,0.3682,52,paid_social,15,0,0
C001961,29,175291.32,5,0.2083,15,email,0,1,0
C001962,60,74807.48,3,0.139,53,email,0,1,0
C001963,63,50182.66,7,0.262,101,email,10,1,0
C001964,32,47051.96,3,0.5703,68,sms,0,1,0
C001965,54,89756.78,3,0.6738,41,email,10,0,0
C001966,53,96611.63,3,0.35,17,email,5,1,0
C001967,60,46584.78,1,0.1129,1,email,20,1,0
C001968,48,121331.71,2,0.1559,35,direct_mail,5,1,0
C001969,33,111367.98,10,0.5127,3,email,0,1,0
C001970,53,64427.09,5,0.3227,109,email,20,0,0
C001971,35,37024.2,8,0.3632,111,direct_mail,20,0,0
C001972,73,32035.15,1,0.4791,26,paid_social,0,1,0
C001973,68,50004.97,2,0.5652,104,email,10,1,0
C001974,56,53589.17,6,0.1219,5,sms,20,0,0
C001975,41,39287.53,3,0.1047,44,paid_social,0,1,0
C001976,60,77354.11,4,0.2531,30,paid_social,5,0,0
C001977,39,93903.55,6,0.1019,79,email,15,1,0
C001978,44,44385.52,4,0.086,70,email,15,0,0
C001979,65,37443.11,4,0.35,53,sms,0,0,0
C001980,68,31108.04,4,0.2907,71,email,10,0,0
C001981,63,35109.9,1,0.441,5,email,0,1,0
C001982,63,45676.7,8,0.3203,107,direct_mail,15,1,0
C001983,37,77596.06,1,0.0551,44,direct_mail,15,1,0
C001984,70,59913.41,5,0.2941,15,paid_social,20,0,0
C001985,54,96840.84,6,0.3817,70,email,0,1,0
C001986,55,55331.86,3,0.4794,40,sms,20,1,0
C001987,48,53142.63,0,0.193,7,email,5,0,0
C001988,50,111541.73,5,0.1929,45,email,10,0,0
C001989,32,79311.96,2,0.1902,101,paid_social,0,1,0
C001990,57,72573.67,5,0.3897,45,paid_social,15,1,0
C001991,27,107035.06,4,0.0689,22,paid_social,15,0,0
C001992,43,37118.04,7,0.4931,20,email,15,1,0
C001993,57,57878.88,6,0.461,41,email,5,0,0
C001994,34,215210.09,4,0.6452,13,paid_social,10,0,0
C001995,65,56493.38,6,0.3725,68,email,5,0,0
C001996,40,62604.89,7,0.1917,57,email,0,1,0
C001997,38,55038.27,2,0.3125,116,direct_mail,0,1,0
C001998,33,92458.11,0,0.2766,83,email,10,0,0
C001999,27,31838.51,5,0.3941,66,email,10,1,0
C002000,54,107418.98,6,0.5157,97,email,20,1,0
C002001,70,117221.34,4,0.432,47,direct_mail,15,1,0
C002002,53,55034.18,3,0.3786,40,direct_mail,0,0,0
C002003,24,77754.85,9,0.2987,22,sms,10,1,0
C002004,61,66665.52,3,0.2459,80,paid_social,0,1,0
C002005,28,66904.54,7,0.3219,52,email,15,0,0
C002006,64,82161.33,4,0.2031,8,email,15,1,0
C002007,30,41182.49,8,0.1102,7,email,0,0,0
C002008,71,43288.83,0,0.2076,85,direct_mail,10,0,0
C002009,72,93088.79,2,0.1955,108,sms,15,0,0
C002010,26,34377.22,1,0.4182,83,email,0,0,0
C002011,22,63850.4,4,0.677,119,email,15,1,0
C002012,41,81373.52,2,0.6567,97,paid_social,15,0,0
C002013,46,87032.09,8,0.3243,69,email,15,0,0
C002014,67,34541.24,3,0.1896,66,email,0,0,0
C002015,48,78845.46,7,0.0955,38,email,5,0,0
C002016,57,43255.69,0,0.1546,62,email,15,0,0
C002017,47,57860.82,5,0.2098,2,sms,10,1,0
C002018,61,31135.96,2,0.1094,75,sms,10,1,0
C002019,33,44114.74,5,0.3117,25,direct_mail,5,0,0
C002020,59,47277.2,6,0.0222,49,email,5,1,0
C002021,47,71869.41,6,0.0504,47,email,10,0,0
C002022,32,85355.9,2,0.4723,18,paid_social,10,1,0
C002023,54,83560.66,3,0.091,33,email,10,1,0
C002024,25,66447.82,7,0.5518,91,email,10,1,0
C002025,56,47498.64,2,0.1606,56,email,5,1,0
C002026,30,40904.79,3,0.2476,23,email,10,0,0
C002027,59,58201.15,5,0.4633,33,email,5,1,0
C002028,40,40314.27,0,0.1826,51,email,0,1,0
C002029,55,60522.59,5,0.293,4,email,15,1,0
C002030,28,43640.76,5,0.178,65,sms,10,1,0
C002031,32,51675.42,7,0.0536,23,email,10,1,0
C002032,35,35741.18,5,0.0251,108,sms,15,1,0
C002033,22,41883.61,10,0.3004,117,sms,5,0,1
C002034,45,67259.77,5,0.2356,11,email,10,0,0
C002035,27,85573.58,4,0.0655,85,email,10,1,0
C002036,56,54683.54,4,0.3445,10,email,0,0,0
C002037,60,65692.36,4,0.3423,96,sms,5,0,0
C002038,32,78174.08,4,0.1236,39,sms,20,0,1
C002039,55,81942.63,2,0.3748,77,direct_mail,5,0,0
C002040,62,107636.07,5,0.3148,86,email,20,0,0
C002041,45,76117.8,3,0.1355,95,email,15,0,0
C002042,40,114480.84,3,0.4397,48,sms,0,0,0
C002043,40,132773.02,1,0.1166,43,paid_social,15,1,0
C002044,48,75790.05,3,0.3532,88,sms,5,1,0
C002045,33,47921.68,7,0.1248,62,email,10,1,0
C002046,37,86239.69,2,0.0279,60,email,15,1,0
C002047,41,124946.73,5,0.2766,21,email,0,0,0
C002048,41,62217.39,4,0.2718,1,paid_social,10,1,0
C002049,62,65793.53,6,0.2239,98,email,5,1,0
C002050,66,44483.16,7,0.1985,30,email,15,1,0
C002051,47,63447.27,9,0.2443,16,email,15,1,0
C002052,54,75303.94,4,0.0631,83,direct_mail,10,1,0
C002053,34,95149.58,5,0.2695,78,sms,15,1,0
C002054,49,46674.35,8,0.2205,65,sms,0,0,0
C002055,73,69565.99,4,0.1912,107,email,0,0,0
C002056,58,53113.62,10,0.3378,54,email,15,1,0
C002057,33,48614.97,5,0.1394,96,paid_social,0,1,0
C002058,51,117956.11,4,0.5013,80,paid_social,15,0,0
C002059,35,33736.78,3,0.3689,63,email,15,0,0
C002060,27,120084.12,7,0.0313,3,sms,0,1,0
C002061,54,51402.95,1,0.5741,29,email,5,1,0
C002062,35,104741.68,3,0.0792,16,sms,10,1,0
C002063,34,174912.7,7,0.2889,28,email,5,0,0
C002064,62,80869.7,10,0.0712,28,paid_social,0,1,0
C002065,71,35260.8,8,0.068,61,email,15,0,0
C002066,38,63629.53,4,0.0575,15,paid_social,15,0,0
C002067,60,179924.5,8,0.5549,44,email,5,0,0
C002068,46,26592.46,6,0.2307,10,sms,15,1,0
C002069,31,43521.57,5,0.3242,10,email,15,1,0
C002070,62,47796.06,1,0.3029,63,paid_social,5,1,0
C002071,43,111301.63,2,0.5994,73,paid_social,10,1,0
C002072,43,70368.66,4,0.2756,31,email,10,1,0
C002073,64,72421.8,6,0.1161,110,paid_social,10,0,0
C002074,69,43325.79,4,0.0455,73,email,0,0,0
C002075,74,50160.83,3,0.5674,116,email,5,0,0
C002076,43,77682.85,6,0.1517,77,email,0,1,0
C002077,26,40101.85,0,0.4097,39,email,15,1,0
C002078,39,28899.6,2,0.0277,28,direct_mail,10,1,0
C002079,66,54985.49,4,0.3875,32,email,0,0,0
C002080,21,80202.99,4,0.2444,3,email,10,1,0
C002081,42,84497.4,3,0.3285,90,email,20,1,0
C002082,43,66243.48,6,0.1546,95,email,15,1,0
C002083,26,73048.89,3,0.0813,1,direct_mail,15,1,0
C002084,22,52024.07,2,0.1392,17,email,0,1,0
C002085,67,26260.56,5,0.294,37,email,5,0,0
C002086,64,103745.25,5,0.5929,64,email,10,0,0
C002087,40,86572.06,8,0.432,115,sms,10,1,0
C002088,32,150234.44,1,0.0882,58,email,10,0,0
C002089,54,42069.75,1,0.3374,3,paid_social,5,1,0
C002090,55,97332.33,4,0.1066,44,email,20,1,0
C002091,61,76744.5,1,0.0876,77,direct_mail,5,0,0
C002092,70,84206.46,3,0.1675,76,paid_social,20,1,0
C002093,35,116454.03,2,0.3379,15,email,5,0,0
C002094,61,36279.62,5,0.6015,33,email,10,0,0
C002095,36,57383.54,4,0.5295,99,paid_social,5,0,0
C002096,23,66462.11,4,0.4751,30,paid_social,5,0,0
C002097,73,43416.04,4,0.2294,59,sms,10,1,0
C002098,39,30361.76,4,0.4029,59,email,0,0,0
C002099,61,74919.9,6,0.4374,67,paid_social,15,0,0
C002100,40,36020.19,1,0.6109,21,paid_social,10,0,0
C002101,23,154747.25,3,0.4256,56,sms,0,0,0
C002102,52,136701.6,5,0.3231,19,sms,10,1,0
C002103,64,58343.02,3,0.0418,47,paid_social,15,0,0
C002104,55,42426.92,7,0.4762,25,email,20,0,0
C002105,68,52369.03,5,0.5295,80,email,15,0,0
C002106,66,85375.24,2,0.4528,85,email,0,0,0
C002107,72,60485.89,7,0.2826,29,paid_social,5,1,0
C002108,58,62273.99,7,0.3902,40,email,0,1,0
C002109,49,80160.46,1,0.637,38,paid_social,0,1,0
C002110,26,129484.97,11,0.3372,115,email,15,0,0
C002111,41,64321.18,5,0.1742,42,email,10,1,0
C002112,52,55908.34,4,0.2037,104,paid_social,10,0,0
C002113,36,129032.89,4,0.3315,40,email,10,1,0
C002114,58,54119.56,3,0.2352,83,paid_social,0,0,0
C002115,66,72388.46,6,0.3638,80,email,0,0,0
C002116,35,144233.75,8,0.1442,42,direct_mail,15,1,0
C002117,36,19333.18,6,0.2048,1,email,15,0,0
C002118,26,42853.8,6,0.11,51,paid_social,0,0,0
C002119,38,93376.72,7,0.0998,104,email,10,1,0
C002120,59,89935.23,4,0.8218,10,direct_mail,15,1,0
C002121,59,51310.32,5,0.1854,46,sms,0,0,0
C002122,28,47099.56,5,0.1301,49,email,0,0,0
C002123,66,75578.41,5,0.4309,1,sms,15,1,0
C002124,64,74973.83,6,0.149,60,email,20,0,0
C002125,52,72084.36,4,0.0997,47,direct_mail,0,1,0
C002126,33,119255.13,4,0.426,64,paid_social,10,0,0
C002127,33,87478.57,5,0.2645,13,email,0,1,0
C002128,56,31522.74,5,0.1167,20,sms,0,1,0
C002129,31,57202.33,3,0.4199,113,email,0,0,0
C002130,64,83292.62,3,0.164,66,sms,15,1,0
C002131,37,57353.57,3,0.4107,47,sms,5,1,0
C002132,43,72996.71,9,0.5058,47,email,0,0,0
C002133,22,85187.38,4,0.1685,22,email,10,0,0
C002134,44,62202.31,2,0.6473,41,paid_social,15,1,0
C002135,34,46789.98,3,0.2331,65,paid_social,10,1,0
C002136,29,70842.28,3,0.1174,51,email,15,1,0
C002137,62,86606.52,9,0.2409,89,email,0,1,0
C002138,33,161681.89,4,0.2492,43,email,5,1,0
C002139,42,73655.26,2,0.0755,38,email,10,0,0
C002140,31,41023.77,6,0.3943,102,paid_social,10,0,0
C002141,24,45086.84,6,0.4017,105,sms,5,1,0
C002142,57,52522.2,4,0.0635,30,email,0,1,0
C002143,38,62621.0,2,0.2418,4,paid_social,0,1,0
C002144,66,45431.19,4,0.3746,50,email,0,1,0
C002145,53,102641.68,3,0.2295,79,sms,5,0,0
C002146,34,45791.07,2,0.299,66,paid_social,15,1,0
C002147,65,36604.21,5,0.3701,76,email,15,0,0
C002148,27,108062.42,4,0.4108,95,direct_mail,5,0,0
C002149,47,92106.9,2,0.517,97,email,20,0,0
C002150,44,51074.54,5,0.2596,116,email,5,0,0
C002151,41,29345.9,2,0.0948,49,email,0,0,0
C002152,71,63603.08,2,0.2099,35,email,0,1,0
C002153,58,57444.53,7,0.3765,79,direct_mail,10,0,0
C002154,57,54294.11,5,0.2305,24,sms,10,1,0
C002155,61,30979.53,3,0.3148,89,email,0,1,0
C002156,28,39439.66,1,0.0837,116,email,5,0,0
C002157,25,67561.89,5,0.21,45,paid_social,20,0,0
C002158,29,41638.95,4,0.0626,95,paid_social,20,0,0
C002159,26,115273.76,5,0.2279,20,direct_mail,10,0,0
C002160,62,55797.46,5,0.1178,15,email,0,0,0
C002161,63,70122.05,6,0.0602,83,email,0,0,0
C002162,65,36676.39,3,0.4692,70,sms,15,0,0
C002163,71,153027.24,8,0.0522,69,paid_social,15,0,0
C002164,54,70187.79,3,0.1824,77,email,5,0,0
C002165,74,68185.4,3,0.4796,101,direct_mail,10,1,0
C002166,50,41115.07,7,0.6186,117,sms,10,0,0
C002167,31,70493.92,0,0.5772,110,direct_mail,10,1,0
C002168,63,54987.9,4,0.6551,72,email,15,1,0
C002169,33,45805.19,8,0.1008,6,email,10,1,0
C002170,74,82420.11,3,0.1482,98,sms,10,1,0
C002171,37,80435.81,1,0.4089,94,email,0,1,0
C002172,39,58785.59,5,0.4016,105,paid_social,5,1,0
C002173,25,174442.02,2,0.2575,2,paid_social,10,1,0
C002174,56,186832.64,7,0.2638,3,sms,5,1,0
C002175,26,116309.32,6,0.2069,23,email,0,0,0
C002176,62,115119.91,3,0.0779,43,paid_social,0,0,0
C002177,65,31704.42,5,0.3778,33,email,10,1,0
C002178,27,82133.44,6,0.6488,27,email,15,1,0
C002179,43,61910.05,7,0.3051,87,email,15,0,1
C002180,47,45658.65,3,0.3362,111,email,0,0,0
C002181,45,78481.24,3,0.1505,70,direct_mail,0,0,0
C002182,68,60954.33,6,0.146,31,paid_social,15,1,0
C002183,68,111340.79,5,0.1341,53,email,0,1,0
C002184,65,85591.84,8,0.13,57,email,15,1,0
C002185,52,137369.77,5,0.0513,72,paid_social,10,1,0
C002186,41,74424.72,1,0.0671,77,email,5,1,0
C002187,36,91655.35,6,0.3407,41,email,5,1,0
C002188,22,63236.58,5,0.638,28,paid_social,10,0,0
C002189,41,60385.29,5,0.2611,104,paid_social,10,0,0
C002190,54,45142.53,5,0.0929,64,direct_mail,20,1,0
C002191,67,54818.53,2,0.1951,13,sms,10,1,0
C002192,43,53902.74,3,0.1015,107,direct_mail,15,1,0
C002193,58,91417.61,4,0.2566,55,paid_social,10,1,0
C002194,46,47710.51,6,0.366,16,sms,10,0,0
C002195,28,68280.01,7,0.1454,1,paid_social,5,0,0
C002196,65,38037.27,5,0.2545,92,email,10,1,0
C002197,59,69428.32,5,0.0806,42,email,10,1,0
C002198,60,67388.98,2,0.2991,105,email,10,0,0
C002199,36,76843.72,6,0.0718,39,sms,15,1,0
C002200,56,80821.34,6,0.79,7,paid_social,5,1,0
C002201,24,87820.82,7,0.0299,104,paid_social,0,1,0
C002202,68,35763.26,3,0.2291,114,sms,10,0,0
C002203,61,60027.72,7,0.2455,64,sms,15,1,1
C002204,21,107674.76,3,0.5176,80,direct_mail,0,0,0
C002205,36,50241.43,4,0.2834,42,email,5,1,0
C002206,72,45764.77,5,0.7505,81,paid_social,5,0,0
C002207,34,70547.41,7,0.6241,114,email,5,0,0
C002208,30,77442.32,3,0.1435,60,email,5,0,1
C002209,41,64358.55,4,0.2624,84,email,5,0,0
C002210,53,47579.87,6,0.2762,98,sms,15,0,0
C002211,25,91414.24,1,0.3143,50,paid_social,10,1,0
C002212,60,45323.8,6,0.558,15,email,0,0,0
C002213,40,160809.54,4,0.2183,17,email,5,0,0
C002214,39,113576.73,9,0.1597,117,sms,10,0,0
C002215,35,82202.04,5,0.0934,21,direct_mail,5,1,0
C002216,61,66017.38,5,0.1644,111,email,5,1,0
C002217,49,100000.97,2,0.2634,3,email,20,0,0
C002218,55,100956.36,3,0.1315,21,paid_social,5,0,0
C002219,41,60147.58,2,0.0059,86,email,10,0,0
C002220,47,85914.25,6,0.1744,93,email,10,0,0
C002221,29,140192.34,7,0.0421,24,email,0,0,0
C002222,40,28372.14,4,0.2969,30,sms,20,1,0
C002223,63,30142.42,3,0.1627,49,sms,0,0,0
C002224,35,33775.78,7,0.2289,81,direct_mail,15,0,0
C002225,57,87686.55,4,0.0679,11,email,0,0,0
C002226,32,49256.43,3,0.5239,53,sms,0,1,0
C002227,65,75671.58,9,0.2003,52,sms,15,0,0
C002228,41,30365.12,7,0.5233,29,direct_mail,0,0,0
C002229,33,68253.73,3,0.1673,15,email,15,1,1
C002230,37,83800.54,8,0.4119,8,paid_social,5,1,1
C002231,70,18000.0,4,0.0365,9,email,0,1,0
C002232,36,63048.49,6,0.0787,110,direct_mail,0,0,0
C002233,65,65908.51,5,0.5113,30,email,15,0,1
C002234,22,99742.61,4,0.0762,72,email,10,1,0
C002235,48,93366.8,4,0.2599,25,email,20,0,0
C002236,68,67172.59,1,0.1398,36,email,20,1,0
C002237,46,87591.24,3,0.0906,98,email,5,0,0
C002238,45,49298.74,5,0.2428,118,sms,5,1,0
C002239,29,90960.59,8,0.3815,93,paid_social,5,0,0
C002240,46,36892.15,4,0.0852,5,email,5,0,0
C002241,22,40417.31,3,0.3087,105,email,5,1,0
C002242,52,29208.39,2,0.0671,71,sms,15,0,0
C002243,55,41843.12,4,0.2595,27,direct_mail,5,1,0
C002244,43,65189.67,2,0.1545,115,direct_mail,20,1,0
C002245,55,93637.13,3,0.5972,50,paid_social,5,0,0
C002246,44,149895.18,5,0.258,96,email,10,1,0
C002247,62,45150.55,4,0.3049,112,email,5,1,0
C002248,71,73895.54,5,0.3115,89,email,15,1,0
C002249,26,75596.22,5,0.6542,13,paid_social,15,0,0
C002250,60,120537.57,2,0.2752,118,direct_mail,15,0,0
C002251,31,58040.85,3,0.0652,89,sms,5,0,0
C002252,58,78212.64,4,0.3625,119,direct_mail,10,1,0
C002253,65,79930.69,2,0.2591,11,paid_social,10,0,0
C002254,26,62755.48,3,0.2123,13,sms,10,0,1
C002255,63,85603.44,6,0.5031,40,email,0,1,1
C002256,64,84427.16,7,0.4794,81,paid_social,15,0,0
C002257,42,94013.38,2,0.315,46,email,0,0,0
C002258,68,73102.79,5,0.4456,78,direct_mail,10,1,1
C002259,44,42842.54,5,0.1224,76,email,0,0,0
C002260,30,45183.4,3,0.0508,78,email,10,1,0
C002261,59,36866.28,5,0.2331,106,email,10,0,0
C002262,67,123274.68,4,0.165,23,sms,0,0,0
C002263,33,70713.05,10,0.1059,35,email,15,0,1
C002264,70,51239.05,6,0.2595,15,email,10,1,0
C002265,57,67444.66,2,0.0859,13,email,10,0,0
C002266,23,39795.35,6,0.3688,36,sms,0,0,0
C002267,65,64323.39,6,0.2039,59,email,10,1,0
C002268,66,76068.95,9,0.2277,109,email,20,0,0
C002269,51,45040.9,4,0.5832,45,email,15,0,0
C002270,45,24695.05,3,0.7155,119,paid_social,0,0,0
C002271,56,37360.17,9,0.7487,115,paid_social,5,1,0
C002272,62,82971.79,4,0.1552,23,paid_social,0,1,0
C002273,28,49276.47,4,0.4399,2,paid_social,10,1,0
C002274,25,52012.8,5,0.5851,48,sms,10,0,0
C002275,38,155820.7,4,0.1782,71,direct_mail,10,0,0
C002276,39,176215.44,3,0.4441,118,email,20,0,0
C002277,26,45712.31,5,0.2274,110,direct_mail,0,1,0
C002278,24,94237.5,8,0.1433,50,sms,15,1,0
C002279,23,100247.36,11,0.1926,46,paid_social,15,1,0
C002280,25,91024.66,5,0.1909,24,email,10,0,0
C002281,73,59911.12,4,0.3669,6,sms,5,1,1
C002282,44,93445.14,7,0.2914,8,email,20,0,0
C002283,22,90929.73,5,0.6291,91,email,0,1,0
C002284,29,40468.53,3,0.3294,37,sms,15,0,0
C002285,23,49895.14,5,0.2648,41,sms,15,1,0
C002286,69,145457.68,2,0.0455,4,paid_social,10,0,0
C002287,71,70276.42,5,0.4328,100,sms,5,1,0
C002288,33,52764.78,2,0.402,84,direct_mail,5,1,0
C002289,45,62963.43,6,0.1988,56,email,0,0,0
C002290,40,31479.94,8,0.4931,25,email,10,0,0
C002291,49,49501.48,5,0.088,29,paid_social,10,1,0
C002292,65,55494.03,2,0.4999,82,paid_social,15,0,1
C002293,58,159414.63,7,0.5329,23,email,10,0,0
C002294,23,133334.44,5,0.0409,85,sms,5,1,0
C002295,71,57820.95,9,0.3904,11,email,0,1,0
C002296,44,45466.5,6,0.1306,9,sms,5,1,0
C002297,48,138639.24,2,0.3574,80,email,10,0,0
C002298,51,99547.62,5,0.128,40,email,0,1,0
C002299,74,57851.16,3,0.0678,38,email,5,0,0
C002300,52,75501.67,4,0.3578,118,email,0,0,0
C002301,67,70371.23,5,0.3118,114,email,20,0,0
C002302,69,36918.11,2,0.4176,53,sms,10,0,0
C002303,21,106578.2,3,0.3962,29,paid_social,5,0,0
C002304,69,54148.22,5,0.3265,102,email,10,1,0
C002305,52,37404.35,4,0.2838,44,sms,0,1,0
C002306,27,95803.66,4,0.2488,98,email,5,1,0
C002307,54,79093.45,6,0.0244,47,paid_social,10,0,0
C002308,27,128584.8,7,0.2434,101,paid_social,10,0,0
C002309,54,23146.39,10,0.1064,24,email,15,0,0
C002310,66,193158.37,2,0.1116,46,sms,0,0,0
C002311,51,42391.63,4,0.2444,96,direct_mail,10,1,0
C002312,62,47795.26,2,0.076,117,sms,10,0,0
C002313,71,44852.84,4,0.1295,107,email,10,1,0
C002314,55,40522.06,3,0.3688,9,direct_mail,20,0,0
C002315,63,59714.15,4,0.1419,23,direct_mail,0,0,0
C002316,40,79576.6,4,0.2909,15,email,10,0,0
C002317,59,73787.59,3,0.3356,34,email,5,0,0
C002318,42,49395.21,3,0.1786,8,email,5,0,0
C002319,67,55663.55,4,0.4753,75,direct_mail,10,1,0
C002320,29,59606.8,3,0.2986,107,sms,10,0,0
C002321,28,152817.92,3,0.3517,115,paid_social,5,0,0
C002322,43,52370.08,3,0.1694,59,email,0,1,0
C002323,36,84216.81,7,0.1527,42,email,10,0,0
C002324,41,77433.65,9,0.4117,4,email,15,1,0
C002325,34,178409.71,6,0.2971,4,email,10,1,0
C002326,30,157672.26,5,0.0651,46,sms,10,0,0
C002327,31,68748.04,6,0.373,47,email,15,0,0
C002328,59,136075.81,5,0.2167,58,sms,5,1,0
C002329,38,69778.13,7,0.4556,110,email,5,1,0
C002330,70,77768.28,6,0.4128,40,email,20,0,0
C002331,68,71193.47,2,0.1605,106,email,0,1,0
C002332,27,140324.48,5,0.2129,51,email,20,0,0
C002333,52,119462.28,3,0.1179,26,email,10,1,0
C002334,68,95569.64,4,0.5976,10,email,5,1,1
C002335,59,62607.91,3,0.1481,4,direct_mail,5,1,0
C002336,55,71706.52,6,0.3775,7,email,20,0,0
C002337,21,64236.9,5,0.1429,71,email,0,0,0
C002338,31,79708.76,8,0.1561,21,direct_mail,10,0,0
C002339,73,50126.22,4,0.4013,70,direct_mail,20,1,0
C002340,70,74182.7,3,0.2511,6,sms,15,0,0
C002341,23,30939.83,1,0.0118,115,sms,10,0,0
C002342,35,56698.51,7,0.2908,13,email,15,1,0
C002343,64,47609.51,4,0.2181,78,paid_social,15,0,0
C002344,59,70849.74,4,0.4951,5,sms,5,0,0
C002345,24,70303.22,2,0.5347,68,email,15,1,0
C002346,25,34986.89,6,0.5648,119,direct_mail,10,1,0
C002347,46,44029.52,1,0.515,19,email,0,0,0
C002348,37,103411.33,0,0.1794,73,direct_mail,10,1,0
C002349,45,53814.95,9,0.4956,86,sms,15,0,0
C002350,26,69819.49,6,0.2323,70,email,5,0,0
C002351,26,43726.75,8,0.0881,110,direct_mail,0,1,0
C002352,57,44447.18,7,0.1505,82,paid_social,15,1,0
C002353,40,81359.34,2,0.0621,85,email,10,0,0
C002354,65,68311.41,6,0.5299,53,paid_social,5,0,0
C002355,52,88218.67,10,0.3681,103,paid_social,20,1,0
C002356,53,49644.69,8,0.3478,45,email,15,0,0
C002357,74,51034.79,8,0.4599,44,email,5,0,0
C002358,65,37259.19,7,0.4956,23,sms,20,1,1
C002359,49,61195.67,3,0.1924,49,email,0,1,1
C002360,41,64391.52,3,0.1643,79,sms,15,1,0
C002361,53,98660.97,6,0.619,4,email,20,0,0
C002362,43,48448.06,6,0.3913,23,sms,10,0,0
C002363,56,34319.81,1,0.1519,21,email,20,0,0
C002364,37,63137.65,4,0.2766,90,email,5,1,0
C002365,28,47514.07,3,0.0297,2,email,10,1,0
C002366,62,95423.99,3,0.1716,55,direct_mail,15,0,0
C002367,57,63892.6,7,0.3358,82,email,0,1,0
C002368,69,51140.53,8,0.4921,108,email,10,0,0
C002369,43,76446.2,6,0.1296,74,direct_mail,5,1,0
C002370,63,90683.1,5,0.2019,118,email,0,0,0
C002371,26,76909.47,4,0.1619,98,direct_mail,15,0,0
C002372,59,65000.59,4,0.3758,46,email,10,0,0
C002373,43,46526.39,4,0.2739,74,direct_mail,20,1,0
C002374,31,45652.44,5,0.3381,57,sms,0,0,0
C002375,59,35972.6,5,0.2614,71,paid_social,10,0,0
C002376,25,75702.37,3,0.1042,88,paid_social,20,0,0
C002377,30,98262.36,5,0.1806,60,email,0,1,0
C002378,73,110334.83,13,0.0354,21,sms,15,0,0
C002379,51,81976.22,7,0.0813,88,email,10,1,0
C002380,42,30560.42,8,0.5842,60,sms,5,0,0
C002381,36,62409.24,8,0.285,77,paid_social,5,1,0
C002382,51,100605.82,4,0.1244,46,paid_social,5,1,0
C002383,69,52134.69,2,0.2055,94,email,10,1,0
C002384,65,40510.1,5,0.0756,31,email,0,0,0
C002385,33,56873.21,4,0.2542,26,email,15,1,0
C002386,47,71588.75,9,0.0715,112,email,5,1,0
C002387,60,78912.63,5,0.6803,80,email,5,1,0
C002388,33,45898.33,8,0.1206,94,sms,10,0,0
C002389,69,23012.23,6,0.0685,44,email,10,1,0
C002390,53,76728.75,7,0.2077,48,paid_social,0,0,0
C002391,36,72482.15,5,0.5701,13,email,10,0,0
C002392,35,111985.21,2,0.2133,81,paid_social,5,0,0
C002393,63,33877.29,4,0.1339,112,email,10,1,0
C002394,54,58964.25,3,0.0675,54,email,10,0,0
C002395,31,62343.34,5,0.0768,18,direct_mail,15,1,0
C002396,32,94969.62,4,0.6211,114,paid_social,10,1,0
C002397,49,91705.25,5,0.6382,14,sms,0,1,0
C002398,36,42057.31,4,0.2257,112,sms,20,1,0
C002399,35,121664.49,3,0.288,15,sms,20,1,0
C002400,65,141111.83,2,0.1333,69,email,20,1,0
C002401,28,79591.22,8,0.3951,51,paid_social,20,0,0
C002402,72,68988.47,4,0.3805,71,email,10,1,0
C002403,72,75779.39,6,0.1527,31,paid_social,10,0,0
C002404,67,55767.75,6,0.3111,47,email,15,0,0
C002405,40,67019.52,0,0.0896,50,paid_social,10,0,0
C002406,54,37521.56,6,0.2061,103,email,10,1,0
C002407,57,54082.2,5,0.3054,20,direct_mail,5,1,0
C002408,53,124827.69,3,0.4376,4,email,15,0,0
C002409,67,56106.99,3,0.4487,67,email,15,1,0
C002410,56,127682.78,7,0.135,64,direct_mail,15,0,0
C002411,51,54261.08,9,0.173,56,email,5,1,0
C002412,30,72617.36,4,0.729,87,email,10,0,0
C002413,68,36482.09,8,0.3886,27,email,0,1,0
C002414,62,220000.0,7,0.6524,79,email,10,0,0
C002415,67,26854.0,2,0.1913,55,paid_social,0,0,0
C002416,21,93711.59,4,0.1262,81,paid_social,5,0,0
C002417,58,44716.42,6,0.3472,9,email,15,0,0
C002418,60,91738.98,4,0.2257,28,direct_mail,0,0,0
C002419,65,79078.33,4,0.1087,100,email,20,0,0
C002420,65,34710.88,5,0.274,54,direct_mail,15,1,0
C002421,41,50068.42,8,0.169,96,email,0,1,0
C002422,57,63980.81,5,0.341,33,email,0,1,0
C002423,53,86686.81,6,0.3891,117,email,10,1,0
C002424,25,121078.17,6,0.1156,100,paid_social,0,0,0
C002425,72,87178.02,2,0.2354,94,direct_mail,0,0,0
C002426,54,30935.6,7,0.132,88,email,10,1,0
C002427,41,90409.36,6,0.5598,6,email,15,0,0
C002428,41,80546.78,8,0.4292,34,email,5,0,0
C002429,32,128495.98,3,0.2797,110,email,10,0,0
C002430,59,64457.61,1,0.526,50,email,10,0,0
C002431,58,91551.22,2,0.7374,118,email,0,1,0
C002432,67,99280.19,6,0.1932,61,sms,0,0,0
C002433,22,49516.15,5,0.378,50,email,5,1,0
C002434,50,60293.04,4,0.2262,2,email,5,1,0
C002435,63,71533.46,1,0.1473,19,email,0,0,0
C002436,74,27596.08,5,0.3669,89,email,5,1,0
C002437,23,79258.27,5,0.0987,10,email,10,1,0
C002438,46,110123.33,4,0.201,22,email,0,1,0
C002439,50,26121.7,5,0.2156,20,paid_social,5,0,0
C002440,74,33689.66,2,0.2266,95,paid_social,15,0,0
C002441,24,37740.94,5,0.6304,60,email,5,1,0
C002442,33,28520.59,5,0.5698,70,sms,15,0,0
C002443,56,56029.71,3,0.2089,64,email,0,0,0
C002444,23,74133.89,2,0.2264,80,paid_social,10,1,0
C002445,33,58601.79,2,0.2966,66,paid_social,5,0,0
C002446,43,46462.46,2,0.1789,30,email,0,1,0
C002447,54,54364.23,3,0.45,15,email,15,1,0
C002448,23,54646.34,4,0.4847,68,sms,20,0,0
C002449,68,39933.43,7,0.065,38,sms,15,0,0
C002450,29,63206.28,4,0.3799,21,email,5,1,0
C002451,54,69910.14,7,0.2165,115,sms,0,0,0
C002452,55,49820.97,6,0.1107,4,paid_social,10,1,0
C002453,26,69010.06,2,0.2048,42,email,15,0,0
C002454,23,103826.19,3,0.4168,76,email,0,1,0
C002455,61,67196.08,0,0.5578,31,paid_social,15,1,0
C002456,63,74836.82,6,0.3322,115,email,15,1,0
C002457,61,63829.56,6,0.402,40,paid_social,15,0,0
C002458,27,46044.21,10,0.0853,3,email,10,0,0
C002459,42,98709.93,1,0.2332,13,sms,5,1,0
C002460,63,30806.88,6,0.1064,50,email,15,0,0
C002461,27,139528.85,5,0.1962,89,email,0,0,0
C002462,36,46947.19,1,0.3096,26,sms,0,1,0
C002463,60,88834.81,4,0.3018,37,paid_social,10,1,0
C002464,74,89372.8,3,0.2031,84,direct_mail,0,1,0
C002465,45,76958.65,2,0.348,85,paid_social,10,1,0
C002466,30,47594.26,6,0.1895,86,sms,15,1,0
C002467,48,36328.62,3,0.3802,2,paid_social,20,1,1
C002468,22,100066.83,9,0.0231,100,paid_social,20,1,0
C002469,66,102035.25,4,0.4408,55,sms,20,0,0
C002470,51,120874.14,2,0.3565,3,direct_mail,0,0,0
C002471,43,42237.18,3,0.1753,51,paid_social,10,1,0
C002472,45,84213.44,3,0.2359,100,sms,15,1,0
C002473,37,20722.07,9,0.2126,60,email,10,0,0
C002474,31,36719.97,1,0.2455,30,email,10,0,0
C002475,70,42763.38,3,0.2081,92,paid_social,5,1,0
C002476,74,69098.62,7,0.3161,19,email,10,1,0
C002477,52,47449.46,2,0.2894,47,sms,5,0,0
C002478,44,75031.76,3,0.1564,52,paid_social,15,0,0
C002479,69,113444.7,6,0.1299,102,sms,15,1,0
C002480,28,26735.98,4,0.2723,86,paid_social,20,1,0
C002481,55,88528.54,4,0.274,46,direct_mail,0,0,0
C002482,68,70195.75,1,0.2064,117,paid_social,15,0,0
C002483,69,57023.29,3,0.1182,64,sms,15,1,0
C002484,23,69692.82,4,0.3335,101,email,20,1,0
C002485,42,79648.38,1,0.248,86,email,0,1,0
C002486,59,106911.38,5,0.6376,96,direct_mail,0,1,0
C002487,46,87837.5,4,0.1265,21,email,5,1,0
C002488,60,38022.46,0,0.1725,42,paid_social,5,1,0
C002489,33,23739.57,8,0.1711,32,email,0,1,0
C002490,70,86037.43,4,0.381,63,direct_mail,10,0,0
C002491,43,130884.3,6,0.281,111,sms,0,1,0
C002492,61,81399.32,5,0.3542,97,email,5,0,0
C002493,21,41359.22,5,0.0744,16,email,0,0,0
C002494,38,31056.86,3,0.6491,50,sms,0,1,0
C002495,53,65458.53,1,0.1852,31,direct_mail,15,0,0
C002496,67,101158.64,4,0.4682,46,direct_mail,10,0,0
C002497,35,54941.53,2,0.2457,36,direct_mail,5,0,0
C002498,30,36470.25,1,0.4537,112,email,10,0,0
C002499,68,89652.49,4,0.3355,91,direct_mail,0,0,0
C002500,52,87643.32,5,0.0656,70,direct_mail,0,0,0
C002501,44,64606.73,6,0.5761,6,sms,15,1,0
C002502,56,69806.82,3,0.2549,66,email,20,0,0
C002503,50,52469.48,2,0.0259,61,paid_social,10,1,0
C002504,22,86217.39,6,0.5375,103,email,20,1,0
C002505,26,36659.74,5,0.1225,4,direct_mail,10,1,0
C002506,55,90514.79,4,0.4493,68,sms,5,0,0
C002507,72,93166.33,8,0.3187,34,email,10,1,0
C002508,30,39947.5,4,0.2141,50,paid_social,15,0,1
C002509,44,39710.84,1,0.5417,56,email,0,1,0
C002510,65,44733.05,4,0.5515,118,email,15,1,1
C002511,66,94422.19,7,0.2964,66,paid_social,15,1,0
C002512,52,29411.93,3,0.1676,107,paid_social,10,0,0
C002513,48,38294.81,4,0.522,4,email,15,0,0
C002514,52,111002.89,4,0.0614,96,email,10,0,0
C002515,31,67648.57,4,0.1013,79,email,5,0,0
C002516,55,79324.52,7,0.1509,58,email,15,1,0
C002517,37,47220.51,7,0.1885,116,paid_social,5,1,0
C002518,65,56403.56,4,0.1195,59,email,0,0,0
C002519,44,105219.62,4,0.4976,10,email,10,1,0
C002520,38,51553.68,6,0.0413,26,sms,0,1,0
C002521,52,74172.55,8,0.4639,3,email,15,1,0
C002522,68,49402.48,6,0.5096,44,email,20,1,0
C002523,28,45090.68,1,0.1515,100,sms,15,1,0
C002524,40,27177.12,4,0.251,34,email,5,1,0
C002525,38,38690.12,5,0.0557,109,email,5,0,0
C002526,31,55734.2,3,0.0788,92,direct_mail,10,0,0
C002527,53,111492.7,2,0.2458,27,email,15,1,0
C002528,71,69531.26,3,0.0793,81,email,10,0,1
C002529,26,52425.62,5,0.2297,102,sms,15,1,0
C002530,54,40005.33,8,0.2622,15,email,0,0,0
C002531,33,79697.01,1,0.2288,77,paid_social,10,1,0
C002532,55,117373.68,1,0.1696,115,email,15,1,0
C002533,30,64081.28,8,0.2138,113,email,5,0,0
C002534,29,79293.73,5,0.0442,6,paid_social,15,0,0
C002535,69,81497.36,3,0.3202,68,email,15,0,0
C002536,49,68868.68,9,0.4491,74,direct_mail,15,0,1
C002537,65,30027.69,4,0.2722,110,email,15,1,0
C002538,59,63978.95,2,0.2732,106,direct_mail,10,0,0
C002539,51,48310.91,7,0.0784,46,email,10,1,0
C002540,53,62207.15,4,0.0657,99,sms,5,0,0
C002541,55,51672.75,3,0.3596,20,sms,10,0,0
C002542,37,29747.81,5,0.0704,104,paid_social,10,0,0
C002543,62,38685.34,6,0.2658,12,email,5,1,0
C002544,22,152882.96,3,0.1147,92,email,10,0,0
C002545,61,134387.78,6,0.2497,41,direct_mail,15,0,0
C002546,58,58794.35,2,0.3022,98,email,5,1,0
C002547,51,43425.33,3,0.1809,11,email,15,0,0
C002548,51,129639.17,6,0.0908,9,sms,20,0,0
C002549,58,35598.84,5,0.572,37,direct_mail,20,0,0
C002550,61,44633.93,4,0.2473,84,sms,10,0,0
C002551,67,93017.87,3,0.0828,52,email,10,1,0
C002552,71,85407.5,0,0.245,111,paid_social,5,1,0
C002553,23,67476.24,3,0.1477,62,email,10,1,0
C002554,69,36341.7,4,0.1495,10,email,0,1,0
C002555,26,93323.73,5,0.0688,90,email,0,0,0
C002556,66,44455.42,3,0.1166,75,email,10,1,0
C002557,23,68601.63,9,0.2751,25,email,15,0,0
C002558,64,86854.51,3,0.4318,93,paid_social,5,0,0
C002559,37,115019.42,6,0.181,46,direct_mail,15,1,0
C002560,31,74362.44,7,0.271,38,sms,20,0,0
C002561,38,67120.12,4,0.2402,90,email,0,0,0
C002562,37,46526.57,4,0.1326,22,paid_social,0,0,0
C002563,24,92874.41,5,0.0393,86,email,5,1,0
C002564,23,124005.4,7,0.1191,14,email,10,1,0
C002565,43,69284.56,2,0.1263,71,sms,15,0,0
C002566,67,54941.91,4,0.3305,67,sms,5,0,0
C002567,26,56611.77,1,0.4439,6,email,0,0,0
C002568,64,83023.39,4,0.1366,26,direct_mail,20,0,0
C002569,44,45005.72,4,0.417,41,email,20,0,0
C002570,60,68316.65,3,0.5841,58,email,15,1,0
C002571,38,68281.13,6,0.6599,99,sms,10,1,0
C002572,64,65560.63,4,0.6209,12,email,10,1,0
C002573,54,32158.4,2,0.1227,65,sms,0,1,0
C002574,67,47067.79,4,0.3435,115,paid_social,5,0,0
C002575,48,59315.51,3,0.416,68,email,0,0,0
C002576,21,69735.66,7,0.0563,15,email,10,0,0
C002577,51,59436.81,2,0.2156,103,email,0,0,0
C002578,49,88217.97,8,0.1306,8,paid_social,15,1,1
C002579,32,40687.66,6,0.3903,70,direct_mail,0,1,0
C002580,33,38717.04,4,0.3029,42,paid_social,10,0,0
C002581,58,40695.51,6,0.8077,25,paid_social,0,0,0
C002582,32,159742.08,6,0.3431,83,sms,0,0,0
C002583,24,74988.04,2,0.3889,36,email,0,0,0
C002584,65,107521.07,6,0.4461,112,sms,10,0,1
C002585,40,56712.62,4,0.4995,103,email,0,0,0
C002586,25,57201.3,4,0.0362,60,email,20,0,1
C002587,32,46158.26,3,0.2411,104,email,10,0,0
C002588,43,41828.72,5,0.177,83,paid_social,10,0,0
C002589,58,32503.05,5,0.4575,117,email,0,0,0
C002590,31,68308.18,2,0.4649,96,paid_social,0,0,0
C002591,74,67494.46,9,0.5405,38,email,0,0,0
C002592,60,79615.81,6,0.0423,29,email,5,1,0
C002593,70,93895.17,4,0.0972,18,email,10,1,0
C002594,49,60585.59,8,0.0995,77,email,0,0,0
C002595,57,59118.36,4,0.3971,4,paid_social,0,0,0
C002596,43,58530.18,10,0.333,94,sms,5,1,0
C002597,64,47514.69,11,0.405,110,email,0,0,0
C002598,22,82662.52,4,0.3928,43,email,10,0,0
C002599,65,64078.8,3,0.2672,2,email,15,0,1
C002600,44,79609.75,4,0.1486,103,email,15,1,1
C002601,67,47428.03,8,0.4015,16,direct_mail,10,1,0
C002602,69,46412.78,5,0.1968,72,sms,5,1,0
C002603,30,64205.92,0,0.0701,39,email,15,0,0
C002604,73,99591.27,4,0.1296,11,email,0,1,0
C002605,66,41582.62,2,0.2882,47,email,5,0,0
C002606,22,75665.44,9,0.255,69,email,15,0,0
C002607,45,57907.4,3,0.2894,33,email,0,1,0
C002608,60,33168.49,4,0.2336,72,email,15,0,0
C002609,54,47754.12,3,0.299,112,email,0,1,0
C002610,73,74723.96,4,0.2151,65,sms,10,0,0
C002611,49,96682.99,3,0.1606,89,paid_social,10,0,0
C002612,28,111361.79,3,0.1587,81,sms,0,1,0
C002613,63,76642.99,5,0.2814,86,paid_social,5,0,0
C002614,35,64155.41,10,0.6735,18,email,10,0,0
C002615,36,78036.6,9,0.2419,16,sms,0,1,0
C002616,54,133704.1,4,0.4363,91,email,10,0,0
C002617,45,33094.9,3,0.3075,109,email,10,0,0
C002618,53,75477.71,6,0.5154,19,direct_mail,10,0,0
C002619,34,61129.31,12,0.2718,11,email,0,0,1
C002620,62,220000.0,6,0.176,61,email,0,0,0
C002621,24,137399.68,5,0.1032,70,sms,10,0,0
C002622,62,85825.92,5,0.2166,111,email,0,1,0
C002623,55,58079.79,7,0.3155,103,email,15,0,0
C002624,32,79251.34,3,0.0758,16,paid_social,10,0,0
C002625,42,60121.46,4,0.3857,48,email,0,1,0
C002626,58,44604.97,4,0.036,116,email,20,0,0
C002627,69,73670.66,5,0.1708,116,email,5,1,0
C002628,25,106199.15,3,0.2823,112,email,5,0,0
C002629,74,48271.54,5,0.3925,93,paid_social,20,1,0
C002630,56,65458.69,4,0.343,78,email,10,0,0
C002631,64,30219.64,3,0.2984,29,direct_mail,15,0,0
C002632,37,56840.2,4,0.0316,34,email,20,0,0
C002633,48,47363.96,5,0.3016,1,paid_social,0,1,1
C002634,49,72691.68,3,0.2488,18,email,5,0,0
C002635,24,87217.79,4,0.7876,60,email,10,1,0
C002636,44,43496.46,7,0.4921,48,email,0,1,0
C002637,69,52866.71,5,0.3887,53,email,10,1,0
C002638,61,112952.39,6,0.1282,32,email,15,0,0
C002639,36,68453.97,3,0.4104,18,sms,20,0,0
C002640,29,77652.67,2,0.2007,78,direct_mail,15,1,0
C002641,41,48905.73,8,0.0775,19,email,5,1,0
C002642,53,153748.01,2,0.284,20,email,15,0,0
C002643,41,99717.92,5,0.1119,37,sms,5,0,0
C002644,62,84549.1,2,0.051,17,direct_mail,0,1,0
C002645,73,54975.42,3,0.3893,99,email,15,0,0
C002646,25,82900.74,3,0.608,7,email,0,0,0
C002647,66,49410.41,5,0.2303,36,paid_social,10,0,0
C002648,57,97993.07,6,0.5577,75,paid_social,5,0,0
C002649,40,56513.77,5,0.4149,69,email,5,1,0
C002650,39,28244.94,5,0.4861,55,paid_social,10,0,0
C002651,48,53228.65,5,0.1458,2,paid_social,10,1,0
C002652,60,43435.62,4,0.3464,61,paid_social,5,1,0
C002653,46,83910.44,9,0.4333,83,sms,15,1,0
C002654,68,61884.16,3,0.0664,119,email,10,1,0
C002655,24,46522.0,5,0.7778,65,sms,0,0,0
C002656,39,64054.31,5,0.1637,28,email,10,0,0
C002657,21,40338.14,7,0.2179,95,email,10,1,0
C002658,31,38227.96,5,0.0677,69,sms,10,0,0
C002659,55,77209.51,9,0.428,68,paid_social,0,0,0
C002660,35,73148.1,3,0.2604,10,sms,15,1,0
C002661,41,68585.27,4,0.3002,99,direct_mail,5,0,0
C002662,36,55498.01,3,0.2752,113,email,10,0,0
C002663,48,55935.94,4,0.8322,68,paid_social,10,1,0
C002664,43,34475.52,4,0.2753,33,email,10,1,0
C002665,68,35227.22,6,0.2696,25,email,15,1,0
C002666,50,152610.57,3,0.4457,104,email,0,1,0
C002667,22,102870.84,3,0.3637,53,email,0,0,0
C002668,67,99469.0,4,0.1216,79,email,15,0,0
C002669,22,32594.55,3,0.2147,69,paid_social,15,1,0
C002670,69,38744.21,5,0.3496,55,sms,10,1,0
C002671,55,39858.35,3,0.0127,43,email,0,1,0
C002672,71,88094.28,5,0.3218,82,sms,0,1,0
C002673,61,60076.27,6,0.2726,106,email,20,1,0
C002674,69,80380.59,4,0.2311,73,email,10,1,0
C002675,66,61337.61,4,0.3609,62,email,10,1,0
C002676,21,78459.72,2,0.7622,61,email,20,1,0
C002677,53,60177.84,4,0.329,93,sms,10,1,0
C002678,51,40028.87,3,0.3564,111,sms,10,1,0
C002679,45,67486.37,2,0.1889,4,sms,15,0,0
C002680,71,95631.08,5,0.3109,104,email,0,1,0
C002681,43,83724.83,3,0.1966,49,email,15,0,0
C002682,54,36813.32,5,0.5713,28,paid_social,10,1,1
C002683,57,105791.16,7,0.1745,41,email,0,1,0
C002684,63,58796.98,3,0.3992,4,paid_social,0,0,0
C002685,42,61860.05,2,0.1915,113,email,10,1,0
C002686,30,65100.12,3,0.1462,35,email,20,1,0
C002687,61,54391.98,5,0.1503,101,email,0,0,0
C002688,61,39401.06,7,0.15,27,email,5,1,0
C002689,38,119472.17,4,0.3172,117,email,10,0,0
C002690,38,62017.03,4,0.2295,107,direct_mail,20,1,0
C002691,42,27641.87,6,0.6473,1,paid_social,0,1,0
C002692,32,107585.38,3,0.0561,112,email,0,1,0
C002693,29,131062.51,2,0.1312,73,sms,0,1,0
C002694,45,80691.02,4,0.5208,33,sms,10,0,0
C002695,39,58246.99,8,0.2827,23,email,0,0,0
C002696,54,57426.81,9,0.0589,19,sms,0,1,1
C002697,39,33232.83,5,0.2812,65,email,15,1,0
C002698,21,61297.02,3,0.2159,90,paid_social,0,0,0
C002699,49,63903.64,4,0.2052,18,direct_mail,10,0,0
C002700,47,62845.02,6,0.1997,61,sms,10,1,0
C002701,32,80445.52,2,0.5388,52,paid_social,10,0,0
C002702,23,103916.81,3,0.091,110,sms,10,0,0
C002703,64,97470.73,9,0.3999,90,paid_social,20,1,0
C002704,29,27560.11,8,0.2022,9,email,0,0,1
C002705,50,30262.16,3,0.2382,81,email,15,1,0
C002706,46,18948.2,2,0.2055,100,email,0,1,0
C002707,67,27220.96,1,0.269,23,sms,0,1,0
C002708,66,77532.43,5,0.1627,44,paid_social,10,1,0
C002709,35,123284.37,5,0.0507,33,sms,20,1,0
C002710,29,48778.78,2,0.2523,88,email,15,1,0
C002711,35,154209.41,5,0.4564,67,email,0,0,0
C002712,66,37179.69,4,0.2379,16,email,10,1,0
C002713,71,114237.39,7,0.3164,22,email,10,1,0
C002714,61,70287.06,5,0.1326,15,direct_mail,20,0,1
C002715,39,46355.99,3,0.3603,99,paid_social,10,1,0
C002716,71,103598.5,3,0.2779,98,email,5,1,0
C002717,61,185508.43,2,0.2304,70,email,10,0,0
C002718,68,99265.0,5,0.2782,93,email,5,1,0
C002719,39,32601.31,6,0.3842,97,email,5,0,0
C002720,24,28376.98,6,0.0927,40,paid_social,10,0,0
C002721,28,56960.91,4,0.0824,88,email,5,0,0
C002722,29,49081.34,2,0.424,68,email,5,0,0
C002723,41,67570.73,7,0.4994,3,email,15,0,0
C002724,33,53388.58,4,0.3596,70,paid_social,0,1,0
C002725,56,64580.04,6,0.2295,59,sms,0,1,0
C002726,43,104203.8,4,0.2244,32,email,5,1,0
C002727,51,50402.89,6,0.6803,97,email,5,1,0
C002728,36,58609.24,5,0.1175,33,paid_social,20,0,0
C002729,70,98283.87,3,0.0338,1,email,10,0,0
C002730,71,70328.41,4,0.2616,6,paid_social,0,1,0
C002731,42,76449.3,5,0.6007,25,sms,15,0,0
C002732,47,79982.03,7,0.4579,23,direct_mail,5,1,1
C002733,57,61904.55,8,0.1261,100,email,20,1,0
C002734,39,84074.2,5,0.1143,15,paid_social,15,1,1
C002735,68,62863.34,2,0.5031,100,email,15,1,0
C002736,51,103594.58,10,0.4497,26,paid_social,10,0,0
C002737,45,132399.08,6,0.2186,54,email,15,0,0
C002738,27,78046.82,2,0.2072,77,paid_social,0,1,0
C002739,62,110287.74,5,0.0849,87,paid_social,0,0,1
C002740,57,42180.99,5,0.4724,108,sms,0,0,0
C002741,46,40494.38,6,0.095,67,email,0,0,0
C002742,60,169007.77,7,0.3749,103,email,5,1,0
C002743,44,81778.47,3,0.3261,51,paid_social,20,1,0
C002744,74,115382.45,4,0.0409,112,direct_mail,15,0,0
C002745,32,51590.07,4,0.1338,88,email,10,1,0
C002746,24,51853.58,4,0.4822,109,direct_mail,15,0,0
C002747,61,73369.48,3,0.4914,15,sms,0,1,0
C002748,44,99831.04,9,0.3326,37,email,10,0,0
C002749,59,166354.61,12,0.0875,117,direct_mail,15,1,0
C002750,29,122616.01,2,0.1825,7,email,10,1,0
C002751,24,80972.59,2,0.3975,21,sms,15,0,0
C002752,72,72512.19,2,0.2829,69,sms,10,0,0
C002753,69,54120.83,7,0.2994,107,direct_mail,15,1,0
C002754,37,51726.68,6,0.7074,72,email,15,0,0
C002755,65,39579.15,4,0.215,24,sms,5,1,0
C002756,38,102869.23,3,0.4542,26,paid_social,20,0,0
C002757,64,87798.01,4,0.0702,101,sms,0,0,0
C002758,35,44472.97,4,0.0943,108,sms,15,0,0
C002759,23,37036.54,3,0.1143,19,email,20,1,0
C002760,30,72698.66,3,0.1714,93,email,10,1,0
C002761,48,87462.4,7,0.7899,49,email,15,1,0
C002762,57,76842.53,5,0.5632,12,email,10,0,0
C002763,72,82310.29,6,0.0461,105,sms,10,1,0
C002764,47,92075.39,3,0.5587,114,sms,15,1,0
C002765,41,31104.81,3,0.1389,40,sms,15,0,0
C002766,32,21074.65,2,0.4663,75,email,15,1,0
C002767,43,97074.17,7,0.2038,23,email,10,0,0
C002768,33,24981.5,5,0.5079,64,email,0,1,0
C002769,29,101140.96,7,0.0259,33,sms,10,0,0
C002770,24,35392.66,7,0.349,68,email,0,1,0
C002771,26,64843.93,4,0.4054,74,paid_social,0,1,0
C002772,45,56284.25,5,0.0702,20,email,0,1,0
C002773,61,47413.42,4,0.4264,34,email,5,1,0
C002774,48,31624.39,7,0.3586,104,direct_mail,10,1,0
C002775,33,132225.1,6,0.3168,118,email,15,0,0
C002776,21,84417.45,8,0.1307,31,paid_social,20,0,0
C002777,44,69126.66,4,0.3854,104,email,0,0,0
C002778,30,111807.16,9,0.5823,33,sms,15,1,0
C002779,49,57662.13,6,0.2491,77,email,10,0,0
C002780,39,57782.67,3,0.217,6,email,10,0,0
C002781,42,49778.47,2,0.4427,27,email,0,0,0
C002782,36,118520.88,5,0.0696,83,email,10,1,1
C002783,37,61771.71,4,0.2041,40,email,15,0,0
C002784,32,85314.92,3,0.5017,17,sms,15,1,0
C002785,21,34818.75,7,0.0997,78,sms,15,1,1
C002786,53,24094.11,5,0.1926,26,paid_social,20,1,0
C002787,27,30886.94,6,0.168,30,email,15,1,1
C002788,64,42339.82,8,0.1583,25,sms,15,1,0
C002789,45,91527.77,4,0.7703,67,email,5,0,0
C002790,31,163612.67,6,0.2584,5,direct_mail,10,1,0
C002791,45,176330.84,3,0.3949,56,email,15,1,0
C002792,28,71662.89,7,0.6411,22,paid_social,0,0,0
C002793,38,37695.24,3,0.0427,23,direct_mail,0,0,0
C002794,55,38824.13,6,0.5703,57,direct_mail,5,0,0
C002795,22,82392.66,8,0.2987,34,email,0,0,0
C002796,34,211624.13,8,0.5494,22,email,10,0,0
C002797,73,68067.5,4,0.2406,74,email,20,0,0
C002798,65,49101.54,4,0.1438,44,email,10,0,0
C002799,56,94983.21,5,0.1998,19,email,10,1,0
C002800,46,49113.73,9,0.2656,74,email,0,1,0
C002801,38,69408.48,3,0.328,97,sms,10,1,0
C002802,48,46644.99,3,0.0239,34,email,20,0,0
C002803,58,43788.61,4,0.2083,111,email,0,1,0
C002804,70,37734.42,7,0.152,40,email,10,1,0
C002805,63,99403.65,10,0.7264,81,email,15,0,0
C002806,32,77945.39,0,0.4928,67,direct_mail,0,0,0
C002807,59,84546.61,6,0.0527,44,email,15,0,0
C002808,27,215637.83,6,0.1965,12,sms,0,0,0
C002809,46,58116.03,7,0.0923,40,sms,15,1,0
C002810,43,105140.83,7,0.3263,18,email,5,0,0
C002811,51,24305.95,0,0.6259,46,paid_social,15,1,0
C002812,24,107039.95,4,0.2008,35,email,10,0,0
C002813,41,140360.64,7,0.2674,22,email,5,0,0
C002814,53,53719.1,4,0.6217,59,email,0,0,0
C002815,45,71221.4,3,0.4099,20,email,10,0,0
C002816,54,87065.09,8,0.185,114,paid_social,10,0,0
C002817,31,77522.64,3,0.3187,50,email,15,0,0
C002818,40,104168.5,4,0.2089,55,email,5,0,0
C002819,64,59428.33,1,0.436,47,paid_social,20,1,0
C002820,65,27677.3,6,0.4627,25,paid_social,10,1,0
C002821,26,70677.17,3,0.1817,59,email,5,1,0
C002822,64,111312.36,3,0.2398,49,sms,10,1,0
C002823,55,109439.04,6,0.0746,110,sms,15,0,0
C002824,32,74147.77,2,0.0715,57,email,15,0,0
C002825,56,50741.71,3,0.1549,79,paid_social,15,0,0
C002826,69,102723.83,6,0.6344,57,paid_social,0,0,0
C002827,37,78585.54,8,0.3509,59,sms,5,0,0
C002828,70,60000.26,5,0.2725,74,direct_mail,0,1,0
C002829,45,58707.92,3,0.2147,77,sms,10,1,0
C002830,36,45205.54,2,0.6129,61,sms,0,1,0
C002831,49,68967.28,4,0.0127,6,email,5,0,0
C002832,42,65391.49,6,0.2878,57,email,15,1,0
C002833,31,67849.92,3,0.2881,40,email,10,1,0
C002834,64,134074.24,4,0.0604,116,email,15,1,0
C002835,26,45672.66,6,0.2722,46,email,10,1,0
C002836,28,43249.93,5,0.1189,65,paid_social,15,0,1
C002837,71,109442.3,6,0.5851,27,email,10,1,0
C002838,42,28871.78,3,0.3649,94,sms,10,0,0
C002839,70,53146.63,5,0.3692,61,sms,5,1,0
C002840,33,149752.32,6,0.1761,104,email,10,1,0
C002841,31,69882.64,3,0.4513,75,paid_social,10,1,0
C002842,68,85476.84,6,0.1072,109,sms,10,0,0
C002843,24,26564.99,6,0.487,66,email,15,0,0
C002844,61,73231.15,2,0.3523,3,email,15,1,1
C002845,25,83643.33,6,0.4694,95,email,15,1,0
C002846,34,123407.23,4,0.1944,110,sms,20,0,0
C002847,28,82548.23,5,0.0727,18,email,5,1,0
C002848,40,146934.84,6,0.105,88,paid_social,5,1,0
C002849,36,61909.61,2,0.699,68,email,0,1,1
C002850,62,97396.65,2,0.2473,39,email,15,1,0
C002851,21,40084.39,2,0.4249,61,direct_mail,5,1,0
C002852,61,66727.58,3,0.107,22,email,10,0,0
C002853,43,79276.83,7,0.3752,65,email,15,1,0
C002854,71,84491.95,4,0.3386,15,sms,10,0,0
C002855,29,54144.3,0,0.2514,111,paid_social,15,0,0
C002856,27,43497.28,3,0.3766,116,email,0,1,0
C002857,73,104729.91,8,0.0451,59,sms,20,1,0
C002858,65,217883.35,3,0.0315,46,paid_social,5,1,0
C002859,42,62927.7,3,0.1523,91,sms,20,0,0
C002860,30,46756.42,3,0.5242,74,sms,10,0,0
C002861,55,32379.7,2,0.1135,83,sms,20,1,0
C002862,32,43898.44,2,0.3451,86,email,0,0,0
C002863,52,35895.71,2,0.365,80,email,10,0,0
C002864,58,35114.47,5,0.458,39,email,15,0,0
C002865,48,126134.99,0,0.4073,101,email,15,0,0
C002866,50,104564.17,7,0.3874,117,email,0,1,0
C002867,60,43861.51,2,0.1844,30,paid_social,0,0,0
C002868,37,63954.5,6,0.6432,14,sms,10,1,0
C002869,73,70741.16,3,0.1025,49,sms,15,1,0
C002870,67,54838.61,4,0.149,28,sms,0,0,0
C002871,53,47256.61,8,0.1371,62,email,15,1,0
C002872,63,57270.83,6,0.1972,75,email,10,1,0
C002873,32,37758.92,5,0.6457,97,email,5,0,0
C002874,71,39526.43,4,0.2104,90,paid_social,5,0,0
C002875,49,85904.31,0,0.0677,3,paid_social,0,0,0
C002876,35,43237.47,6,0.1253,63,email,0,0,0
C002877,38,78778.74,5,0.1569,19,email,5,0,1
C002878,56,46741.05,3,0.1367,23,sms,20,0,0
C002879,47,51627.78,2,0.1582,92,email,0,0,0
C002880,37,43790.5,4,0.2735,46,email,15,1,0
C002881,42,114850.28,5,0.281,61,paid_social,10,1,0
C002882,55,153133.98,6,0.0524,68,email,20,1,0
C002883,49,22083.69,5,0.3957,88,email,5,0,0
C002884,39,57607.78,6,0.3235,118,sms,0,1,0
C002885,23,68415.85,6,0.3555,54,email,5,1,0
C002886,52,106486.7,2,0.3762,47,sms,10,1,0
C002887,42,83482.65,6,0.0513,36,email,5,0,0
C002888,24,37084.32,6,0.7244,43,sms,15,0,0
C002889,34,81262.0,3,0.0643,80,sms,15,1,0
C002890,23,47182.95,3,0.0712,76,paid_social,10,0,0
C002891,52,45940.94,5,0.1594,58,email,10,1,0
C002892,23,36323.37,4,0.0481,71,email,5,1,0
C002893,24,36324.93,5,0.2684,73,email,0,0,1
C002894,45,61967.29,3,0.5894,96,paid_social,5,1,0
C002895,27,55575.17,4,0.0204,14,email,0,1,0
C002896,47,39099.1,3,0.2922,119,direct_mail,0,0,0
C002897,36,36744.08,6,0.3028,100,email,0,1,0
C002898,56,53223.08,5,0.6367,71,email,10,1,0
C002899,62,87583.93,9,0.3618,80,sms,10,0,0
C002900,36,44941.66,12,0.2729,104,sms,10,1,0
C002901,70,114528.28,2,0.3367,99,email,0,0,0
C002902,55,95848.81,10,0.3118,22,paid_social,10,0,0
C002903,41,93035.22,8,0.1973,107,direct_mail,10,0,0
C002904,30,48806.19,4,0.8202,43,email,5,1,0
C002905,55,54783.41,6,0.1802,74,email,10,1,0
C002906,55,166433.15,4,0.4164,61,email,5,0,0
C002907,32,103839.04,2,0.2568,15,paid_social,0,1,0
C002908,55,66640.58,7,0.2173,104,paid_social,10,1,0
C002909,63,43772.85,0,0.1508,56,email,10,0,0
C002910,48,106754.33,5,0.2872,102,email,10,0,0
C002911,34,155583.8,2,0.1803,21,email,10,0,0
C002912,25,57693.58,4,0.1449,119,paid_social,20,0,0
C002913,59,99754.48,12,0.0545,106,email,20,1,1
C002914,36,26527.47,5,0.3256,69,direct_mail,5,1,0
C002915,64,34013.0,3,0.1765,91,email,15,0,0
C002916,47,86649.28,5,0.1224,35,paid_social,15,1,0
C002917,43,108658.6,6,0.186,78,email,0,0,0
C002918,23,144697.76,6,0.1963,78,email,10,0,0
C002919,59,81944.03,6,0.3882,44,sms,15,0,0
C002920,45,85755.11,3,0.4044,108,email,10,0,0
C002921,36,25341.55,3,0.2972,52,sms,10,0,0
C002922,55,108267.45,4,0.2944,23,sms,20,0,0
C002923,70,77496.18,8,0.4234,83,paid_social,5,0,0
C002924,70,50957.22,6,0.3204,19,sms,0,0,0
C002925,35,41698.4,4,0.3285,92,paid_social,15,0,0
C002926,61,100602.45,4,0.4923,35,email,0,0,0
C002927,29,43117.5,5,0.1855,51,paid_social,20,0,0
C002928,55,70155.31,6,0.4099,3,email,10,0,0
C002929,33,88085.29,7,0.1896,29,email,5,1,0
C002930,47,49150.26,5,0.3689,59,email,10,1,0
C002931,43,33486.05,4,0.1827,88,email,15,0,0
C002932,74,65793.91,4,0.2964,100,sms,15,0,0
C002933,45,133472.12,3,0.1336,7,email,10,0,0
C002934,69,155681.34,5,0.1306,117,email,5,1,0
C002935,38,72721.57,4,0.2894,75,paid_social,10,1,0
C002936,55,63959.25,5,0.3933,42,paid_social,0,0,0
C002937,73,70042.61,9,0.217,71,email,5,1,0
C002938,29,69721.88,4,0.0169,84,sms,0,0,0
C002939,32,82232.52,4,0.1057,58,paid_social,15,1,0
C002940,51,56016.88,4,0.4885,97,email,5,1,0
C002941,60,76361.65,4,0.201,6,email,10,1,0
C002942,62,58763.31,3,0.1476,57,email,10,0,0
C002943,74,46253.9,5,0.5342,68,sms,15,0,0
C002944,74,65022.56,0,0.1519,39,email,5,1,0
C002945,58,39611.16,3,0.2856,66,email,15,1,0
C002946,31,71280.88,3,0.2796,61,email,5,0,0
C002947,74,70207.85,7,0.3239,16,email,10,0,0
C002948,29,86401.21,4,0.3031,23,direct_mail,5,0,0
C002949,64,87106.59,3,0.4113,31,direct_mail,20,0,0
C002950,43,80442.25,6,0.036,85,sms,5,1,0
C002951,67,220000.0,4,0.3999,59,paid_social,10,0,0
C002952,44,25808.28,3,0.061,12,email,0,1,0
C002953,68,66588.8,5,0.3158,75,direct_mail,0,1,0
C002954,56,56383.31,3,0.026,4,email,10,1,0
C002955,47,63229.03,3,0.3343,30,email,5,1,0
C002956,36,73147.8,4,0.451,103,direct_mail,10,1,0
C002957,32,25567.02,5,0.2227,20,sms,10,1,0
C002958,67,84765.4,6,0.8043,107,email,0,0,0
C002959,66,29748.91,7,0.3507,56,email,10,1,0
C002960,43,47367.87,4,0.7073,78,paid_social,10,1,0
C002961,66,97472.48,3,0.4418,44,paid_social,5,1,0
C002962,52,75009.79,4,0.3182,12,email,10,1,0
C002963,54,79889.91,6,0.6467,19,sms,5,0,0
C002964,61,68269.45,3,0.115,109,sms,10,1,0
C002965,61,86716.85,2,0.0502,109,sms,20,0,0
C002966,56,98397.47,4,0.1671,44,email,0,0,0
C002967,73,55867.5,4,0.2337,115,email,10,0,0
C002968,71,51126.56,2,0.5872,116,email,0,1,0
C002969,62,111534.12,4,0.2733,79,email,5,0,0
C002970,42,62840.04,4,0.0698,80,paid_social,0,1,0
C002971,61,55627.78,3,0.2079,86,sms,10,1,0
C002972,53,209056.06,4,0.4011,20,email,5,0,0
C002973,38,49756.3,5,0.2202,36,sms,5,0,0
C002974,54,84332.63,5,0.389,94,email,20,1,0
C002975,34,56270.76,5,0.5743,33,paid_social,15,1,0
C002976,29,81855.89,2,0.343,31,sms,15,1,0
C002977,40,50284.32,6,0.2214,46,paid_social,10,1,0
C002978,56,74432.82,4,0.3249,104,email,5,0,0
C002979,62,22809.56,7,0.0785,80,email,10,0,0
C002980,25,36587.03,10,0.0743,13,email,10,1,0
C002981,47,57113.08,9,0.1555,113,sms,10,1,0
C002982,36,87475.58,3,0.0993,15,direct_mail,15,1,0
C002983,61,53766.35,6,0.3852,36,email,5,1,0
C002984,33,48228.38,1,0.2871,36,email,0,1,0
C002985,62,79401.11,6,0.5829,62,direct_mail,10,0,0
C002986,44,33434.24,7,0.3718,99,sms,5,1,0
C002987,23,59160.29,6,0.3653,118,paid_social,20,1,0
C002988,60,71018.88,4,0.2393,49,email,10,0,0
C002989,29,70688.39,4,0.1183,34,email,15,1,0
C002990,71,54285.42,10,0.1312,85,email,5,0,0
C002991,51,35286.01,4,0.1192,25,email,0,0,0
C002992,48,124816.27,3,0.3208,119,email,0,0,0
C002993,71,59646.85,5,0.1662,22,paid_social,5,1,0
C002994,48,18894.22,2,0.1734,48,paid_social,10,0,0
C002995,47,91207.15,2,0.2656,27,sms,10,0,0
C002996,44,68835.56,3,0.8037,5,email,5,1,0
C002997,53,168915.55,6,0.3866,29,paid_social,10,0,0
C002998,36,89702.19,7,0.4069,70,email,10,0,0
C002999,50,53116.24,4,0.0814,101,email,15,0,0
C003000,67,38043.32,4,0.1845,33,email,20,1,0
C003001,55,21456.19,1,0.2532,78,email,10,0,0
C003002,27,49545.99,10,0.3064,6,email,10,1,0
C003003,62,47973.43,6,0.1522,36,direct_mail,20,0,0
C003004,48,54266.83,2,0.3307,36,email,0,1,0
C003005,32,107652.89,4,0.1713,13,email,20,1,0
C003006,65,77938.77,7,0.1713,104,sms,10,0,0
C003007,60,48652.41,2,0.1834,52,sms,0,1,0
C003008,61,54716.7,5,0.2841,48,paid_social,5,0,0
C003009,28,79247.66,3,0.5574,7,email,20,0,0
C003010,40,56447.12,1,0.1835,114,sms,0,1,0
C003011,47,32257.17,9,0.1673,50,email,15,1,0
C003012,47,48859.68,5,0.4601,99,email,10,0,0
C003013,40,65301.67,3,0.5834,7,email,10,1,0
C003014,44,107131.95,6,0.1609,106,email,20,1,0
C003015,25,56928.76,3,0.4971,34,email,5,0,0
C003016,25,50761.9,6,0.082,100,direct_mail,10,1,1
C003017,43,55976.68,0,0.5914,78,email,15,0,0
C003018,32,37044.54,3,0.1397,101,email,10,1,0
C003019,51,104203.95,5,0.1003,112,email,10,0,0
C003020,36,121872.97,6,0.0583,31,sms,5,1,0
C003021,44,67163.04,2,0.3238,112,direct_mail,15,1,0
C003022,73,66135.23,3,0.6388,69,sms,10,1,0
C003023,43,52619.65,4,0.4237,53,paid_social,20,1,0
C003024,61,60112.55,2,0.077,115,email,20,1,0
C003025,58,37965.8,6,0.7745,65,email,5,0,0
C003026,56,82135.48,2,0.6405,114,paid_social,15,1,0
C003027,49,109885.06,4,0.3196,24,email,10,0,0
C003028,45,47171.86,3,0.1966,91,sms,10,1,0
C003029,49,105828.58,7,0.2114,115,direct_mail,5,1,0
C003030,36,43642.19,2,0.4751,118,email,5,1,0
C003031,38,45062.34,4,0.2481,109,paid_social,0,1,0
C003032,59,128522.3,4,0.5457,92,paid_social,10,1,0
C003033,47,60063.28,4,0.421,42,sms,10,0,0
C003034,24,71946.02,4,0.5455,72,email,5,1,0
C003035,62,32244.41,8,0.3765,11,email,15,1,0
C003036,37,53553.97,5,0.5659,90,email,5,0,0
C003037,43,39844.19,4,0.3002,21,direct_mail,0,1,0
C003038,23,77208.5,4,0.0996,102,email,15,0,0
C003039,47,107676.11,3,0.4174,49,email,15,1,0
C003040,30,54881.34,6,0.2098,1,paid_social,5,0,0
C003041,68,78394.15,3,0.494,114,email,0,0,0
C003042,34,92974.11,9,0.2334,62,direct_mail,0,1,0
C003043,69,79196.85,3,0.2651,50,direct_mail,10,0,0
C003044,69,87752.36,5,0.2432,107,email,15,1,0
C003045,47,72328.27,4,0.129,35,direct_mail,5,0,0
C003046,36,52659.53,7,0.2041,30,email,10,0,0
C003047,36,87644.03,6,0.3678,5,paid_social,0,1,0
C003048,63,101638.95,2,0.3237,40,email,10,1,0
C003049,53,113514.97,7,0.3223,1,sms,5,1,0
C003050,66,80094.44,2,0.1078,31,paid_social,20,1,0
C003051,25,76255.95,5,0.1367,15,email,10,1,0
C003052,55,55316.95,3,0.289,5,sms,10,0,0
C003053,74,29066.73,8,0.2327,67,sms,10,0,0
C003054,50,69088.83,2,0.2925,52,sms,5,1,0
C003055,43,66945.58,4,0.2625,33,email,0,0,0
C003056,29,120037.1,4,0.3099,78,email,20,1,0
C003057,50,90142.13,3,0.4362,117,email,5,0,0
C003058,57,37770.65,8,0.1963,106,email,0,0,0
C003059,60,52441.65,8,0.0985,93,sms,0,0,0
C003060,61,53918.47,5,0.682,107,email,15,0,0
C003061,21,57223.69,4,0.1429,23,direct_mail,0,0,0
C003062,41,54912.12,3,0.2406,69,paid_social,15,0,0
C003063,48,73076.81,8,0.3134,114,email,15,1,0
C003064,58,58334.58,5,0.0959,98,sms,10,0,0
C003065,35,220000.0,4,0.2375,108,paid_social,5,0,0
C003066,73,52075.31,6,0.6218,20,email,10,1,0
C003067,40,81374.62,5,0.1646,104,paid_social,0,0,0
C003068,65,66218.28,5,0.0297,62,email,0,1,0
C003069,36,49784.13,5,0.1191,95,paid_social,5,1,0
C003070,33,113735.05,2,0.1629,117,email,15,0,1
C003071,52,61479.57,4,0.2559,19,email,20,1,0
C003072,59,59661.33,2,0.4607,71,email,10,0,0
C003073,58,49987.14,4,0.4237,43,email,0,1,0
C003074,68,29732.85,7,0.3147,52,email,0,1,0
C003075,53,34560.41,5,0.3854,80,email,0,1,0
C003076,41,51435.08,1,0.3008,9,paid_social,15,0,0
C003077,35,100303.32,9,0.381,102,direct_mail,5,1,0
C003078,40,26936.5,4,0.2419,93,email,10,1,0
C003079,52,122571.15,5,0.4488,48,paid_social,5,0,0
C003080,28,64204.98,3,0.1703,81,email,5,0,0
C003081,24,95302.63,4,0.1971,12,paid_social,15,0,0
C003082,62,100265.33,6,0.2416,98,email,15,1,0
C003083,73,46743.04,1,0.1274,70,email,20,0,0
C003084,47,60728.49,1,0.6508,74,paid_social,5,1,0
C003085,72,53320.55,8,0.2513,95,email,0,0,0
C003086,61,82322.08,1,0.2828,34,email,10,1,0
C003087,36,161840.61,3,0.3049,13,direct_mail,15,0,0
C003088,30,99847.02,4,0.317,49,email,5,1,0
C003089,63,51030.44,5,0.2174,73,email,5,1,0
C003090,21,81276.68,8,0.3093,34,sms,20,1,0
C003091,26,61662.27,4,0.1467,31,email,10,0,0
C003092,25,68929.9,2,0.3397,13,email,15,0,0
C003093,54,75149.93,3,0.2179,88,paid_social,0,0,0
C003094,28,76476.16,3,0.0782,27,email,0,1,0
C003095,45,61421.81,2,0.1943,54,email,0,0,0
C003096,37,67624.64,2,0.3723,54,sms,0,0,0
C003097,54,77228.87,0,0.3176,37,email,20,1,0
C003098,71,67860.65,3,0.2266,1,email,15,1,0
C003099,35,83321.0,1,0.3262,23,paid_social,10,1,0
C003100,44,72400.91,3,0.0893,99,email,5,0,0
C003101,56,72454.47,8,0.664,66,email,10,0,0
C003102,37,54130.9,7,0.2986,81,direct_mail,15,1,0
C003103,65,79897.12,3,0.0865,75,direct_mail,0,0,0
C003104,29,39140.91,5,0.1334,84,sms,10,1,0
C003105,49,44239.16,2,0.3474,7,sms,10,1,0
C003106,56,31680.38,4,0.4959,73,email,5,1,0
C003107,52,93135.45,5,0.052,57,paid_social,15,1,0
C003108,57,57976.61,1,0.0549,25,direct_mail,20,1,0
C003109,30,53738.44,4,0.2793,49,paid_social,15,0,0
C003110,57,95331.52,2,0.3878,2,sms,5,0,0
C003111,73,69817.71,3,0.3135,89,paid_social,0,1,0
C003112,37,44004.45,2,0.1537,41,email,5,0,0
C003113,34,46487.01,2,0.0134,92,sms,10,1,0
C003114,73,87735.53,5,0.3241,58,email,15,0,0
C003115,56,148063.36,6,0.3721,72,paid_social,10,1,0
C003116,69,124294.42,4,0.1476,118,direct_mail,10,1,0
C003117,55,64882.41,5,0.2101,33,email,20,0,0
C003118,42,57672.14,5,0.7346,23,email,0,0,0
C003119,30,44927.05,2,0.2868,41,direct_mail,20,0,0
C003120,66,84274.74,4,0.1805,89,sms,5,1,0
C003121,37,72003.45,4,0.2547,62,email,0,1,0
C003122,65,49181.0,7,0.298,40,email,10,1,0
C003123,58,57502.97,5,0.4816,70,sms,15,0,0
C003124,74,54341.84,4,0.5181,35,email,10,0,0
C003125,31,47323.34,3,0.2224,33,email,0,0,0
C003126,21,207696.18,2,0.1311,11,sms,0,0,0
C003127,61,77083.1,2,0.6505,86,email,0,0,0
C003128,57,46086.99,2,0.4599,102,email,15,0,0
C003129,25,32018.33,4,0.3969,32,email,0,0,0
C003130,42,105434.85,4,0.209,105,email,20,1,0
C003131,22,54874.73,8,0.4021,7,sms,5,1,0
C003132,69,187300.11,3,0.5134,83,email,10,0,0
C003133,30,56722.66,4,0.0427,78,paid_social,5,1,0
C003134,56,136368.33,2,0.2252,23,email,5,0,0
C003135,24,82707.09,3,0.2239,88,email,15,0,0
C003136,68,45059.44,5,0.4179,73,email,5,0,0
C003137,56,44380.29,2,0.2623,77,sms,20,0,0
C003138,72,81540.91,10,0.1295,24,direct_mail,15,0,0
C003139,30,35271.65,3,0.4591,77,sms,10,1,0
C003140,34,36143.94,5,0.0203,92,email,5,1,0
C003141,60,82949.25,3,0.0189,29,email,15,0,0
C003142,26,131924.52,7,0.3757,42,email,0,0,0
C003143,60,59444.23,3,0.1282,117,sms,10,0,0
C003144,63,136337.65,4,0.5334,101,email,5,0,1
C003145,68,70578.88,2,0.1756,96,email,5,0,0
C003146,61,49189.54,4,0.2646,27,email,15,1,0
C003147,72,62907.44,6,0.1008,60,direct_mail,10,1,0
C003148,23,74546.2,7,0.0598,37,email,20,1,1
C003149,48,41133.81,8,0.4237,30,sms,10,1,0
C003150,52,56896.49,7,0.779,52,email,0,1,0
C003151,61,78348.49,5,0.2414,68,email,10,1,0
C003152,57,70088.38,3,0.1679,24,paid_social,10,0,0
C003153,68,70419.93,4,0.2103,58,email,5,1,0
C003154,62,32592.62,2,0.2277,94,email,10,1,0
C003155,31,69436.83,4,0.117,73,sms,10,0,0
C003156,24,45880.49,3,0.1982,114,email,5,0,0
C003157,40,132116.14,6,0.056,3,email,15,0,0
C003158,22,147886.86,1,0.2352,42,email,15,0,0
C003159,71,65799.65,5,0.564,38,sms,15,1,0
C003160,39,52139.51,8,0.2297,75,direct_mail,0,0,0
C003161,45,61166.14,3,0.4069,51,email,20,1,0
C003162,73,91983.83,7,0.6303,31,paid_social,0,1,0
C003163,31,156600.0,9,0.0531,48,sms,10,1,0
C003164,69,70551.92,7,0.2548,62,direct_mail,10,1,0
C003165,30,46863.23,4,0.101,48,sms,10,0,0
C003166,33,44714.99,5,0.2224,105,email,0,1,0
C003167,67,48595.84,3,0.3928,79,email,10,0,0
C003168,48,52829.82,4,0.382,88,paid_social,15,0,0
C003169,57,110479.06,8,0.4539,37,email,10,1,0
C003170,52,56694.43,3,0.0554,30,email,15,1,1
C003171,23,89956.35,3,0.1431,47,email,20,1,0
C003172,41,31019.56,3,0.3718,83,paid_social,5,1,0
C003173,61,42019.8,6,0.1955,73,email,15,1,0
C003174,51,47454.5,6,0.2661,101,direct_mail,15,1,0
C003175,56,84188.92,6,0.3694,29,direct_mail,15,1,0
C003176,72,64285.88,3,0.4998,33,email,5,0,0
C003177,23,65084.51,4,0.2967,18,direct_mail,10,1,0
C003178,46,72455.15,3,0.3333,66,email,0,0,0
C003179,40,88902.38,3,0.332,15,sms,15,1,0
C003180,41,101966.67,4,0.4802,45,sms,15,0,0
C003181,50,91852.32,4,0.4924,70,email,10,1,0
C003182,42,39627.82,5,0.2881,57,email,0,1,0
C003183,39,44755.75,3,0.3204,54,email,0,0,0
C003184,44,97767.97,2,0.1985,118,email,5,1,0
C003185,71,59254.7,5,0.1737,12,email,0,1,0
C003186,45,80302.81,4,0.4455,85,email,20,0,0
C003187,45,91785.34,4,0.7541,43,sms,15,1,0
C003188,62,63174.02,5,0.3631,64,email,5,0,0
C003189,61,108163.89,3,0.1099,55,email,10,0,0
C003190,50,92038.18,2,0.5151,49,paid_social,5,1,0
C003191,29,42639.86,3,0.429,82,email,0,1,1
C003192,69,33519.72,4,0.3548,107,direct_mail,20,0,0
C003193,59,40288.15,4,0.2572,107,email,10,1,0
C003194,66,74891.07,4,0.3233,59,email,0,0,0
C003195,44,51250.0,8,0.1311,29,email,15,0,0
C003196,34,71242.62,3,0.3715,76,email,20,1,0
C003197,55,59135.6,7,0.2025,54,email,15,1,0
C003198,44,37586.13,4,0.2958,26,paid_social,15,1,0
C003199,35,92929.72,6,0.3857,9,email,5,1,0
C003200,73,86913.68,4,0.4894,105,direct_mail,10,0,0
C003201,65,68511.24,1,0.0224,60,email,0,0,0
C003202,32,51755.02,5,0.5444,105,email,15,0,0
C003203,34,100812.59,5,0.0665,110,sms,15,1,0
C003204,64,63898.74,6,0.3976,31,email,10,1,0
C003205,33,47871.62,2,0.1741,17,direct_mail,0,1,0
C003206,22,46299.56,10,0.287,17,email,10,0,0
C003207,64,75959.43,7,0.1629,59,email,10,1,0
C003208,47,62965.52,5,0.3621,13,paid_social,20,1,0
C003209,33,103551.58,7,0.3077,82,paid_social,5,0,0
C003210,60,35468.62,2,0.198,39,email,10,0,0
C003211,57,101797.8,2,0.6035,103,email,0,1,0
C003212,62,68148.66,0,0.0524,16,paid_social,0,1,0
C003213,72,76148.72,3,0.4071,111,email,10,0,0
C003214,74,58990.91,7,0.1823,27,email,10,0,0
C003215,65,63675.7,4,0.4297,29,email,20,0,0
C003216,47,119450.95,7,0.0046,86,email,10,0,0
C003217,42,51484.45,5,0.3267,17,sms,15,0,0
C003218,23,38338.7,6,0.1426,34,sms,15,1,0
C003219,44,102965.19,9,0.2099,63,email,0,0,0
C003220,52,81420.02,4,0.4875,12,paid_social,10,0,0
C003221,63,72009.67,3,0.3182,2,sms,10,1,0
C003222,21,140544.94,5,0.0988,103,paid_social,5,0,0
C003223,55,30747.61,1,0.5858,24,email,10,0,0
C003224,62,55808.71,1,0.1782,23,email,10,0,0
C003225,47,159420.98,7,0.2414,79,email,5,1,0
C003226,60,46605.11,5,0.1762,77,direct_mail,15,0,1
C003227,41,85464.65,5,0.051,95,direct_mail,0,0,0
C003228,29,174206.4,5,0.0691,84,paid_social,0,0,0
C003229,42,103627.56,4,0.0808,31,email,10,0,0
C003230,68,32566.6,6,0.3943,101,direct_mail,15,1,0
C003231,51,133504.19,2,0.2738,59,email,0,0,0
C003232,48,75985.49,6,0.1343,29,email,15,0,0
C003233,55,45760.9,4,0.1835,91,sms,20,1,0
C003234,66,95267.03,3,0.2988,105,email,10,0,0
C003235,56,44715.75,6,0.1338,92,paid_social,0,1,0
C003236,59,91549.08,3,0.2444,51,email,0,0,0
C003237,21,34747.93,6,0.4877,33,email,0,1,0
C003238,68,39628.5,2,0.4555,92,paid_social,10,0,0
C003239,45,68015.66,7,0.1326,4,sms,15,0,0
C003240,30,67268.21,3,0.3186,119,email,5,0,0
C003241,61,43270.85,2,0.2119,25,sms,15,1,0
C003242,29,220000.0,1,0.0328,85,email,0,1,0
C003243,40,67878.14,7,0.3163,99,email,10,1,0
C003244,55,26285.16,2,0.1425,17,email,0,0,0
C003245,52,143942.75,3,0.1117,44,email,10,1,0
C003246,46,51806.73,2,0.3231,113,email,15,0,0
C003247,29,81448.62,6,0.3513,31,email,15,0,0
C003248,37,73672.28,4,0.2269,49,paid_social,0,1,0
C003249,35,76227.79,8,0.119,65,direct_mail,10,1,0
C003250,23,73836.4,4,0.1753,118,paid_social,20,1,0
C003251,43,64619.08,6,0.4388,35,email,15,1,0
C003252,62,77342.75,5,0.3761,98,paid_social,15,0,1
C003253,69,131960.67,4,0.286,112,email,20,0,0
C003254,40,28046.42,8,0.2167,110,email,0,0,0
C003255,43,42485.4,4,0.7242,52,email,10,1,1
C003256,44,75466.65,4,0.3224,7,email,20,1,0
C003257,66,26429.56,3,0.2632,20,email,0,1,0
C003258,67,114324.36,0,0.343,97,email,5,0,0
C003259,27,61079.61,5,0.0366,51,paid_social,5,0,0
C003260,60,114703.32,3,0.3044,12,sms,10,1,0
C003261,30,165542.51,5,0.0834,21,paid_social,10,0,0
C003262,37,32268.08,2,0.5134,16,email,10,1,0
C003263,21,54156.77,5,0.2964,98,email,20,0,0
C003264,72,48149.77,5,0.2125,77,email,5,0,0
C003265,39,107144.2,6,0.0518,6,paid_social,15,1,0
C003266,41,42174.37,6,0.1765,85,email,0,0,0
C003267,38,112501.15,10,0.3346,115,direct_mail,20,0,0
C003268,51,43862.79,3,0.4537,93,email,10,0,0
C003269,65,159560.29,10,0.3943,5,paid_social,15,1,0
C003270,69,29809.29,4,0.067,117,email,15,1,0
C003271,54,93601.11,1,0.5373,27,sms,20,1,0
C003272,32,125703.41,10,0.2562,92,paid_social,10,0,0
C003273,69,33167.92,2,0.074,35,paid_social,10,1,0
C003274,49,98094.81,4,0.2415,117,email,10,1,0
C003275,60,176804.15,3,0.1095,5,sms,10,1,0
C003276,73,50585.52,5,0.6805,1,email,10,0,0
C003277,45,66792.69,7,0.0106,60,email,5,0,0
C003278,49,53380.94,5,0.0605,100,paid_social,0,0,0
C003279,73,41648.39,4,0.3574,4,paid_social,0,0,0
C003280,68,64866.68,2,0.2518,60,direct_mail,10,1,1
C003281,24,59417.81,4,0.1705,6,email,10,1,0
C003282,51,74972.39,1,0.3094,68,email,10,0,0
C003283,53,19006.56,4,0.1372,28,email,5,1,0
C003284,54,97402.71,4,0.2499,66,email,10,0,0
C003285,70,56489.19,6,0.0717,88,email,20,1,0
C003286,68,98594.14,3,0.3806,75,paid_social,5,1,0
C003287,29,94054.13,3,0.1658,46,sms,15,0,0
C003288,51,39109.65,5,0.006,80,direct_mail,10,1,0
C003289,65,60718.36,5,0.3384,28,email,10,0,0
C003290,26,68904.36,3,0.4076,90,paid_social,10,0,0
C003291,58,35882.71,5,0.2402,13,email,10,1,0
C003292,31,18000.0,1,0.2706,84,paid_social,20,1,0
C003293,54,69980.26,6,0.1041,46,email,0,0,0
C003294,53,122053.66,5,0.6009,65,email,15,1,0
C003295,73,105819.67,6,0.082,21,sms,15,1,0
C003296,71,53955.84,12,0.008,37,email,15,0,0
C003297,57,67156.49,4,0.5119,9,email,15,1,0
C003298,24,52285.84,6,0.033,87,sms,10,0,0
C003299,28,82637.02,3,0.3499,10,paid_social,0,0,0
C003300,63,41706.48,4,0.3229,108,email,5,1,0
C003301,60,39408.63,3,0.1032,84,sms,15,0,0
C003302,60,35306.42,1,0.1205,32,email,20,1,0
C003303,35,55645.45,5,0.1437,34,email,0,0,0
C003304,72,60963.02,6,0.0437,36,email,10,0,0
C003305,67,53176.27,5,0.3097,31,email,10,1,0
C003306,22,88234.04,8,0.1879,104,email,15,1,0
C003307,27,52772.79,4,0.1149,92,paid_social,0,1,0
C003308,70,73862.21,2,0.3528,113,paid_social,5,0,0
C003309,48,45500.34,3,0.3897,101,email,10,1,0
C003310,70,116682.88,2,0.501,98,paid_social,10,0,0
C003311,30,49911.07,4,0.4084,36,email,0,1,0
C003312,41,63257.48,4,0.0694,30,email,0,0,0
C003313,23,44707.65,5,0.2518,14,email,10,1,0
C003314,47,72932.12,5,0.2009,11,email,5,1,0
C003315,56,41562.37,2,0.1506,82,email,10,1,0
C003316,33,79219.27,7,0.486,25,email,15,1,0
C003317,60,73235.19,3,0.4566,46,paid_social,10,0,0
C003318,53,151706.71,8,0.0345,111,sms,0,0,0
C003319,31,74901.78,6,0.2228,79,email,15,1,1
C003320,53,127393.41,1,0.2545,92,paid_social,15,0,0
C003321,47,35587.43,4,0.2172,22,paid_social,10,0,0
C003322,57,52211.86,2,0.1739,64,email,20,1,0
C003323,64,93714.07,5,0.0807,55,email,10,1,0
C003324,65,22315.76,4,0.1411,98,sms,0,1,0
C003325,66,64831.28,4,0.3909,65,email,0,1,0
C003326,43,109068.63,7,0.3332,107,paid_social,10,1,0
C003327,51,85184.53,4,0.2616,1,sms,0,1,0
C003328,43,54632.61,9,0.6488,97,email,0,1,0
C003329,44,35659.75,3,0.2048,63,email,15,0,1
C003330,35,52917.25,5,0.6213,54,email,10,1,0
C003331,51,71491.64,7,0.2309,73,email,10,0,0
C003332,33,57069.01,5,0.0376,104,direct_mail,15,1,0
C003333,25,66678.69,1,0.2912,101,direct_mail,10,0,0
C003334,38,60511.64,6,0.0804,24,email,10,0,0
C003335,34,100532.92,2,0.142,8,email,15,0,0
C003336,36,67202.45,2,0.2267,100,email,0,1,0
C003337,28,77338.87,10,0.2001,54,paid_social,0,0,0
C003338,73,220000.0,5,0.1055,79,direct_mail,0,0,0
C003339,54,52715.94,7,0.2796,72,sms,10,1,0
C003340,64,50536.18,2,0.3124,84,sms,10,0,0
C003341,55,91652.59,3,0.4118,73,email,15,1,0
C003342,63,220000.0,4,0.5093,20,email,0,1,0
C003343,61,120126.86,5,0.1293,74,email,15,0,0
C003344,73,70599.11,4,0.3761,56,email,10,1,0
C003345,55,41145.23,6,0.2965,93,email,10,0,0
C003346,57,54798.56,5,0.0525,41,email,15,0,0
C003347,63,115840.77,5,0.2966,59,email,0,1,0
C003348,58,65851.84,1,0.3673,27,email,20,0,0
C003349,58,54110.95,1,0.752,55,email,5,0,0
C003350,37,71090.63,7,0.023,94,email,10,0,0
C003351,50,87330.38,2,0.3055,33,email,0,1,0
C003352,38,26037.02,6,0.0659,112,email,10,0,0
C003353,35,110253.73,7,0.0634,104,sms,5,1,0
C003354,30,48262.19,5,0.4515,95,email,20,1,0
C003355,34,51072.7,4,0.374,65,email,10,1,1
C003356,43,89819.75,8,0.1154,56,email,10,1,0
C003357,27,91287.57,1,0.1673,63,direct_mail,10,0,0
C003358,43,30865.83,9,0.2769,19,paid_social,20,0,0
C003359,44,32908.82,4,0.4237,112,email,5,0,0
C003360,48,50718.56,8,0.4106,51,email,20,1,0
C003361,44,39200.9,3,0.1299,31,sms,20,0,0
C003362,48,127291.25,4,0.28,48,email,5,0,0
C003363,44,60110.79,6,0.1689,57,email,10,0,0
C003364,29,67894.28,4,0.2521,98,email,0,1,0
C003365,43,98724.13,9,0.2179,74,paid_social,10,1,0
C003366,39,61551.31,5,0.0351,17,email,10,0,1
C003367,48,97604.57,5,0.3527,84,email,15,0,0
C003368,29,65422.0,8,0.338,37,direct_mail,5,1,0
C003369,55,59848.9,8,0.4055,27,email,10,1,0
C003370,55,62325.29,6,0.17,85,sms,10,0,0
C003371,72,78235.29,4,0.2291,78,email,0,1,0
C003372,33,160170.8,7,0.0448,112,paid_social,15,0,0
C003373,36,23515.75,2,0.2989,10,sms,15,0,0
C003374,67,51961.95,5,0.6144,55,sms,15,1,0
C003375,72,114458.9,4,0.1723,112,email,0,1,0
C003376,65,36965.99,5,0.5016,14,paid_social,5,0,0
C003377,34,24263.75,5,0.2258,88,paid_social,0,1,0
C003378,58,83654.92,5,0.1209,32,email,15,0,0
C003379,32,56850.84,4,0.3835,32,paid_social,5,0,0
C003380,58,127296.85,4,0.2268,71,paid_social,20,0,0
C003381,61,32392.92,2,0.6292,76,email,15,0,0
C003382,71,60577.53,6,0.103,79,direct_mail,10,0,0
C003383,55,91670.83,6,0.1306,107,paid_social,5,0,0
C003384,31,133435.04,2,0.0829,76,email,10,0,0
C003385,63,84878.11,7,0.3417,107,email,15,1,0
C003386,40,51949.89,2,0.2642,104,email,5,1,0
C003387,32,47549.4,1,0.3797,94,paid_social,15,1,0
C003388,51,77196.38,3,0.2397,81,email,15,1,0
C003389,35,43884.18,6,0.6802,62,email,15,0,0
C003390,63,49462.95,2,0.3024,71,email,15,0,1
C003391,26,41533.25,5,0.2344,64,sms,15,1,0
C003392,64,107673.78,5,0.4699,59,email,10,0,0
C003393,32,135192.71,4,0.2787,69,sms,0,1,0
C003394,71,62861.35,5,0.3574,11,email,10,1,0
C003395,45,37156.58,3,0.5943,44,email,0,1,0
C003396,72,32675.81,3,0.1688,13,email,5,0,0
C003397,43,71191.51,6,0.1474,54,sms,15,1,0
C003398,42,30276.79,4,0.4936,39,paid_social,0,1,0
C003399,24,85459.54,3,0.2589,14,email,10,0,0
C003400,65,35494.71,7,0.5791,111,paid_social,10,0,0
C003401,42,62939.55,2,0.1272,35,email,15,0,0
C003402,31,42586.58,3,0.2636,41,email,10,1,0
C003403,71,56861.18,4,0.0647,19,email,10,0,0
C003404,49,36115.18,6,0.1939,116,paid_social,5,0,0
C003405,69,79817.77,3,0.2044,56,paid_social,10,0,0
C003406,43,128958.89,3,0.0191,9,email,15,1,0
C003407,54,46034.18,7,0.2122,58,sms,10,0,0
C003408,28,67018.2,4,0.327,78,sms,10,0,0
C003409,40,60360.7,3,0.6366,21,email,5,1,1
C003410,61,85439.19,8,0.1407,60,email,15,0,0
C003411,41,110686.1,2,0.0799,5,email,20,0,0
C003412,65,64691.32,2,0.3022,116,sms,0,0,0
C003413,56,88985.36,2,0.3401,11,email,5,0,0
C003414,42,80482.75,6,0.4156,115,email,15,0,0
C003415,47,57309.32,3,0.141,119,sms,0,0,0
C003416,63,157741.6,6,0.7379,83,email,10,0,0
C003417,46,62918.83,7,0.3673,10,email,10,1,0
C003418,53,77827.36,6,0.3567,68,email,15,0,0
C003419,57,99378.59,2,0.1444,80,paid_social,10,0,0
C003420,59,113637.81,5,0.1363,78,sms,10,1,0
C003421,29,85640.27,2,0.1551,97,sms,10,1,0
C003422,29,41777.49,7,0.203,56,email,5,0,0
C003423,26,58602.19,8,0.118,21,sms,0,1,0
C003424,37,77629.18,4,0.1733,101,email,10,1,0
C003425,48,73217.57,5,0.0246,12,sms,0,0,0
C003426,33,65828.81,5,0.3628,43,email,0,1,0
C003427,70,158205.77,7,0.3274,41,email,0,1,0
C003428,58,81884.6,3,0.4144,36,email,0,0,0
C003429,30,60872.03,3,0.3247,15,email,15,1,0
C003430,72,55673.59,4,0.3435,95,sms,20,1,1
C003431,44,34287.3,2,0.1415,69,email,5,0,0
C003432,67,53828.74,1,0.1315,60,email,15,1,0
C003433,22,136653.24,2,0.1712,99,email,15,0,0
C003434,56,213410.99,0,0.4215,57,direct_mail,15,1,0
C003435,74,62727.42,3,0.1919,30,email,15,1,0
C003436,29,52384.86,4,0.4294,61,sms,0,1,0
C003437,63,151183.99,2,0.0126,16,paid_social,10,0,0
C003438,35,75546.09,3,0.5947,6,email,0,1,0
C003439,60,51681.75,3,0.3876,103,email,5,0,0
C003440,30,71652.26,7,0.398,1,email,15,1,0
C003441,47,78165.21,6,0.3408,71,sms,0,1,0
C003442,29,51043.39,5,0.1843,96,sms,10,1,0
C003443,59,60675.75,9,0.5117,66,sms,15,0,0
C003444,30,117868.31,2,0.2068,54,sms,5,1,0
C003445,50,62854.65,8,0.1156,49,email,0,1,0
C003446,60,63741.77,6,0.5141,116,sms,15,0,0
C003447,50,45688.06,8,0.3475,76,direct_mail,0,1,0
C003448,60,74384.87,4,0.2608,86,email,20,0,0
C003449,66,50651.0,3,0.351,83,sms,20,1,0
C003450,53,94631.23,5,0.0954,74,sms,0,1,0
C003451,70,50321.18,3,0.2608,22,email,10,0,0
C003452,24,125609.01,8,0.1987,36,paid_social,20,0,0
C003453,27,55022.19,3,0.1632,40,email,15,0,0
C003454,41,177651.96,6,0.4056,65,email,15,1,0
C003455,33,48852.59,5,0.0626,82,email,10,0,0
C003456,67,132902.85,2,0.2949,18,direct_mail,0,1,0
C003457,58,34980.45,5,0.4795,90,email,5,0,0
C003458,57,106306.38,2,0.6327,101,paid_social,5,1,1
C003459,50,64790.83,5,0.2255,106,email,5,0,0
C003460,25,62104.71,4,0.2254,71,email,15,0,0
C003461,69,113331.17,3,0.2614,69,direct_mail,0,0,0
C003462,70,76083.58,5,0.3546,114,email,20,1,0
C003463,41,107950.12,5,0.5163,34,sms,5,0,0
C003464,22,125640.13,5,0.276,26,email,20,1,0
C003465,46,94533.81,3,0.2324,10,email,0,0,0
C003466,61,60162.42,2,0.2789,11,paid_social,10,1,0
C003467,45,39907.7,7,0.2462,35,paid_social,15,0,0
C003468,55,39513.72,6,0.23,58,direct_mail,10,1,0
C003469,37,85929.01,4,0.1295,29,email,0,1,0
C003470,65,34561.66,7,0.4972,43,paid_social,0,1,1
C003471,28,38513.34,3,0.1454,95,sms,0,1,0
C003472,35,97525.99,3,0.2241,31,paid_social,0,0,0
C003473,37,88132.59,5,0.1598,29,direct_mail,5,0,0
C003474,37,32545.3,5,0.0968,31,email,10,0,0
C003475,61,52132.63,0,0.5184,20,email,5,0,0
C003476,66,210281.35,3,0.1775,2,paid_social,10,1,0
C003477,29,107414.3,5,0.3808,12,email,15,1,0
C003478,32,76102.08,2,0.3695,26,sms,5,0,0
C003479,30,127212.27,7,0.2018,14,email,15,1,0
C003480,63,68187.59,3,0.1554,84,email,15,0,0
C003481,23,60029.01,3,0.2909,11,email,0,0,0
C003482,33,49822.15,5,0.345,18,sms,15,1,0
C003483,40,54175.03,6,0.4247,66,email,15,0,0
C003484,29,56770.24,5,0.0396,61,paid_social,0,1,0
C003485,24,71053.8,3,0.4017,93,direct_mail,0,1,0
C003486,21,65241.87,5,0.448,40,email,5,1,1
C003487,47,43192.17,3,0.1621,84,email,0,1,0
C003488,51,76690.69,4,0.1719,18,email,5,1,0
C003489,51,59755.23,4,0.3234,45,paid_social,10,1,0
C003490,74,49143.81,5,0.3201,27,email,10,1,0
C003491,55,79339.38,9,0.0239,54,paid_social,5,0,0
C003492,67,92470.14,5,0.567,10,sms,15,0,0
C003493,57,67749.8,8,0.3848,94,sms,10,0,0
C003494,33,69604.94,4,0.2708,58,email,0,1,0
C003495,73,175646.8,2,0.0633,29,email,5,1,0
C003496,62,54804.52,5,0.3015,5,email,5,0,0
C003497,41,70459.48,5,0.4025,107,direct_mail,0,0,0
C003498,26,42742.61,5,0.2252,30,email,15,1,0
C003499,73,39132.96,6,0.0342,41,email,15,1,0
C003500,28,38372.23,2,0.3822,46,email,10,0,0
C003501,59,98001.34,4,0.149,96,paid_social,0,0,0
C003502,30,51175.08,9,0.3469,96,email,5,0,0
C003503,35,94891.75,6,0.2098,79,email,15,0,0
C003504,58,70370.73,1,0.2355,28,paid_social,20,1,1
C003505,27,38112.23,6,0.264,17,paid_social,15,0,0
C003506,52,57811.31,7,0.3581,28,paid_social,0,1,0
C003507,56,80934.17,6,0.7722,83,email,10,1,0
C003508,26,60989.86,3,0.648,47,email,15,0,0
C003509,57,85339.9,4,0.4375,62,email,0,0,0
C003510,28,38822.69,4,0.2691,36,sms,0,0,0
C003511,43,110991.74,7,0.1842,112,email,10,0,0
C003512,58,98509.69,1,0.3604,17,sms,10,0,0
C003513,57,93863.91,4,0.2247,102,email,15,1,0
C003514,40,61243.78,8,0.1807,107,email,5,0,0
C003515,67,60229.4,9,0.2729,89,email,15,0,0
C003516,39,90314.2,6,0.1209,41,sms,20,1,0
C003517,52,92168.11,4,0.329,8,email,10,1,0
C003518,31,50945.32,3,0.1088,26,sms,5,0,0
C003519,25,94573.16,4,0.2779,17,email,15,1,0
C003520,67,57829.3,6,0.4423,84,sms,10,1,0
C003521,67,61937.25,5,0.2959,110,email,10,1,0
C003522,66,43875.41,7,0.1888,13,sms,15,1,0
C003523,45,61724.94,4,0.3049,14,email,5,0,0
C003524,26,38995.89,5,0.0383,63,sms,10,0,0
C003525,51,74485.96,6,0.5216,34,direct_mail,10,0,0
C003526,61,128344.74,6,0.0864,65,direct_mail,20,1,0
C003527,33,52039.28,4,0.5241,68,paid_social,10,0,0
C003528,52,43963.14,8,0.0603,71,email,10,0,0
C003529,50,55119.05,5,0.3707,112,sms,10,1,0
C003530,48,105809.57,3,0.4301,11,email,15,1,0
C003531,39,72089.84,9,0.0762,40,paid_social,15,0,0
C003532,65,128434.43,5,0.6622,116,direct_mail,0,0,0
C003533,33,58271.86,5,0.2648,97,direct_mail,10,1,0
C003534,41,35776.19,3,0.1759,70,email,10,0,0
C003535,23,59919.97,3,0.5497,54,paid_social,15,0,0
C003536,25,96954.67,7,0.5085,21,email,10,0,0
C003537,69,46188.26,4,0.3319,38,sms,15,0,0
C003538,59,73341.44,4,0.4119,24,email,10,0,0
C003539,71,94151.1,5,0.0213,78,email,20,1,0
C003540,30,73683.7,6,0.3158,78,email,0,0,0
C003541,23,119317.95,6,0.2549,42,email,10,0,0
C003542,59,84036.53,9,0.7412,85,email,15,1,0
C003543,47,42276.67,3,0.122,101,email,0,1,0
C003544,67,88317.68,4,0.173,82,email,5,0,0
C003545,23,63859.54,3,0.0998,53,email,15,1,0
C003546,43,129958.61,3,0.2512,98,email,10,1,0
C003547,65,77652.4,2,0.4497,119,email,0,1,0
C003548,68,91032.68,4,0.1021,105,paid_social,10,1,0
C003549,51,29359.15,6,0.2625,4,email,10,0,0
C003550,33,96021.51,3,0.1321,66,sms,15,0,0
C003551,43,36489.64,1,0.2554,106,email,20,0,0
C003552,49,97124.81,3,0.3792,41,email,10,1,0
C003553,63,166394.24,9,0.2639,3,email,10,1,0
C003554,37,47424.65,5,0.575,116,paid_social,5,0,0
C003555,29,54396.03,6,0.0983,84,sms,15,0,0
C003556,32,60791.08,5,0.0303,10,email,15,1,0
C003557,60,114748.37,2,0.0729,3,sms,15,1,0
C003558,37,127587.3,4,0.2406,77,paid_social,15,0,0
C003559,44,69047.61,1,0.1473,46,sms,0,1,0
C003560,33,88420.13,3,0.0721,74,email,20,0,0
C003561,64,46953.22,8,0.1804,17,email,5,0,0
C003562,69,41923.54,2,0.1972,103,email,10,1,0
C003563,73,23334.04,6,0.1178,99,email,10,1,0
C003564,67,67904.3,10,0.3671,29,email,0,0,0
C003565,52,76859.69,6,0.2878,117,email,5,1,0
C003566,67,73307.59,6,0.2159,108,sms,15,1,0
C003567,70,147772.09,4,0.7558,77,paid_social,15,0,0
C003568,39,54218.5,6,0.3763,87,sms,5,1,0
C003569,52,79728.85,6,0.214,58,email,5,1,0
C003570,21,87043.38,4,0.1981,93,direct_mail,5,0,0
C003571,73,32608.81,4,0.213,90,sms,10,0,0
C003572,48,41170.8,4,0.675,55,email,15,1,0
C003573,30,52714.41,4,0.3828,52,direct_mail,15,1,1
C003574,32,48558.75,6,0.2592,25,email,15,1,0
C003575,34,62736.19,2,0.3222,76,email,15,0,0
C003576,61,56296.13,3,0.1212,73,sms,10,1,0
C003577,52,27263.79,7,0.2862,116,paid_social,15,1,0
C003578,46,104364.14,3,0.5732,69,sms,5,1,0
C003579,46,39360.44,3,0.1268,115,paid_social,20,0,0
C003580,38,163516.9,2,0.1629,98,email,15,1,0
C003581,49,63316.5,5,0.1241,73,paid_social,10,0,1
C003582,31,56158.73,7,0.1053,58,paid_social,10,1,0
C003583,59,46534.87,4,0.2771,21,email,0,1,0
C003584,25,34519.94,11,0.4103,90,direct_mail,5,0,0
C003585,27,50902.61,5,0.4762,91,sms,15,1,0
C003586,40,64467.99,4,0.1848,83,sms,0,0,0
C003587,57,48293.42,0,0.1284,110,email,0,1,0
C003588,62,61174.23,5,0.1501,35,paid_social,20,1,0
C003589,33,103549.72,4,0.2729,33,email,0,0,0
C003590,68,181552.04,7,0.3016,35,sms,5,0,0
C003591,26,86351.27,2,0.1971,4,email,10,1,0
C003592,30,70260.73,1,0.1008,57,email,10,0,0
C003593,54,71727.23,5,0.4643,79,email,15,1,0
C003594,44,70596.31,3,0.425,7,paid_social,10,1,0
C003595,25,71247.2,8,0.0231,17,email,15,0,0
C003596,65,35117.03,2,0.283,22,email,0,1,0
C003597,57,67495.82,4,0.1855,87,email,20,0,0
C003598,67,42408.91,1,0.2846,99,email,0,1,0
C003599,43,48914.07,1,0.5026,103,email,0,0,0
C003600,63,83037.7,7,0.5619,102,email,0,1,0
C003601,73,62848.84,10,0.3325,65,paid_social,5,1,0
C003602,61,39362.33,7,0.4998,98,paid_social,10,0,0
C003603,37,69637.43,4,0.3694,85,sms,15,1,0
C003604,57,97826.76,5,0.2635,89,sms,5,1,0
C003605,36,57386.53,9,0.3232,22,email,15,1,0
C003606,48,140138.48,3,0.1546,88,email,10,0,0
C003607,62,42846.6,4,0.5182,12,email,15,1,0
C003608,63,53742.55,3,0.356,9,paid_social,0,1,0
C003609,23,63490.25,3,0.4486,116,paid_social,15,0,0
C003610,30,32977.2,6,0.2137,47,email,10,1,0
C003611,55,73212.11,2,0.0639,49,email,0,0,0
C003612,37,98529.29,3,0.2435,2,direct_mail,5,0,0
C003613,39,71040.23,3,0.013,105,email,15,1,0
C003614,71,68142.88,6,0.6169,1,email,0,0,0
C003615,52,50891.73,2,0.1947,42,direct_mail,10,0,0
C003616,29,57705.02,4,0.4092,32,email,0,0,0
C003617,65,65083.52,7,0.1833,14,email,10,0,0
C003618,24,64560.0,5,0.2402,37,email,15,1,0
C003619,39,50986.4,8,0.5332,38,sms,5,1,0
C003620,41,65121.98,5,0.1207,118,email,0,1,0
C003621,52,36353.42,5,0.3172,49,email,5,0,0
C003622,73,90320.93,8,0.0225,37,paid_social,10,1,0
C003623,26,37298.17,4,0.4427,27,email,5,0,0
C003624,53,136792.62,4,0.4525,90,paid_social,10,1,0
C003625,74,58910.69,2,0.3373,88,email,5,0,0
C003626,74,61030.17,4,0.6714,79,direct_mail,10,1,0
C003627,44,54743.45,2,0.3169,51,direct_mail,0,0,0
C003628,59,55953.16,3,0.1859,13,paid_social,15,0,0
C003629,34,53394.7,2,0.1714,42,email,15,0,0
C003630,70,52566.12,12,0.0994,25,email,20,1,0
C003631,23,129050.54,4,0.3017,32,sms,5,1,0
C003632,40,81360.88,4,0.3088,12,paid_social,10,1,0
C003633,69,76369.43,7,0.484,81,sms,10,0,0
C003634,39,81412.92,1,0.5342,38,paid_social,5,0,0
C003635,70,49588.21,5,0.3053,114,paid_social,5,1,0
C003636,72,61439.91,3,0.2728,13,email,0,1,0
C003637,56,50528.14,4,0.1781,1,sms,5,0,0
C003638,67,73652.24,2,0.1507,63,email,15,1,0
C003639,61,54745.98,1,0.3077,64,email,20,0,0
C003640,67,118540.32,6,0.276,114,email,0,0,1
C003641,65,67318.5,5,0.3683,97,email,20,0,0
C003642,59,89902.49,4,0.5152,41,email,10,1,0
C003643,60,44311.09,1,0.1747,38,email,15,0,0
C003644,23,50724.42,2,0.2727,104,email,5,1,0
C003645,24,154134.81,5,0.2108,79,email,0,1,0
C003646,23,40328.31,6,0.3619,110,email,0,1,0
C003647,56,64565.97,6,0.2377,107,email,15,1,0
C003648,69,48323.22,4,0.057,87,paid_social,10,0,0
C003649,43,43445.33,7,0.5642,117,sms,10,1,0
C003650,60,80394.38,7,0.237,70,direct_mail,5,0,0
C003651,73,115778.75,5,0.4588,95,sms,20,1,0
C003652,52,64734.71,2,0.3122,40,email,0,0,0
C003653,59,56522.34,4,0.3517,118,email,0,0,0
C003654,67,79642.14,7,0.1507,105,email,15,1,0
C003655,31,120194.34,6,0.3989,111,email,5,0,1
C003656,53,142448.61,1,0.2515,13,sms,10,0,0
C003657,33,153221.2,6,0.2085,66,email,10,1,0
C003658,55,56804.88,9,0.0079,80,email,0,0,0
C003659,29,32521.78,4,0.1384,110,email,5,1,0
C003660,66,42438.96,2,0.4615,37,email,15,0,0
C003661,41,61837.3,1,0.3177,56,paid_social,5,1,1
C003662,57,94709.69,4,0.2764,17,email,10,0,0
C003663,55,72708.05,5,0.4204,66,sms,20,0,0
C003664,68,44903.28,4,0.0942,20,email,5,1,0
C003665,60,79080.48,5,0.128,109,email,5,0,0
C003666,53,43927.51,6,0.3222,9,email,10,0,0
C003667,43,29404.95,4,0.1313,112,paid_social,5,0,0
C003668,46,64983.1,2,0.3411,23,paid_social,0,0,0
C003669,68,78538.59,7,0.2882,3,email,15,0,0
C003670,27,28858.19,4,0.357,77,email,10,1,0
C003671,73,64273.65,8,0.3658,105,email,0,0,0
C003672,67,53667.54,2,0.4763,55,paid_social,5,0,0
C003673,63,123217.46,5,0.5478,41,sms,10,1,0
C003674,35,57424.02,5,0.2448,2,sms,10,1,0
C003675,51,95364.58,5,0.4467,15,email,5,1,0
C003676,35,31824.64,11,0.1465,103,email,10,0,0
C003677,71,93353.84,6,0.3374,13,email,10,1,0
C003678,43,75074.96,2,0.3613,28,email,10,1,0
C003679,34,60660.9,6,0.1955,52,email,0,1,0
C003680,22,52502.53,6,0.1077,108,email,5,1,0
C003681,62,59266.31,7,0.1763,39,email,0,1,0
C003682,71,87815.88,5,0.0185,114,email,0,0,0
C003683,45,69870.26,3,0.1121,40,paid_social,5,1,0
C003684,70,124784.72,4,0.4411,61,sms,10,1,0
C003685,45,90628.61,4,0.2871,29,email,20,1,0
C003686,55,57882.74,5,0.2609,80,paid_social,10,1,0
C003687,67,54584.27,4,0.1352,42,direct_mail,5,1,0
C003688,25,49336.9,4,0.1219,55,email,0,0,0
C003689,44,65647.24,10,0.5025,51,direct_mail,15,1,0
C003690,60,62112.19,7,0.5854,58,paid_social,5,0,0
C003691,66,55209.92,5,0.0805,51,email,15,0,0
C003692,26,39101.89,5,0.1075,115,sms,15,1,0
C003693,36,59118.17,3,0.2288,44,email,0,1,0
C003694,51,189188.15,4,0.2046,16,sms,15,1,0
C003695,65,50871.57,6,0.0605,55,email,10,1,0
C003696,70,113060.6,6,0.1345,22,sms,10,1,0
C003697,48,130541.72,6,0.1815,96,email,10,0,0
C003698,66,116953.83,2,0.2976,75,paid_social,15,0,0
C003699,33,55426.37,4,0.2352,49,email,10,0,0
C003700,30,52919.44,6,0.3451,76,email,15,0,0
C003701,25,48515.78,9,0.14,81,email,0,0,0
C003702,53,40130.83,4,0.1333,109,email,5,0,0
C003703,23,196344.74,3,0.5723,21,sms,15,0,0
C003704,27,68123.04,5,0.4021,17,sms,10,0,0
C003705,72,89164.92,4,0.1752,28,email,10,0,0
C003706,38,68880.91,6,0.3275,83,email,10,0,0
C003707,41,62840.63,5,0.4546,103,email,10,0,0
C003708,41,71224.98,6,0.2497,21,email,15,0,0
C003709,50,81683.69,5,0.0952,1,email,15,0,0
C003710,55,43041.5,6,0.0093,117,email,10,1,0
C003711,63,83090.11,6,0.3046,59,email,0,1,0
C003712,70,84356.09,7,0.1383,85,sms,10,1,0
C003713,67,135998.67,6,0.1838,41,email,10,1,1
C003714,70,20223.76,5,0.4797,32,email,15,0,0
C003715,58,75236.07,7,0.1296,3,email,20,1,0
C003716,52,44176.59,4,0.3256,90,email,15,1,0
C003717,39,75417.77,2,0.5839,77,paid_social,0,0,0
C003718,31,62761.91,2,0.4558,82,paid_social,5,1,0
C003719,40,110495.98,5,0.4974,112,sms,15,1,0
C003720,55,42080.97,5,0.0996,75,email,10,0,0
C003721,27,50163.18,3,0.5488,83,paid_social,10,0,0
C003722,21,60062.99,4,0.2996,72,sms,15,1,0
C003723,26,75358.79,9,0.2969,91,email,5,1,0
C003724,59,85092.33,3,0.36,108,email,20,1,0
C003725,48,29310.6,7,0.1902,1,email,0,1,0
C003726,36,37420.55,0,0.3366,117,direct_mail,15,1,0
C003727,33,132235.35,6,0.2341,33,sms,10,1,0
C003728,50,99700.36,3,0.1567,24,email,10,0,1
C003729,31,61985.99,3,0.195,38,paid_social,15,0,0
C003730,71,98946.01,3,0.146,91,email,15,0,0
C003731,62,64240.41,3,0.1234,62,sms,5,0,0
C003732,55,45480.5,3,0.389,61,email,0,0,0
C003733,24,47503.63,7,0.0675,4,email,5,1,0
C003734,52,61642.79,9,0.1147,63,email,5,1,0
C003735,54,50614.84,6,0.2075,22,email,10,1,0
C003736,61,52010.42,6,0.4966,43,paid_social,15,0,0
C003737,41,78301.15,3,0.432,50,email,10,0,0
C003738,53,48944.84,5,0.2276,97,email,5,0,0
C003739,53,73082.72,6,0.488,98,email,15,1,0
C003740,42,39883.25,5,0.152,97,paid_social,10,1,0
C003741,56,79837.23,4,0.1211,106,email,20,0,0
C003742,68,65957.38,9,0.0545,24,email,10,0,0
C003743,36,63106.44,3,0.2395,8,sms,15,0,0
C003744,62,73976.86,6,0.262,47,sms,0,1,1
C003745,71,54084.5,8,0.4707,62,email,15,1,0
C003746,47,49693.3,6,0.3759,6,email,10,0,0
C003747,33,37886.53,1,0.2825,112,email,10,0,0
C003748,34,94030.79,1,0.2345,27,paid_social,10,0,0
C003749,33,87994.72,1,0.3171,37,email,10,1,0
C003750,33,145379.98,4,0.1655,74,sms,5,0,0
C003751,52,33856.94,8,0.3165,105,paid_social,0,1,1
C003752,66,110023.31,5,0.2443,59,direct_mail,5,1,0
C003753,23,71077.11,2,0.4476,48,direct_mail,10,1,0
C003754,33,95865.88,3,0.4359,14,direct_mail,10,0,0
C003755,34,54868.78,2,0.2794,45,email,15,1,0
C003756,35,69721.48,4,0.2573,97,email,10,1,0
C003757,67,37389.95,3,0.3685,38,paid_social,20,1,0
C003758,53,84279.11,4,0.2862,9,email,10,1,0
C003759,32,149182.54,1,0.4102,74,email,5,0,0
C003760,60,28208.54,5,0.1538,70,email,10,0,0
C003761,46,56733.98,6,0.1162,43,sms,5,0,0
C003762,55,48677.85,7,0.142,10,sms,5,1,0
C003763,61,83455.81,5,0.3163,109,sms,15,1,0
C003764,42,86653.28,2,0.3089,37,paid_social,10,0,0
C003765,47,110554.34,4,0.2465,104,sms,20,0,0
C003766,60,25899.77,1,0.3992,19,direct_mail,10,0,0
C003767,47,38283.11,4,0.2226,7,email,10,1,0
C003768,42,53085.23,3,0.2382,83,email,0,1,0
C003769,28,31483.24,3,0.1174,102,email,10,0,0
C003770,45,53111.09,4,0.0777,31,email,0,1,0
C003771,55,80509.69,6,0.5758,111,email,10,1,0
C003772,74,37297.72,6,0.152,109,sms,15,0,0
C003773,43,75888.82,7,0.4403,58,email,5,0,0
C003774,56,45148.52,4,0.5942,1,sms,0,1,0
C003775,56,24396.72,2,0.056,77,email,5,0,0
C003776,45,111484.3,3,0.467,36,email,10,1,0
C003777,43,44807.04,8,0.0988,58,paid_social,15,1,0
C003778,62,110448.98,5,0.2476,101,sms,15,0,0
C003779,22,54408.81,5,0.6668,32,email,10,1,0
C003780,29,57802.98,2,0.2976,25,sms,10,0,0
C003781,27,66204.43,3,0.2184,115,email,20,0,0
C003782,58,78933.69,6,0.1744,118,sms,0,0,0
C003783,45,79484.71,3,0.201,91,email,10,1,0
C003784,68,75773.42,6,0.2176,104,email,15,1,0
C003785,33,185931.17,9,0.1319,37,paid_social,5,1,0
C003786,49,41174.02,8,0.3707,80,paid_social,5,0,0
C003787,37,71077.53,2,0.3113,44,email,0,1,0
C003788,67,58402.71,9,0.15,29,sms,10,1,0
C003789,37,76753.86,6,0.2064,64,email,0,1,0
C003790,62,56249.46,12,0.3014,4,email,0,0,0
C003791,39,48333.75,5,0.0389,5,email,5,0,0
C003792,25,71138.45,4,0.0508,27,sms,5,1,0
C003793,32,59965.77,6,0.2534,82,email,10,0,0
C003794,61,58103.61,3,0.3194,111,email,0,0,0
C003795,57,21630.68,7,0.4272,109,email,5,1,0
C003796,50,102082.86,3,0.3014,52,email,10,1,0
C003797,23,74356.01,1,0.4645,115,email,10,0,0
C003798,71,76197.35,8,0.5286,77,sms,0,1,0
C003799,38,34267.26,3,0.2441,37,email,15,0,0
C003800,51,34742.82,4,0.3224,23,direct_mail,20,0,0
C003801,67,26209.49,4,0.0715,1,email,5,0,0
C003802,40,39281.12,2,0.0959,33,email,0,0,0
C003803,41,99445.05,8,0.1252,119,direct_mail,10,0,0
C003804,33,61110.33,5,0.4016,109,email,15,0,0
C003805,30,118937.11,7,0.0845,96,direct_mail,5,1,0
C003806,65,58829.33,2,0.314,86,email,0,1,0
C003807,35,60635.39,4,0.3198,119,email,10,1,1
C003808,57,121768.51,2,0.0509,67,direct_mail,10,0,0
C003809,28,36255.36,3,0.1395,25,email,15,0,0
C003810,56,60238.56,4,0.5273,40,paid_social,15,1,0
C003811,54,51270.27,4,0.4281,36,email,15,0,0
C003812,22,83306.82,2,0.4318,3,paid_social,10,0,0
C003813,45,49904.01,4,0.0949,52,email,10,0,0
C003814,53,86588.59,6,0.0312,3,email,15,0,0
C003815,56,66992.9,2,0.2465,40,direct_mail,15,0,0
C003816,25,29819.28,4,0.1098,25,paid_social,10,1,0
C003817,23,28020.69,3,0.3029,31,direct_mail,15,0,0
C003818,39,97418.47,5,0.2647,26,paid_social,5,1,0
C003819,42,51849.96,5,0.4897,105,email,0,1,0
C003820,44,89851.05,8,0.1402,106,sms,0,0,0
C003821,61,59689.51,4,0.2135,115,email,15,0,0
C003822,65,106839.85,3,0.1814,4,email,0,1,0
C003823,36,47101.51,4,0.4127,8,email,20,1,0
C003824,62,123456.15,4,0.0822,6,sms,20,1,0
C003825,72,80985.01,7,0.552,107,email,5,0,0
C003826,49,104734.93,4,0.428,67,paid_social,5,1,0
C003827,42,91059.96,3,0.5974,73,email,0,1,0
C003828,26,38859.05,7,0.1386,117,email,15,0,1
C003829,63,39112.39,2,0.1297,81,email,0,1,1
C003830,32,75484.92,5,0.2802,92,email,15,1,0
C003831,53,79956.81,2,0.2416,68,email,15,1,0
C003832,48,67112.99,3,0.3332,114,sms,0,0,0
C003833,23,36327.74,6,0.5876,117,sms,20,1,1
C003834,40,71511.55,2,0.1074,84,email,20,1,0
C003835,40,61428.64,4,0.596,10,email,10,1,0
C003836,48,60426.59,3,0.2118,59,email,10,1,0
C003837,46,60032.73,5,0.4655,20,email,0,0,0
C003838,50,53158.7,8,0.2222,110,email,15,1,0
C003839,73,41167.26,5,0.5122,58,email,15,1,0
C003840,28,77841.3,1,0.5909,52,sms,10,0,0
C003841,49,83676.03,3,0.1985,96,email,0,0,0
C003842,66,41591.21,5,0.1978,119,direct_mail,20,1,0
C003843,55,48559.71,4,0.1633,52,email,10,0,0
C003844,72,38298.93,3,0.3165,94,direct_mail,20,1,0
C003845,26,79297.46,3,0.3889,42,sms,10,0,0
C003846,72,113124.09,3,0.5483,73,email,20,0,0
C003847,67,51477.29,1,0.3725,96,sms,5,0,0
C003848,62,59895.75,10,0.4092,54,email,5,1,0
C003849,64,61173.94,3,0.4455,71,email,10,1,0
C003850,71,118734.61,4,0.1482,48,paid_social,10,0,0
C003851,61,46740.29,2,0.2189,97,paid_social,15,0,0
C003852,68,39447.2,4,0.2465,93,email,15,0,0
C003853,30,69284.33,7,0.3851,8,direct_mail,15,0,0
C003854,64,42339.72,3,0.1138,40,direct_mail,10,1,0
C003855,69,41995.03,4,0.1744,50,sms,20,1,0
C003856,74,124969.83,3,0.133,106,email,0,0,0
C003857,40,39061.62,6,0.1846,117,email,15,1,0
C003858,25,82570.85,3,0.3015,8,direct_mail,5,1,0
C003859,38,34666.77,5,0.1987,68,direct_mail,5,1,0
C003860,32,87895.76,4,0.3931,65,sms,10,1,0
C003861,68,81323.0,3,0.3712,29,paid_social,0,0,0
C003862,33,32595.71,4,0.3074,23,email,15,1,0
C003863,51,50843.74,7,0.2144,50,email,10,0,0
C003864,69,77539.47,2,0.423,57,sms,5,0,0
C003865,47,140869.43,9,0.093,31,email,0,1,0
C003866,44,36928.54,1,0.4068,46,email,5,1,0
C003867,54,30386.34,2,0.2056,71,direct_mail,5,1,0
C003868,25,66344.2,6,0.339,71,email,10,1,0
C003869,56,63527.08,6,0.2946,36,direct_mail,10,0,0
C003870,58,45586.02,8,0.2587,44,email,5,1,0
C003871,72,78493.08,6,0.1882,49,sms,15,0,0
C003872,59,53174.39,3,0.605,23,email,10,0,0
C003873,28,112858.52,2,0.174,8,direct_mail,20,0,0
C003874,42,112087.81,5,0.4183,107,sms,10,0,0
C003875,51,36623.98,9,0.0067,50,email,0,1,0
C003876,53,120887.76,4,0.2001,114,email,5,0,0
C003877,47,38649.25,2,0.1709,6,email,5,1,0
C003878,33,100600.88,6,0.2021,77,email,15,0,0
C003879,36,80347.53,4,0.6033,29,email,20,1,1
C003880,65,79075.46,3,0.3798,2,paid_social,0,0,0
C003881,62,139403.7,5,0.2313,38,email,15,1,0
C003882,65,39437.53,2,0.3481,28,sms,20,1,0
C003883,23,68808.65,5,0.4046,6,sms,0,0,0
C003884,65,32814.92,0,0.4648,61,email,15,1,0
C003885,57,83920.27,3,0.4051,23,sms,15,0,1
C003886,72,86425.85,9,0.3346,5,paid_social,10,0,0
C003887,66,51379.0,3,0.545,61,email,5,1,0
C003888,48,46514.92,9,0.4248,20,paid_social,0,1,0
C003889,49,55347.32,8,0.5285,74,email,20,0,0
C003890,43,38769.75,4,0.2797,24,paid_social,15,0,0
C003891,38,99835.11,6,0.3176,64,direct_mail,5,1,0
C003892,26,59663.86,3,0.2768,32,email,10,0,0
C003893,25,78792.14,8,0.1434,61,email,10,0,0
C003894,23,148469.87,5,0.436,78,direct_mail,5,1,0
C003895,58,64492.89,2,0.1043,99,paid_social,5,0,0
C003896,30,44804.33,3,0.072,93,paid_social,10,0,0
C003897,60,47849.96,3,0.2368,117,email,5,0,0
C003898,47,129593.49,5,0.2678,88,email,20,0,0
C003899,64,31468.25,5,0.2236,82,email,0,0,0
C003900,62,48643.94,3,0.4205,6,paid_social,15,1,0
C003901,26,100170.49,6,0.3929,25,direct_mail,20,0,0
C003902,38,38894.65,4,0.3883,81,email,10,0,0
C003903,74,55880.0,7,0.1475,20,email,5,1,0
C003904,25,108566.85,6,0.1885,100,email,5,1,0
C003905,55,52297.17,1,0.1675,97,sms,5,0,0
C003906,56,107096.07,4,0.3631,102,email,5,0,0
C003907,22,86407.0,5,0.6154,69,sms,20,1,0
C003908,64,77731.11,4,0.5779,37,email,10,1,0
C003909,31,58625.88,3,0.2836,46,email,10,1,0
C003910,57,77788.9,4,0.0239,23,email,20,1,0
C003911,53,155303.13,1,0.1929,11,email,20,1,0
C003912,28,66202.18,5,0.4951,18,sms,20,1,1
C003913,21,59220.75,1,0.3746,88,email,15,0,0
C003914,36,76624.14,4,0.4772,13,email,10,1,0
C003915,23,50012.19,5,0.1468,108,sms,20,0,0
C003916,32,220000.0,3,0.3482,78,sms,5,1,0
C003917,23,135546.29,7,0.2315,116,email,5,0,0
C003918,72,34510.64,5,0.156,38,email,0,1,0
C003919,44,107744.92,2,0.0892,15,email,10,0,0
C003920,53,35743.41,11,0.1786,73,email,15,0,0
C003921,68,145555.92,4,0.3371,9,paid_social,15,0,0
C003922,41,102482.14,5,0.3529,93,paid_social,0,1,0
C003923,41,97301.18,4,0.4427,5,sms,10,0,0
C003924,29,68273.14,4,0.2588,93,email,5,1,0
C003925,64,76343.86,4,0.1514,46,email,10,0,0
C003926,53,74637.56,4,0.2746,16,email,20,0,0
C003927,72,44374.33,7,0.2207,85,email,20,1,0
C003928,25,58105.46,7,0.6819,29,email,15,0,1
C003929,46,65387.81,2,0.1419,46,email,20,1,0
C003930,72,18909.99,3,0.2285,116,email,10,0,0
C003931,48,33698.87,6,0.3805,27,direct_mail,15,1,0
C003932,29,46880.27,6,0.0677,54,paid_social,0,0,0
C003933,33,83737.21,5,0.2362,24,email,10,1,0
C003934,70,40735.34,3,0.159,1,email,10,0,0
C003935,29,45275.07,4,0.1349,44,email,0,1,0
C003936,31,45700.01,6,0.434,40,paid_social,0,1,0
C003937,74,79627.03,4,0.6001,74,direct_mail,0,0,0
C003938,50,76248.96,6,0.306,49,paid_social,0,1,0
C003939,24,52126.03,5,0.6663,116,email,0,0,0
C003940,62,136140.72,1,0.0893,108,email,5,1,0
C003941,44,39268.87,6,0.5043,51,email,5,1,0
C003942,53,71310.26,5,0.2358,98,sms,10,1,0
C003943,35,37052.03,2,0.1072,119,paid_social,0,0,0
C003944,63,60076.28,7,0.6301,62,paid_social,15,1,0
C003945,45,66123.94,4,0.7458,71,email,15,0,0
C003946,56,73546.61,8,0.3009,103,paid_social,15,0,0
C003947,67,51821.95,7,0.5478,46,sms,10,1,0
C003948,44,125864.07,4,0.4265,43,email,10,0,0
C003949,52,60910.15,3,0.5355,53,email,0,0,0
C003950,65,70805.69,6,0.0725,101,email,10,0,0
C003951,42,18000.0,1,0.3149,49,email,20,0,0
C003952,30,60277.89,7,0.6762,41,email,15,0,0
C003953,41,164238.56,4,0.5377,24,sms,10,0,0
C003954,25,220000.0,6,0.1344,103,paid_social,15,1,0
C003955,74,36833.51,8,0.1905,61,sms,5,1,0
C003956,33,38993.52,4,0.3197,28,email,10,0,0
C003957,55,70880.26,2,0.2466,13,paid_social,0,0,0
C003958,54,62560.4,7,0.277,58,email,0,0,0
C003959,55,27136.12,4,0.5321,78,email,20,0,0
C003960,74,54202.19,3,0.2173,40,paid_social,0,0,0
C003961,58,68090.25,5,0.396,20,direct_mail,20,0,0
C003962,38,22782.54,7,0.4807,77,email,15,0,0
C003963,44,73306.42,12,0.1318,94,direct_mail,10,1,0
C003964,69,53307.61,3,0.2417,17,sms,5,0,0
C003965,72,71209.15,3,0.5734,48,paid_social,0,1,0
C003966,70,103946.74,3,0.1395,76,email,0,0,0
C003967,35,138278.85,2,0.4605,103,email,15,0,1
C003968,51,40024.59,4,0.0998,98,sms,20,0,0
C003969,30,104880.2,6,0.4593,31,sms,15,1,1
C003970,52,61799.78,4,0.2616,17,paid_social,0,1,0
C003971,54,62171.65,8,0.0388,85,paid_social,0,1,0
C003972,44,73031.11,8,0.0749,8,sms,10,0,0
C003973,35,102024.7,4,0.2608,32,email,20,1,0
C003974,48,109283.08,4,0.1967,89,sms,10,1,0
C003975,56,46179.75,7,0.2959,106,sms,0,0,0
C003976,27,69457.27,8,0.3307,20,email,0,1,0
C003977,74,128129.49,4,0.1189,102,email,20,0,0
C003978,48,34505.12,2,0.1552,72,direct_mail,5,1,0
C003979,25,68268.92,7,0.2005,71,email,0,0,0
C003980,54,121670.7,5,0.0322,71,email,5,0,0
C003981,38,41456.05,8,0.5484,67,paid_social,10,1,0
C003982,28,56467.48,5,0.2756,13,email,10,0,0
C003983,27,173512.28,2,0.3977,86,paid_social,15,1,0
C003984,55,39218.78,3,0.2055,43,paid_social,10,0,0
C003985,44,86133.34,2,0.3553,118,email,10,0,0
C003986,64,84490.35,7,0.2426,72,email,10,0,0
C003987,45,91441.01,5,0.0466,95,email,10,1,0
C003988,62,32732.98,3,0.2829,66,email,15,1,0
C003989,32,79427.54,4,0.0315,53,email,15,0,0
C003990,45,37493.11,5,0.1516,70,email,0,1,0
C003991,54,94700.01,1,0.4874,28,email,0,0,0
C003992,29,32757.0,4,0.1963,70,email,10,1,0
C003993,58,187488.49,4,0.4927,65,email,10,1,0
C003994,23,27416.02,5,0.1823,2,email,15,1,0
C003995,46,58705.01,2,0.0823,112,direct_mail,10,0,0
C003996,26,27728.59,3,0.2408,1,email,5,1,0
C003997,27,59839.01,3,0.0389,15,email,20,0,0
C003998,33,106325.49,8,0.3446,91,paid_social,5,1,0
C003999,63,38862.26,2,0.2953,36,email,15,1,0
C004000,21,42468.62,3,0.3116,56,email,15,0,0
C004001,48,108064.71,8,0.3979,87,email,10,0,0
C004002,56,38595.3,3,0.2266,71,email,5,1,0
C004003,51,66034.63,6,0.1841,86,email,5,1,0
C004004,54,48447.82,4,0.2732,118,sms,10,0,0
C004005,33,43920.09,4,0.1421,109,email,5,0,0
C004006,67,85611.24,8,0.4713,87,email,15,1,1
C004007,24,72878.98,9,0.2815,77,direct_mail,0,0,0
C004008,58,76430.33,5,0.0962,63,email,0,1,0
C004009,40,48014.12,2,0.3955,77,email,10,0,0
C004010,30,50022.41,4,0.1349,32,sms,0,1,0
C004011,66,63854.69,5,0.0592,99,direct_mail,10,1,0
C004012,50,157722.85,1,0.2628,66,email,10,0,0
C004013,35,28900.54,2,0.0503,26,sms,0,1,0
C004014,62,76355.07,3,0.2502,89,paid_social,5,1,0
C004015,35,103893.11,5,0.3056,4,email,20,1,1
C004016,46,95403.49,5,0.4042,47,paid_social,10,1,0
C004017,37,81483.27,4,0.1788,60,paid_social,0,1,0
C004018,22,38981.3,3,0.126,84,email,10,0,0
C004019,55,82379.22,8,0.1651,103,email,5,1,0
C004020,56,58841.51,4,0.2179,12,email,10,0,0
C004021,73,61958.56,2,0.183,7,sms,10,0,0
C004022,22,42882.66,3,0.1658,81,email,0,0,0
C004023,74,123920.22,6,0.3621,19,paid_social,15,0,0
C004024,33,115459.46,6,0.2064,48,email,5,1,0
C004025,43,36153.34,5,0.242,40,email,5,0,0
C004026,42,47662.22,2,0.2153,30,sms,0,0,0
C004027,41,104331.91,5,0.0752,8,email,15,0,0
C004028,60,44449.22,7,0.3051,20,email,15,1,0
C004029,36,99681.81,6,0.2099,54,email,10,0,0
C004030,45,74339.99,7,0.1067,27,email,10,0,0
C004031,35,77957.12,3,0.1286,43,email,15,1,0
C004032,71,30349.76,3,0.3962,54,email,0,0,0
C004033,50,71931.37,1,0.0968,15,email,0,1,0
C004034,48,71794.93,2,0.4807,80,sms,5,1,0
C004035,43,60331.05,2,0.3254,74,direct_mail,15,0,0
C004036,55,103781.8,8,0.1311,65,sms,10,0,0
C004037,54,100885.23,3,0.317,1,email,15,1,0
C004038,24,102820.21,3,0.5248,63,direct_mail,10,1,0
C004039,62,72643.87,2,0.458,78,email,20,0,0
C004040,72,60193.59,4,0.373,102,direct_mail,20,1,0
C004041,71,44958.76,4,0.2245,41,sms,5,0,0
C004042,35,84332.9,7,0.5418,22,paid_social,15,1,0
C004043,37,61227.76,7,0.2064,85,sms,15,1,0
C004044,73,80054.65,4,0.1564,13,sms,10,1,0
C004045,54,81324.15,10,0.5065,75,email,20,0,0
C004046,28,79978.18,6,0.6991,53,email,20,0,0
C004047,61,95147.11,8,0.3458,111,email,0,1,0
C004048,62,44640.39,3,0.4573,4,email,0,0,0
C004049,29,30046.87,2,0.1738,37,email,10,1,0
C004050,33,34224.55,3,0.0981,22,email,10,1,0
C004051,39,61856.23,7,0.5982,80,email,10,1,0
C004052,41,67878.17,1,0.1505,58,direct_mail,10,0,0
C004053,70,56838.12,6,0.2662,99,paid_social,20,1,0
C004054,60,98337.75,6,0.0939,62,email,0,0,0
C004055,68,40019.79,2,0.2894,48,sms,0,0,0
C004056,40,50965.76,6,0.1697,60,email,20,0,0
C004057,68,35072.45,2,0.1598,96,email,10,1,0
C004058,69,44303.57,8,0.0831,115,direct_mail,10,1,0
C004059,60,56932.5,6,0.4436,47,email,10,1,1
C004060,57,51375.42,5,0.1357,15,email,5,0,0
C004061,72,39362.5,3,0.082,119,paid_social,5,1,0
C004062,54,60504.86,6,0.1443,69,email,20,1,0
C004063,63,115328.57,4,0.13,78,email,15,1,0
C004064,66,37171.31,2,0.1563,6,paid_social,20,1,0
C004065,57,65421.67,3,0.0664,96,paid_social,5,1,0
C004066,44,61207.53,8,0.3223,17,email,10,0,0
C004067,38,80425.28,1,0.1041,18,sms,15,1,0
C004068,71,26329.01,3,0.0119,101,paid_social,5,0,0
C004069,41,220000.0,3,0.1647,76,email,10,1,0
C004070,73,19100.11,5,0.1251,7,direct_mail,15,0,0
C004071,45,63152.27,3,0.2102,107,email,20,1,0
C004072,28,80546.24,4,0.3872,116,email,20,0,0
C004073,62,35795.01,3,0.3831,115,direct_mail,15,0,0
C004074,25,39360.77,6,0.593,58,sms,10,1,1
C004075,33,95621.52,1,0.5693,76,direct_mail,15,0,0
C004076,40,54718.0,6,0.4734,92,email,0,1,0
C004077,74,49779.35,6,0.3032,20,email,0,0,0
C004078,51,55159.2,2,0.3322,48,email,10,1,0
C004079,46,107844.5,1,0.1933,21,sms,5,0,0
C004080,28,132423.04,5,0.1502,82,sms,10,0,0
C004081,46,93722.93,7,0.1465,9,email,15,1,0
C004082,27,82327.38,1,0.0316,105,sms,5,1,0
C004083,46,71296.62,3,0.1369,60,sms,10,1,0
C004084,43,57850.29,2,0.3369,58,paid_social,15,1,0
C004085,25,41543.39,4,0.6342,115,email,20,0,0
C004086,28,89188.82,8,0.1565,8,email,20,1,0
C004087,70,39559.23,7,0.215,72,email,15,1,0
C004088,50,136405.09,1,0.3285,104,paid_social,15,0,0
C004089,72,38128.64,5,0.1408,13,email,20,1,0
C004090,30,45658.15,2,0.3598,35,direct_mail,10,0,0
C004091,34,66338.59,4,0.2394,110,email,5,0,0
C004092,69,72471.57,5,0.453,96,email,0,0,0
C004093,45,33931.5,6,0.5153,23,sms,15,0,0
C004094,35,62547.44,5,0.2648,34,paid_social,0,0,0
C004095,73,66115.66,7,0.2558,90,sms,10,0,0
C004096,74,115956.68,2,0.0178,105,direct_mail,0,1,0
C004097,67,52231.67,3,0.2751,79,email,5,1,0
C004098,50,42643.72,7,0.2415,40,email,10,1,0
C004099,49,101237.62,10,0.0888,105,email,15,0,0
C004100,49,31875.84,3,0.4047,27,paid_social,5,1,0
C004101,56,97990.0,7,0.2027,54,email,0,1,0
C004102,67,64551.72,4,0.3139,58,email,0,0,0
C004103,41,91663.12,6,0.1174,95,direct_mail,5,0,0
C004104,26,116809.67,5,0.5628,1,sms,10,0,0
C004105,56,92699.49,3,0.2405,92,sms,15,1,0
C004106,53,100318.78,4,0.6424,82,email,20,1,0
C004107,48,114154.38,4,0.3576,35,email,15,1,0
C004108,36,88251.4,3,0.0303,46,email,5,1,0
C004109,69,103764.35,2,0.1393,53,email,0,1,0
C004110,70,50875.93,4,0.1941,31,email,0,1,0
C004111,53,100949.2,5,0.2866,110,paid_social,0,0,0
C004112,71,78337.44,6,0.0901,21,email,10,0,0
C004113,42,55466.25,4,0.5252,92,direct_mail,20,1,1
C004114,36,155072.85,4,0.6202,42,email,5,0,0
C004115,36,33351.95,3,0.6317,106,email,15,0,0
C004116,51,50840.2,6,0.2598,38,email,15,1,0
C004117,53,60323.46,5,0.2041,70,email,15,0,0
C004118,66,38376.98,9,0.1769,116,email,10,0,0
C004119,48,73242.79,9,0.0962,46,email,20,0,0
C004120,50,139138.68,4,0.1612,92,sms,0,0,0
C004121,38,111785.13,2,0.0934,74,sms,10,1,0
C004122,41,202113.22,9,0.4191,56,email,15,0,0
C004123,45,30475.26,4,0.5621,68,email,5,0,0
C004124,27,68997.92,4,0.3706,78,email,10,0,0
C004125,56,40338.74,7,0.0381,27,paid_social,0,1,0
C004126,65,70376.12,5,0.3136,76,paid_social,15,1,0
C004127,64,56761.16,7,0.2591,72,email,5,1,0
C004128,38,89422.12,4,0.2731,8,sms,0,0,0
C004129,45,101114.4,4,0.2503,75,email,20,0,0
C004130,68,90029.12,7,0.0297,116,email,5,1,0
C004131,49,45640.55,6,0.3825,39,email,15,1,0
C004132,31,62997.78,4,0.6501,64,email,10,1,0
C004133,31,140828.5,8,0.412,98,email,5,0,0
C004134,48,79843.81,2,0.1048,63,email,0,1,0
C004135,55,52901.51,4,0.4433,23,sms,5,1,0
C004136,26,49256.69,9,0.075,98,email,10,1,0
C004137,42,25963.67,3,0.3396,49,email,20,0,0
C004138,51,120130.06,2,0.3984,79,paid_social,10,1,0
C004139,62,68657.57,2,0.1048,47,paid_social,15,1,0
C004140,46,89077.74,4,0.3591,82,paid_social,10,0,0
C004141,62,43850.28,3,0.1674,62,direct_mail,10,0,0
C004142,23,48514.42,5,0.2604,70,sms,20,0,0
C004143,71,107014.92,4,0.1985,64,paid_social,20,1,0
C004144,32,54429.62,6,0.22,96,sms,10,0,0
C004145,26,53273.85,4,0.0785,62,paid_social,15,1,0
C004146,37,71934.41,8,0.4496,104,sms,10,0,0
C004147,71,32026.81,6,0.3393,39,sms,20,1,0
C004148,45,63332.42,7,0.2881,19,paid_social,0,1,0
C004149,51,109650.61,5,0.039,61,sms,20,0,0
C004150,65,26750.84,3,0.4997,84,paid_social,10,1,0
C004151,36,35159.95,3,0.3755,118,direct_mail,5,1,0
C004152,44,70992.52,6,0.0917,116,email,0,1,0
C004153,31,66485.65,3,0.0325,65,email,10,1,0
C004154,54,66674.55,6,0.1668,12,email,20,0,0
C004155,65,33613.09,2,0.6188,79,sms,5,1,0
C004156,57,110512.13,5,0.4831,37,paid_social,5,1,0
C004157,47,106715.05,8,0.344,30,email,10,0,0
C004158,55,24451.52,4,0.3802,55,email,15,0,0
C004159,30,60985.94,6,0.4097,21,sms,15,0,0
C004160,54,95342.24,5,0.1541,104,email,0,1,0
C004161,70,142040.92,8,0.1753,78,paid_social,0,0,0
C004162,68,65099.31,5,0.2542,75,email,20,1,0
C004163,65,180452.88,5,0.6159,77,sms,0,0,0
C004164,22,49137.59,4,0.3591,54,email,10,1,0
C004165,51,124543.09,6,0.3234,70,paid_social,15,0,0
C004166,26,41206.39,5,0.0813,22,email,10,1,0
C004167,41,63667.09,3,0.2379,106,sms,5,0,0
C004168,74,41150.04,7,0.2068,34,email,10,1,0
C004169,73,169896.28,7,0.1285,8,email,10,1,0
C004170,71,46225.34,5,0.2891,47,sms,15,1,0
C004171,32,89756.93,3,0.2559,100,email,10,1,0
C004172,39,37517.08,6,0.1459,36,email,15,0,0
C004173,21,33493.4,4,0.4597,51,email,10,1,0
C004174,62,57952.64,8,0.3057,72,sms,15,1,0
C004175,29,71651.01,6,0.2602,49,paid_social,0,1,0
C004176,40,74192.44,2,0.5708,10,email,20,0,0
C004177,45,39499.77,5,0.5381,13,email,15,0,0
C004178,60,57054.49,6,0.311,89,sms,5,0,0
C004179,37,120122.31,3,0.0249,31,email,15,0,0
C004180,33,86506.4,3,0.2748,98,email,10,1,0
C004181,40,98654.58,5,0.2913,55,sms,5,0,0
C004182,56,56211.82,2,0.41,91,direct_mail,5,1,0
C004183,24,67636.34,5,0.4692,65,email,20,0,0
C004184,64,37019.31,4,0.434,86,sms,15,1,0
C004185,40,108276.74,8,0.2741,19,email,5,0,0
C004186,60,41063.61,10,0.3236,47,sms,0,1,0
C004187,48,75582.61,4,0.1999,93,sms,10,0,0
C004188,69,121537.38,6,0.3726,90,paid_social,5,1,1
C004189,30,59862.44,4,0.0901,34,sms,10,0,0
C004190,69,69966.39,5,0.1628,46,email,10,1,0
C004191,53,53275.45,5,0.1283,72,email,10,0,0
C004192,68,61026.21,4,0.1761,6,email,15,1,0
C004193,67,74769.5,5,0.2428,22,email,15,1,0
C004194,66,27551.39,5,0.6035,11,sms,10,0,0
C004195,30,91913.15,4,0.4271,68,paid_social,0,0,0
C004196,49,54475.73,6,0.2566,36,email,20,1,1
C004197,46,98490.12,3,0.4921,48,email,0,0,0
C004198,73,39798.6,5,0.0947,89,paid_social,10,1,0
C004199,59,98058.31,9,0.1905,81,paid_social,10,1,0
C004200,21,86091.51,4,0.0823,59,paid_social,5,1,0
C004201,73,105748.52,6,0.3067,64,email,10,1,0
C004202,30,73369.16,3,0.098,75,sms,0,1,0
C004203,58,48007.09,3,0.3451,90,email,20,0,0
C004204,54,36312.02,5,0.054,18,email,15,0,1
C004205,25,157314.66,4,0.1719,23,sms,10,1,0
C004206,27,170435.6,2,0.1681,46,direct_mail,15,1,0
C004207,39,31004.48,2,0.7847,3,email,0,1,0
C004208,70,64514.02,3,0.2802,3,email,10,0,0
C004209,26,81780.79,5,0.4327,16,email,5,0,0
C004210,55,75972.02,4,0.1596,110,email,10,1,0
C004211,68,48887.18,4,0.3323,27,email,5,0,0
C004212,53,42280.49,3,0.0485,94,sms,10,0,0
C004213,59,50636.82,4,0.113,26,email,0,0,0
C004214,65,45760.64,4,0.7171,86,email,20,0,0
C004215,59,49902.09,3,0.3011,48,paid_social,15,1,0
C004216,45,104002.23,1,0.2651,49,direct_mail,10,1,0
C004217,28,30384.5,4,0.1757,26,direct_mail,0,1,0
C004218,30,79752.64,5,0.1006,83,email,20,1,0
C004219,52,43198.13,7,0.4023,80,direct_mail,15,0,0
C004220,29,38648.31,5,0.3132,75,email,10,0,0
C004221,45,67102.13,4,0.1791,10,email,10,0,0
C004222,30,52171.9,8,0.3741,103,direct_mail,5,0,0
C004223,52,109211.56,2,0.274,118,email,10,0,0
C004224,30,31392.57,4,0.2284,93,paid_social,0,1,0
C004225,39,71171.59,5,0.2619,4,email,5,1,0
C004226,54,52612.4,6,0.3854,90,email,5,0,0
C004227,65,120308.16,2,0.4858,102,email,10,0,0
C004228,47,117876.24,4,0.1925,54,email,5,0,0
C004229,54,73896.69,5,0.1498,43,direct_mail,15,0,0
C004230,65,95420.03,7,0.0904,87,email,10,1,0
C004231,30,77099.64,4,0.1706,5,email,5,1,0
C004232,57,67536.89,6,0.4747,94,email,20,1,0
C004233,51,88198.78,4,0.6052,38,email,15,1,0
C004234,70,53088.28,6,0.1987,13,sms,10,0,0
C004235,74,47199.89,3,0.2606,68,email,15,1,0
C004236,21,29263.21,3,0.1794,74,sms,20,0,0
C004237,45,55566.41,7,0.3854,46,email,5,1,0
C004238,63,85051.32,3,0.4523,13,sms,5,1,0
C004239,35,41508.97,4,0.3089,39,email,0,0,0
C004240,48,33305.44,2,0.3648,33,email,0,1,0
C004241,27,71592.41,7,0.2685,99,paid_social,0,1,0
C004242,35,80683.9,4,0.2254,42,email,10,1,0
C004243,46,102749.23,6,0.1297,100,email,5,0,0
C004244,72,71250.0,2,0.2393,36,direct_mail,15,0,0
C004245,49,74480.19,9,0.3721,77,email,5,1,0
C004246,69,62417.34,5,0.3893,28,email,5,0,0
C004247,70,57597.72,3,0.3301,31,direct_mail,15,0,0
C004248,58,85527.53,4,0.1516,103,email,0,1,0
C004249,57,53717.37,3,0.2293,5,email,10,0,0
C004250,69,56993.38,4,0.5013,65,email,0,1,0
C004251,56,46295.9,4,0.3149,31,email,15,0,0
C004252,45,155958.94,7,0.3041,49,email,15,1,0
C004253,21,53593.75,4,0.2086,75,email,15,1,0
C004254,42,72848.77,3,0.1208,35,paid_social,0,1,0
C004255,36,50499.21,12,0.3547,85,paid_social,20,0,0
C004256,49,76796.81,3,0.4104,90,sms,20,0,0
C004257,55,66297.03,4,0.3352,95,email,0,0,0
C004258,46,85968.58,3,0.505,48,email,10,1,1
C004259,73,44937.4,4,0.1306,96,email,15,1,0
C004260,21,89182.01,8,0.3379,117,direct_mail,0,1,0
C004261,60,89489.02,1,0.1078,116,email,5,0,0
C004262,25,35440.78,6,0.1672,95,email,0,1,0
C004263,24,114643.8,7,0.1488,32,email,10,0,0
C004264,35,62018.48,4,0.1803,87,email,15,1,0
C004265,49,75305.2,5,0.0723,31,paid_social,15,0,0
C004266,45,60183.02,3,0.3773,50,sms,10,0,0
C004267,28,50281.76,6,0.3109,51,email,10,1,0
C004268,70,70406.06,2,0.4189,28,email,20,0,0
C004269,39,72798.89,6,0.1248,32,email,15,0,0
C004270,23,156315.72,7,0.2404,113,sms,15,0,0
C004271,41,203308.38,4,0.2479,56,email,0,1,0
C004272,65,35514.98,3,0.2047,103,email,10,0,0
C004273,32,89638.8,2,0.0607,76,email,0,1,0
C004274,26,89544.06,7,0.3291,86,email,0,0,0
C004275,71,65805.04,3,0.2304,32,email,10,1,0
C004276,45,68535.78,6,0.1988,60,sms,0,0,0
C004277,70,113182.08,6,0.2691,70,sms,15,0,0
C004278,67,96033.71,3,0.2091,92,email,0,0,0
C004279,31,72026.8,8,0.2958,34,email,15,0,1
C004280,58,44432.8,3,0.5607,21,email,5,1,0
C004281,56,105621.2,2,0.6696,2,sms,0,1,0
C004282,51,68954.11,5,0.2124,37,email,10,0,0
C004283,23,33200.41,8,0.8043,83,direct_mail,15,0,0
C004284,70,93889.96,4,0.4314,34,sms,0,1,0
C004285,51,41791.13,3,0.4373,86,email,10,1,0
C004286,64,75110.24,2,0.0419,88,sms,10,0,0
C004287,64,65857.52,5,0.19,70,sms,10,1,0
C004288,63,78759.32,7,0.1327,34,sms,15,0,0
C004289,52,55879.82,8,0.2936,119,sms,10,1,0
C004290,21,100749.63,4,0.2093,48,email,20,1,0
C004291,51,38019.34,5,0.1498,89,email,5,0,0
C004292,42,103748.42,7,0.3468,66,paid_social,0,0,0
C004293,28,74930.54,2,0.5268,79,paid_social,0,0,0
C004294,63,81892.78,6,0.1316,17,paid_social,15,1,0
C004295,27,82348.63,5,0.4035,109,email,15,1,0
C004296,22,43436.86,4,0.4774,9,email,10,0,0
C004297,49,129570.35,6,0.2957,26,email,5,0,0
C004298,40,65690.35,5,0.4794,13,email,10,1,0
C004299,61,39682.79,5,0.1215,38,email,10,0,0
C004300,33,66821.42,4,0.1757,109,email,10,0,0
C004301,45,48525.36,3,0.5356,35,email,10,1,0
C004302,45,49103.98,3,0.5021,118,email,0,1,1
C004303,29,47105.71,3,0.3799,76,email,10,1,0
C004304,24,63539.69,3,0.3029,104,email,0,0,0
C004305,38,137509.04,11,0.2543,16,email,10,1,0
C004306,35,44239.39,1,0.2459,49,email,10,0,0
C004307,24,109584.14,6,0.3381,11,paid_social,10,0,0
C004308,57,70665.24,7,0.1319,64,email,0,0,0
C004309,58,89692.7,7,0.2137,12,email,10,0,0
C004310,32,122822.24,1,0.01,53,email,0,0,0
C004311,29,32043.93,3,0.3002,13,sms,20,1,0
C004312,37,110005.83,2,0.198,77,paid_social,0,1,0
C004313,25,56485.42,2,0.4633,98,email,15,1,0
C004314,62,62453.86,4,0.4426,3,email,5,1,0
C004315,54,80317.09,4,0.2422,88,sms,0,1,0
C004316,24,32457.98,3,0.3621,118,direct_mail,10,1,0
C004317,30,123439.16,3,0.0972,32,email,0,1,0
C004318,54,53565.2,4,0.5261,97,email,10,1,0
C004319,47,106144.25,3,0.248,72,paid_social,10,1,0
C004320,28,93982.71,4,0.2191,82,paid_social,15,0,0
C004321,70,55508.31,5,0.3677,29,email,15,1,0
C004322,68,43729.0,4,0.1344,45,email,20,1,0
C004323,50,71946.19,3,0.3162,56,paid_social,10,1,0
C004324,26,43601.8,6,0.4655,108,direct_mail,0,0,0
C004325,66,32242.54,3,0.021,76,paid_social,10,1,0
C004326,34,77068.1,4,0.4082,5,email,10,1,0
C004327,36,63008.27,7,0.4823,46,sms,0,1,0
C004328,39,107327.71,4,0.4846,89,email,20,1,0
C004329,36,62804.83,1,0.3199,1,direct_mail,20,0,0
C004330,70,47838.52,4,0.0878,89,sms,0,1,0
C004331,39,61319.96,3,0.4727,3,sms,10,1,0
C004332,72,57873.17,2,0.1507,108,sms,0,0,0
C004333,60,102131.72,12,0.4375,18,email,5,0,0
C004334,34,49899.23,6,0.0904,69,paid_social,0,1,0
C004335,42,70133.93,6,0.3735,11,sms,5,1,0
C004336,67,50944.12,6,0.1811,24,paid_social,5,0,0
C004337,65,40076.71,3,0.1562,19,email,0,0,0
C004338,51,89141.94,7,0.1026,81,sms,0,0,0
C004339,23,92569.79,4,0.1092,82,email,0,0,0
C004340,29,51863.06,2,0.4265,53,email,15,0,0
C004341,40,63089.52,2,0.18,42,sms,20,0,0
C004342,28,94608.89,8,0.2752,56,paid_social,10,0,0
C004343,64,37979.66,2,0.3963,69,email,10,1,0
C004344,66,65871.37,6,0.3844,64,direct_mail,10,1,0
C004345,62,160699.04,5,0.2336,88,email,10,1,0
C004346,38,105371.1,7,0.5622,50,email,20,1,0
C004347,57,54791.15,4,0.3962,42,email,15,0,0
C004348,61,71551.33,5,0.0313,5,email,20,0,0
C004349,51,117794.08,4,0.0723,108,direct_mail,15,0,0
C004350,47,93249.36,4,0.1039,95,email,5,0,0
C004351,43,39204.55,2,0.6648,24,email,15,1,0
C004352,73,111999.5,3,0.0244,10,email,15,1,0
C004353,49,71666.88,7,0.3336,7,email,10,0,0
C004354,24,61064.54,5,0.7443,112,email,20,1,0
C004355,34,98846.51,5,0.6456,54,email,10,1,0
C004356,52,77166.95,3,0.0869,99,paid_social,5,0,0
C004357,60,66955.64,1,0.1064,23,email,5,0,0
C004358,74,104576.88,5,0.6179,95,email,10,1,0
C004359,49,93325.35,4,0.1038,3,email,5,0,0
C004360,37,33072.33,5,0.4926,38,email,5,0,0
C004361,68,98300.92,4,0.5672,40,sms,10,1,0
C004362,63,165538.65,5,0.2055,100,paid_social,5,0,0
C004363,23,70779.08,3,0.377,101,email,5,1,0
C004364,46,35399.95,1,0.2338,16,email,10,0,0
C004365,26,54752.63,5,0.3971,61,email,20,0,0
C004366,59,66253.93,6,0.0535,23,direct_mail,20,0,0
C004367,73,47448.62,3,0.2843,112,email,10,1,1
C004368,72,25267.11,5,0.0636,81,email,15,1,0
C004369,34,45645.86,4,0.2184,108,email,15,1,0
C004370,32,81848.77,1,0.6016,8,paid_social,15,1,0
C004371,70,61202.0,2,0.1321,102,email,15,0,0
C004372,39,62748.87,2,0.4125,17,email,10,0,0
C004373,35,69928.82,10,0.1846,93,sms,5,0,0
C004374,69,76441.13,3,0.2122,52,paid_social,10,0,0
C004375,32,58207.12,5,0.313,25,email,15,0,0
C004376,28,67829.24,3,0.435,113,email,0,1,0
C004377,68,84254.81,4,0.4467,87,paid_social,0,0,0
C004378,43,44733.29,10,0.3897,16,direct_mail,10,1,0
C004379,25,30475.58,1,0.2061,98,sms,10,0,0
C004380,49,77114.47,3,0.0931,62,email,0,1,0
C004381,67,138994.4,3,0.744,55,email,15,1,0
C004382,47,87317.93,6,0.1212,53,direct_mail,15,1,0
C004383,68,55881.97,4,0.4607,68,email,5,1,0
C004384,23,58726.03,7,0.3419,85,email,10,1,0
C004385,60,52388.37,3,0.441,75,email,5,0,0
C004386,43,77197.04,2,0.0683,7,paid_social,15,1,0
C004387,58,143908.19,7,0.2021,98,sms,20,0,0
C004388,44,113943.9,2,0.1242,2,email,5,0,0
C004389,45,123025.7,3,0.08,23,email,20,0,0
C004390,23,69865.64,2,0.1046,1,sms,0,0,0
C004391,31,62054.17,5,0.2276,81,email,5,1,0
C004392,28,40357.24,5,0.276,1,email,0,0,0
C004393,65,126291.99,4,0.2504,8,paid_social,5,1,1
C004394,53,56102.52,2,0.2254,100,paid_social,10,1,0
C004395,40,120284.09,4,0.4103,81,email,10,0,0
C004396,34,45070.6,8,0.1462,97,email,15,1,1
C004397,55,42270.42,2,0.256,99,email,5,1,0
C004398,50,33649.95,2,0.1028,84,email,10,1,0
C004399,23,71698.11,3,0.2815,50,direct_mail,5,0,0
C004400,26,45806.88,8,0.2626,25,email,0,0,1
C004401,41,77459.4,3,0.109,25,direct_mail,10,0,0
C004402,54,57528.14,2,0.1187,113,sms,10,1,0
C004403,27,47774.92,7,0.298,59,email,10,1,0
C004404,43,82791.69,6,0.195,28,email,5,1,0
C004405,37,65401.68,4,0.0248,58,email,5,0,0
C004406,69,58372.48,6,0.2261,111,email,20,1,0
C004407,53,63722.66,4,0.4076,9,sms,5,0,0
C004408,57,126582.45,8,0.7371,78,email,5,1,0
C004409,54,49215.49,6,0.2722,46,email,10,1,0
C004410,42,53354.43,3,0.1786,54,email,10,1,0
C004411,25,85876.03,1,0.304,49,email,0,0,0
C004412,30,94364.1,5,0.0943,9,email,15,1,0
C004413,39,98885.89,6,0.2565,98,email,5,0,0
C004414,45,61367.9,4,0.5424,9,email,10,0,0
C004415,56,58057.77,5,0.2191,94,email,5,1,1
C004416,70,116550.75,8,0.7166,102,email,20,1,0
C004417,68,46104.75,6,0.0513,84,email,0,1,0
C004418,38,86936.32,1,0.1163,11,email,15,1,0
C004419,43,47564.12,2,0.1522,24,sms,10,0,0
C004420,31,66427.82,3,0.1117,43,email,15,1,0
C004421,25,94324.91,6,0.2669,89,paid_social,10,0,0
C004422,37,66974.84,6,0.1378,20,email,0,1,0
C004423,43,76469.83,6,0.2419,11,email,10,1,0
C004424,24,68275.82,1,0.422,24,email,10,0,0
C004425,50,108143.75,4,0.0904,91,email,15,1,0
C004426,69,43518.2,7,0.2064,6,direct_mail,10,1,0
C004427,62,63548.91,5,0.3034,88,email,5,1,0
C004428,23,83200.49,8,0.2812,71,sms,10,1,0
C004429,53,83801.13,4,0.2502,63,email,5,0,0
C004430,32,60474.17,2,0.4892,79,email,10,1,0
C004431,66,81644.24,6,0.2546,50,email,20,0,0
C004432,61,70089.27,4,0.13,115,email,0,0,0
C004433,22,220000.0,7,0.69,91,paid_social,0,0,0
C004434,42,172910.79,8,0.2886,11,sms,0,0,0
C004435,27,33713.58,5,0.4641,98,paid_social,20,0,0
C004436,24,48269.47,2,0.3231,33,paid_social,5,1,0
C004437,39,55116.33,4,0.337,37,paid_social,15,0,0
C004438,34,62177.01,4,0.6927,14,sms,5,1,0
C004439,48,86679.77,1,0.2038,20,sms,5,0,0
C004440,47,44835.99,4,0.5633,15,paid_social,5,1,0
C004441,21,78348.39,5,0.5832,22,sms,15,0,0
C004442,35,157735.07,1,0.276,107,email,0,0,0
C004443,32,64398.81,6,0.377,3,direct_mail,10,0,0
C004444,52,89250.91,4,0.1422,15,email,15,0,0
C004445,29,36454.49,2,0.2545,56,email,15,0,0
C004446,29,124479.95,3,0.128,14,email,0,1,0
C004447,69,87506.75,4,0.2946,34,paid_social,10,0,0
C004448,55,64488.22,5,0.2371,5,direct_mail,15,0,0
C004449,25,47242.71,2,0.5888,97,paid_social,10,0,0
C004450,51,48279.44,3,0.157,48,paid_social,10,0,0
C004451,72,34461.16,3,0.389,22,email,10,0,0
C004452,44,56456.82,0,0.1666,58,email,10,1,0
C004453,66,77643.13,4,0.044,24,email,0,0,0
C004454,48,52875.72,3,0.4312,14,sms,0,1,0
C004455,21,37520.83,6,0.2704,77,email,15,1,0
C004456,63,121967.32,3,0.5621,72,paid_social,20,0,0
C004457,58,109565.5,2,0.0822,42,paid_social,10,0,0
C004458,60,53950.99,6,0.4444,104,email,15,0,0
C004459,36,63162.47,6,0.1932,66,email,5,1,0
C004460,62,115904.47,6,0.6617,87,sms,5,0,0
C004461,64,53756.68,8,0.2755,59,paid_social,15,0,0
C004462,72,66565.95,5,0.033,35,paid_social,10,1,0
C004463,45,52429.28,3,0.068,45,email,15,1,0
C004464,46,92756.1,10,0.0596,98,email,15,0,0
C004465,74,121342.87,5,0.4012,97,paid_social,10,0,0
C004466,55,95893.0,2,0.2212,11,email,5,0,0
C004467,50,56048.63,6,0.3596,78,email,15,1,0
C004468,26,170557.54,2,0.338,36,email,5,0,0
C004469,45,97076.39,4,0.4837,3,email,20,0,0
C004470,52,76261.64,5,0.188,55,email,10,0,0
C004471,48,65717.18,8,0.139,40,sms,0,0,0
C004472,39,51676.76,5,0.3834,96,email,5,0,1
C004473,68,105867.08,5,0.1154,26,email,15,1,0
C004474,70,40461.36,3,0.1825,109,email,10,0,0
C004475,61,54818.77,3,0.6887,77,paid_social,10,1,0
C004476,47,88781.24,1,0.1917,30,email,15,0,0
C004477,55,60188.55,2,0.2824,105,direct_mail,5,0,0
C004478,54,48575.01,3,0.1411,70,email,10,0,0
C004479,22,53878.69,4,0.0685,12,email,0,0,0
C004480,66,93137.98,4,0.5168,106,direct_mail,5,1,0
C004481,54,79450.06,2,0.267,97,sms,15,1,0
C004482,72,45174.25,7,0.4407,98,sms,0,0,0
C004483,59,42966.49,6,0.7262,58,email,5,1,1
C004484,57,77554.28,5,0.2591,83,email,5,0,0
C004485,63,64575.95,7,0.4183,14,email,10,1,0
C004486,61,29277.55,1,0.1509,61,email,15,0,0
C004487,55,52780.72,1,0.4241,118,email,10,1,1
C004488,29,101931.37,5,0.1094,55,paid_social,5,0,0
C004489,58,143492.25,7,0.109,56,direct_mail,0,1,0
C004490,54,86666.94,7,0.2583,100,paid_social,20,1,0
C004491,33,99228.1,7,0.2472,91,sms,10,0,0
C004492,24,54319.95,8,0.2855,13,direct_mail,20,0,0
C004493,70,63032.72,2,0.304,63,email,5,1,0
C004494,51,81933.59,9,0.1431,36,paid_social,10,0,0
C004495,30,51417.58,5,0.2732,117,email,0,0,0
C004496,51,69431.42,4,0.4792,80,email,10,1,0
C004497,43,62103.08,5,0.4941,40,sms,0,1,0
C004498,22,34668.33,9,0.181,6,email,5,1,0
C004499,38,80127.9,5,0.1537,112,sms,0,1,0
C004500,49,95039.69,4,0.2531,107,email,10,0,0
C004501,38,103083.14,4,0.3236,88,email,5,1,0
C004502,46,47789.29,4,0.2057,111,email,10,1,0
C004503,65,93559.11,6,0.3673,24,sms,20,0,0
C004504,44,31901.72,2,0.3091,23,paid_social,15,0,0
C004505,25,35878.68,2,0.5028,84,sms,20,0,0
C004506,52,52926.16,6,0.0883,105,paid_social,20,0,0
C004507,27,76288.53,8,0.2004,107,paid_social,15,1,0
C004508,56,37003.05,6,0.3577,9,email,0,1,1
C004509,30,110021.7,6,0.3132,67,sms,0,1,0
C004510,44,43885.36,11,0.2304,5,sms,20,1,0
C004511,33,69085.26,4,0.3188,17,email,15,0,0
C004512,63,37326.05,2,0.1738,32,email,0,1,0
C004513,68,56495.5,4,0.2764,59,email,15,1,0
C004514,61,37941.01,6,0.3778,98,email,10,1,0
C004515,39,38601.37,7,0.1943,11,email,15,1,0
C004516,51,86778.11,8,0.2032,96,paid_social,15,1,0
C004517,70,40203.11,6,0.2569,26,email,15,0,0
C004518,59,39144.12,5,0.4041,96,email,10,0,0
C004519,37,115814.64,2,0.174,97,direct_mail,5,1,0
C004520,36,68209.86,0,0.4237,46,direct_mail,0,0,0
C004521,46,35388.64,8,0.6832,41,paid_social,0,0,0
C004522,47,60360.46,7,0.1168,73,email,10,1,0
C004523,32,52624.74,6,0.2456,111,email,0,0,0
C004524,25,47211.77,1,0.4835,59,direct_mail,5,0,0
C004525,35,105461.23,5,0.3813,106,email,20,1,0
C004526,36,160531.6,7,0.4188,15,paid_social,15,1,0
C004527,56,122244.37,5,0.1546,48,email,0,1,0
C004528,28,60671.67,2,0.1817,52,direct_mail,10,0,0
C004529,36,57877.16,7,0.4019,83,direct_mail,10,1,0
C004530,47,73919.53,2,0.4285,89,email,5,0,0
C004531,27,50090.23,9,0.2695,26,email,0,0,0
C004532,60,154547.58,7,0.2766,52,email,15,0,0
C004533,21,36363.18,3,0.0835,22,direct_mail,10,1,0
C004534,29,107083.79,7,0.3356,2,sms,15,1,0
C004535,36,31022.99,3,0.0702,51,email,15,1,0
C004536,23,90970.93,7,0.6146,60,email,15,1,0
C004537,33,39991.35,6,0.3386,49,email,10,1,0
C004538,28,79117.93,6,0.0863,95,email,15,1,0
C004539,38,48745.11,6,0.1168,22,email,0,1,0
C004540,38,78887.21,2,0.652,38,direct_mail,20,1,0
C004541,70,69417.84,5,0.1468,94,sms,0,1,0
C004542,58,83178.28,5,0.2827,51,email,15,1,0
C004543,46,87487.5,4,0.3427,20,email,15,1,0
C004544,68,68638.15,5,0.1754,46,sms,10,0,0
C004545,58,32684.98,4,0.3572,72,email,5,0,0
C004546,60,50145.23,3,0.3474,65,sms,0,0,0
C004547,24,31702.64,3,0.1234,74,email,20,1,0
C004548,70,66363.45,4,0.177,41,email,10,1,0
C004549,69,67028.08,3,0.2436,68,direct_mail,10,0,0
C004550,25,32970.82,2,0.1116,13,email,5,1,0
C004551,41,147369.64,6,0.1516,10,direct_mail,0,1,0
C004552,28,65674.92,2,0.1509,64,email,0,1,0
C004553,47,58087.93,4,0.097,82,email,0,0,0
C004554,56,41781.12,6,0.5816,11,email,10,1,0
C004555,44,41268.92,2,0.3677,49,paid_social,5,0,0
C004556,33,93974.93,4,0.3325,19,sms,0,1,0
C004557,41,60825.39,3,0.3969,115,sms,15,0,0
C004558,74,148605.18,5,0.2449,91,email,15,0,0
C004559,32,80973.85,4,0.2426,39,direct_mail,0,1,0
C004560,64,61772.34,5,0.3753,115,email,10,1,0
C004561,49,87182.7,6,0.0677,59,email,10,1,0
C004562,71,92360.84,3,0.4803,97,email,20,1,0
C004563,47,48174.51,5,0.0384,10,email,10,1,1
C004564,63,121433.86,2,0.4543,101,email,5,1,0
C004565,31,51181.56,4,0.0927,87,email,10,0,0
C004566,39,61190.19,0,0.1727,78,email,0,1,0
C004567,63,79392.29,5,0.1616,49,sms,5,1,0
C004568,24,48789.84,5,0.2077,22,email,5,1,0
C004569,23,67647.74,11,0.3063,90,email,10,1,0
C004570,50,42060.62,4,0.1887,99,paid_social,15,0,1
C004571,51,61316.42,2,0.2711,56,email,10,0,0
C004572,38,73518.62,4,0.1448,30,paid_social,10,0,0
C004573,39,47695.97,4,0.1728,118,email,15,1,0
C004574,67,34423.2,2,0.0335,35,paid_social,15,1,0
C004575,70,49711.66,10,0.1858,111,email,10,1,1
C004576,57,96795.95,6,0.1707,95,email,0,0,0
C004577,39,107700.45,9,0.3116,6,direct_mail,10,0,0
C004578,69,138273.73,3,0.567,10,email,15,1,0
C004579,40,76407.49,2,0.151,31,paid_social,15,1,0
C004580,41,25198.27,6,0.2892,58,sms,10,0,1
C004581,47,66902.6,5,0.1583,8,email,10,1,0
C004582,56,61174.18,4,0.1822,59,email,10,0,0
C004583,67,67349.78,4,0.5057,16,email,10,0,0
C004584,22,105123.97,6,0.695,68,email,5,0,0
C004585,24,93233.51,2,0.4745,30,direct_mail,15,1,0
C004586,63,58494.81,7,0.3523,31,sms,0,0,0
C004587,36,73188.35,2,0.3409,95,email,0,1,0
C004588,31,35759.92,2,0.4012,65,email,15,1,0
C004589,46,73099.21,4,0.2163,90,email,0,0,0
C004590,27,43891.62,4,0.0973,118,email,0,0,0
C004591,30,80345.86,5,0.2927,92,sms,0,1,0
C004592,57,104740.72,7,0.384,107,paid_social,5,0,0
C004593,32,81915.78,3,0.5292,22,paid_social,10,0,0
C004594,65,148983.12,4,0.1905,109,email,10,0,0
C004595,43,75972.22,2,0.3773,108,sms,5,1,0
C004596,74,44094.76,6,0.0249,76,paid_social,15,1,0
C004597,66,145592.18,5,0.2357,102,email,20,0,0
C004598,71,109270.8,3,0.0353,60,email,0,0,0
C004599,38,66095.5,2,0.6237,64,sms,15,0,0
C004600,44,44752.62,4,0.2172,4,paid_social,15,1,0
C004601,47,61072.54,4,0.0903,86,email,0,0,0
C004602,43,20403.8,3,0.1442,85,email,0,0,0
C004603,33,134491.3,4,0.3281,60,email,15,0,0
C004604,70,43899.91,5,0.1133,75,email,15,1,0
C004605,51,108163.22,10,0.2358,26,paid_social,15,0,0
C004606,46,75021.74,2,0.1587,73,email,15,1,0
C004607,26,76562.37,5,0.0421,31,direct_mail,15,1,0
C004608,24,34129.66,0,0.0164,51,sms,20,0,0
C004609,62,43737.42,3,0.4546,56,sms,5,1,1
C004610,71,47360.3,3,0.137,17,sms,20,0,0
C004611,23,28456.16,5,0.2242,92,email,5,1,0
C004612,67,62715.07,4,0.3557,47,email,0,0,0
C004613,73,53303.55,3,0.6295,47,email,10,1,0
C004614,57,41976.52,6,0.0372,64,email,5,1,0
C004615,42,56152.88,6,0.2146,14,sms,10,1,0
C004616,33,54224.68,3,0.5192,39,sms,20,1,0
C004617,67,119348.84,7,0.1769,17,email,5,1,0
C004618,48,50610.0,7,0.3835,63,sms,15,0,0
C004619,52,83365.79,8,0.2369,75,paid_social,15,1,0
C004620,26,40845.7,5,0.4132,69,email,10,1,0
C004621,72,102876.02,1,0.386,16,email,5,1,0
C004622,69,62943.87,6,0.1594,2,email,15,1,0
C004623,60,48731.46,4,0.005,108,email,10,0,0
C004624,28,60482.58,10,0.187,55,email,0,0,0
C004625,39,46993.88,1,0.0049,34,email,10,0,0
C004626,71,34946.76,6,0.5906,100,email,0,1,0
C004627,69,83362.48,8,0.4961,106,paid_social,0,1,0
C004628,44,67490.36,3,0.3759,4,email,5,0,0
C004629,73,27590.19,4,0.2873,63,email,15,0,0
C004630,58,42715.93,2,0.1455,67,email,10,1,0
C004631,48,111384.88,2,0.0152,80,sms,10,0,0
C004632,74,90069.01,2,0.2591,11,email,20,0,0
C004633,43,115049.49,7,0.5486,8,email,15,1,0
C004634,43,35905.59,5,0.3547,87,email,0,0,0
C004635,34,125905.64,3,0.4166,95,sms,10,1,0
C004636,22,74539.0,6,0.3054,5,paid_social,15,1,0
C004637,52,38785.93,1,0.3069,105,email,0,0,0
C004638,31,90836.86,3,0.0521,22,email,10,0,0
C004639,54,57308.74,4,0.6474,60,paid_social,20,0,0
C004640,34,70023.41,6,0.3619,54,email,5,1,0
C004641,45,42294.39,2,0.2874,4,direct_mail,5,1,0
C004642,49,41921.39,3,0.5089,71,sms,10,0,0
C004643,46,107260.25,6,0.1149,53,paid_social,15,1,0
C004644,40,41697.69,5,0.2451,26,email,10,1,0
C004645,66,64368.59,4,0.3561,61,paid_social,0,0,0
C004646,70,136689.68,3,0.4753,4,email,0,1,0
C004647,64,64078.39,2,0.147,105,sms,20,0,0
C004648,61,106080.94,5,0.3965,107,email,20,0,0
C004649,56,40141.1,3,0.1574,87,direct_mail,0,1,0
C004650,26,89635.84,7,0.1286,38,paid_social,15,1,0
C004651,25,80175.8,6,0.3378,37,sms,15,1,0
C004652,43,34963.46,6,0.4376,71,email,0,0,0
C004653,33,39601.04,4,0.2137,93,email,20,0,0
C004654,65,31232.27,5,0.2182,102,email,5,1,0
C004655,64,72490.25,11,0.2062,87,email,20,1,0
C004656,27,60304.67,5,0.1445,112,direct_mail,10,0,0
C004657,58,51868.83,6,0.3321,27,email,10,1,0
C004658,35,39632.79,4,0.2542,98,email,15,0,0
C004659,31,140823.23,7,0.3067,57,email,10,0,0
C004660,25,37036.74,2,0.3468,17,direct_mail,10,1,0
C004661,36,85745.02,3,0.1105,7,email,0,1,0
C004662,63,109732.72,7,0.5823,6,paid_social,0,0,0
C004663,25,54037.2,3,0.3772,33,email,10,1,0
C004664,30,38195.87,3,0.3192,19,email,10,1,0
C004665,33,59073.79,3,0.4259,34,email,0,0,0
C004666,31,44277.57,6,0.1788,76,email,5,1,0
C004667,65,142421.05,3,0.4124,62,paid_social,10,0,0
C004668,36,92576.01,3,0.2229,25,paid_social,15,0,0
C004669,36,43837.55,6,0.2865,42,sms,10,1,1
C004670,56,118600.39,6,0.2372,30,sms,0,0,0
C004671,63,80876.45,5,0.3214,32,paid_social,15,1,0
C004672,49,42185.88,2,0.2971,98,paid_social,5,0,0
C004673,22,60139.67,6,0.4723,89,sms,0,0,0
C004674,33,36724.94,6,0.2798,105,email,15,0,0
C004675,42,55094.66,8,0.2063,102,email,5,1,0
C004676,64,86280.9,0,0.3525,105,direct_mail,15,0,0
C004677,70,76014.39,3,0.2604,102,email,0,0,0
C004678,49,48052.44,0,0.3551,65,email,5,1,0
C004679,69,69798.88,3,0.2764,26,email,5,0,0
C004680,32,70401.07,4,0.0644,51,email,10,0,0
C004681,38,48562.56,3,0.0898,18,email,5,1,0
C004682,54,74740.5,6,0.5585,69,email,15,1,1
C004683,36,51283.46,3,0.3092,17,email,10,1,0
C004684,29,125115.54,1,0.5192,97,email,10,1,0
C004685,42,215306.49,4,0.3831,110,direct_mail,15,1,0
C004686,72,63017.6,5,0.4204,68,sms,15,0,0
C004687,54,30044.76,7,0.2908,18,email,5,0,0
C004688,54,65252.32,1,0.1651,93,email,10,1,0
C004689,41,35606.33,7,0.5275,85,sms,10,1,0
C004690,55,75182.47,4,0.7395,36,paid_social,15,1,0
C004691,47,56256.65,4,0.1775,105,sms,0,1,0
C004692,73,38677.53,5,0.0799,23,direct_mail,15,1,0
C004693,42,85399.79,5,0.3159,11,email,15,0,0
C004694,46,198022.05,8,0.1653,76,email,5,1,0
C004695,36,70064.42,7,0.3622,7,email,20,0,0
C004696,58,58997.35,4,0.1733,12,email,10,1,0
C004697,48,51756.57,3,0.1874,106,direct_mail,5,1,0
C004698,48,49602.01,6,0.0483,27,email,5,1,0
C004699,58,84821.28,2,0.2825,58,email,20,0,0
C004700,73,82312.51,9,0.4658,99,paid_social,20,1,0
C004701,71,93105.12,5,0.2693,14,email,0,1,0
C004702,72,61403.07,6,0.3335,26,direct_mail,0,1,0
C004703,73,57227.83,6,0.213,27,sms,0,0,0
C004704,70,22464.4,8,0.0691,75,email,10,0,0
C004705,53,79048.94,6,0.0181,42,email,15,1,0
C004706,67,51152.55,2,0.7177,73,sms,0,1,1
C004707,67,95041.42,11,0.127,99,email,5,1,0
C004708,68,53210.59,6,0.4719,51,email,15,0,0
C004709,22,54940.58,4,0.107,93,direct_mail,0,0,0
C004710,36,34391.24,5,0.5502,13,email,0,0,0
C004711,37,80055.13,3,0.1545,49,email,15,1,0
C004712,46,28805.68,8,0.3114,52,paid_social,5,0,0
C004713,68,61358.76,5,0.282,100,sms,15,0,0
C004714,54,59463.48,6,0.2959,16,paid_social,10,0,1
C004715,64,105898.66,3,0.1499,3,email,10,0,0
C004716,32,58484.03,3,0.4429,86,email,0,0,0
C004717,58,98489.54,2,0.1873,45,sms,15,0,0
C004718,46,29164.86,7,0.2235,119,direct_mail,20,0,0
C004719,72,33356.37,4,0.2278,82,sms,10,0,0
C004720,34,92246.11,5,0.1558,108,email,15,0,0
C004721,74,48517.31,1,0.3296,25,sms,5,1,0
C004722,25,37351.22,8,0.1894,75,email,0,1,0
C004723,44,45075.47,5,0.1112,55,email,20,0,0
C004724,63,28804.18,5,0.122,25,email,10,1,0
C004725,28,28766.76,5,0.1812,108,sms,20,1,0
C004726,43,40270.51,3,0.0082,31,email,15,1,0
C004727,44,76745.56,6,0.4648,113,email,5,0,0
C004728,29,36006.8,3,0.3631,103,email,20,1,0
C004729,30,64596.41,4,0.2949,97,email,10,0,0
C004730,66,91663.42,5,0.3524,91,email,5,1,0
C004731,70,34181.83,5,0.4136,36,sms,15,1,0
C004732,27,48534.9,4,0.1647,100,email,15,0,0
C004733,61,44161.95,5,0.3117,18,paid_social,5,1,0
C004734,41,220000.0,4,0.4584,16,direct_mail,10,0,0
C004735,65,72523.69,5,0.2153,50,email,10,0,0
C004736,36,76477.25,4,0.1258,114,email,10,0,0
C004737,47,50467.34,1,0.2481,110,paid_social,10,1,0
C004738,41,79675.47,2,0.2438,97,email,10,0,0
C004739,72,65961.31,3,0.3093,62,email,10,1,0
C004740,25,36068.47,5,0.4751,30,email,10,0,0
C004741,56,57081.53,2,0.7019,97,sms,20,0,0
C004742,49,94615.39,7,0.614,59,sms,5,0,0
C004743,53,40598.47,10,0.1193,79,email,20,0,0
C004744,59,61517.09,6,0.2736,60,paid_social,10,1,1
C004745,24,79062.68,2,0.5781,47,direct_mail,0,1,0
C004746,54,38176.26,3,0.1743,22,email,0,1,0
C004747,44,30763.46,5,0.6882,15,email,5,0,0
C004748,72,172683.2,4,0.3491,10,direct_mail,10,0,0
C004749,24,71458.6,5,0.2744,31,sms,15,1,0
C004750,47,39502.35,4,0.2136,90,paid_social,10,1,0
C004751,61,48576.66,9,0.3782,74,email,5,0,0
C004752,58,75236.1,13,0.3088,7,email,10,1,0
C004753,52,70383.09,3,0.2084,114,email,0,0,0
C004754,57,95780.75,5,0.2927,114,email,0,1,0
C004755,54,89662.81,3,0.0461,55,direct_mail,5,0,0
C004756,27,69396.85,7,0.3521,77,direct_mail,10,1,0
C004757,68,85151.15,5,0.1806,57,sms,0,1,0
C004758,67,101254.38,4,0.1415,5,email,0,0,0
C004759,52,56197.63,5,0.4391,80,direct_mail,5,1,0
C004760,67,58268.83,5,0.2497,48,email,15,1,0
C004761,46,44230.95,2,0.4391,117,direct_mail,5,0,0
C004762,23,68102.08,6,0.1946,118,paid_social,10,1,0
C004763,64,57099.98,7,0.4783,5,paid_social,0,1,0
C004764,29,50045.24,5,0.2781,105,email,10,0,0
C004765,48,40450.4,5,0.0717,75,sms,20,1,1
C004766,57,112790.76,2,0.3199,97,paid_social,0,0,0
C004767,53,32051.1,1,0.1512,93,email,10,1,0
C004768,21,72611.06,4,0.6149,55,email,10,1,0
C004769,71,25476.29,4,0.3997,28,sms,10,1,0
C004770,68,70370.67,5,0.5435,106,direct_mail,0,1,0
C004771,62,70538.27,7,0.5465,49,sms,5,1,0
C004772,56,41956.17,4,0.1718,21,email,5,1,0
C004773,60,24546.51,2,0.1284,2,email,15,1,0
C004774,32,76583.46,0,0.3396,97,email,10,0,0
C004775,53,54883.71,1,0.2575,4,paid_social,0,1,0
C004776,36,18000.0,3,0.0845,8,paid_social,10,1,0
C004777,24,47064.26,1,0.1263,24,paid_social,5,1,0
C004778,36,55188.09,5,0.6206,119,sms,15,0,0
C004779,42,112729.11,3,0.2182,67,email,5,0,0
C004780,72,73268.19,6,0.3052,31,email,5,0,0
C004781,51,68688.72,0,0.0745,70,email,5,0,0
C004782,24,59243.44,3,0.4198,70,sms,5,0,0
C004783,26,63770.77,7,0.2912,43,email,10,1,0
C004784,39,116119.04,8,0.3782,63,email,0,1,0
C004785,70,53353.13,4,0.3814,27,email,0,0,0
C004786,22,30828.09,4,0.1475,102,paid_social,15,1,0
C004787,29,83300.75,4,0.1651,53,email,0,0,0
C004788,57,35609.51,3,0.3564,66,direct_mail,20,1,0
C004789,49,65319.56,6,0.0889,33,sms,5,1,0
C004790,38,48286.44,7,0.0485,39,sms,15,1,0
C004791,24,61470.58,3,0.5432,28,direct_mail,15,0,0
C004792,72,62497.74,2,0.1526,108,email,5,1,0
C004793,67,43497.37,3,0.2217,89,email,20,0,0
C004794,73,99065.5,6,0.0731,12,email,5,1,0
C004795,72,119107.09,5,0.2888,89,email,10,0,0
C004796,68,116200.23,5,0.3934,40,email,15,1,0
C004797,41,71551.63,5,0.1587,21,email,10,0,0
C004798,59,52358.17,3,0.1114,32,sms,20,0,0
C004799,25,65918.06,2,0.218,117,email,0,1,0
C004800,44,56372.44,4,0.362,26,sms,0,1,0
C004801,26,52738.89,4,0.5373,27,email,0,1,0
C004802,73,52768.17,5,0.2565,97,email,10,1,0
C004803,33,59277.19,2,0.2276,61,sms,5,1,0
C004804,37,85744.63,5,0.1332,78,sms,0,0,0
C004805,56,61754.67,4,0.0408,45,direct_mail,10,1,0
C004806,69,98578.26,2,0.093,94,direct_mail,5,1,0
C004807,31,63666.46,3,0.1882,110,email,20,0,0
C004808,57,104868.84,5,0.2458,98,direct_mail,10,1,0
C004809,57,28168.35,5,0.2945,15,sms,20,0,0
C004810,54,82672.59,5,0.063,2,email,0,0,0
C004811,62,46499.85,5,0.2744,15,email,10,0,0
C004812,71,86038.95,5,0.054,10,email,5,1,0
C004813,22,65022.42,3,0.4782,28,email,15,0,0
C004814,41,33257.0,4,0.4464,21,paid_social,10,0,0
C004815,41,33891.38,3,0.2251,34,email,20,1,0
C004816,68,114271.36,6,0.1919,25,email,5,1,0
C004817,22,44368.77,9,0.1141,118,paid_social,5,1,0
C004818,65,51551.46,4,0.3625,50,sms,5,0,0
C004819,62,40110.15,4,0.4187,68,sms,0,1,0
C004820,63,54324.16,5,0.5047,92,email,15,1,0
C004821,39,81560.69,4,0.2356,25,sms,15,1,0
C004822,40,66454.31,3,0.1422,57,sms,15,0,0
C004823,69,78030.82,5,0.2921,40,email,10,0,0
C004824,59,47644.7,1,0.3576,106,email,5,1,0
C004825,65,82457.57,2,0.4588,28,email,10,1,0
C004826,29,68238.0,3,0.1734,71,sms,5,0,0
C004827,66,55271.62,5,0.1037,43,paid_social,20,1,0
C004828,64,46583.06,10,0.5247,79,email,20,1,0
C004829,48,45780.3,4,0.7025,83,sms,5,1,0
C004830,67,53536.65,7,0.1589,22,direct_mail,0,0,0
C004831,64,97991.44,3,0.2125,3,email,0,0,0
C004832,59,39241.48,1,0.4069,22,email,0,0,0
C004833,54,72861.61,5,0.079,69,email,10,0,0
C004834,60,95354.06,2,0.428,47,email,10,0,0
C004835,40,45133.5,6,0.3545,14,email,15,0,0
C004836,39,63882.78,5,0.4557,93,email,15,1,0
C004837,38,69270.17,5,0.7565,74,direct_mail,5,0,0
C004838,24,59308.42,2,0.2975,81,email,0,1,0
C004839,66,144435.66,3,0.1606,15,email,5,1,0
C004840,39,54863.43,3,0.242,10,email,5,0,0
C004841,58,73291.61,3,0.2511,106,sms,20,1,0
C004842,33,50111.18,5,0.4023,115,direct_mail,10,0,0
C004843,43,49535.35,2,0.2196,90,email,10,0,0
C004844,37,52606.25,2,0.4005,70,email,10,0,0
C004845,55,68007.07,3,0.3484,16,direct_mail,0,1,0
C004846,64,60350.03,4,0.3922,30,email,0,0,0
C004847,39,80054.49,5,0.2788,38,email,10,0,0
C004848,62,90433.01,3,0.1741,38,sms,0,1,0
C004849,64,103983.18,7,0.2733,16,email,15,0,0
C004850,42,73134.71,8,0.1741,83,direct_mail,20,1,0
C004851,53,95110.67,7,0.1539,10,email,10,0,0
C004852,26,74600.68,6,0.1386,93,email,20,0,0
C004853,57,91081.43,8,0.2192,54,sms,5,1,0
C004854,72,32971.04,6,0.0436,3,direct_mail,5,1,0
C004855,73,68820.89,2,0.6005,77,email,20,1,0
C004856,64,75544.71,6,0.6491,56,direct_mail,15,1,0
C004857,52,31707.05,3,0.3504,96,email,5,0,0
C004858,31,58008.68,4,0.2663,87,direct_mail,20,1,0
C004859,37,78931.91,6,0.0932,75,email,10,1,0
C004860,31,125819.36,3,0.0571,10,email,10,0,0
C004861,33,52929.76,5,0.2954,37,email,20,1,0
C004862,41,40792.62,5,0.4106,32,email,20,0,0
C004863,63,91078.45,8,0.3464,46,paid_social,0,0,0
C004864,21,89318.7,5,0.2299,23,paid_social,15,0,0
C004865,67,131452.55,2,0.1745,49,email,15,1,0
C004866,23,64040.61,6,0.4587,60,email,5,1,0
C004867,37,75305.47,3,0.5989,2,email,15,1,0
C004868,48,49747.1,7,0.4946,10,sms,15,1,0
C004869,31,67068.86,6,0.0806,16,email,10,1,0
C004870,41,68666.86,2,0.4285,101,direct_mail,5,0,0
C004871,24,61239.51,3,0.4859,62,sms,10,0,0
C004872,26,53919.02,5,0.4937,1,email,15,0,0
C004873,50,54433.02,2,0.2998,6,email,10,0,0
C004874,69,44642.57,5,0.1098,73,sms,10,1,0
C004875,53,31976.72,1,0.3627,55,email,15,0,0
C004876,51,66011.02,5,0.0657,119,email,10,0,0
C004877,26,32373.49,4,0.3109,116,sms,0,1,0
C004878,31,129625.58,5,0.3554,38,paid_social,20,0,0
C004879,31,220000.0,2,0.1016,47,email,10,0,0
C004880,68,49133.33,4,0.2335,98,email,5,1,0
C004881,43,47428.37,2,0.1623,35,sms,20,1,0
C004882,72,108798.65,7,0.4528,86,paid_social,0,1,0
C004883,61,120599.16,5,0.0985,44,email,0,0,0
C004884,21,54695.28,7,0.0449,89,email,0,1,0
C004885,38,123264.72,4,0.4758,33,sms,10,1,0
C004886,63,55061.22,9,0.3251,59,email,15,0,0
C004887,68,19741.45,4,0.2257,27,email,15,0,0
C004888,66,71837.37,4,0.5143,71,email,20,0,0
C004889,48,103757.73,5,0.3679,71,email,20,1,0
C004890,35,114881.54,5,0.1308,8,email,10,0,0
C004891,52,84513.64,5,0.2876,17,sms,10,1,0
C004892,55,52579.11,7,0.0911,40,email,0,0,0
C004893,41,149221.92,4,0.2048,42,paid_social,5,1,0
C004894,55,78406.25,3,0.0294,89,email,10,0,0
C004895,24,143068.19,5,0.118,77,sms,5,1,0
C004896,58,39308.29,4,0.0843,89,direct_mail,5,0,0
C004897,53,34852.83,4,0.216,52,paid_social,15,1,1
C004898,28,40228.66,4,0.137,8,email,5,1,0
C004899,57,61828.16,2,0.0645,49,email,10,0,0
C004900,58,63023.07,9,0.3995,70,direct_mail,10,0,0
C004901,29,43097.31,3,0.2456,46,sms,10,1,0
C004902,22,46665.11,6,0.2544,55,email,10,0,1
C004903,28,72931.03,3,0.6569,88,email,15,1,0
C004904,41,52247.37,5,0.3875,63,paid_social,20,1,0
C004905,34,88699.51,9,0.3082,108,paid_social,0,1,0
C004906,27,96158.28,4,0.3132,1,sms,0,0,0
C004907,42,117480.8,6,0.2877,94,email,10,0,0
C004908,59,111752.89,3,0.5823,62,sms,5,0,0
C004909,34,146682.06,3,0.6389,69,paid_social,15,0,1
C004910,26,68386.1,5,0.4256,88,email,10,0,0
C004911,58,86750.21,5,0.2925,40,sms,0,0,0
C004912,71,108203.56,2,0.3097,87,email,0,0,0
C004913,27,52753.38,6,0.162,13,email,15,0,0
C004914,31,151465.78,5,0.1301,61,email,5,0,0
C004915,40,44802.84,4,0.2376,108,paid_social,15,1,0
C004916,58,94916.48,4,0.1789,65,email,10,1,0
C004917,54,56934.21,9,0.2755,91,direct_mail,20,1,0
C004918,57,31305.06,5,0.1513,116,sms,5,0,0
C004919,53,80329.39,6,0.2704,17,email,0,1,0
C004920,26,37184.79,6,0.5442,54,email,5,1,0
C004921,56,107474.78,2,0.2276,68,email,0,0,0
C004922,36,76265.29,6,0.2533,31,paid_social,10,1,0
C004923,72,45656.18,6,0.6341,16,email,10,1,0
C004924,35,130233.19,5,0.1812,68,email,5,0,0
C004925,40,85202.45,4,0.6419,50,direct_mail,5,0,0
C004926,43,40265.81,4,0.4004,66,sms,5,0,0
C004927,62,62721.17,3,0.1308,37,paid_social,15,1,0
C004928,22,147689.76,6,0.1696,115,email,15,1,0
C004929,54,90755.1,5,0.1774,99,paid_social,10,1,0
C004930,67,131989.08,2,0.1659,78,email,20,0,0
C004931,53,66020.45,5,0.0132,31,paid_social,15,0,0
C004932,57,56657.04,6,0.0654,35,email,10,0,0
C004933,72,34059.23,4,0.1497,109,email,20,0,0
C004934,51,61467.12,8,0.1919,56,paid_social,10,1,0
C004935,45,46132.74,4,0.5092,14,sms,10,1,0
C004936,23,83780.72,7,0.1317,76,email,10,0,0
C004937,44,77588.81,4,0.2302,92,email,10,0,0
C004938,51,81669.54,4,0.301,24,email,10,0,0
C004939,24,78525.93,4,0.0613,66,email,10,0,0
C004940,32,35265.9,2,0.156,77,email,20,1,0
C004941,52,53070.82,7,0.0605,44,email,20,0,0
C004942,56,22771.03,9,0.112,83,sms,20,0,0
C004943,61,44557.61,8,0.1417,18,paid_social,15,1,0
C004944,71,55262.49,6,0.4263,74,direct_mail,0,0,0
C004945,49,43099.8,6,0.2463,86,sms,5,1,0
C004946,36,75557.6,3,0.1868,115,email,20,1,1
C004947,73,151061.24,3,0.3409,87,email,10,0,0
C004948,34,60804.3,4,0.855,29,email,5,0,0
C004949,49,88770.0,8,0.3464,88,email,5,1,0
C004950,57,41966.53,2,0.3075,71,paid_social,15,1,0
C004951,51,54979.3,6,0.3881,118,email,10,0,0
C004952,36,66141.87,4,0.355,66,sms,0,1,0
C004953,24,71142.35,1,0.1654,95,email,5,0,0
C004954,70,134026.23,10,0.5251,9,sms,15,1,0
C004955,33,89900.36,2,0.1865,13,email,0,0,0
C004956,25,58680.71,3,0.4758,55,paid_social,15,0,0
C004957,35,68557.61,3,0.1405,101,email,10,1,0
C004958,39,56118.13,7,0.0892,65,email,10,1,0
C004959,40,59074.03,5,0.3914,69,direct_mail,10,0,0
C004960,37,67416.98,4,0.13,19,email,15,1,0
C004961,49,103927.15,5,0.182,94,sms,15,1,0
C004962,41,123773.13,2,0.1792,75,email,5,1,0
C004963,48,136102.71,6,0.3816,8,email,20,0,0
C004964,32,53601.03,2,0.1369,115,email,15,1,0
C004965,65,80022.03,5,0.3112,109,email,10,0,0
C004966,38,149588.36,2,0.52,82,email,15,0,0
C004967,70,125628.57,4,0.114,15,email,15,0,0
C004968,32,32763.89,3,0.4325,47,email,10,1,0
C004969,21,59039.96,7,0.1919,55,email,5,1,0
C004970,25,92980.36,6,0.5861,17,direct_mail,0,1,1
C004971,50,123076.08,4,0.3336,66,email,10,0,0
C004972,52,90335.87,4,0.3244,98,direct_mail,20,1,0
C004973,46,46927.84,7,0.1916,104,email,10,1,0
C004974,71,48425.4,7,0.1246,92,sms,15,0,0
C004975,74,88279.45,3,0.2384,51,email,15,0,0
C004976,64,59918.85,3,0.3507,86,email,0,0,0
C004977,66,137220.53,2,0.2508,100,paid_social,20,0,1
C004978,28,47227.98,10,0.3123,110,direct_mail,20,1,0
C004979,73,28207.88,5,0.2119,10,email,5,0,0
C004980,49,63948.98,5,0.1638,83,paid_social,10,1,0
C004981,27,48142.98,3,0.3313,94,email,10,0,0
C004982,37,180927.94,6,0.052,55,email,15,1,1
C004983,22,60003.59,6,0.4724,114,paid_social,0,1,0
C004984,49,25295.64,4,0.0835,23,paid_social,20,1,0
C004985,28,77291.52,2,0.1473,97,paid_social,0,1,0
C004986,46,47250.45,4,0.1477,71,paid_social,0,1,0
C004987,53,55477.71,3,0.1979,8,sms,10,0,0
C004988,65,62538.89,4,0.2989,71,sms,10,0,0
C004989,50,97245.61,6,0.2633,116,email,10,1,0
C004990,21,60520.25,4,0.6315,55,email,15,1,1
C004991,35,53909.04,4,0.3215,91,email,5,1,0
C004992,27,55794.49,7,0.4003,11,sms,0,0,0
C004993,65,77536.49,4,0.286,75,email,10,0,0
C004994,28,59560.28,5,0.4899,30,paid_social,15,0,0
C004995,31,72083.47,6,0.1917,102,email,5,1,0
C004996,70,164962.07,2,0.2879,29,email,0,0,0
C004997,30,49227.5,6,0.0673,38,email,10,0,0
C004998,52,61181.73,5,0.1499,115,email,20,0,0
C004999,26,25159.09,3,0.428,91,paid_social,10,0,0
C005000,69,96947.18,6,0.3408,98,email,10,1,0
C005001,32,79010.63,5,0.0618,9,email,10,1,0
C005002,40,138480.63,3,0.2287,113,direct_mail,10,0,0
C005003,45,91583.36,7,0.2,51,email,5,0,0
C005004,27,45033.17,4,0.3223,94,email,5,1,0
C005005,22,40892.47,3,0.0349,15,email,20,0,0
C005006,44,82087.05,3,0.3083,82,email,0,1,0
C005007,28,75069.08,3,0.6344,60,email,10,1,0
C005008,63,146534.73,10,0.505,30,email,0,0,0
C005009,28,71183.93,6,0.4341,16,sms,15,0,0
C005010,21,83996.06,8,0.2538,42,email,15,1,0
C005011,42,125714.62,7,0.3307,106,email,0,1,0
C005012,66,78530.78,4,0.4162,34,email,5,1,0
C005013,32,92559.41,2,0.2045,20,email,0,0,0
C005014,26,41322.08,7,0.396,68,email,0,0,0
C005015,30,108030.47,3,0.3706,113,sms,5,1,0
C005016,49,92869.9,2,0.2095,108,email,5,1,0
C005017,61,77006.06,2,0.22,32,email,15,0,0
C005018,24,116025.51,10,0.7639,51,email,20,1,0
C005019,63,75603.31,2,0.0961,80,sms,5,1,0
C005020,60,109212.1,4,0.6671,4,sms,20,0,0
C005021,50,100798.18,5,0.1132,85,paid_social,15,0,0
C005022,33,63442.68,3,0.1501,92,sms,0,1,0
C005023,23,60483.41,5,0.4055,41,direct_mail,15,0,0
C005024,66,50624.11,6,0.4014,45,email,15,0,0
C005025,53,36318.7,8,0.1449,42,paid_social,0,1,0
C005026,24,60601.56,3,0.0616,26,email,5,0,0
C005027,30,68234.78,5,0.2817,57,email,10,0,0
C005028,34,76705.29,4,0.2638,93,email,15,0,0
C005029,54,60116.95,3,0.3345,101,email,0,0,0
C005030,42,69659.91,5,0.2509,13,paid_social,15,0,0
C005031,56,57251.97,5,0.1759,54,paid_social,10,0,0
C005032,56,71377.37,3,0.3381,111,paid_social,15,0,0
C005033,21,60750.2,1,0.2918,77,email,10,0,0
C005034,68,114900.47,5,0.1713,45,email,0,0,0
C005035,55,80092.76,2,0.3782,76,email,20,1,0
C005036,61,214959.03,4,0.3117,7,email,15,1,0
C005037,54,38749.82,8,0.4,112,paid_social,10,0,0
C005038,29,76539.15,3,0.279,73,email,5,0,0
C005039,25,89971.29,2,0.1303,88,email,5,0,0
C005040,68,32655.1,1,0.1363,104,sms,0,1,0
C005041,23,71348.01,7,0.6348,117,paid_social,10,0,0
C005042,61,92247.06,4,0.2362,50,email,10,1,0
C005043,48,66603.6,4,0.4425,110,email,0,1,0
C005044,73,34923.2,4,0.0855,97,email,10,1,0
C005045,32,44708.24,9,0.2125,78,email,10,0,0
C005046,23,49458.24,5,0.0352,61,email,20,1,0
C005047,21,49536.94,9,0.4006,1,sms,0,1,0
C005048,21,93711.66,3,0.1661,62,email,10,1,0
C005049,33,59416.38,5,0.3324,109,email,10,1,0
C005050,59,55217.92,4,0.1507,106,sms,15,0,0
C005051,31,51572.18,7,0.1041,22,direct_mail,0,1,0
C005052,53,84832.63,3,0.0798,4,email,15,0,0
C005053,27,63546.06,7,0.1073,92,direct_mail,5,1,0
C005054,73,38459.45,3,0.1796,62,email,15,1,0
C005055,60,69791.9,4,0.3636,54,email,10,0,1
C005056,41,62877.31,4,0.3518,114,direct_mail,0,0,0
C005057,74,38605.38,3,0.0554,56,email,10,0,0
C005058,53,126637.45,4,0.0964,45,email,10,1,0
C005059,40,88248.54,1,0.7041,9,email,20,1,0
C005060,62,132836.3,9,0.1773,86,direct_mail,0,0,0
C005061,66,91559.16,4,0.4133,98,email,5,1,0
C005062,50,140984.19,3,0.161,26,paid_social,10,1,0
C005063,25,35863.92,6,0.4318,28,email,10,0,0
C005064,74,46530.53,1,0.042,67,sms,20,1,0
C005065,51,63983.48,9,0.3485,18,paid_social,0,1,0
C005066,72,54074.06,7,0.2545,58,paid_social,5,1,0
C005067,73,65822.5,9,0.2933,35,direct_mail,0,1,0
C005068,37,37116.03,7,0.2296,116,paid_social,0,1,0
C005069,52,35828.97,5,0.1048,118,paid_social,15,0,0
C005070,28,30606.91,3,0.1751,17,sms,15,0,0
C005071,71,79360.32,5,0.363,78,email,5,1,0
C005072,59,99990.64,8,0.3471,105,email,0,1,0
C005073,30,159059.96,5,0.3201,17,email,15,1,0
C005074,73,110115.59,4,0.007,74,paid_social,0,1,0
C005075,55,147856.2,2,0.4522,41,sms,10,0,0
C005076,43,101297.23,3,0.1336,92,sms,15,1,0
C005077,44,47581.47,5,0.5967,103,email,10,0,1
C005078,26,150734.14,1,0.2418,58,email,15,0,0
C005079,66,38057.58,1,0.1081,102,email,5,0,0
C005080,40,34026.64,4,0.3677,6,paid_social,5,0,0
C005081,34,52680.41,0,0.2398,9,email,5,1,0
C005082,42,73594.55,3,0.2935,60,email,5,0,0
C005083,60,53188.33,2,0.0638,107,direct_mail,20,0,0
C005084,44,71268.44,4,0.4857,22,sms,10,1,0
C005085,32,40635.92,7,0.3202,74,direct_mail,0,0,0
C005086,21,184633.11,4,0.3051,86,email,15,1,0
C005087,59,48720.68,5,0.1369,49,email,15,0,0
C005088,66,90953.41,5,0.0233,34,sms,5,0,0
C005089,74,68718.87,6,0.1422,89,sms,15,1,0
C005090,58,40481.6,2,0.3335,110,email,5,0,0
C005091,35,85148.61,3,0.1549,100,direct_mail,20,1,0
C005092,73,42348.82,3,0.2955,96,email,10,1,0
C005093,38,54628.39,6,0.6279,104,email,0,0,0
C005094,26,102855.24,4,0.4175,39,email,0,1,0
C005095,45,44509.88,3,0.2485,9,email,15,0,0
C005096,40,47595.55,6,0.4416,63,sms,20,0,0
C005097,45,73851.36,4,0.1067,57,sms,5,1,1
C005098,61,73187.88,5,0.2317,44,email,10,0,0
C005099,37,54391.81,1,0.439,39,sms,15,0,0
C005100,35,55171.89,4,0.5204,60,email,5,0,0
C005101,55,65980.7,11,0.5506,36,email,20,0,0
C005102,27,51005.39,4,0.2851,85,paid_social,20,1,0
C005103,39,64502.62,5,0.5784,99,email,20,0,0
C005104,58,65478.77,4,0.2431,43,email,10,0,0
C005105,35,108493.7,3,0.2807,94,paid_social,5,0,0
C005106,34,151220.61,4,0.4797,107,email,0,1,0
C005107,50,77379.16,4,0.1658,1,email,5,1,0
C005108,39,46514.28,5,0.5794,29,sms,0,1,0
C005109,73,83375.73,2,0.6216,70,direct_mail,5,1,0
C005110,21,40204.18,6,0.2158,4,email,5,1,0
C005111,46,162965.85,8,0.0572,79,email,0,1,0
C005112,63,72891.69,4,0.0403,24,email,0,0,0
C005113,28,83623.24,3,0.2214,97,direct_mail,0,0,0
C005114,38,38612.86,6,0.1226,101,paid_social,15,0,0
C005115,48,48477.58,5,0.5614,96,paid_social,10,1,0
C005116,47,55665.44,4,0.2863,15,email,15,0,0
C005117,62,132238.27,8,0.1396,110,email,5,1,0
C005118,67,80570.87,1,0.3273,95,sms,0,0,0
C005119,69,57339.98,5,0.6048,22,email,10,0,0
C005120,41,55883.12,6,0.0165,6,sms,10,1,0
C005121,60,37857.56,5,0.0872,88,email,15,0,0
C005122,48,122833.88,4,0.3496,106,email,10,1,0
C005123,60,45333.84,2,0.4867,90,paid_social,0,0,0
C005124,29,80645.58,5,0.4356,26,email,10,1,0
C005125,34,61009.1,5,0.4939,53,sms,15,1,0
C005126,22,57790.01,3,0.0427,80,email,5,1,0
C005127,52,103630.42,9,0.2029,12,sms,0,1,0
C005128,67,54698.54,4,0.4611,37,email,10,0,0
C005129,41,80421.57,3,0.3496,62,sms,10,0,0
C005130,73,111969.4,6,0.2604,12,email,20,1,0
C005131,46,121224.55,2,0.5084,88,email,10,1,0
C005132,65,31659.82,1,0.207,46,email,10,0,0
C005133,44,46028.64,5,0.4699,56,email,10,1,0
C005134,51,52833.87,4,0.0371,49,paid_social,15,1,0
C005135,69,49913.45,3,0.126,53,email,15,1,0
C005136,59,111173.09,2,0.4079,71,email,10,0,0
C005137,41,38314.37,5,0.2188,67,email,0,1,0
C005138,31,35954.1,7,0.5948,14,email,10,0,0
C005139,60,31401.96,6,0.3955,29,sms,5,0,0
C005140,66,38450.62,6,0.2991,103,email,0,1,0
C005141,65,77024.05,3,0.1376,35,sms,5,0,0
C005142,21,53644.96,7,0.535,79,sms,0,0,0
C005143,51,55319.99,4,0.2686,37,email,10,1,0
C005144,49,59690.03,3,0.2531,85,email,15,1,0
C005145,58,106703.94,6,0.2244,105,email,0,0,0
C005146,56,102715.5,5,0.2513,17,paid_social,5,1,0
C005147,57,37193.75,4,0.0474,100,email,5,1,0
C005148,70,83706.79,4,0.4246,85,email,10,1,0
C005149,21,113783.44,8,0.1456,33,email,15,0,0
C005150,31,86715.91,6,0.2249,85,sms,0,0,0
C005151,63,59685.88,5,0.1597,119,paid_social,10,0,0
C005152,49,113202.77,4,0.2831,45,sms,15,1,0
C005153,43,49974.9,3,0.3355,2,direct_mail,5,1,0
C005154,74,56119.65,6,0.2578,40,email,20,0,0
C005155,70,45761.31,5,0.1659,110,email,10,0,1
C005156,54,45537.04,4,0.4957,43,email,0,1,0
C005157,34,54061.14,3,0.4267,95,direct_mail,5,1,0
C005158,37,74022.17,7,0.575,105,email,15,0,0
C005159,38,79077.68,2,0.0436,67,email,10,0,0
C005160,63,57865.33,3,0.0671,12,email,10,1,0
C005161,43,29590.95,6,0.2414,10,email,15,1,0
C005162,43,29405.29,8,0.3181,39,sms,15,0,0
C005163,42,75302.04,3,0.2108,46,paid_social,10,1,0
C005164,39,31560.58,4,0.1253,110,email,5,0,0
C005165,71,55285.43,3,0.6906,32,email,20,0,0
C005166,55,95163.34,3,0.6153,44,email,0,0,0
C005167,22,70665.87,6,0.287,82,email,15,0,0
C005168,51,106274.07,5,0.3052,93,email,0,1,0
C005169,45,75351.67,2,0.0533,83,direct_mail,10,1,0
C005170,61,61358.01,2,0.0342,47,direct_mail,10,1,0
C005171,27,39662.07,4,0.2479,1,paid_social,15,1,0
C005172,38,141838.72,5,0.4233,51,email,20,0,0
C005173,55,103677.87,8,0.3043,54,paid_social,20,0,0
C005174,62,107987.43,4,0.1289,90,paid_social,15,0,0
C005175,67,36981.78,6,0.53,4,direct_mail,5,1,0
C005176,58,26441.09,5,0.281,55,email,15,1,0
C005177,70,36216.62,6,0.2776,97,email,10,0,1
C005178,44,89262.53,4,0.0082,66,email,15,0,0
C005179,59,49540.19,4,0.153,93,email,5,1,0
C005180,54,25114.59,7,0.0463,20,email,0,0,1
C005181,70,70437.73,5,0.2651,108,direct_mail,0,1,0
C005182,67,48345.12,5,0.0903,97,paid_social,20,1,0
C005183,57,48174.25,3,0.157,40,email,15,0,0
C005184,30,33422.25,4,0.0896,30,paid_social,5,0,0
C005185,46,77784.71,5,0.0212,104,email,10,1,0
C005186,35,97546.28,2,0.4343,57,direct_mail,15,0,0
C005187,70,39592.31,2,0.4466,9,sms,0,0,0
C005188,56,83141.31,5,0.0746,28,direct_mail,0,1,0
C005189,52,122453.23,4,0.2875,91,sms,10,1,0
C005190,60,66022.41,7,0.4668,79,email,0,0,0
C005191,24,55123.11,2,0.0459,90,email,15,1,0
C005192,71,112486.03,6,0.3764,114,paid_social,0,0,0
C005193,57,93441.7,2,0.4839,42,email,5,1,0
C005194,29,33541.42,4,0.1145,43,email,10,0,0
C005195,55,129075.32,3,0.191,44,email,0,1,0
C005196,23,43899.29,5,0.2435,87,paid_social,10,0,0
C005197,62,31797.01,5,0.252,13,email,20,1,0
C005198,42,93356.29,2,0.0507,108,email,0,0,0
C005199,29,72117.42,3,0.2038,49,sms,5,0,0
C005200,65,115175.23,2,0.3432,79,email,5,0,0
C005201,64,40881.64,6,0.6413,49,email,10,0,0
C005202,62,84915.86,6,0.4008,43,email,10,1,0
C005203,47,76554.57,4,0.2919,98,sms,5,1,0
C005204,33,56414.57,6,0.3992,106,email,10,0,0
C005205,45,93435.0,1,0.1798,41,paid_social,15,0,0
C005206,69,64625.62,3,0.8302,63,email,20,1,0
C005207,25,45971.98,7,0.4983,65,direct_mail,0,1,0
C005208,30,96752.74,7,0.3989,112,email,5,0,0
C005209,35,101915.39,4,0.5925,54,email,15,0,0
C005210,63,28356.74,7,0.0784,91,paid_social,15,1,0
C005211,55,53595.92,3,0.2794,45,email,10,1,0
C005212,67,58057.83,6,0.3013,35,email,0,1,0
C005213,36,69379.97,5,0.3802,90,email,0,1,0
C005214,31,153067.59,8,0.3533,30,email,5,1,0
C005215,47,58815.03,4,0.2506,20,email,5,1,0
C005216,50,98010.54,6,0.2575,112,email,15,1,0
C005217,64,81859.9,2,0.2402,83,paid_social,15,1,0
C005218,70,70957.03,7,0.2045,39,direct_mail,5,1,0
C005219,69,79334.73,4,0.5331,115,email,20,0,0
C005220,68,39472.44,2,0.4026,58,email,5,0,0
C005221,55,114698.54,5,0.2539,86,paid_social,20,1,0
C005222,56,39575.1,3,0.3651,40,email,0,0,0
C005223,30,37036.1,3,0.2175,19,sms,10,1,0
C005224,50,34031.57,4,0.3893,93,paid_social,15,0,0
C005225,59,51955.46,4,0.0636,59,email,5,1,0
C005226,35,35820.73,6,0.3418,79,paid_social,5,1,0
C005227,25,67199.97,6,0.3609,73,direct_mail,0,0,0
C005228,47,91520.31,5,0.2866,41,paid_social,15,1,0
C005229,63,64799.8,4,0.3498,70,sms,0,0,0
C005230,62,54800.15,0,0.2661,20,email,0,1,0
C005231,40,179798.69,3,0.2998,117,email,10,0,0
C005232,73,74598.73,6,0.3817,115,sms,15,1,0
C005233,51,165326.34,6,0.2176,13,email,0,0,0
C005234,64,37191.48,5,0.198,35,email,10,1,0
C005235,33,34576.97,5,0.1192,115,paid_social,5,0,0
C005236,37,117377.54,3,0.3589,80,paid_social,15,0,0
C005237,69,35878.12,3,0.2024,41,email,0,1,0
C005238,51,138210.73,5,0.4622,88,email,20,1,0
C005239,31,59831.1,3,0.3177,35,email,15,0,0
C005240,30,89729.42,6,0.0938,112,email,5,1,0
C005241,23,50809.73,7,0.5425,85,paid_social,0,0,0
C005242,51,54238.82,3,0.4171,27,email,10,0,0
C005243,39,96985.14,5,0.2575,102,email,10,1,0
C005244,55,52734.77,2,0.1444,51,email,0,1,0
C005245,24,75495.92,0,0.2507,87,email,10,0,0
C005246,37,97441.88,6,0.6046,24,email,15,1,0
C005247,52,67715.49,5,0.2883,92,direct_mail,5,0,0
C005248,67,97546.33,7,0.1168,17,direct_mail,10,0,0
C005249,65,141295.34,4,0.4446,87,direct_mail,15,1,0
C005250,56,24616.9,5,0.1411,21,email,10,0,0
C005251,60,98467.09,6,0.3297,119,email,10,1,0
C005252,57,36379.85,3,0.6849,33,email,15,1,0
C005253,51,137692.03,6,0.1872,113,email,0,0,1
C005254,23,41870.67,3,0.1083,104,paid_social,10,0,0
C005255,27,94107.28,4,0.3196,46,direct_mail,0,0,0
C005256,67,77440.63,3,0.5479,53,email,0,0,0
C005257,55,63375.8,5,0.3447,6,email,5,0,0
C005258,36,39359.23,2,0.4971,68,sms,15,1,0
C005259,37,72664.95,2,0.345,118,email,15,0,0
C005260,63,88405.72,4,0.6277,91,email,15,1,0
C005261,31,123742.83,6,0.576,109,email,0,0,0
C005262,23,45139.68,3,0.3376,44,direct_mail,0,1,0
C005263,53,97670.95,5,0.4157,105,paid_social,10,0,0
C005264,44,117251.95,7,0.1187,79,paid_social,10,0,0
C005265,38,121321.57,3,0.4069,36,paid_social,0,1,0
C005266,58,50653.0,5,0.0695,112,email,0,0,0
C005267,36,87191.24,3,0.4011,39,email,10,0,0
C005268,32,65787.99,9,0.5758,65,direct_mail,20,1,0
C005269,59,87884.55,2,0.1493,25,email,15,1,0
C005270,37,69537.4,2,0.0687,13,email,5,0,0
C005271,52,102812.14,6,0.1931,77,email,0,1,0
C005272,47,98782.13,2,0.2998,42,email,15,1,0
C005273,59,54937.84,4,0.2198,115,email,0,1,0
C005274,69,94754.67,5,0.1358,85,email,5,0,0
C005275,35,66799.02,6,0.5726,114,email,5,0,0
C005276,44,29060.99,7,0.0623,54,email,0,0,1
C005277,66,61679.74,2,0.1108,40,email,10,0,0
C005278,31,66780.12,2,0.3732,56,email,10,0,0
C005279,74,71439.06,3,0.5337,117,paid_social,15,1,0
C005280,40,59115.69,2,0.075,14,email,5,1,0
C005281,57,104785.43,5,0.5608,110,sms,0,1,0
C005282,72,55514.59,5,0.2555,90,paid_social,5,1,0
C005283,31,73608.91,4,0.5041,43,email,10,0,0
C005284,71,89669.75,5,0.0759,7,paid_social,15,0,0
C005285,33,73486.68,4,0.3209,35,email,20,0,0
C005286,64,46592.38,8,0.1146,40,sms,0,1,0
C005287,22,77699.8,2,0.4779,91,email,5,1,0
C005288,64,61485.67,4,0.5414,62,email,10,0,0
C005289,30,77231.07,6,0.6939,112,email,10,0,0
C005290,25,69084.64,5,0.0805,19,email,10,1,0
C005291,41,73625.24,8,0.5411,107,direct_mail,10,0,0
C005292,28,128324.92,7,0.2046,119,email,0,0,0
C005293,51,118409.73,8,0.3929,2,email,20,1,1
C005294,23,86408.68,4,0.4762,65,paid_social,5,1,0
C005295,48,96292.46,6,0.0282,105,email,15,0,0
C005296,39,96947.9,1,0.5544,58,email,5,0,0
C005297,65,41691.41,5,0.2261,39,email,15,0,0
C005298,44,91249.6,5,0.3999,87,paid_social,10,0,0
C005299,34,42996.61,7,0.0265,6,sms,15,1,0
C005300,33,57116.81,2,0.2822,100,sms,5,0,0
C005301,47,76190.89,4,0.4866,35,sms,5,0,0
C005302,38,98613.67,8,0.483,68,sms,0,1,0
C005303,26,36844.76,4,0.1509,38,email,5,1,0
C005304,53,78884.87,6,0.009,60,sms,5,1,0
C005305,66,54997.86,6,0.2083,84,email,20,1,0
C005306,39,77687.04,3,0.2565,3,email,10,1,0
C005307,63,112298.97,6,0.3391,111,direct_mail,0,1,0
C005308,58,33921.22,6,0.1123,72,email,0,1,0
C005309,38,75073.54,4,0.3074,108,email,20,1,0
C005310,33,49886.7,6,0.4058,51,email,10,0,0
C005311,60,81733.0,4,0.5247,33,direct_mail,10,1,0
C005312,59,103730.29,3,0.2845,49,sms,5,1,0
C005313,45,56139.17,6,0.4592,86,email,0,1,0
C005314,32,72481.09,5,0.3046,86,email,5,1,0
C005315,22,90935.26,4,0.1962,60,email,10,1,0
C005316,54,43160.95,4,0.5631,115,email,15,1,0
C005317,52,34078.75,6,0.0306,69,email,15,0,0
C005318,72,97485.04,1,0.1827,17,email,10,0,0
C005319,53,44201.32,6,0.3101,61,sms,15,0,0
C005320,25,49720.99,4,0.158,104,email,5,1,0
C005321,68,44432.61,3,0.2552,19,sms,10,1,0
C005322,67,46244.97,7,0.1719,58,paid_social,15,0,0
C005323,53,90514.96,1,0.5928,53,paid_social,0,1,0
C005324,66,36596.04,7,0.0784,11,email,10,0,1
C005325,28,62735.41,8,0.2112,88,sms,5,0,0
C005326,74,48872.81,8,0.1189,82,sms,0,0,0
C005327,72,54732.84,5,0.3094,57,email,0,1,0
C005328,37,60794.42,6,0.1184,13,paid_social,0,1,0
C005329,44,86303.09,4,0.1247,5,email,0,1,0
C005330,51,72550.33,1,0.3267,91,email,15,1,0
C005331,50,151024.58,1,0.4671,44,direct_mail,0,1,0
C005332,33,53923.18,2,0.2789,3,email,15,0,0
C005333,72,53345.75,6,0.4859,111,email,0,1,0
C005334,67,69511.1,3,0.4551,61,email,15,0,0
C005335,50,81610.58,7,0.6815,6,email,10,1,1
C005336,23,42759.64,5,0.592,14,email,0,1,0
C005337,44,25777.59,5,0.4848,78,paid_social,5,1,0
C005338,50,79280.07,1,0.2851,83,sms,5,0,0
C005339,56,61310.32,3,0.1393,116,email,15,0,0
C005340,56,46266.36,2,0.2294,92,sms,0,1,0
C005341,62,30900.75,4,0.243,21,email,20,1,0
C005342,67,57453.47,6,0.0614,87,direct_mail,10,1,0
C005343,56,78366.94,5,0.0955,1,sms,0,0,0
C005344,21,57336.06,3,0.4478,48,email,0,0,0
C005345,54,33159.62,3,0.4113,30,email,20,1,0
C005346,54,86638.84,4,0.3197,115,sms,20,0,1
C005347,29,44077.79,2,0.3471,37,paid_social,0,0,0
C005348,62,50492.71,7,0.6284,50,email,15,1,0
C005349,65,45965.08,4,0.1947,3,direct_mail,5,1,0
C005350,23,53357.9,9,0.1567,108,email,5,1,0
C005351,58,109709.9,8,0.2067,63,email,10,0,0
C005352,21,53460.34,6,0.3757,12,email,0,1,0
C005353,34,69395.5,6,0.5111,54,sms,5,0,0
C005354,33,76167.12,6,0.1997,99,paid_social,5,1,0
C005355,64,60666.22,5,0.0891,31,direct_mail,20,1,0
C005356,67,63913.21,6,0.1903,103,paid_social,10,1,0
C005357,38,66898.14,3,0.1033,30,sms,5,0,1
C005358,50,64914.99,4,0.6097,76,direct_mail,5,1,0
C005359,31,61536.06,8,0.45,102,email,20,0,0
C005360,74,64323.06,7,0.4332,11,email,5,0,0
C005361,69,76879.62,9,0.1398,29,sms,10,0,0
C005362,45,54699.28,9,0.2633,73,paid_social,10,1,0
C005363,39,95380.97,3,0.0441,5,sms,10,0,0
C005364,39,55922.31,3,0.1314,113,paid_social,10,0,0
C005365,57,55851.56,2,0.1485,87,paid_social,15,0,0
C005366,38,49262.31,2,0.2151,31,email,0,1,0
C005367,59,60988.31,4,0.407,41,direct_mail,15,0,0
C005368,25,44747.2,2,0.1204,13,paid_social,10,0,0
C005369,62,43598.58,4,0.1149,57,email,10,1,0
C005370,31,49263.47,2,0.3779,32,email,10,1,0
C005371,39,70305.96,5,0.0775,19,email,10,1,0
C005372,27,44410.56,6,0.5535,11,sms,0,1,0
C005373,26,43817.7,7,0.2675,50,email,5,1,0
C005374,73,66779.29,4,0.1357,40,sms,5,0,0
C005375,46,29392.41,2,0.2005,68,paid_social,0,1,0
C005376,58,39640.98,6,0.4866,46,email,20,1,1
C005377,33,26591.81,3,0.0487,37,email,5,1,0
C005378,54,106677.28,6,0.6191,20,direct_mail,15,1,0
C005379,71,58463.18,6,0.0843,108,direct_mail,15,1,1
C005380,23,25932.16,5,0.3856,101,sms,0,1,0
C005381,43,44109.88,2,0.1553,85,direct_mail,15,0,0
C005382,52,92397.16,5,0.2176,38,direct_mail,0,1,0
C005383,67,65716.6,1,0.2366,53,direct_mail,10,0,0
C005384,27,64279.78,5,0.6526,74,sms,20,1,0
C005385,69,94370.64,3,0.0113,85,email,15,0,0
C005386,45,114068.42,4,0.3244,90,email,5,0,0
C005387,55,127923.59,5,0.5198,15,email,10,1,0
C005388,31,107434.43,6,0.7147,78,email,10,1,0
C005389,68,105617.87,4,0.1187,74,email,10,1,0
C005390,61,62586.68,5,0.1329,66,paid_social,10,0,0
C005391,26,55865.99,4,0.4075,109,email,5,0,0
C005392,29,93906.6,4,0.3316,20,email,10,1,0
C005393,33,31338.88,5,0.3752,6,email,10,1,0
C005394,42,30582.08,2,0.2275,26,paid_social,5,1,0
C005395,29,128220.94,8,0.0705,80,email,10,1,0
C005396,40,133530.54,6,0.4868,98,email,15,1,0
C005397,57,48549.65,3,0.2639,3,sms,15,0,0
C005398,57,143232.98,5,0.3257,3,email,15,1,0
C005399,62,124338.01,4,0.2766,61,email,15,1,0
C005400,37,71535.32,4,0.2588,23,email,5,0,0
C005401,37,59487.38,3,0.7487,36,email,0,0,0
C005402,29,44043.54,6,0.1361,42,email,15,1,0
C005403,33,68923.63,3,0.3246,49,paid_social,15,0,0
C005404,36,141447.57,4,0.346,104,email,0,0,0
C005405,49,62974.24,5,0.424,91,email,10,0,0
C005406,21,55357.49,8,0.387,24,paid_social,10,1,0
C005407,45,65175.94,5,0.1837,19,paid_social,10,1,0
C005408,72,54435.23,3,0.0806,110,email,0,1,0
C005409,32,74370.72,7,0.0991,18,email,15,1,0
C005410,68,99883.32,4,0.3119,66,email,10,0,0
C005411,49,106990.28,2,0.4583,24,email,15,1,0
C005412,44,62650.99,2,0.1037,8,sms,20,0,0
C005413,71,56093.77,4,0.0639,19,email,10,0,0
C005414,41,55380.04,1,0.5122,5,sms,10,1,0
C005415,63,58247.52,2,0.0834,88,email,5,0,0
C005416,65,70616.92,4,0.3148,90,paid_social,0,1,0
C005417,33,89697.45,3,0.2793,114,email,10,1,0
C005418,26,122647.28,6,0.1852,49,email,10,1,0
C005419,31,103681.84,4,0.2683,35,email,0,0,0
C005420,60,49502.39,5,0.1666,68,email,20,1,0
C005421,73,100308.68,2,0.1698,16,sms,0,1,0
C005422,50,135401.78,7,0.0439,9,email,20,0,0
C005423,32,48024.11,4,0.4401,113,email,5,0,0
C005424,50,46994.86,3,0.0662,16,email,0,1,0
C005425,24,72069.64,5,0.0805,97,email,10,0,0
C005426,57,70305.9,3,0.0925,55,email,15,1,0
C005427,51,41053.32,6,0.2347,116,email,10,0,0
C005428,71,42919.49,2,0.3604,17,sms,15,0,0
C005429,30,58336.85,5,0.0985,19,email,5,1,0
C005430,57,134916.99,3,0.3349,72,email,10,1,1
C005431,56,47827.27,2,0.1806,73,email,20,0,0
C005432,35,89915.42,2,0.1644,84,email,20,0,0
C005433,57,143840.28,6,0.2503,52,paid_social,15,0,0
C005434,25,67902.23,6,0.0996,22,sms,0,1,0
C005435,68,35728.36,4,0.3794,71,email,0,1,0
C005436,37,75125.7,4,0.4853,2,paid_social,20,1,0
C005437,52,36539.66,3,0.1304,63,email,0,1,0
C005438,48,121626.21,3,0.2706,15,email,15,1,0
C005439,45,131241.97,2,0.3704,86,direct_mail,10,0,0
C005440,39,44954.28,4,0.2234,56,email,10,1,0
C005441,71,47221.66,5,0.2909,50,email,15,0,0
C005442,55,61911.35,7,0.1537,63,direct_mail,10,1,0
C005443,30,46859.23,4,0.4179,94,email,10,0,0
C005444,61,123977.81,8,0.2177,114,email,15,1,0
C005445,71,51867.55,6,0.092,38,email,20,1,0
C005446,52,111477.25,5,0.0489,13,email,5,1,0
C005447,44,62428.78,1,0.6161,104,email,15,1,0
C005448,52,69508.29,2,0.3169,40,email,10,1,0
C005449,57,35574.97,8,0.5176,38,email,0,1,0
C005450,31,88137.38,1,0.3224,18,email,0,0,1
C005451,50,143805.74,2,0.2864,9,direct_mail,0,1,0
C005452,65,50937.66,2,0.1052,107,email,5,0,0
C005453,24,32206.93,2,0.2381,66,email,20,0,0
C005454,55,73677.56,8,0.198,97,direct_mail,5,1,0
C005455,37,32877.91,7,0.2108,50,email,0,0,0
C005456,45,34547.9,1,0.2738,45,email,15,0,0
C005457,60,36781.7,6,0.1552,55,sms,5,0,0
C005458,50,54690.07,1,0.3477,72,sms,15,1,0
C005459,65,37515.64,4,0.1982,119,email,15,1,0
C005460,50,63748.47,4,0.1023,14,paid_social,5,1,0
C005461,38,117733.43,2,0.1862,14,email,20,0,0
C005462,53,39847.01,3,0.2003,110,sms,5,1,0
C005463,56,26411.18,3,0.0368,4,email,10,1,0
C005464,43,50565.52,3,0.5368,13,email,0,0,0
C005465,61,106154.26,5,0.1381,93,paid_social,10,1,0
C005466,48,46195.93,2,0.1167,88,paid_social,10,1,0
C005467,58,58394.38,6,0.2218,75,email,15,1,0
C005468,37,44177.27,3,0.1766,97,email,0,0,0
C005469,31,19353.93,6,0.2087,83,email,10,0,0
C005470,53,98479.22,3,0.053,5,sms,0,1,0
C005471,73,83597.84,2,0.1355,17,paid_social,10,0,0
C005472,31,67172.69,4,0.5154,77,paid_social,20,0,0
C005473,57,58633.89,4,0.3482,106,paid_social,10,1,0
C005474,48,61888.62,8,0.4737,80,email,15,0,0
C005475,28,69785.81,5,0.2717,87,email,10,1,0
C005476,50,93783.59,7,0.247,108,direct_mail,5,1,0
C005477,27,23662.14,4,0.1152,7,sms,20,1,0
C005478,46,75272.82,4,0.114,73,paid_social,10,0,0
C005479,41,52536.47,6,0.5206,26,email,10,1,0
C005480,25,58504.26,5,0.2992,109,sms,5,0,0
C005481,52,60266.15,4,0.4826,64,paid_social,10,1,0
C005482,46,121133.24,3,0.0894,59,paid_social,15,0,0
C005483,72,45180.28,6,0.2692,93,email,15,1,0
C005484,33,100498.26,2,0.384,8,email,5,1,0
C005485,61,68878.75,6,0.4025,72,direct_mail,5,0,0
C005486,51,71395.09,3,0.1085,82,email,0,0,0
C005487,60,40760.85,4,0.1568,73,email,5,0,0
C005488,22,51855.31,6,0.2595,42,paid_social,10,0,0
C005489,54,55612.3,3,0.0942,9,email,10,0,0
C005490,68,41336.04,4,0.0853,4,sms,0,1,0
C005491,46,58032.69,5,0.2782,92,sms,10,0,0
C005492,48,90940.05,1,0.2264,72,email,20,1,0
C005493,57,181471.01,1,0.1359,35,sms,0,1,0
C005494,69,56353.59,5,0.3037,46,email,10,0,0
C005495,73,36699.79,2,0.2412,61,email,0,1,0
C005496,63,51008.62,4,0.1203,108,email,5,1,0
C005497,22,81708.73,5,0.3901,44,email,20,1,0
C005498,72,65611.13,2,0.099,38,email,0,0,0
C005499,56,153117.37,7,0.3683,36,email,5,1,0
C005500,62,48988.98,4,0.3078,100,direct_mail,0,0,0
C005501,40,38778.84,6,0.4956,92,email,5,0,0
C005502,43,78032.95,4,0.2019,114,paid_social,0,0,0
C005503,32,29848.74,3,0.7613,88,email,10,0,0
C005504,29,110680.0,2,0.5548,29,direct_mail,10,1,0
C005505,47,165478.65,4,0.0753,12,email,5,0,0
C005506,27,64933.01,4,0.2593,113,email,0,0,0
C005507,54,50739.79,6,0.0282,13,email,0,0,0
C005508,33,57299.65,6,0.3834,7,email,5,0,0
C005509,35,75773.52,3,0.3147,115,paid_social,20,0,0
C005510,70,68803.71,4,0.2516,30,sms,10,0,0
C005511,66,137469.95,6,0.4727,69,direct_mail,15,1,0
C005512,43,42106.14,6,0.1471,113,email,15,0,0
C005513,65,37877.36,9,0.4045,5,email,5,1,0
C005514,42,134545.0,5,0.2184,26,email,5,0,0
C005515,30,75238.04,2,0.115,63,paid_social,15,0,0
C005516,55,47712.23,5,0.1036,102,email,10,0,0
C005517,34,61846.65,2,0.366,97,email,0,1,0
C005518,72,137051.87,7,0.519,37,email,0,0,0
C005519,31,42568.53,1,0.1434,40,email,10,1,0
C005520,71,72300.31,6,0.152,99,email,5,0,0
C005521,66,61677.92,1,0.1558,109,email,10,1,0
C005522,28,59824.38,5,0.1103,103,email,5,1,0
C005523,67,81934.37,3,0.0129,28,sms,0,1,0
C005524,50,44258.75,5,0.3753,71,paid_social,0,1,0
C005525,47,61897.18,5,0.4426,75,email,5,0,0
C005526,31,146733.76,6,0.4061,1,paid_social,10,0,0
C005527,73,98515.06,11,0.2178,62,sms,0,0,0
C005528,30,46483.46,3,0.0837,4,sms,15,1,0
C005529,56,104098.26,6,0.1077,83,sms,15,0,0
C005530,48,58285.26,5,0.2716,103,direct_mail,0,1,1
C005531,31,56408.93,6,0.4373,31,paid_social,10,0,0
C005532,74,84782.92,3,0.5283,113,paid_social,10,0,0
C005533,46,43592.94,7,0.33,46,email,10,1,0
C005534,47,56658.27,2,0.221,105,paid_social,5,1,0
C005535,47,62085.66,3,0.2188,114,paid_social,0,0,0
C005536,58,60989.86,4,0.1294,117,paid_social,0,0,0
C005537,31,69743.62,5,0.1748,93,email,10,0,0
C005538,23,56565.28,4,0.0548,8,paid_social,5,0,0
C005539,31,65505.98,8,0.2503,59,email,10,0,0
C005540,64,89232.1,3,0.5537,104,email,15,0,0
C005541,40,74550.91,3,0.6908,102,paid_social,5,1,0
C005542,62,49292.23,3,0.1965,103,sms,0,0,1
C005543,44,51112.53,4,0.4847,58,email,10,1,0
C005544,61,73836.21,4,0.2193,104,email,10,0,0
C005545,30,29136.85,4,0.268,19,email,10,1,0
C005546,21,86512.85,7,0.2228,105,email,0,0,0
C005547,68,114796.72,3,0.1945,85,sms,10,0,1
C005548,37,63413.77,3,0.4054,8,paid_social,10,1,0
C005549,44,41622.74,10,0.2091,108,email,10,0,0
C005550,33,36858.12,5,0.473,69,email,10,0,0
C005551,58,49731.84,2,0.3509,106,paid_social,20,0,0
C005552,59,55518.46,4,0.134,17,paid_social,5,1,0
C005553,58,71367.92,6,0.5583,37,direct_mail,10,1,1
C005554,44,122110.72,6,0.4261,66,email,20,1,0
C005555,44,125514.68,2,0.4291,19,paid_social,0,1,0
C005556,29,68090.65,6,0.0704,23,paid_social,0,1,0
C005557,62,28494.34,5,0.5933,79,email,5,1,0
C005558,57,74755.14,5,0.1878,24,email,5,0,0
C005559,66,73735.68,4,0.3545,112,email,0,1,0
C005560,63,145036.3,7,0.3502,24,direct_mail,5,0,0
C005561,45,91480.26,3,0.5956,84,email,15,1,0
C005562,52,60157.15,3,0.629,95,paid_social,5,0,0
C005563,64,145357.31,3,0.2341,30,sms,20,1,0
C005564,47,36026.06,5,0.0729,27,sms,15,1,0
C005565,49,37852.26,5,0.1191,81,paid_social,5,0,0
C005566,22,91143.61,5,0.298,68,email,15,1,0
C005567,74,36441.86,2,0.3373,46,email,0,1,0
C005568,39,107227.53,9,0.3004,105,email,5,1,0
C005569,55,73241.67,5,0.1968,44,paid_social,20,1,0
C005570,71,59368.45,6,0.2724,81,paid_social,15,0,0
C005571,47,190363.33,2,0.2815,61,email,10,1,0
C005572,62,93060.38,5,0.1006,82,email,0,0,0
C005573,24,117454.41,7,0.18,112,email,15,0,0
C005574,45,68366.08,5,0.467,99,sms,10,0,0
C005575,70,98226.43,5,0.2987,9,paid_social,10,0,0
C005576,43,68101.52,1,0.0828,21,email,10,1,0
C005577,43,32006.16,3,0.1212,29,email,20,0,0
C005578,68,98801.62,4,0.2333,41,direct_mail,15,1,0
C005579,61,58514.26,4,0.0537,44,sms,15,0,0
C005580,48,32246.46,5,0.2081,35,email,15,0,0
C005581,63,39800.72,4,0.3809,50,email,20,1,0
C005582,68,104125.92,4,0.306,112,email,10,0,0
C005583,64,122557.29,9,0.4038,9,paid_social,5,0,0
C005584,48,65525.54,6,0.2555,80,email,5,0,1
C005585,48,39531.69,6,0.5295,108,email,10,0,0
C005586,60,51867.21,2,0.1333,71,paid_social,10,0,0
C005587,69,115008.41,7,0.1755,9,sms,5,1,0
C005588,70,53274.94,2,0.3157,105,email,15,1,0
C005589,63,28792.95,6,0.5089,105,paid_social,10,0,0
C005590,54,53334.37,3,0.3789,94,email,10,0,0
C005591,53,77831.74,0,0.21,17,email,15,1,0
C005592,64,26442.41,2,0.1186,8,email,0,0,0
C005593,31,49390.43,3,0.5541,17,sms,10,1,0
C005594,49,103409.19,4,0.1673,58,sms,20,1,0
C005595,29,118814.43,5,0.4588,108,email,15,0,0
C005596,61,80808.03,5,0.296,10,sms,10,0,0
C005597,52,38931.4,1,0.3311,98,email,5,0,0
C005598,56,61346.66,10,0.4652,28,paid_social,0,1,0
C005599,36,121007.71,4,0.3441,75,email,0,1,0
C005600,43,107521.27,4,0.1035,31,paid_social,0,0,0
C005601,33,43459.71,4,0.2187,26,email,15,1,0
C005602,30,46079.81,4,0.1572,52,paid_social,10,0,0
C005603,69,85025.58,10,0.3556,51,email,20,1,0
C005604,33,30612.04,2,0.09,44,email,15,0,0
C005605,74,81463.35,3,0.3783,94,email,5,0,0
C005606,65,55159.36,4,0.4129,63,email,0,0,0
C005607,34,37304.37,3,0.3873,90,email,5,0,0
C005608,39,158244.2,6,0.3484,78,email,10,0,0
C005609,35,103291.05,3,0.2992,88,paid_social,10,0,0
C005610,29,65336.16,3,0.0674,87,email,0,0,0
C005611,47,95006.41,3,0.3537,29,email,5,1,0
C005612,38,42338.03,6,0.4598,66,sms,15,1,1
C005613,70,60882.17,8,0.1143,58,email,0,0,0
C005614,36,40086.64,6,0.0447,62,email,10,0,0
C005615,70,122095.27,4,0.5291,15,email,10,1,0
C005616,26,43406.34,5,0.308,19,email,10,1,0
C005617,31,95988.4,4,0.281,47,paid_social,10,0,0
C005618,44,91689.67,5,0.2815,24,email,5,1,0
C005619,21,63855.27,5,0.4805,14,email,5,0,0
C005620,26,32361.97,1,0.3631,111,email,15,0,0
C005621,51,142207.3,5,0.2086,81,sms,10,0,0
C005622,29,36526.09,4,0.682,63,email,10,1,0
C005623,65,97747.4,2,0.421,35,email,15,1,0
C005624,30,103113.78,8,0.4338,87,email,15,0,0
C005625,31,156426.7,4,0.2285,80,email,20,1,0
C005626,37,21808.19,4,0.2001,20,email,10,0,0
C005627,68,65641.68,3,0.2465,2,email,0,0,0
C005628,35,49323.2,7,0.142,30,email,0,0,0
C005629,41,82443.33,5,0.3331,8,paid_social,10,0,0
C005630,47,92339.36,3,0.5996,15,paid_social,10,0,0
C005631,26,84441.97,5,0.1985,110,email,5,1,0
C005632,28,116542.57,5,0.5005,31,email,5,1,0
C005633,25,91877.08,5,0.2546,115,email,0,1,0
C005634,65,30150.24,5,0.2667,110,email,5,1,0
C005635,38,85418.93,3,0.0767,17,email,0,0,0
C005636,42,72650.69,8,0.5591,33,email,20,0,0
C005637,70,48825.06,5,0.6406,46,email,15,0,0
C005638,37,94899.72,4,0.3938,70,paid_social,15,0,0
C005639,67,40257.84,3,0.3005,20,email,0,1,0
C005640,29,55797.41,5,0.4031,80,sms,10,1,1
C005641,58,61200.85,5,0.2331,25,email,20,0,0
C005642,30,49565.22,4,0.1547,18,paid_social,0,0,0
C005643,30,74259.43,4,0.1455,94,email,5,1,0
C005644,48,71266.12,4,0.0498,69,sms,10,0,0
C005645,44,65238.63,9,0.2079,66,email,5,0,0
C005646,44,74788.69,5,0.1423,87,email,0,0,0
C005647,46,92777.27,1,0.4882,79,direct_mail,15,1,0
C005648,27,31876.42,6,0.4907,77,sms,15,1,0
C005649,55,104657.48,2,0.4959,80,paid_social,15,0,0
C005650,62,59510.39,4,0.2077,74,paid_social,0,1,0
C005651,35,107301.36,6,0.3379,4,direct_mail,5,1,0
C005652,40,82036.36,6,0.3688,106,email,20,1,0
C005653,22,66649.28,7,0.741,2,sms,15,0,0
C005654,68,145348.6,8,0.1924,11,email,5,0,0
C005655,45,56494.5,7,0.2396,46,email,5,1,0
C005656,63,120198.53,2,0.2844,105,email,5,0,0
C005657,24,168466.96,6,0.3005,48,direct_mail,10,0,0
C005658,41,101704.0,5,0.093,2,paid_social,10,0,0
C005659,62,75368.72,1,0.2866,26,email,15,1,0
C005660,39,35970.99,6,0.3481,86,email,0,0,0
C005661,72,47750.68,6,0.1004,29,email,20,1,0
C005662,67,70310.07,3,0.4324,56,email,20,0,0
C005663,34,96253.97,4,0.4007,47,email,20,0,0
C005664,25,56928.32,5,0.1551,31,email,5,0,0
C005665,67,97208.74,2,0.7778,17,email,10,1,0
C005666,58,103370.31,4,0.4104,23,email,0,0,0
C005667,39,38072.9,3,0.4521,20,email,10,0,0
C005668,32,62158.44,8,0.2294,50,email,0,1,0
C005669,42,60930.23,1,0.2924,21,email,5,1,0
C005670,70,49022.28,4,0.2438,49,sms,0,0,0
C005671,62,112731.36,4,0.1446,99,email,5,1,0
C005672,29,48433.71,9,0.0355,115,direct_mail,0,1,0
C005673,40,44677.24,6,0.4536,17,sms,5,1,0
C005674,29,87364.06,5,0.4056,15,sms,0,1,0
C005675,57,152057.68,8,0.4438,118,email,5,0,0
C005676,51,79542.53,4,0.1512,66,direct_mail,0,0,0
C005677,63,111006.75,9,0.5973,111,email,20,0,0
C005678,44,50848.0,3,0.2557,23,email,10,0,0
C005679,30,76902.57,5,0.2759,18,email,0,1,0
C005680,38,110258.58,3,0.3925,71,email,20,1,0
C005681,23,70376.84,2,0.4082,85,paid_social,0,1,0
C005682,23,125623.56,8,0.3912,117,email,10,1,0
C005683,68,65026.38,3,0.1896,96,paid_social,5,1,0
C005684,68,66742.98,6,0.6403,4,direct_mail,0,0,0
C005685,74,76764.52,6,0.1958,47,sms,0,0,0
C005686,39,67582.3,5,0.2702,103,paid_social,15,1,0
C005687,62,56100.53,3,0.2303,3,email,0,1,0
C005688,21,34429.1,6,0.6054,100,paid_social,10,1,1
C005689,50,35461.52,5,0.2349,12,email,15,0,0
C005690,28,78810.15,3,0.4817,115,sms,15,0,0
C005691,74,106800.45,7,0.7528,39,sms,10,0,0
C005692,43,144264.35,4,0.065,115,email,10,0,0
C005693,34,42241.2,2,0.1217,17,sms,15,0,0
C005694,53,57313.95,4,0.0598,94,sms,10,1,0
C005695,68,68214.71,1,0.1846,112,email,10,1,0
C005696,31,102767.96,4,0.207,45,email,10,0,0
C005697,64,96214.86,5,0.6295,2,direct_mail,0,0,0
C005698,44,81925.68,6,0.331,10,paid_social,0,1,0
C005699,26,62413.26,4,0.4397,116,email,15,1,0
C005700,37,37042.77,2,0.1776,104,email,10,1,0
C005701,55,43156.83,5,0.5024,20,email,0,1,0
C005702,52,97354.36,1,0.0118,21,email,15,0,0
C005703,53,39158.31,5,0.2815,92,email,15,0,0
C005704,29,93606.11,5,0.1362,63,direct_mail,5,0,0
C005705,60,25064.3,5,0.5363,67,paid_social,10,0,0
C005706,69,32166.63,5,0.4932,39,email,10,1,0
C005707,45,87972.91,7,0.4397,66,paid_social,20,1,0
C005708,49,103557.73,5,0.2526,63,email,5,0,0
C005709,65,38904.88,2,0.2728,107,email,10,0,0
C005710,25,41784.07,5,0.3242,60,email,15,1,0
C005711,40,83599.63,7,0.1171,5,direct_mail,15,1,0
C005712,38,32545.77,4,0.3688,31,paid_social,10,0,0
C005713,59,42081.3,2,0.1719,108,direct_mail,10,1,0
C005714,26,94959.55,3,0.4984,69,paid_social,10,0,0
C005715,39,57621.1,7,0.3891,80,email,20,0,0
C005716,56,75536.7,3,0.5006,20,direct_mail,5,1,0
C005717,24,44986.11,6,0.1838,26,sms,20,1,0
C005718,46,46552.46,3,0.2996,90,paid_social,20,1,0
C005719,66,153747.85,4,0.7522,4,paid_social,0,1,0
C005720,43,70758.34,7,0.1991,74,paid_social,20,0,0
C005721,43,74249.84,7,0.2749,78,paid_social,10,1,0
C005722,24,29911.77,7,0.5142,118,email,20,1,0
C005723,74,49146.45,5,0.4754,54,paid_social,0,1,0
C005724,47,42924.65,6,0.2798,88,direct_mail,20,1,0
C005725,44,42378.92,4,0.4999,56,paid_social,10,0,0
C005726,64,33073.08,1,0.4607,53,paid_social,0,1,0
C005727,38,41839.37,6,0.0981,89,sms,10,0,0
C005728,63,59878.02,6,0.0536,48,paid_social,5,0,0
C005729,52,47549.29,4,0.4227,58,paid_social,20,1,0
C005730,61,47479.93,5,0.0532,83,sms,10,1,0
C005731,30,49818.61,4,0.2727,100,email,10,0,0
C005732,53,57192.76,4,0.0035,67,sms,0,0,0
C005733,38,44291.73,3,0.1828,78,email,10,0,0
C005734,45,72599.23,6,0.4003,98,email,0,0,0
C005735,45,138860.56,5,0.0611,100,paid_social,0,1,0
C005736,21,44302.61,6,0.1255,89,paid_social,15,1,0
C005737,44,96169.46,4,0.1731,44,email,5,1,0
C005738,21,69453.17,7,0.2914,107,paid_social,0,0,0
C005739,64,54134.44,3,0.0557,109,sms,20,0,0
C005740,27,47018.46,5,0.329,41,paid_social,10,0,0
C005741,52,61164.74,6,0.1378,5,email,15,0,0
C005742,32,113850.38,4,0.1962,38,email,5,1,0
C005743,52,67161.73,7,0.1607,61,email,5,1,1
C005744,62,52425.02,6,0.1721,40,paid_social,10,1,0
C005745,46,107845.69,4,0.1508,17,direct_mail,5,0,0
C005746,69,62750.73,3,0.1078,62,email,5,0,0
C005747,32,57027.86,6,0.2585,6,email,0,1,0
C005748,56,47609.21,7,0.2578,101,email,15,1,0
C005749,24,35325.98,7,0.4874,21,email,0,0,0
C005750,58,74285.42,5,0.4874,44,email,0,1,0
C005751,33,44207.31,4,0.4218,53,paid_social,0,0,0
C005752,65,47538.22,8,0.0539,9,email,10,0,0
C005753,37,51156.77,5,0.1694,14,paid_social,5,0,0
C005754,36,31477.66,8,0.415,101,email,10,0,0
C005755,59,76552.92,3,0.6664,56,email,15,0,0
C005756,50,80813.55,7,0.2574,55,email,5,0,0
C005757,31,86052.33,2,0.6076,25,paid_social,10,1,0
C005758,22,61683.88,5,0.297,61,paid_social,15,0,0
C005759,73,92935.73,7,0.1693,1,email,10,0,0
C005760,49,104514.75,3,0.1208,44,paid_social,5,1,0
C005761,71,30234.14,10,0.0475,88,email,15,1,1
C005762,42,63765.64,5,0.3093,53,email,0,1,1
C005763,29,35612.84,5,0.128,42,email,0,0,0
C005764,58,122207.02,3,0.5748,38,email,0,1,0
C005765,72,87643.5,4,0.304,64,paid_social,5,0,0
C005766,65,96614.42,7,0.1448,65,email,10,1,0
C005767,50,88240.58,6,0.1341,97,email,5,1,0
C005768,66,220000.0,3,0.2701,17,email,5,0,0
C005769,30,105813.27,3,0.1836,60,email,15,0,0
C005770,21,63986.19,4,0.122,49,email,10,0,0
C005771,52,25467.4,2,0.1275,77,email,10,0,0
C005772,22,201018.4,3,0.3719,52,email,15,0,0
C005773,27,58949.09,6,0.1981,54,email,10,1,0
C005774,66,62534.66,6,0.5175,79,paid_social,15,0,0
C005775,73,102785.77,3,0.1688,84,email,0,0,0
C005776,49,119563.37,3,0.2173,48,direct_mail,5,1,1
C005777,66,33126.86,3,0.1535,55,sms,20,1,0
C005778,62,68449.25,3,0.179,10,sms,0,0,0
C005779,48,44786.43,3,0.2646,13,email,15,0,0
C005780,32,34508.6,6,0.4561,5,sms,10,0,0
C005781,33,112444.06,4,0.3092,119,direct_mail,20,0,0
C005782,24,41737.15,5,0.0484,56,sms,15,0,0
C005783,41,57551.37,1,0.5987,27,direct_mail,5,0,0
C005784,50,46638.98,6,0.2158,93,email,0,1,0
C005785,33,54038.82,6,0.0185,56,email,10,1,0
C005786,40,76888.92,3,0.2446,68,email,10,0,0
C005787,22,83541.79,6,0.6394,82,email,10,1,0
C005788,21,58774.17,3,0.1284,63,sms,20,1,0
C005789,28,88970.49,2,0.013,65,paid_social,10,0,0
C005790,22,127450.48,3,0.286,100,paid_social,10,0,0
C005791,58,37925.73,2,0.0603,99,email,10,1,0
C005792,45,33096.44,9,0.1478,110,email,0,1,0
C005793,59,74467.12,3,0.2648,86,email,5,1,0
C005794,26,30875.35,7,0.0647,95,paid_social,10,0,0
C005795,57,75146.14,7,0.0914,81,direct_mail,0,0,0
C005796,67,119036.92,3,0.648,35,email,15,1,0
C005797,43,30941.3,10,0.1329,10,paid_social,15,1,0
C005798,53,46241.87,7,0.3531,97,paid_social,5,1,1
C005799,42,34601.27,2,0.7197,30,sms,10,1,0
C005800,58,44181.83,3,0.2881,113,direct_mail,10,0,0
C005801,52,39493.46,2,0.1968,2,sms,15,0,0
C005802,51,116770.21,4,0.1002,91,paid_social,0,1,0
C005803,66,38940.0,5,0.6056,110,email,20,0,0
C005804,51,54675.31,5,0.371,92,direct_mail,15,1,0
C005805,67,52404.9,8,0.074,4,email,10,0,0
C005806,25,57029.37,4,0.4628,73,email,15,1,0
C005807,69,84678.42,2,0.2766,30,email,0,1,0
C005808,49,199779.31,1,0.1862,48,email,20,0,0
C005809,26,58385.54,6,0.0288,26,email,10,0,0
C005810,69,57985.34,4,0.0428,37,sms,5,0,0
C005811,54,104606.08,2,0.3824,112,paid_social,10,1,0
C005812,32,63808.25,6,0.1981,50,email,10,0,0
C005813,29,91558.79,3,0.173,111,sms,10,0,0
C005814,54,92067.51,3,0.1938,95,sms,15,1,0
C005815,73,52919.74,5,0.2189,94,paid_social,20,0,0
C005816,70,62312.0,2,0.3207,83,sms,15,0,0
C005817,66,74127.21,3,0.2563,95,sms,15,0,0
C005818,71,37643.53,4,0.3906,84,email,0,1,0
C005819,25,30547.31,3,0.2667,53,email,0,0,0
C005820,69,87523.63,2,0.14,33,direct_mail,15,1,0
C005821,63,43827.35,0,0.0734,87,email,20,1,0
C005822,32,51783.25,6,0.2951,107,email,20,0,1
C005823,37,56101.54,7,0.0938,66,email,15,1,0
C005824,45,102673.88,6,0.1524,37,paid_social,5,0,0
C005825,47,114401.23,5,0.2181,99,paid_social,0,1,0
C005826,39,65681.19,7,0.1043,48,sms,10,0,0
C005827,43,55656.18,6,0.1938,57,sms,10,0,0
C005828,44,116795.58,6,0.0796,97,email,0,0,0
C005829,57,43723.14,1,0.1612,18,email,15,0,0
C005830,61,77123.98,0,0.2388,79,email,0,1,0
C005831,71,63843.05,4,0.2778,119,sms,0,0,0
C005832,21,34815.12,6,0.3098,82,sms,5,0,0
C005833,55,19176.81,6,0.1114,18,email,20,1,0
C005834,22,59395.53,5,0.4365,52,sms,0,1,0
C005835,47,70256.31,5,0.2246,100,sms,5,1,0
C005836,31,67525.72,5,0.1646,115,sms,5,0,0
C005837,28,65707.05,6,0.0291,36,paid_social,5,0,0
C005838,34,52209.66,2,0.3553,63,email,10,1,0
C005839,44,35069.91,7,0.4705,11,email,15,0,0
C005840,21,113943.76,4,0.2499,49,email,0,1,0
C005841,47,102356.74,2,0.3608,7,email,20,0,0
C005842,73,44242.9,2,0.0503,69,email,10,0,0
C005843,24,55633.69,6,0.5468,80,sms,0,0,0
C005844,39,75557.26,3,0.1862,24,direct_mail,0,1,0
C005845,25,83726.43,5,0.2115,58,sms,0,0,0
C005846,39,38767.84,7,0.1638,51,direct_mail,0,1,0
C005847,39,22341.72,3,0.2185,110,sms,10,0,0
C005848,59,112158.55,5,0.2415,14,direct_mail,0,1,0
C005849,26,39131.33,2,0.3806,105,paid_social,20,1,0
C005850,55,82972.4,3,0.11,110,direct_mail,5,1,0
C005851,66,72260.52,7,0.1659,49,direct_mail,5,0,0
C005852,40,24343.46,3,0.0751,87,paid_social,0,1,0
C005853,53,86976.49,7,0.0329,46,email,20,1,0
C005854,41,61811.15,3,0.5108,104,email,5,1,0
C005855,28,100529.96,5,0.6829,38,email,20,0,0
C005856,71,28958.7,4,0.2759,3,sms,20,1,0
C005857,35,41137.84,5,0.1822,6,paid_social,20,0,0
C005858,73,77862.58,5,0.2371,46,email,10,1,0
C005859,49,60911.1,7,0.3478,94,email,10,1,0
C005860,61,103486.17,4,0.062,56,email,5,1,0
C005861,63,64942.99,6,0.4783,40,email,10,0,0
C005862,32,37614.93,3,0.2016,43,email,10,0,0
C005863,59,77355.16,4,0.2002,66,sms,15,1,1
C005864,64,98049.1,5,0.1839,46,email,15,0,0
C005865,61,44709.8,7,0.0433,84,email,15,0,0
C005866,28,39971.79,3,0.3783,27,paid_social,5,0,0
C005867,44,44943.11,5,0.6071,63,direct_mail,5,0,0
C005868,70,47331.39,6,0.1259,21,email,0,1,0
C005869,60,57376.81,2,0.2199,15,sms,15,0,0
C005870,36,44725.1,6,0.4149,103,email,10,0,0
C005871,44,68002.2,6,0.4489,94,paid_social,5,0,0
C005872,31,117199.58,2,0.4878,56,paid_social,15,1,0
C005873,36,126243.08,2,0.2612,32,email,10,0,0
C005874,63,44268.71,5,0.2959,68,paid_social,10,1,0
C005875,44,86324.0,9,0.3425,69,email,0,1,0
C005876,23,90981.86,3,0.0761,67,sms,0,1,0
C005877,26,101105.2,0,0.1916,94,email,10,1,0
C005878,55,82989.12,1,0.1966,1,direct_mail,10,0,0
C005879,26,114266.13,5,0.1139,11,paid_social,10,1,0
C005880,43,46276.76,4,0.0612,59,direct_mail,15,1,0
C005881,68,80108.49,2,0.2487,27,sms,15,0,0
C005882,73,57485.52,3,0.1316,113,paid_social,10,1,0
C005883,67,45870.52,1,0.3467,114,email,10,1,0
C005884,36,26347.54,6,0.1112,18,paid_social,10,1,0
C005885,48,89512.17,3,0.0465,76,email,5,0,0
C005886,38,41884.92,5,0.0715,111,email,5,0,0
C005887,23,51652.31,3,0.2698,44,paid_social,10,0,0
C005888,48,40908.79,1,0.1139,47,email,15,1,0
C005889,73,80426.19,5,0.3639,60,paid_social,5,0,0
C005890,31,57454.25,7,0.3588,75,email,15,0,0
C005891,30,76109.67,2,0.2619,98,email,5,1,0
C005892,61,109096.34,3,0.1318,92,email,15,0,0
C005893,74,110724.83,2,0.1216,89,email,0,0,0
C005894,33,42162.57,3,0.2179,35,email,20,1,0
C005895,74,83016.75,1,0.0848,70,paid_social,15,0,0
C005896,50,82411.2,4,0.3986,57,email,15,0,0
C005897,33,36939.41,8,0.6237,24,email,15,1,0
C005898,31,119856.28,4,0.2036,11,direct_mail,5,0,0
C005899,28,81058.89,5,0.1513,14,sms,10,1,0
C005900,53,44429.83,7,0.368,74,email,20,1,0
C005901,25,66832.74,6,0.4743,105,direct_mail,5,1,0
C005902,53,44341.22,3,0.663,80,direct_mail,10,1,0
C005903,39,81871.42,2,0.4913,84,email,5,0,0
C005904,43,55214.21,7,0.1305,38,direct_mail,15,1,0
C005905,57,72408.0,4,0.0945,87,paid_social,10,1,0
C005906,56,49121.99,8,0.1406,59,email,15,0,0
C005907,66,86857.36,3,0.1198,26,sms,10,1,0
C005908,61,105052.84,2,0.0396,21,email,5,1,0
C005909,30,58319.47,1,0.335,28,email,10,0,0
C005910,52,86331.24,1,0.1311,37,email,5,1,0
C005911,22,41978.67,6,0.1159,9,paid_social,10,1,0
C005912,65,63492.46,5,0.0601,23,email,10,0,0
C005913,71,39776.98,4,0.2392,119,paid_social,0,1,0
C005914,44,50349.51,6,0.3181,31,email,15,1,1
C005915,43,121235.73,5,0.5475,10,email,15,0,0
C005916,37,29072.14,2,0.2016,5,direct_mail,5,0,0
C005917,33,66692.63,6,0.1281,101,direct_mail,15,1,0
C005918,48,27395.81,0,0.223,77,email,0,1,0
C005919,56,132155.8,4,0.3063,42,sms,5,0,0
C005920,50,106787.7,3,0.3062,59,email,5,0,0
C005921,73,61081.44,6,0.3625,32,sms,10,1,1
C005922,73,107231.83,8,0.3053,94,email,20,1,0
C005923,57,23767.74,2,0.2278,66,paid_social,5,0,0
C005924,24,59712.84,4,0.3418,67,email,15,1,0
C005925,74,82522.77,3,0.4377,13,direct_mail,10,1,0
C005926,45,57996.27,10,0.0795,38,email,10,0,0
C005927,21,25515.14,7,0.1876,77,sms,15,1,0
C005928,57,74818.7,9,0.2611,52,paid_social,0,0,0
C005929,53,156423.07,6,0.4334,106,paid_social,0,0,0
C005930,29,30544.09,4,0.5271,15,email,10,0,0
C005931,61,78176.57,3,0.2491,104,paid_social,0,0,0
C005932,55,76384.09,10,0.0552,77,email,20,0,0
C005933,42,130213.22,8,0.0913,83,direct_mail,15,0,0
C005934,74,53241.38,3,0.1819,22,paid_social,15,1,0
C005935,38,71762.7,7,0.1021,69,email,10,1,0
C005936,32,18000.0,3,0.2196,95,email,10,0,0
C005937,24,118856.32,6,0.3054,68,direct_mail,5,1,0
C005938,32,35170.46,6,0.1523,89,email,5,1,0
C005939,51,111669.77,4,0.0989,59,direct_mail,5,1,0
C005940,57,68300.84,3,0.6066,33,email,20,1,0
C005941,70,44536.51,5,0.3811,31,sms,20,0,0
C005942,29,99711.98,5,0.2715,31,email,0,1,0
C005943,71,59435.47,3,0.3228,34,email,10,1,0
C005944,31,96619.86,6,0.7782,88,paid_social,5,0,0
C005945,27,33381.83,4,0.0714,78,paid_social,15,1,0
C005946,57,72156.3,6,0.0601,59,paid_social,15,0,0
C005947,62,97709.2,4,0.0341,81,paid_social,5,1,0
C005948,31,156187.23,5,0.5151,108,email,15,0,0
C005949,37,133670.44,6,0.2427,93,direct_mail,20,1,0
C005950,69,99968.8,4,0.3468,79,email,15,0,0
C005951,56,82668.35,4,0.5525,93,email,15,0,1
C005952,51,70827.07,9,0.1404,62,email,10,1,1
C005953,63,43318.28,3,0.2183,59,email,0,0,0
C005954,37,74733.38,2,0.4425,14,email,5,0,0
C005955,51,63031.76,4,0.0411,11,paid_social,15,1,0
C005956,43,71969.52,1,0.2438,79,direct_mail,0,0,0
C005957,70,76712.24,3,0.2738,63,direct_mail,5,1,0
C005958,40,95403.11,4,0.3987,67,email,20,0,0
C005959,61,109770.21,3,0.081,119,email,10,1,0
C005960,33,61173.33,6,0.161,68,sms,15,1,0
C005961,72,33391.59,5,0.0369,47,sms,15,0,0
C005962,72,106233.77,4,0.0479,105,direct_mail,10,0,0
C005963,67,56969.25,8,0.099,12,sms,15,1,0
C005964,66,48673.39,3,0.2718,57,email,5,1,0
C005965,38,57946.44,3,0.1877,49,email,15,0,0
C005966,24,37648.71,5,0.0831,41,email,10,0,0
C005967,46,87252.88,5,0.2696,62,email,5,0,0
C005968,73,53885.63,6,0.4806,21,paid_social,15,0,0
C005969,71,86019.79,1,0.2334,52,paid_social,5,0,0
C005970,33,37252.56,4,0.3884,56,email,15,0,0
C005971,45,41505.18,3,0.1252,109,paid_social,15,0,0
C005972,57,65809.57,5,0.2675,94,direct_mail,15,1,1
C005973,68,95076.33,4,0.3586,103,email,15,1,0
C005974,36,150376.24,3,0.5923,98,sms,10,1,0
C005975,64,52759.02,3,0.4118,39,email,10,1,0
C005976,31,98410.84,1,0.0412,56,email,10,0,0
C005977,33,68675.47,3,0.2434,40,email,10,0,0
C005978,71,70377.13,5,0.4215,87,email,10,1,0
C005979,48,95466.75,4,0.1634,64,email,10,1,1
C005980,46,57334.43,6,0.0614,76,email,10,0,0
C005981,33,54271.54,4,0.4153,5,email,10,0,0
C005982,51,63463.54,3,0.2329,4,email,5,0,0
C005983,42,46336.05,1,0.6097,48,sms,0,0,0
C005984,41,218623.31,3,0.1575,29,email,5,0,0
C005985,24,26981.68,0,0.0782,52,email,0,1,0
C005986,73,107249.01,1,0.2519,83,email,10,0,0
C005987,69,33378.93,4,0.3584,45,paid_social,0,1,0
C005988,42,140164.88,4,0.228,60,email,10,1,1
C005989,51,33845.03,3,0.4065,79,email,5,0,0
C005990,47,154904.76,5,0.2673,99,email,10,0,0
C005991,29,134832.25,2,0.312,78,paid_social,0,0,0
C005992,30,50897.6,8,0.3679,18,sms,10,1,0
C005993,35,66018.02,5,0.4761,64,email,5,1,0
C005994,33,112456.09,2,0.2729,99,email,5,0,0
C005995,62,105543.54,4,0.0136,28,email,10,0,0
C005996,48,74597.26,4,0.3158,45,paid_social,0,0,0
C005997,46,49340.31,8,0.2253,1,email,5,0,0
C005998,57,91992.67,4,0.2649,51,email,0,1,0
C005999,34,59846.05,5,0.2564,14,email,0,0,0
C006000,72,101691.89,3,0.4354,66,email,5,1,0
C006001,33,61355.78,5,0.543,57,email,0,0,0
C006002,33,52280.77,3,0.1601,74,email,15,1,0
C006003,55,64838.43,5,0.3907,48,email,10,0,0
C006004,34,27012.39,4,0.5195,71,email,10,1,0
C006005,30,61674.84,4,0.2709,78,email,15,1,0
C006006,26,74658.35,4,0.3167,110,email,0,1,0
C006007,48,56945.11,2,0.2777,25,sms,10,0,0
C006008,48,103445.35,6,0.02,55,sms,10,1,0
C006009,51,42466.16,4,0.3375,29,paid_social,15,1,0
C006010,37,38337.07,0,0.0624,110,sms,15,0,0
C006011,73,89067.1,2,0.622,38,email,0,1,0
C006012,72,119931.58,7,0.0329,52,email,15,0,0
C006013,38,33444.9,6,0.3962,102,sms,5,1,0
C006014,56,81488.25,4,0.1145,30,paid_social,5,0,0
C006015,53,80144.36,8,0.1023,86,direct_mail,5,1,0
C006016,28,34019.34,6,0.1485,25,email,20,1,0
C006017,56,103009.98,2,0.1838,115,sms,10,0,0
C006018,31,44397.96,5,0.1351,112,email,15,0,0
C006019,52,147776.95,7,0.4511,111,sms,15,0,0
C006020,44,38693.47,4,0.1178,43,email,0,0,0
C006021,55,60075.2,4,0.1664,43,email,10,1,0
C006022,63,41435.95,3,0.4499,18,paid_social,10,0,0
C006023,71,53112.62,4,0.1678,72,email,10,1,0
C006024,46,47893.94,6,0.2618,46,email,0,0,0
C006025,59,32567.87,5,0.5086,113,email,10,1,0
C006026,42,76062.29,5,0.1418,114,sms,10,0,0
C006027,43,87182.59,6,0.3267,69,email,0,1,0
C006028,52,79222.45,5,0.4213,109,sms,5,1,0
C006029,70,22967.79,7,0.2324,113,sms,15,0,0
C006030,39,42630.13,9,0.535,31,sms,0,0,1
C006031,45,68205.81,7,0.4851,81,paid_social,5,1,0
C006032,29,130163.27,4,0.3901,95,paid_social,10,1,0
C006033,58,31204.12,3,0.076,33,email,5,1,0
C006034,55,198349.01,4,0.1668,11,email,10,0,0
C006035,57,34654.65,7,0.6849,5,paid_social,15,0,0
C006036,41,48355.78,3,0.381,60,email,0,0,0
C006037,32,84961.98,0,0.447,76,paid_social,10,1,0
C006038,71,85983.22,5,0.3338,63,email,0,1,0
C006039,45,34229.68,7,0.2545,108,direct_mail,15,0,0
C006040,31,77838.3,8,0.7055,40,paid_social,5,0,0
C006041,44,75953.56,7,0.2976,57,email,0,1,0
C006042,64,98104.17,0,0.2369,91,paid_social,10,0,0
C006043,60,50102.24,4,0.3055,32,email,5,0,0
C006044,39,64502.26,6,0.3821,88,paid_social,0,1,1
C006045,35,52121.69,3,0.4935,10,sms,5,1,0
C006046,26,140951.84,6,0.3105,18,email,20,0,0
C006047,52,81671.48,4,0.4518,102,email,0,1,0
C006048,62,31339.3,5,0.451,116,email,10,1,0
C006049,24,122974.09,4,0.3221,105,email,0,0,0
C006050,60,69426.9,7,0.1955,95,sms,15,1,0
C006051,53,67112.11,1,0.2238,111,sms,20,1,0
C006052,21,116756.5,7,0.094,64,email,0,1,0
C006053,22,73969.98,4,0.0491,23,sms,5,0,0
C006054,50,103788.32,3,0.2028,59,email,5,0,0
C006055,28,61680.07,6,0.3398,6,paid_social,0,0,0
C006056,56,72484.73,2,0.5405,75,email,5,1,0
C006057,47,96689.71,5,0.1468,69,email,5,1,0
C006058,43,36374.16,7,0.1198,41,email,15,0,0
C006059,52,84337.81,2,0.2119,45,email,5,0,0
C006060,61,45420.99,7,0.3841,67,email,0,1,0
C006061,37,21424.12,6,0.2117,41,email,10,0,0
C006062,45,126297.13,7,0.4244,111,email,10,0,0
C006063,40,181886.87,2,0.0637,72,email,5,1,0
C006064,63,102285.9,4,0.5874,91,direct_mail,15,0,0
C006065,39,43478.4,3,0.2848,68,email,5,0,0
C006066,51,81746.16,1,0.1609,102,email,5,1,0
C006067,22,88960.62,4,0.0868,81,paid_social,0,1,0
C006068,34,51270.14,3,0.3293,65,email,15,0,0
C006069,33,64071.3,4,0.4485,60,paid_social,0,0,0
C006070,25,65083.72,2,0.3288,2,sms,0,0,0
C006071,36,31642.36,5,0.3325,53,paid_social,5,1,0
C006072,26,36589.33,7,0.1861,10,sms,15,0,0
C006073,26,54407.01,1,0.2012,22,email,10,0,0
C006074,63,34993.2,4,0.1086,79,sms,15,0,0
C006075,68,68732.76,5,0.1185,116,email,0,1,0
C006076,58,110443.06,4,0.3586,29,sms,15,1,0
C006077,24,50254.3,3,0.6144,73,paid_social,5,0,1
C006078,21,22852.74,2,0.4404,77,direct_mail,5,1,0
C006079,24,80169.6,2,0.2031,94,sms,5,1,0
C006080,25,99854.7,3,0.2266,114,paid_social,10,1,0
C006081,72,115551.24,3,0.4516,60,email,0,1,0
C006082,39,131330.04,5,0.154,46,email,10,0,0
C006083,66,59954.9,5,0.4356,53,email,15,0,0
C006084,50,65801.35,1,0.25,79,email,0,0,0
C006085,23,39691.76,6,0.4109,3,paid_social,0,0,0
C006086,72,33533.39,5,0.8457,13,direct_mail,5,0,0
C006087,60,107271.61,5,0.1964,68,sms,0,1,0
C006088,49,62228.91,4,0.4327,24,paid_social,0,1,0
C006089,50,123899.5,6,0.2319,110,paid_social,10,0,0
C006090,72,103267.49,5,0.3019,8,email,15,1,0
C006091,66,116834.41,5,0.3853,68,sms,20,0,0
C006092,67,54566.96,6,0.4374,47,sms,5,1,0
C006093,39,55163.89,5,0.4132,41,email,15,0,0
C006094,27,50944.78,3,0.4418,25,direct_mail,20,1,0
C006095,56,112723.78,4,0.2981,101,direct_mail,10,0,0
C006096,73,76436.26,7,0.3564,77,email,15,0,0
C006097,57,99693.93,2,0.1888,30,sms,10,1,0
C006098,35,76346.81,4,0.4165,49,direct_mail,10,0,0
C006099,68,169950.39,6,0.2569,32,sms,10,0,0
C006100,61,72958.06,4,0.5052,119,sms,0,0,0
C006101,51,81522.4,5,0.1093,95,email,10,0,1
C006102,60,34938.31,9,0.348,86,direct_mail,15,1,0
C006103,70,95380.9,4,0.163,16,paid_social,0,0,0
C006104,71,67457.08,4,0.2711,52,email,5,1,0
C006105,56,39328.03,4,0.1836,85,email,10,0,0
C006106,44,146884.05,4,0.3225,43,paid_social,20,1,0
C006107,65,92157.23,9,0.3652,46,email,5,0,1
C006108,69,73548.12,10,0.3476,102,email,5,0,0
C006109,22,61277.69,4,0.5066,68,paid_social,10,1,0
C006110,50,40987.33,5,0.1929,99,email,15,1,0
C006111,46,61140.41,5,0.5128,21,paid_social,10,1,1
C006112,55,71983.05,7,0.2412,26,email,20,1,0
C006113,57,83878.28,3,0.5238,109,email,10,1,0
C006114,22,88699.48,1,0.2066,118,email,0,0,0
C006115,68,25573.94,5,0.3508,101,email,5,0,0
C006116,46,70164.54,3,0.4014,108,email,15,1,0
C006117,50,98509.56,2,0.3557,95,paid_social,15,0,0
C006118,38,72249.12,5,0.1533,92,email,15,0,0
C006119,48,54971.19,8,0.2386,67,paid_social,10,1,1
C006120,55,95462.87,6,0.4584,58,email,15,1,1
C006121,38,83594.78,4,0.4135,16,email,0,0,0
C006122,55,132458.31,4,0.3084,60,paid_social,15,1,0
C006123,69,70663.84,7,0.0891,13,paid_social,10,1,0
C006124,63,88462.77,7,0.1233,116,email,15,0,0
C006125,28,45291.69,7,0.1552,49,direct_mail,5,1,0
C006126,40,50108.68,3,0.0984,4,sms,10,0,0
C006127,24,40517.59,3,0.6306,103,email,0,1,0
C006128,74,46757.89,4,0.6917,62,sms,0,1,0
C006129,32,88053.03,6,0.0351,98,sms,15,0,0
C006130,54,67968.91,5,0.3216,77,email,0,1,0
C006131,69,116222.93,3,0.4287,97,email,15,1,0
C006132,67,46149.74,2,0.1972,29,paid_social,5,0,0
C006133,65,220000.0,1,0.4193,48,email,10,0,0
C006134,45,30660.26,3,0.4445,15,email,20,1,1
C006135,69,108539.5,5,0.3238,50,email,20,1,0
C006136,51,91078.52,6,0.3914,30,email,15,1,0
C006137,22,49557.83,2,0.5723,53,email,0,1,0
C006138,23,69226.17,2,0.2481,90,email,15,0,0
C006139,64,93451.21,3,0.1401,65,sms,20,1,0
C006140,49,29803.35,3,0.3557,22,sms,0,1,0
C006141,47,91301.0,2,0.503,112,paid_social,15,1,0
C006142,68,91699.85,9,0.1992,10,email,10,1,0
C006143,51,92398.95,2,0.068,74,email,15,1,0
C006144,24,82331.62,6,0.0593,96,sms,0,1,0
C006145,68,85197.23,8,0.1931,79,email,10,0,0
C006146,26,161108.22,4,0.2367,43,paid_social,10,0,0
C006147,48,75806.08,2,0.7392,33,email,20,1,0
C006148,36,94311.06,5,0.0605,18,email,5,0,0
C006149,66,45333.85,3,0.1654,29,email,0,1,0
C006150,30,81649.72,8,0.1654,54,direct_mail,20,1,0
C006151,64,100772.05,3,0.2169,46,email,15,0,0
C006152,54,38677.33,9,0.2656,72,sms,10,1,0
C006153,66,61034.37,5,0.2707,99,email,0,0,0
C006154,39,57468.03,4,0.2564,85,direct_mail,15,0,0
C006155,29,98679.39,7,0.1527,6,sms,5,0,0
C006156,59,75823.25,3,0.2548,72,email,15,0,0
C006157,31,93109.47,2,0.3511,107,email,10,0,0
C006158,70,59514.47,2,0.2713,68,email,20,0,0
C006159,38,93371.02,7,0.4921,65,email,15,0,0
C006160,39,45293.04,6,0.2343,1,email,0,0,0
C006161,22,70131.7,3,0.3272,44,direct_mail,20,0,1
C006162,34,64651.5,9,0.4561,98,direct_mail,15,1,0
C006163,67,82140.78,5,0.44,117,sms,5,0,1
C006164,58,75115.05,4,0.3062,86,email,0,0,0
C006165,63,80287.44,6,0.2083,17,email,0,0,0
C006166,60,29083.96,6,0.4103,69,direct_mail,10,0,0
C006167,62,30901.99,3,0.2143,11,email,15,1,0
C006168,50,76062.6,4,0.044,91,email,10,1,0
C006169,22,67160.47,1,0.109,4,email,5,0,0
C006170,54,37905.79,4,0.2622,2,sms,20,0,0
C006171,40,52269.33,5,0.352,79,direct_mail,5,0,0
C006172,65,82218.55,7,0.2515,59,email,5,0,0
C006173,62,42928.37,4,0.3745,81,sms,20,1,0
C006174,32,33032.41,5,0.4574,113,direct_mail,5,1,0
C006175,29,134677.97,12,0.2085,61,sms,5,1,0
C006176,71,45034.72,6,0.151,95,paid_social,10,1,0
C006177,62,34818.82,5,0.2706,65,email,0,0,0
C006178,71,51479.68,7,0.497,85,sms,0,0,0
C006179,40,73040.68,3,0.2057,91,sms,10,1,0
C006180,40,56281.25,5,0.1808,80,email,0,1,0
C006181,43,72259.67,5,0.7697,14,email,0,0,0
C006182,68,41713.27,5,0.0428,37,email,5,0,0
C006183,57,62433.3,4,0.28,104,email,15,1,0
C006184,58,74055.36,4,0.2944,28,email,15,1,0
C006185,43,39550.29,4,0.4574,97,paid_social,0,0,0
C006186,74,56688.31,4,0.357,92,sms,15,1,0
C006187,51,42616.45,7,0.4056,40,direct_mail,10,1,0
C006188,63,60721.06,3,0.1126,102,email,5,1,0
C006189,29,45142.75,5,0.2593,6,email,15,1,0
C006190,32,82813.97,3,0.2915,13,sms,10,0,0
C006191,21,49585.76,5,0.3885,94,sms,15,1,1
C006192,34,87303.87,1,0.0684,10,email,5,0,0
C006193,61,68730.65,5,0.3604,105,direct_mail,20,0,0
C006194,28,33743.28,4,0.3603,50,email,10,1,0
C006195,21,57541.48,3,0.3856,12,email,0,0,0
C006196,68,64323.79,3,0.5151,8,sms,0,0,0
C006197,39,37712.9,6,0.0996,4,email,0,1,0
C006198,46,58937.89,3,0.538,79,email,15,0,1
C006199,33,62703.25,1,0.1474,29,sms,20,0,0
C006200,63,59530.83,1,0.0431,65,email,20,1,0
C006201,50,66049.95,8,0.2669,31,email,10,1,0
C006202,28,33598.22,2,0.1212,108,paid_social,0,0,0
C006203,55,66297.06,2,0.0684,2,sms,10,1,0
C006204,64,51041.86,0,0.372,14,email,20,0,1
C006205,30,47614.79,2,0.0908,20,direct_mail,0,1,0
C006206,33,90443.98,4,0.4788,94,paid_social,10,1,0
C006207,70,44927.92,4,0.1824,76,email,0,0,0
C006208,35,48237.83,4,0.3804,59,email,0,1,0
C006209,63,75467.03,4,0.0876,76,email,0,1,0
C006210,27,60683.89,5,0.5471,54,paid_social,10,1,0
C006211,63,38104.01,2,0.0703,87,paid_social,15,0,0
C006212,52,36582.28,5,0.1031,72,email,15,1,0
C006213,49,115483.8,6,0.1803,11,email,5,0,0
C006214,72,58753.19,4,0.3902,62,email,15,0,0
C006215,45,43643.75,6,0.2373,81,email,0,1,0
C006216,62,87958.66,2,0.1657,108,email,5,0,0
C006217,39,37228.68,6,0.3038,81,sms,10,0,0
C006218,71,38411.38,4,0.3059,79,paid_social,5,0,0
C006219,54,92098.49,4,0.0373,5,email,10,0,0
C006220,56,79074.21,6,0.3695,20,paid_social,0,0,0
C006221,63,53844.68,7,0.3813,22,email,15,1,0
C006222,43,53451.71,2,0.2851,88,email,5,1,0
C006223,33,98644.52,6,0.0384,94,email,15,1,0
C006224,42,54066.0,4,0.0938,119,paid_social,0,0,0
C006225,41,59261.14,9,0.3558,22,email,10,1,0
C006226,32,66629.72,7,0.3199,57,direct_mail,15,1,0
C006227,62,43361.75,8,0.1874,110,email,15,0,0
C006228,61,91575.14,4,0.2525,47,email,15,1,0
C006229,43,65715.22,5,0.1824,65,email,0,1,0
C006230,38,43648.57,3,0.1153,25,email,5,1,1
C006231,65,89658.99,5,0.1227,96,direct_mail,10,0,0
C006232,71,69786.04,6,0.2952,58,direct_mail,15,0,0
C006233,24,21202.2,6,0.2039,16,email,0,1,0
C006234,50,185164.06,0,0.1341,71,email,15,0,0
C006235,61,34887.17,5,0.1055,88,email,5,0,0
C006236,67,34887.9,2,0.1243,98,email,5,0,0
C006237,34,65565.91,9,0.1905,65,sms,5,1,0
C006238,69,76476.99,9,0.1233,69,email,10,0,0
C006239,30,69294.42,3,0.6402,74,email,0,0,0
C006240,41,36450.58,2,0.3065,10,email,15,0,0
C006241,69,177713.97,2,0.4386,117,paid_social,10,1,0
C006242,66,54953.1,4,0.4617,64,email,20,0,0
C006243,44,49683.28,5,0.2297,8,sms,5,1,1
C006244,50,79376.25,4,0.3669,12,email,15,1,1
C006245,27,86517.82,9,0.1246,29,sms,15,1,0
C006246,44,97096.88,3,0.1472,68,email,5,0,0
C006247,47,59383.51,5,0.1993,18,email,0,1,0
C006248,56,34858.83,6,0.0494,107,email,0,0,0
C006249,28,67176.88,5,0.1188,14,email,10,0,0
C006250,59,59294.89,4,0.1427,34,email,10,0,0
C006251,56,84850.9,6,0.067,112,paid_social,10,1,0
C006252,73,100660.24,2,0.4134,100,email,5,1,0
C006253,57,59035.55,2,0.4661,63,sms,20,0,0
C006254,46,53842.08,2,0.6159,28,email,20,0,0
C006255,28,80501.64,6,0.1969,19,email,5,0,0
C006256,52,43478.99,3,0.3596,5,email,15,0,0
C006257,31,62529.28,6,0.1324,59,email,15,0,0
C006258,67,74653.24,3,0.1115,19,email,20,0,0
C006259,32,98049.29,6,0.652,91,email,5,1,0
C006260,40,55894.03,3,0.0371,41,direct_mail,15,0,0
C006261,26,90363.74,7,0.2576,53,email,5,0,0
C006262,48,51739.52,7,0.4684,40,paid_social,10,0,0
C006263,67,57664.38,9,0.2604,114,email,10,1,0
C006264,70,71312.73,6,0.1015,85,email,20,0,0
C006265,21,129737.23,6,0.5226,89,paid_social,10,0,0
C006266,40,31720.99,6,0.24,67,sms,5,1,0
C006267,28,48201.41,5,0.3211,27,paid_social,15,0,0
C006268,71,52517.21,5,0.0897,30,paid_social,15,0,0
C006269,59,65223.66,4,0.2711,29,email,10,1,0
C006270,30,50704.06,2,0.0926,94,sms,15,1,0
C006271,45,30573.57,8,0.1404,118,email,10,1,0
C006272,45,60353.46,2,0.4013,99,direct_mail,5,0,0
C006273,50,104784.7,1,0.3415,55,email,5,1,0
C006274,24,73445.53,4,0.6124,32,email,5,1,0
C006275,42,55197.5,7,0.0824,117,email,15,0,0
C006276,38,62745.09,5,0.6967,118,email,20,1,0
C006277,45,80564.09,2,0.3339,80,email,15,0,0
C006278,33,35355.78,5,0.0937,91,email,20,1,0
C006279,55,35111.04,4,0.5065,42,paid_social,10,0,0
C006280,33,66104.02,5,0.4328,105,email,0,0,0
C006281,66,169152.63,2,0.3502,19,email,10,0,0
C006282,65,28183.37,2,0.1181,72,sms,20,0,0
C006283,68,74383.85,3,0.5898,103,email,10,1,0
C006284,46,121560.65,5,0.5728,56,sms,15,0,0
C006285,43,176190.58,5,0.0411,48,email,15,0,1
C006286,64,56727.25,7,0.5407,49,email,20,0,0
C006287,64,56028.45,5,0.4543,78,direct_mail,20,1,0
C006288,48,61017.2,5,0.4211,42,sms,5,1,0
C006289,25,49143.74,4,0.2487,74,sms,15,1,0
C006290,34,44617.44,4,0.1055,102,email,5,0,0
C006291,40,113773.96,10,0.4934,100,email,15,0,0
C006292,56,96409.08,2,0.1933,75,email,0,1,0
C006293,69,54953.02,3,0.1531,41,email,10,0,0
C006294,29,23789.05,2,0.1224,92,email,5,1,0
C006295,52,59159.24,4,0.1718,16,email,5,0,0
C006296,55,214043.67,7,0.0874,96,email,5,0,0
C006297,23,82903.01,6,0.1485,29,sms,15,1,0
C006298,54,44880.78,4,0.0281,59,email,15,0,0
C006299,71,39847.49,3,0.4225,60,email,10,0,0
C006300,49,29431.19,1,0.2326,81,direct_mail,10,1,0
C006301,60,48809.41,3,0.1615,91,sms,20,1,0
C006302,55,75406.67,4,0.0571,39,paid_social,15,1,0
C006303,69,163793.02,5,0.4397,52,direct_mail,15,0,0
C006304,74,59545.56,6,0.1204,104,paid_social,20,1,0
C006305,64,50224.56,2,0.2826,107,email,10,1,0
C006306,56,78576.21,3,0.3957,102,email,15,0,0
C006307,27,80287.62,3,0.2508,25,email,10,1,0
C006308,47,57968.18,3,0.1871,52,email,0,0,0
C006309,54,71933.21,4,0.1538,57,email,0,0,0
C006310,74,75322.61,6,0.1256,73,paid_social,0,1,0
C006311,68,83845.4,2,0.1787,16,email,10,1,0
C006312,35,110464.28,2,0.2048,15,direct_mail,10,0,0
C006313,72,35364.01,6,0.3447,40,email,10,0,0
C006314,59,80855.6,5,0.4309,50,paid_social,15,0,0
C006315,53,47775.54,4,0.5283,98,email,5,1,0
C006316,74,100305.29,4,0.0574,111,email,10,0,0
C006317,35,101782.25,3,0.2829,78,email,10,0,0
C006318,53,54697.17,5,0.1907,5,sms,0,1,0
C006319,66,60146.29,5,0.4567,32,email,15,0,0
C006320,61,54704.14,5,0.0585,58,paid_social,20,1,0
C006321,36,206312.78,4,0.4881,83,sms,20,0,0
C006322,54,134425.3,5,0.0784,96,email,0,1,0
C006323,67,33936.63,5,0.1777,118,paid_social,5,1,0
C006324,34,55052.37,5,0.0939,73,paid_social,10,1,0
C006325,51,110918.8,4,0.2108,94,direct_mail,10,1,0
C006326,21,68107.53,1,0.5575,26,direct_mail,15,1,0
C006327,69,23746.97,2,0.1412,95,sms,0,1,0
C006328,42,52604.73,6,0.1632,41,email,10,1,0
C006329,42,57736.64,11,0.1293,98,email,10,1,0
C006330,46,100033.79,7,0.1902,13,sms,10,0,0
C006331,66,47342.85,6,0.1209,48,sms,15,1,0
C006332,34,95740.07,5,0.0483,46,email,5,1,0
C006333,47,149138.49,5,0.1484,69,email,20,1,0
C006334,66,50481.77,2,0.1235,40,email,10,1,0
C006335,73,35691.02,3,0.5678,72,paid_social,20,0,0
C006336,49,46892.45,8,0.6238,119,email,5,1,0
C006337,35,66278.35,4,0.4469,61,email,5,0,0
C006338,28,89501.1,1,0.1814,40,sms,15,0,0
C006339,66,98512.93,8,0.3494,84,email,20,1,0
C006340,65,145997.26,4,0.1225,80,direct_mail,10,1,0
C006341,32,39529.29,6,0.2753,94,email,0,1,0
C006342,51,65395.45,1,0.5457,44,paid_social,5,0,0
C006343,61,39829.36,5,0.2986,57,email,0,0,0
C006344,33,45876.89,6,0.4894,95,email,0,0,0
C006345,66,146895.14,1,0.1152,77,paid_social,5,1,0
C006346,59,162242.72,4,0.4402,95,direct_mail,5,0,1
C006347,26,42741.46,6,0.3897,45,email,20,0,0
C006348,21,42415.22,2,0.4156,98,email,5,0,0
C006349,53,91037.49,9,0.3989,68,sms,15,1,1
C006350,34,63367.34,2,0.3203,39,sms,5,1,0
C006351,26,45659.47,1,0.1524,92,email,10,1,0
C006352,65,40768.16,7,0.3795,94,email,5,1,0
C006353,63,93451.43,7,0.1505,105,email,10,0,0
C006354,38,51274.22,10,0.053,91,sms,5,0,0
C006355,74,31414.97,5,0.0305,35,email,0,1,0
C006356,42,88300.26,4,0.4335,13,sms,20,0,0
C006357,59,57437.7,9,0.3814,87,email,15,1,1
C006358,64,62158.43,7,0.6115,116,email,10,0,0
C006359,55,50955.16,3,0.4681,59,sms,0,1,0
C006360,50,149209.06,5,0.1623,25,paid_social,0,1,0
C006361,51,109121.46,5,0.1394,40,email,15,1,0
C006362,53,71162.75,5,0.1228,107,direct_mail,5,1,0
C006363,23,121959.32,6,0.4157,102,direct_mail,10,1,1
C006364,65,39797.08,2,0.0719,119,paid_social,10,0,0
C006365,59,38420.08,4,0.1953,116,email,0,1,0
C006366,40,25367.77,5,0.0162,63,paid_social,10,0,0
C006367,34,76417.39,4,0.0579,50,sms,0,1,0
C006368,23,106486.61,4,0.3776,49,sms,5,1,0
C006369,58,45697.75,5,0.3469,84,direct_mail,5,0,0
C006370,39,72377.08,6,0.619,32,direct_mail,10,0,0
C006371,37,86632.75,1,0.0888,19,email,10,0,0
C006372,66,111820.41,3,0.4525,7,sms,0,0,0
C006373,68,107432.16,6,0.8516,62,email,5,1,0
C006374,64,53338.95,2,0.209,97,sms,15,1,0
C006375,40,79227.34,4,0.3936,76,email,0,1,0
C006376,67,51061.12,6,0.144,51,email,10,1,0
C006377,69,56234.51,2,0.1899,36,sms,15,0,0
C006378,28,83370.59,5,0.1056,12,direct_mail,10,0,0
C006379,30,88107.09,7,0.5332,100,direct_mail,5,1,0
C006380,67,94430.33,3,0.308,79,email,20,1,0
C006381,41,35637.52,4,0.2275,75,email,10,1,0
C006382,48,84574.35,3,0.1017,119,paid_social,10,1,0
C006383,41,81142.23,7,0.0523,66,email,5,1,0
C006384,52,51188.46,6,0.5929,18,email,20,0,0
C006385,45,41301.89,5,0.4222,69,email,0,0,0
C006386,33,34985.54,3,0.2126,78,email,0,1,0
C006387,25,57136.83,5,0.4419,16,paid_social,20,0,0
C006388,32,40853.0,0,0.1457,41,email,15,1,0
C006389,30,77606.55,3,0.4699,44,paid_social,0,1,0
C006390,72,88530.06,7,0.4556,5,direct_mail,10,1,0
C006391,60,77432.85,4,0.3374,55,sms,10,1,0
C006392,34,111606.13,3,0.0679,72,email,5,0,1
C006393,72,49211.21,5,0.4045,106,email,15,0,0
C006394,30,73832.18,8,0.2725,110,paid_social,5,0,0
C006395,40,53648.36,6,0.3537,21,direct_mail,5,0,0
C006396,56,124468.02,4,0.1769,11,paid_social,10,0,0
C006397,25,174700.96,7,0.2732,104,direct_mail,5,0,0
C006398,44,53953.31,8,0.03,87,paid_social,20,0,0
C006399,70,90869.84,7,0.3541,23,sms,15,0,1
C006400,68,44845.93,3,0.1243,111,paid_social,10,0,0
C006401,43,109349.9,3,0.3812,77,email,10,1,0
C006402,36,55400.84,6,0.5466,4,sms,10,1,0
C006403,33,111159.72,8,0.1832,23,email,0,1,0
C006404,23,128779.57,7,0.3172,28,direct_mail,10,0,0
C006405,40,98726.77,5,0.5259,27,direct_mail,15,0,0
C006406,29,58754.68,4,0.1391,68,paid_social,5,1,0
C006407,53,100868.74,4,0.2771,102,paid_social,5,0,0
C006408,51,61279.62,6,0.6884,61,email,20,0,1
C006409,69,57743.1,2,0.673,10,email,5,0,0
C006410,51,25316.73,5,0.5194,26,paid_social,5,0,0
C006411,28,81337.31,4,0.1982,47,sms,15,0,0
C006412,35,48634.18,3,0.2377,82,email,15,0,0
C006413,52,87409.97,3,0.7431,92,email,0,0,0
C006414,56,60068.93,5,0.3727,25,email,10,1,0
C006415,49,40410.57,5,0.2728,116,email,0,0,0
C006416,31,41521.1,4,0.3219,76,email,5,1,0
C006417,26,53378.99,7,0.1668,55,email,20,0,0
C006418,58,89577.24,4,0.3203,66,paid_social,0,1,0
C006419,45,48715.83,8,0.0283,80,email,5,1,0
C006420,37,47661.72,3,0.2352,27,direct_mail,10,0,0
C006421,32,53559.35,1,0.6423,117,paid_social,5,1,0
C006422,43,47204.0,3,0.2309,78,email,5,1,0
C006423,24,57509.79,4,0.1356,50,email,5,1,1
C006424,23,117584.59,7,0.1905,9,email,5,1,0
C006425,28,57437.67,2,0.1727,37,direct_mail,10,1,0
C006426,68,37021.31,3,0.2511,79,paid_social,10,0,0
C006427,29,57667.84,3,0.2564,4,email,5,1,0
C006428,59,66655.56,5,0.3873,7,email,5,1,0
C006429,38,23500.64,2,0.2668,100,email,10,1,0
C006430,26,29157.7,7,0.339,53,email,15,1,0
C006431,60,64980.04,2,0.25,118,paid_social,20,0,0
C006432,57,96298.07,3,0.222,49,email,15,1,0
C006433,59,26538.09,3,0.314,41,email,15,0,0
C006434,36,50357.95,2,0.5935,67,email,5,1,0
C006435,49,39059.49,2,0.4393,100,email,0,1,0
C006436,46,75445.82,2,0.3978,43,email,10,1,1
C006437,55,73819.67,5,0.3208,87,sms,20,1,0
C006438,30,35544.34,7,0.1542,83,sms,15,0,0
C006439,37,20469.49,3,0.0074,113,email,15,1,0
C006440,62,48727.98,6,0.566,45,email,10,0,0
C006441,68,86476.6,4,0.2964,114,email,5,0,0
C006442,55,61648.12,3,0.2364,103,email,10,0,0
C006443,30,46051.06,6,0.2498,119,email,5,0,0
C006444,51,68178.22,3,0.2057,102,email,15,1,0
C006445,33,29098.27,12,0.2326,30,email,0,1,0
C006446,43,75122.95,5,0.267,111,email,5,0,0
C006447,31,58022.83,3,0.2388,54,email,15,1,0
C006448,58,62150.44,2,0.1508,67,email,10,0,0
C006449,72,29778.93,8,0.1108,117,paid_social,10,1,0
C006450,38,71409.25,5,0.4652,90,paid_social,15,0,0
C006451,22,106473.55,5,0.2309,52,email,10,0,0
C006452,23,73824.55,3,0.2888,19,email,5,1,0
C006453,65,53168.14,4,0.6302,115,direct_mail,5,1,0
C006454,63,44227.62,3,0.0952,114,email,10,1,0
C006455,36,44002.62,5,0.1496,104,email,10,0,0
C006456,23,58761.71,7,0.0293,116,paid_social,20,1,0
C006457,58,61463.94,3,0.1207,30,email,10,1,0
C006458,39,58710.92,8,0.4423,69,paid_social,15,1,0
C006459,23,51674.61,3,0.0717,41,sms,10,1,0
C006460,21,72858.06,6,0.3289,40,email,20,1,1
C006461,74,55264.35,4,0.3654,62,email,15,0,0
C006462,44,54456.49,5,0.2465,28,email,0,1,0
C006463,37,116811.38,5,0.2256,35,sms,20,1,0
C006464,35,103270.82,3,0.1111,33,email,5,0,0
C006465,63,125206.96,3,0.7211,96,paid_social,10,0,0
C006466,22,102655.91,6,0.2313,111,email,5,0,0
C006467,51,56972.51,6,0.2671,104,paid_social,15,0,0
C006468,52,78449.18,3,0.3476,77,email,0,1,0
C006469,32,83961.03,7,0.1439,2,direct_mail,0,0,0
C006470,57,56080.22,4,0.2995,12,sms,10,1,0
C006471,34,25296.88,6,0.0782,96,email,15,0,0
C006472,61,87686.68,5,0.4832,12,email,15,1,1
C006473,45,92841.86,7,0.49,36,sms,5,1,0
C006474,45,150060.9,7,0.2193,98,paid_social,15,1,0
C006475,59,83448.14,7,0.5518,16,email,15,0,0
C006476,73,76851.63,6,0.521,93,sms,5,1,0
C006477,54,60399.22,6,0.6163,29,email,0,1,0
C006478,70,92518.31,4,0.0963,47,email,10,1,0
C006479,59,54750.94,12,0.3866,115,email,0,1,0
C006480,55,92477.06,3,0.2921,35,email,10,0,0
C006481,39,114930.8,4,0.2221,51,sms,0,1,0
C006482,31,130372.89,6,0.1278,109,email,10,0,0
C006483,70,79420.12,5,0.078,21,email,20,0,0
C006484,59,44547.84,8,0.2893,82,email,5,1,0
C006485,47,78748.35,10,0.1958,105,email,0,0,0
C006486,40,124934.92,4,0.6093,85,email,5,0,0
C006487,65,150922.45,2,0.316,33,email,10,0,0
C006488,33,77797.75,8,0.4212,113,direct_mail,10,0,0
C006489,23,47858.8,6,0.1831,87,paid_social,10,1,0
C006490,28,87697.83,2,0.2469,43,email,5,0,0
C006491,21,97250.25,5,0.4931,84,paid_social,15,1,0
C006492,66,57008.11,3,0.4138,10,sms,15,0,0
C006493,58,65574.74,2,0.1746,103,direct_mail,5,1,0
C006494,46,77085.59,5,0.1012,49,sms,10,0,0
C006495,38,30017.98,2,0.374,44,email,20,0,0
C006496,47,51931.26,3,0.1777,59,email,5,1,0
C006497,38,158656.5,4,0.6105,89,email,0,0,0
C006498,26,68369.84,5,0.1341,66,sms,0,0,0
C006499,27,92771.57,7,0.1905,40,email,10,0,0
C006500,43,55688.1,1,0.2535,40,email,10,0,0
C006501,68,55847.53,6,0.2246,50,paid_social,10,1,0
C006502,32,86079.48,5,0.1324,99,email,5,1,0
C006503,43,58832.06,2,0.2194,53,sms,5,1,0
C006504,42,42521.74,5,0.3636,103,email,5,1,1
C006505,66,44263.01,6,0.2829,6,sms,5,1,0
C006506,50,62522.16,5,0.2002,78,email,5,1,0
C006507,40,53894.43,3,0.2257,99,email,15,0,0
C006508,57,108425.78,6,0.4093,9,direct_mail,0,1,0
C006509,49,48129.79,4,0.0336,6,email,0,0,0
C006510,58,114690.94,4,0.2895,86,paid_social,10,0,0
C006511,23,71523.16,4,0.4552,85,direct_mail,10,1,0
C006512,44,65719.6,9,0.1476,104,sms,10,1,0
C006513,64,39578.69,5,0.1919,78,sms,10,0,0
C006514,69,44823.96,6,0.1237,15,email,10,0,0
C006515,42,63090.45,5,0.2405,23,email,15,1,0
C006516,64,46324.74,6,0.1676,96,paid_social,10,1,0
C006517,57,61103.81,4,0.3242,59,email,0,0,0
C006518,45,56839.19,3,0.1756,35,email,15,0,0
C006519,45,101446.54,4,0.2485,63,paid_social,5,1,0
C006520,27,80371.12,3,0.1559,119,email,0,0,0
C006521,40,44182.89,6,0.4925,29,paid_social,10,1,0
C006522,52,55364.86,3,0.3615,114,email,10,0,0
C006523,60,91382.27,7,0.0858,118,email,10,1,0
C006524,48,72728.66,3,0.3859,112,email,5,0,0
C006525,25,62519.9,3,0.1188,51,email,20,0,0
C006526,65,89689.99,7,0.3963,44,email,15,0,0
C006527,54,128723.01,2,0.591,3,email,5,0,0
C006528,27,46254.03,4,0.4378,45,email,5,1,0
C006529,28,67770.65,7,0.1651,104,email,0,1,0
C006530,42,106738.04,6,0.7614,46,email,10,0,0
C006531,38,109777.49,2,0.2381,18,paid_social,15,1,0
C006532,48,31787.76,2,0.5002,36,email,0,1,0
C006533,52,56491.43,1,0.0945,24,email,15,1,0
C006534,34,46297.44,2,0.4545,1,paid_social,10,1,0
C006535,46,60543.04,1,0.3402,68,email,10,0,0
C006536,54,49359.12,6,0.183,6,paid_social,0,1,0
C006537,32,73335.34,3,0.2067,41,sms,5,1,0
C006538,44,43838.98,6,0.349,19,email,10,0,0
C006539,22,42260.96,5,0.4963,102,paid_social,15,1,0
C006540,62,73906.72,5,0.0309,11,email,0,0,0
C006541,39,121112.81,3,0.4204,49,email,0,0,0
C006542,60,88086.19,5,0.3903,96,direct_mail,10,1,0
C006543,47,104333.29,6,0.2951,50,email,15,1,1
C006544,37,167264.53,5,0.2736,86,paid_social,10,1,0
C006545,60,121566.11,10,0.3775,112,paid_social,15,0,0
C006546,67,55150.68,4,0.5457,42,email,15,0,0
C006547,52,73158.74,8,0.0778,87,email,10,0,0
C006548,38,59697.44,3,0.3708,112,email,10,1,0
C006549,35,47241.6,6,0.4265,63,email,5,0,0
C006550,61,45306.22,4,0.485,1,email,15,1,0
C006551,40,97206.51,3,0.3214,105,email,0,0,0
C006552,23,83119.71,7,0.2865,115,email,10,0,0
C006553,41,46534.59,4,0.204,77,email,20,1,0
C006554,64,218747.56,5,0.3953,22,paid_social,20,0,0
C006555,65,110124.24,2,0.1138,112,paid_social,0,1,0
C006556,31,53308.16,7,0.4554,90,email,5,0,0
C006557,53,69131.22,5,0.1196,23,email,10,0,0
C006558,68,66509.07,5,0.3064,37,email,0,1,0
C006559,57,62332.59,6,0.3938,63,paid_social,5,1,0
C006560,34,68804.54,9,0.0877,119,email,0,1,0
C006561,48,140709.15,6,0.0823,28,email,15,1,0
C006562,38,68155.66,4,0.6076,46,direct_mail,20,1,0
C006563,29,89343.49,3,0.402,61,email,0,0,0
C006564,21,94013.91,6,0.0289,63,direct_mail,15,0,0
C006565,53,29276.31,3,0.0578,113,email,10,1,0
C006566,33,55771.09,4,0.3419,9,direct_mail,0,0,0
C006567,50,121531.01,0,0.0804,70,email,0,0,0
C006568,53,30503.77,0,0.3839,52,email,15,0,0
C006569,59,109953.0,7,0.5155,25,email,15,0,0
C006570,28,86618.14,5,0.3273,4,email,15,0,0
C006571,27,47326.55,7,0.5854,61,sms,10,0,0
C006572,30,136593.8,5,0.4046,31,email,15,1,0
C006573,70,45745.4,5,0.261,71,paid_social,15,1,0
C006574,55,51945.29,2,0.0663,37,email,0,0,0
C006575,35,42208.55,4,0.2519,97,paid_social,5,1,0
C006576,43,42062.68,2,0.5292,66,email,10,0,0
C006577,51,132539.73,1,0.296,18,paid_social,0,0,0
C006578,25,40682.41,5,0.2808,81,email,15,1,0
C006579,39,50020.62,4,0.1689,119,email,15,0,0
C006580,41,97281.48,2,0.1703,6,sms,20,0,0
C006581,21,31376.16,5,0.1993,68,sms,20,1,0
C006582,36,81918.87,7,0.6301,118,email,20,0,0
C006583,70,46210.15,1,0.5414,104,sms,15,0,0
C006584,29,157457.09,6,0.4149,88,paid_social,0,0,0
C006585,70,84407.94,5,0.2088,108,email,10,1,0
C006586,43,27932.23,5,0.574,27,paid_social,10,1,0
C006587,51,126046.91,1,0.4725,24,paid_social,10,0,0
C006588,29,78353.56,6,0.2338,22,sms,5,1,1
C006589,42,97342.03,7,0.1809,99,email,10,0,0
C006590,57,90334.12,1,0.293,117,email,10,1,0
C006591,66,31378.21,5,0.1103,93,email,15,1,0
C006592,22,133147.99,5,0.1587,90,email,15,0,0
C006593,50,71741.92,4,0.5397,64,sms,5,0,0
C006594,62,90144.44,6,0.4058,78,email,15,0,0
C006595,66,60121.58,6,0.0851,73,email,0,1,0
C006596,60,32838.19,0,0.2525,3,paid_social,0,1,0
C006597,56,42829.8,4,0.1549,3,sms,15,1,0
C006598,35,72781.4,5,0.1949,94,sms,15,0,0
C006599,35,41727.04,3,0.1452,115,paid_social,5,1,0
C006600,38,27321.46,5,0.5405,1,paid_social,20,0,0
C006601,64,36452.63,5,0.2013,97,paid_social,0,1,0
C006602,37,42582.44,3,0.0247,3,email,0,0,0
C006603,36,41744.74,4,0.1819,75,email,10,1,0
C006604,60,167479.48,6,0.4013,98,sms,5,0,0
C006605,21,63797.2,4,0.1752,34,email,10,1,0
C006606,55,92747.15,3,0.0751,90,sms,10,1,0
C006607,25,33189.34,8,0.3207,27,email,20,0,0
C006608,68,95388.88,7,0.0874,105,sms,10,1,0
C006609,70,52151.93,4,0.1472,6,email,15,1,0
C006610,50,49683.89,2,0.1524,96,email,10,1,0
C006611,34,24259.8,5,0.2812,35,direct_mail,0,0,0
C006612,50,35555.07,5,0.3402,67,email,20,1,0
C006613,58,39628.36,6,0.2811,46,email,0,0,0
C006614,27,30291.5,9,0.3423,100,paid_social,5,1,0
C006615,73,99228.44,6,0.1553,100,direct_mail,10,0,0
C006616,49,65768.24,6,0.4102,109,paid_social,0,1,0
C006617,47,72699.05,3,0.1178,81,paid_social,20,1,0
C006618,74,78810.32,3,0.1645,85,email,0,0,0
C006619,26,30437.82,5,0.116,11,sms,5,1,0
C006620,56,81114.28,9,0.2073,48,email,5,0,0
C006621,67,163681.86,9,0.3919,86,email,0,0,0
C006622,30,34911.74,5,0.1796,104,email,0,1,0
C006623,64,86227.99,8,0.3893,12,paid_social,0,1,1
C006624,37,53497.76,2,0.4064,72,sms,0,1,0
C006625,40,57033.43,6,0.2484,94,paid_social,0,0,0
C006626,68,57479.82,1,0.4415,95,sms,15,0,0
C006627,52,49926.03,4,0.3892,90,email,0,1,0
C006628,72,56099.96,6,0.374,85,email,10,0,0
C006629,41,67225.75,9,0.7191,89,email,15,1,0
C006630,38,126041.05,2,0.4575,65,paid_social,15,0,0
C006631,74,37523.22,7,0.149,87,email,0,0,0
C006632,21,108563.28,6,0.5767,115,email,0,1,0
C006633,65,24393.3,4,0.1217,47,paid_social,15,1,0
C006634,70,100337.24,5,0.1707,112,email,20,1,1
C006635,30,58498.7,5,0.526,87,email,15,1,0
C006636,53,27957.95,7,0.3278,76,sms,20,0,0
C006637,40,47184.06,4,0.2151,100,sms,0,1,0
C006638,37,63604.93,4,0.4314,35,email,0,1,0
C006639,28,67810.3,4,0.3991,57,sms,20,0,0
C006640,48,43639.72,2,0.3291,60,email,0,0,0
C006641,73,61831.97,6,0.1548,73,email,20,0,0
C006642,22,50639.86,5,0.3667,35,email,10,0,0
C006643,46,74495.78,5,0.4636,7,email,5,0,0
C006644,22,51839.45,5,0.0349,54,paid_social,15,0,0
C006645,35,92023.02,5,0.1697,12,email,0,1,0
C006646,73,108752.56,3,0.3489,32,direct_mail,15,1,0
C006647,22,53131.12,4,0.2549,110,email,5,0,0
C006648,53,106107.53,3,0.3551,84,email,15,0,0
C006649,40,68110.97,1,0.4568,96,paid_social,20,1,0
C006650,62,109124.03,1,0.5873,92,email,5,1,0
C006651,21,54054.26,5,0.2825,118,email,20,0,0
C006652,26,52633.89,4,0.1346,39,direct_mail,5,0,0
C006653,60,32005.14,2,0.096,49,email,15,1,0
C006654,31,72699.28,4,0.3448,57,email,5,1,0
C006655,50,48845.3,6,0.1906,89,email,20,0,0
C006656,66,49616.73,3,0.1356,28,sms,5,0,0
C006657,46,62481.31,5,0.6017,44,paid_social,5,1,0
C006658,41,78851.27,5,0.1699,78,email,5,0,0
C006659,51,87190.63,4,0.1421,48,direct_mail,15,1,0
C006660,66,99023.63,7,0.215,25,paid_social,5,1,0
C006661,59,133533.96,8,0.348,3,direct_mail,10,0,0
C006662,68,57453.55,4,0.6215,50,direct_mail,15,0,0
C006663,70,57947.78,6,0.2831,17,direct_mail,10,1,0
C006664,41,83940.0,4,0.1352,118,email,0,1,0
C006665,53,161914.0,1,0.3022,31,email,5,1,0
C006666,59,35104.69,4,0.3016,96,sms,20,1,0
C006667,44,63353.97,4,0.3451,47,email,10,0,0
C006668,22,83807.7,5,0.2251,67,email,15,1,0
C006669,63,67114.68,2,0.1784,74,email,20,1,0
C006670,48,142201.88,5,0.278,24,email,15,0,0
C006671,30,121822.65,6,0.3042,102,email,10,1,0
C006672,21,70392.05,5,0.3753,6,sms,10,1,0
C006673,24,45059.84,5,0.4409,68,email,10,0,0
C006674,45,79517.72,2,0.1398,115,sms,10,1,0
C006675,23,45472.09,5,0.2891,39,email,0,1,0
C006676,62,44295.27,8,0.6394,13,email,10,0,0
C006677,72,98607.09,3,0.5079,110,email,15,0,0
C006678,57,54358.85,8,0.1954,34,sms,10,1,0
C006679,45,87603.8,3,0.3718,36,direct_mail,0,1,0
C006680,37,83544.87,2,0.0931,13,paid_social,10,1,0
C006681,24,47618.67,4,0.1453,114,paid_social,0,1,0
C006682,57,34418.77,12,0.3304,112,sms,20,0,0
C006683,21,32618.15,5,0.3576,108,paid_social,10,0,0
C006684,58,46308.53,7,0.4721,76,email,10,1,1
C006685,69,73979.11,5,0.6195,100,email,10,1,0
C006686,30,45202.22,3,0.5132,88,email,10,1,0
C006687,70,204241.63,2,0.3815,52,email,5,0,0
C006688,28,144989.56,4,0.081,24,email,5,1,0
C006689,58,59822.58,6,0.1042,18,sms,10,1,0
C006690,49,31542.48,10,0.1046,1,email,0,1,0
C006691,21,48470.94,6,0.7833,28,email,5,0,0
C006692,58,54864.31,4,0.3379,64,paid_social,10,1,0
C006693,36,50888.23,6,0.383,48,email,15,0,0
C006694,72,107205.89,5,0.507,1,sms,20,0,0
C006695,37,68930.68,6,0.0577,74,direct_mail,0,0,0
C006696,45,79641.49,4,0.229,105,email,5,0,0
C006697,56,36117.53,4,0.3178,99,email,20,0,0
C006698,47,127772.98,2,0.3666,38,paid_social,10,0,0
C006699,43,156962.09,1,0.4512,70,email,5,0,0
C006700,68,50731.76,5,0.1809,42,email,0,0,0
C006701,21,75295.97,4,0.3553,67,sms,10,0,0
C006702,38,99010.2,4,0.2509,108,email,5,0,0
C006703,53,44563.46,3,0.2635,70,email,0,1,0
C006704,55,106945.55,6,0.6458,95,paid_social,20,0,1
C006705,62,83699.79,3,0.3537,48,paid_social,10,0,0
C006706,67,60342.88,2,0.1588,113,email,5,0,0
C006707,48,180818.98,6,0.6326,14,email,10,1,0
C006708,67,83909.24,9,0.6814,94,email,0,1,0
C006709,36,185459.26,3,0.4178,75,sms,20,0,0
C006710,72,43884.14,10,0.2847,32,email,20,0,0
C006711,56,112412.39,6,0.18,62,sms,10,1,0
C006712,68,80584.66,3,0.325,43,email,10,1,0
C006713,39,61261.27,5,0.0971,36,email,10,0,0
C006714,61,78617.38,2,0.2725,54,sms,0,1,0
C006715,46,102200.77,6,0.2525,14,paid_social,10,0,0
C006716,72,73987.54,9,0.2015,31,email,10,1,0
C006717,60,34301.11,2,0.2833,41,direct_mail,5,1,0
C006718,55,72932.36,3,0.0213,102,sms,5,1,0
C006719,28,79741.63,4,0.2954,16,email,0,1,0
C006720,24,82761.18,5,0.2762,87,direct_mail,10,0,0
C006721,48,43941.13,4,0.0437,49,email,20,1,1
C006722,41,55095.46,3,0.1025,58,paid_social,5,0,0
C006723,24,79361.69,1,0.1586,29,direct_mail,10,0,0
C006724,55,79651.72,5,0.0929,77,sms,10,0,0
C006725,59,87381.31,7,0.3005,97,sms,10,0,0
C006726,45,87203.64,5,0.32,113,email,0,1,0
C006727,24,64395.45,3,0.2091,40,paid_social,5,0,0
C006728,55,47147.33,5,0.3715,93,email,15,0,0
C006729,27,58838.36,9,0.4051,24,paid_social,15,0,0
C006730,55,97506.27,5,0.6626,107,email,0,0,0
C006731,31,55889.24,4,0.2187,24,email,15,1,0
C006732,41,70231.59,4,0.3069,17,email,5,0,0
C006733,34,108366.11,7,0.062,19,email,5,0,0
C006734,38,72212.48,1,0.6025,42,email,5,0,0
C006735,22,65595.25,2,0.3078,67,paid_social,10,1,0
C006736,41,122925.86,4,0.0058,63,email,0,0,0
C006737,42,27826.4,1,0.1156,39,sms,0,1,0
C006738,33,28629.59,5,0.2009,71,email,0,0,0
C006739,58,82390.0,8,0.195,52,email,10,0,0
C006740,65,47358.26,7,0.4484,46,email,10,0,0
C006741,57,65389.64,3,0.0972,46,email,5,0,0
C006742,31,51871.22,3,0.2668,37,email,0,1,0
C006743,44,41436.95,5,0.0704,43,email,15,1,0
C006744,42,60374.58,7,0.2672,7,email,20,0,0
C006745,41,206302.53,6,0.4653,36,sms,10,1,0
C006746,57,52424.5,6,0.1858,64,email,20,1,1
C006747,65,201072.0,2,0.1161,13,email,10,0,0
C006748,69,83266.57,2,0.2397,53,email,0,0,0
C006749,57,67272.21,3,0.3015,12,direct_mail,5,0,0
C006750,55,48890.61,5,0.0661,43,paid_social,0,0,0
C006751,56,57821.45,1,0.4931,28,email,5,1,0
C006752,47,49959.04,4,0.1894,10,email,10,1,0
C006753,47,56010.28,6,0.1595,34,email,5,0,0
C006754,24,117909.71,4,0.066,41,email,0,0,0
C006755,29,53507.57,7,0.3079,100,direct_mail,15,1,0
C006756,25,76816.34,5,0.2132,7,email,15,0,0
C006757,67,151172.72,8,0.3001,48,email,0,0,0
C006758,22,188622.34,1,0.0718,97,direct_mail,15,0,0
C006759,46,103030.65,7,0.6059,62,sms,0,1,0
C006760,57,74340.69,2,0.6068,51,email,15,1,0
C006761,70,46210.12,6,0.2101,9,email,15,1,0
C006762,36,49646.09,4,0.2514,90,email,0,1,0
C006763,38,56566.83,5,0.4494,54,sms,10,0,1
C006764,30,30014.96,3,0.5402,55,email,10,1,0
C006765,57,47568.74,3,0.2272,54,email,5,0,0
C006766,26,51526.31,5,0.2239,28,direct_mail,0,1,0
C006767,48,33470.13,4,0.114,56,email,0,1,0
C006768,21,91411.75,4,0.3002,42,email,15,1,0
C006769,27,110874.16,3,0.1976,72,email,15,0,0
C006770,32,70857.01,4,0.1602,82,email,15,0,0
C006771,37,40916.51,6,0.2552,101,email,15,1,0
C006772,43,41401.29,5,0.1801,114,email,20,0,0
C006773,54,136396.03,4,0.2733,92,paid_social,15,1,0
C006774,70,63555.16,6,0.127,53,paid_social,10,0,0
C006775,28,87481.51,5,0.4672,63,paid_social,0,0,0
C006776,22,49652.06,2,0.383,49,sms,10,0,0
C006777,34,86368.63,7,0.2271,97,direct_mail,0,0,0
C006778,45,80021.8,5,0.2718,66,email,20,1,0
C006779,63,102827.6,9,0.2928,13,email,10,0,0
C006780,65,83435.22,3,0.2556,61,email,0,0,0
C006781,27,32870.62,1,0.4901,97,paid_social,10,0,0
C006782,70,39616.78,3,0.2811,14,sms,20,1,0
C006783,57,52947.95,4,0.5985,91,direct_mail,20,0,0
C006784,66,118606.42,4,0.4208,71,email,10,0,0
C006785,62,35869.72,1,0.0819,77,email,0,1,0
C006786,45,19186.35,2,0.3046,89,email,15,0,0
C006787,31,145934.45,5,0.4125,28,email,15,1,0
C006788,74,48185.08,6,0.4789,93,email,10,0,0
C006789,73,37902.31,7,0.08,69,email,15,0,0
C006790,46,60920.96,3,0.1743,10,email,15,0,0
C006791,38,51159.48,2,0.0861,9,direct_mail,15,0,0
C006792,30,39593.35,3,0.2523,36,email,10,1,0
C006793,50,63271.39,2,0.3481,70,paid_social,0,0,0
C006794,52,71229.44,4,0.2527,75,email,5,1,0
C006795,54,40286.2,5,0.1393,75,direct_mail,0,0,0
C006796,48,65631.33,1,0.3352,88,email,10,0,0
C006797,43,49889.83,5,0.6229,67,email,20,1,0
C006798,53,73075.05,2,0.1493,69,paid_social,15,1,0
C006799,48,68530.16,7,0.3237,45,direct_mail,0,0,1
C006800,67,93840.03,8,0.1142,2,email,20,0,0
C006801,57,60509.73,4,0.2806,94,email,10,0,0
C006802,65,94508.63,5,0.1663,52,sms,10,0,0
C006803,36,117584.37,4,0.1164,41,paid_social,0,1,0
C006804,24,79282.54,4,0.7858,47,paid_social,5,0,0
C006805,52,94473.18,2,0.3398,17,paid_social,20,1,0
C006806,71,90213.83,5,0.2997,78,direct_mail,10,1,0
C006807,56,72391.42,2,0.0801,105,sms,20,1,0
C006808,49,138607.04,3,0.243,38,sms,0,1,0
C006809,55,79207.5,7,0.105,96,paid_social,10,1,0
C006810,41,34493.26,4,0.1756,14,paid_social,20,0,0
C006811,22,84410.06,4,0.368,78,email,15,1,0
C006812,48,20003.84,6,0.198,24,email,15,0,1
C006813,64,95358.89,9,0.1744,30,email,15,0,0
C006814,21,26580.13,3,0.6541,118,email,15,1,0
C006815,61,32262.41,8,0.2597,90,sms,5,1,1
C006816,21,76037.39,8,0.4715,32,email,5,1,0
C006817,71,75312.34,4,0.025,89,direct_mail,15,0,0
C006818,24,69188.35,3,0.2227,29,email,15,1,0
C006819,25,111985.26,4,0.05,40,email,5,1,0
C006820,59,60738.49,2,0.0689,34,email,20,0,0
C006821,58,26906.5,7,0.3501,107,email,10,1,0
C006822,46,61129.7,7,0.2696,90,sms,5,0,0
C006823,74,59863.66,5,0.0974,84,paid_social,15,1,0
C006824,60,65123.46,6,0.6078,66,sms,15,1,0
C006825,38,52609.71,3,0.2006,109,paid_social,10,0,0
C006826,23,80475.59,3,0.1455,30,sms,5,1,0
C006827,36,68187.44,5,0.2741,26,sms,20,1,0
C006828,25,91059.73,3,0.3632,8,direct_mail,15,1,0
C006829,28,113053.76,3,0.3839,79,direct_mail,15,1,1
C006830,72,44782.94,5,0.4297,78,email,0,1,0
C006831,65,83096.7,9,0.1511,48,email,20,1,0
C006832,27,119221.83,4,0.1545,104,sms,0,1,0
C006833,22,54318.46,11,0.405,1,email,15,0,1
C006834,73,53765.99,4,0.4865,17,sms,10,0,0
C006835,74,46984.3,6,0.1924,80,email,10,0,0
C006836,62,67602.49,6,0.0693,91,email,0,0,0
C006837,44,42968.9,3,0.0322,93,email,15,0,0
C006838,49,26044.5,3,0.5615,21,email,5,1,0
C006839,25,121662.92,4,0.2022,24,paid_social,15,0,0
C006840,36,105557.4,4,0.324,91,email,0,0,0
C006841,66,70200.07,3,0.1694,113,email,10,0,0
C006842,35,79617.29,5,0.3468,87,email,0,1,0
C006843,34,66062.58,8,0.507,95,sms,5,0,0
C006844,26,59578.08,5,0.2508,83,email,5,0,0
C006845,56,71385.27,7,0.1405,68,sms,20,1,0
C006846,29,31667.85,1,0.1548,118,email,5,0,0
C006847,52,40819.45,2,0.177,15,email,5,1,0
C006848,33,85349.4,3,0.1523,11,sms,5,0,0
C006849,60,82702.04,5,0.2339,51,email,20,1,0
C006850,37,49273.57,5,0.2591,16,paid_social,10,0,0
C006851,24,42868.3,3,0.3085,11,direct_mail,5,1,0
C006852,67,59425.29,3,0.3598,49,email,0,0,0
C006853,70,75565.21,3,0.5777,70,email,15,0,0
C006854,26,75464.23,4,0.1248,15,direct_mail,15,0,0
C006855,55,48957.22,6,0.3992,49,email,5,1,0
C006856,39,38594.1,9,0.065,98,email,10,0,0
C006857,23,100272.66,7,0.1962,103,email,20,0,0
C006858,57,55580.26,4,0.6229,97,paid_social,0,0,0
C006859,52,139629.77,1,0.165,66,paid_social,5,0,0
C006860,50,78504.57,4,0.1285,119,direct_mail,0,1,0
C006861,46,59051.5,6,0.1854,103,sms,10,1,0
C006862,46,98435.07,5,0.4958,62,email,20,1,0
C006863,49,34813.86,3,0.2323,54,email,15,1,0
C006864,51,53195.91,8,0.2157,86,email,15,0,0
C006865,22,129534.35,4,0.3723,10,paid_social,0,1,0
C006866,49,35637.68,5,0.3404,47,email,10,1,0
C006867,34,30447.43,7,0.3961,44,direct_mail,15,0,0
C006868,61,60994.81,7,0.5966,104,paid_social,20,1,0
C006869,45,113517.02,2,0.2386,113,sms,15,0,0
C006870,37,127534.55,3,0.1621,18,email,15,0,0
C006871,27,73508.12,3,0.178,33,sms,0,1,0
C006872,54,38253.22,2,0.1852,45,sms,10,1,0
C006873,66,95883.47,4,0.3307,59,paid_social,5,0,0
C006874,45,28603.61,10,0.0912,103,email,0,0,0
C006875,27,72452.59,5,0.3215,95,paid_social,10,1,0
C006876,64,50145.59,4,0.6174,18,email,0,0,0
C006877,46,123675.66,4,0.1976,45,sms,5,0,0
C006878,39,58302.73,8,0.0677,32,email,0,0,0
C006879,72,72619.76,5,0.159,11,sms,10,1,0
C006880,29,168482.03,4,0.0676,1,sms,0,1,0
C006881,45,79325.81,8,0.3063,67,email,15,0,0
C006882,29,42032.97,3,0.7786,54,sms,0,0,0
C006883,70,74643.04,6,0.3532,28,email,10,1,0
C006884,45,101707.93,3,0.0417,43,sms,5,0,0
C006885,44,74375.68,5,0.341,76,paid_social,10,0,0
C006886,34,51217.09,5,0.6812,108,paid_social,5,0,0
C006887,63,30531.35,5,0.5665,50,email,15,0,0
C006888,22,143330.69,3,0.0196,12,sms,15,0,0
C006889,53,90549.91,2,0.5681,115,email,0,0,0
C006890,59,74660.13,3,0.0819,45,email,5,0,0
C006891,61,64977.94,4,0.6685,14,sms,20,1,0
C006892,40,68934.81,1,0.5202,66,direct_mail,10,1,0
C006893,67,93799.59,3,0.1133,72,email,5,0,0
C006894,60,64624.88,7,0.4124,10,paid_social,15,1,0
C006895,26,109088.42,4,0.152,39,email,20,0,0
C006896,44,36974.33,2,0.0816,88,direct_mail,10,0,0
C006897,23,38226.95,2,0.2767,110,direct_mail,15,1,0
C006898,46,132341.0,3,0.4891,103,email,10,0,0
C006899,35,35212.77,3,0.1188,76,email,5,0,0
C006900,67,102863.19,4,0.6239,85,email,5,0,0
C006901,55,56910.02,3,0.4237,118,email,0,0,0
C006902,34,75512.12,3,0.4317,62,paid_social,0,1,0
C006903,29,59338.85,4,0.1834,43,email,5,0,0
C006904,47,76824.11,4,0.6295,64,sms,10,0,0
C006905,38,64542.23,3,0.2134,51,email,15,0,0
C006906,40,29668.76,4,0.0512,39,email,10,1,0
C006907,41,18000.0,7,0.5892,75,paid_social,0,0,0
C006908,59,85897.0,5,0.6705,113,sms,20,0,0
C006909,31,69086.96,3,0.3737,98,email,10,0,0
C006910,38,67089.96,6,0.3457,38,email,0,0,0
C006911,68,73388.93,6,0.2959,109,sms,10,1,0
C006912,30,52289.6,6,0.1858,107,sms,15,0,0
C006913,54,56224.98,5,0.0529,108,email,5,1,0
C006914,56,55552.43,4,0.0651,88,sms,15,1,0
C006915,57,68103.36,3,0.1631,64,email,5,1,0
C006916,52,49049.02,10,0.4399,38,email,0,0,0
C006917,49,53912.56,3,0.2735,114,email,0,1,0
C006918,55,155018.39,6,0.2543,53,direct_mail,10,1,0
C006919,41,75712.16,5,0.4437,64,sms,10,0,0
C006920,53,101488.22,5,0.2504,34,sms,0,1,0
C006921,53,92179.76,6,0.3811,28,email,10,1,0
C006922,36,69657.42,6,0.0819,91,email,5,1,0
C006923,43,101186.22,3,0.2206,8,sms,15,0,0
C006924,39,50588.2,5,0.0434,116,paid_social,5,1,0
C006925,34,121981.39,2,0.0605,22,email,10,0,0
C006926,66,81600.14,4,0.2143,52,email,0,1,0
C006927,57,57094.0,2,0.1661,51,email,10,0,0
C006928,40,54310.54,6,0.3613,114,sms,10,1,0
C006929,45,46064.19,5,0.6704,46,sms,5,1,0
C006930,31,40034.03,3,0.1053,75,direct_mail,10,0,0
C006931,28,41784.73,6,0.4741,1,email,10,0,0
C006932,40,89240.9,4,0.1539,31,email,0,0,0
C006933,25,28319.3,1,0.3571,76,paid_social,20,1,0
C006934,45,43068.27,6,0.2489,72,sms,5,0,0
C006935,28,83601.49,2,0.3113,67,email,0,1,0
C006936,34,35956.11,1,0.4364,12,sms,0,1,0
C006937,37,101582.55,0,0.1452,108,email,5,0,0
C006938,45,86684.1,2,0.0677,87,email,0,0,0
C006939,49,58375.24,4,0.3358,116,direct_mail,5,1,0
C006940,34,141319.63,7,0.4894,79,paid_social,20,0,0
C006941,68,84249.33,3,0.378,105,email,5,1,0
C006942,31,44061.02,8,0.4277,113,email,20,1,0
C006943,54,65406.37,4,0.0628,74,email,0,1,0
C006944,31,75997.51,6,0.2904,35,email,15,0,1
C006945,37,39169.38,3,0.462,14,sms,10,0,0
C006946,24,31385.12,4,0.4155,90,email,0,0,0
C006947,26,105086.43,3,0.0277,61,email,5,0,0
C006948,68,68419.33,5,0.1921,57,email,10,0,0
C006949,63,121533.17,5,0.2366,99,sms,5,0,0
C006950,22,72017.26,8,0.2748,73,direct_mail,5,0,0
C006951,32,75651.08,4,0.2115,41,paid_social,5,0,0
C006952,65,85397.0,5,0.1395,98,email,0,1,0
C006953,59,49919.85,2,0.0783,70,email,20,1,0
C006954,53,53165.08,8,0.4773,51,paid_social,15,1,0
C006955,30,59096.42,4,0.1636,14,paid_social,0,1,0
C006956,36,53199.1,5,0.2626,33,email,15,0,0
C006957,60,64460.5,7,0.184,71,email,10,0,0
C006958,53,129358.85,2,0.0901,77,paid_social,10,1,0
C006959,27,51680.82,4,0.6041,103,sms,10,0,0
C006960,45,117300.22,4,0.23,44,paid_social,10,0,0
C006961,63,78809.66,1,0.3367,58,email,10,1,0
C006962,34,45517.96,4,0.3586,111,email,0,1,1
C006963,25,53890.7,4,0.208,74,email,5,1,0
C006964,66,99477.47,1,0.2873,77,email,0,1,0
C006965,53,44462.56,6,0.2851,81,email,0,1,0
C006966,29,49934.75,4,0.4792,14,sms,20,1,0
C006967,41,31360.22,6,0.4507,34,direct_mail,5,1,0
C006968,71,24139.97,4,0.3199,85,email,5,0,0
C006969,72,53155.04,4,0.1185,39,email,0,1,0
C006970,43,91817.4,7,0.1706,34,email,10,1,0
C006971,51,100416.53,8,0.1133,53,email,5,0,0
C006972,54,51882.28,5,0.1096,16,sms,5,1,0
C006973,51,91596.82,6,0.5223,20,email,20,0,0
C006974,26,106067.7,3,0.1178,5,email,5,0,0
C006975,38,69199.37,2,0.27,47,paid_social,20,1,0
C006976,49,55781.42,2,0.4273,31,email,15,1,0
C006977,65,59411.63,3,0.2458,39,email,15,0,0
C006978,56,48318.48,2,0.2986,44,email,0,1,0
C006979,56,45613.3,10,0.7516,43,email,15,0,0
C006980,56,45556.36,5,0.0882,3,email,15,0,0
C006981,34,101255.38,8,0.1676,50,direct_mail,0,1,0
C006982,70,80887.07,4,0.0556,53,email,5,0,0
C006983,69,24528.64,5,0.476,76,paid_social,15,1,0
C006984,67,74289.34,5,0.3616,69,email,0,0,0
C006985,48,48587.93,2,0.3271,72,email,15,1,0
C006986,33,35520.71,4,0.1752,35,email,10,1,0
C006987,42,43932.12,6,0.3318,49,paid_social,0,1,0
C006988,56,58651.16,3,0.0724,51,paid_social,15,1,0
C006989,56,167566.52,5,0.4506,89,sms,0,0,0
C006990,53,82593.07,4,0.2839,20,email,10,0,0
C006991,67,31122.93,4,0.1532,95,paid_social,0,1,0
C006992,64,65616.92,1,0.3408,32,sms,5,1,0
C006993,47,61982.01,1,0.2903,75,direct_mail,10,0,0
C006994,30,94956.83,4,0.3332,3,email,10,0,0
C006995,47,107395.83,4,0.0895,12,sms,10,0,0
C006996,43,88384.53,2,0.2644,8,email,0,1,0
C006997,71,68052.1,2,0.264,65,paid_social,0,1,0
C006998,56,89517.12,1,0.1598,56,email,10,0,0
C006999,65,74715.56,5,0.421,41,email,10,1,0
C007000,54,42225.96,5,0.2303,106,sms,10,0,0
C007001,33,41664.4,4,0.0933,86,email,15,0,0
C007002,27,35771.31,4,0.3758,29,paid_social,10,0,0
C007003,64,51926.42,4,0.0885,26,email,20,0,0
C007004,62,31438.05,7,0.3274,22,paid_social,10,1,0
C007005,56,41816.95,6,0.1365,54,paid_social,15,1,1
C007006,52,113930.83,3,0.4489,1,email,10,0,0
C007007,67,91278.39,3,0.3457,92,sms,10,0,0
C007008,45,43201.99,3,0.1747,23,direct_mail,10,1,0
C007009,34,33422.87,2,0.3407,101,email,0,1,0
C007010,46,132048.72,4,0.2878,31,email,5,1,0
C007011,21,161656.7,4,0.3826,118,email,0,0,0
C007012,54,101553.81,4,0.3786,1,email,15,0,0
C007013,56,53893.24,8,0.5491,58,sms,5,0,1
C007014,31,43747.84,6,0.8296,104,paid_social,15,1,0
C007015,31,77758.39,6,0.7025,50,email,15,1,0
C007016,44,44522.1,3,0.5935,23,email,15,0,0
C007017,38,70779.79,10,0.2408,31,sms,10,1,0
C007018,73,111266.8,3,0.2053,62,sms,5,1,0
C007019,24,49562.34,8,0.5399,3,email,10,1,1
C007020,38,27114.61,3,0.3237,27,paid_social,10,1,0
C007021,40,44080.2,5,0.1257,23,sms,0,1,0
C007022,65,93376.89,2,0.4087,32,direct_mail,5,1,0
C007023,48,106727.34,3,0.3122,46,email,0,0,0
C007024,50,63174.43,4,0.3932,78,paid_social,0,0,0
C007025,59,62433.55,4,0.4636,16,direct_mail,15,1,0
C007026,47,77422.04,6,0.5461,5,paid_social,15,1,0
C007027,67,109977.62,2,0.3563,90,email,0,0,0
C007028,22,90240.78,4,0.0697,37,sms,15,1,0
C007029,29,95419.83,1,0.167,116,email,0,1,0
C007030,45,82499.63,3,0.2295,26,direct_mail,15,0,0
C007031,50,59552.14,3,0.4362,100,paid_social,15,0,0
C007032,45,69922.83,3,0.2804,57,email,5,1,0
C007033,63,95092.83,4,0.0575,102,paid_social,5,1,0
C007034,40,70119.37,6,0.155,10,email,10,1,0
C007035,53,67372.62,4,0.0613,106,paid_social,15,1,0
C007036,24,45445.12,7,0.4008,9,paid_social,5,0,0
C007037,48,98902.24,3,0.0937,95,paid_social,0,1,0
C007038,48,118545.97,8,0.5628,92,email,15,0,0
C007039,29,155206.25,6,0.644,35,sms,5,0,0
C007040,71,42943.0,3,0.3211,16,email,20,0,0
C007041,33,53242.83,5,0.3922,26,email,10,0,0
C007042,74,104398.59,5,0.4358,75,email,10,0,0
C007043,67,23104.95,7,0.1226,95,email,0,1,0
C007044,50,28092.26,6,0.1397,86,direct_mail,20,1,0
C007045,52,185344.88,1,0.1123,86,email,10,0,0
C007046,65,45158.11,6,0.1495,45,email,0,0,0
C007047,38,78903.37,2,0.1074,39,email,20,1,0
C007048,74,51247.58,2,0.4608,58,email,15,1,0
C007049,48,53600.91,6,0.1288,114,sms,15,0,0
C007050,22,144753.18,6,0.1485,13,email,5,1,0
C007051,25,49150.42,7,0.1561,87,email,10,1,0
C007052,30,61385.94,3,0.151,40,sms,0,0,0
C007053,27,58440.38,2,0.311,110,email,5,1,0
C007054,25,67962.34,4,0.2708,23,email,5,0,0
C007055,51,40511.14,7,0.2464,1,email,0,0,0
C007056,71,45037.0,1,0.2198,105,email,0,0,0
C007057,53,52289.7,2,0.3394,42,email,10,1,0
C007058,62,27672.17,2,0.1128,117,paid_social,0,0,0
C007059,41,87104.8,4,0.1529,107,direct_mail,20,0,0
C007060,23,52224.28,3,0.3381,40,email,10,1,0
C007061,30,58354.54,5,0.1245,64,email,0,0,0
C007062,52,80773.56,4,0.4791,61,email,0,1,0
C007063,71,40950.11,5,0.0863,48,direct_mail,5,1,0
C007064,49,56071.61,4,0.4484,45,email,0,1,0
C007065,70,54130.93,6,0.3166,58,paid_social,15,0,0
C007066,36,125137.57,5,0.2003,52,email,0,0,0
C007067,61,75110.58,7,0.1402,95,email,20,0,0
C007068,48,96375.46,3,0.3015,92,email,20,0,0
C007069,71,48423.78,5,0.1809,37,paid_social,0,1,0
C007070,73,79059.72,1,0.0156,5,direct_mail,0,1,0
C007071,58,23419.32,3,0.2263,57,email,10,0,0
C007072,27,121301.14,6,0.3876,30,direct_mail,20,1,0
C007073,67,120679.1,7,0.19,61,email,0,0,0
C007074,25,84610.19,2,0.6162,60,email,5,1,0
C007075,57,72199.81,1,0.3305,107,email,20,0,0
C007076,41,36454.34,3,0.0403,31,email,5,0,0
C007077,32,169619.45,1,0.3366,4,email,5,1,0
C007078,27,46666.43,2,0.1583,106,email,15,0,0
C007079,38,103275.83,7,0.2432,34,email,10,1,0
C007080,24,219765.8,2,0.5233,40,email,5,1,0
C007081,29,108311.12,2,0.4069,45,email,10,1,0
C007082,50,82488.28,2,0.0615,43,email,10,1,0
C007083,71,38479.74,5,0.0817,112,email,10,1,0
C007084,49,139788.4,2,0.1001,92,email,20,0,0
C007085,71,49141.49,4,0.2755,62,email,10,0,0
C007086,46,44876.63,3,0.026,92,paid_social,5,0,0
C007087,35,54021.67,7,0.3034,94,email,10,0,0
C007088,31,111503.34,3,0.5207,48,email,0,1,0
C007089,65,44306.82,5,0.401,48,sms,0,0,0
C007090,51,67095.28,5,0.0531,70,sms,15,0,0
C007091,57,41024.76,2,0.5366,53,sms,5,1,0
C007092,62,75584.89,4,0.1557,62,email,10,1,0
C007093,52,59784.0,4,0.5173,75,paid_social,15,0,0
C007094,55,78142.25,0,0.7261,55,paid_social,15,1,0
C007095,63,61462.63,5,0.8491,106,direct_mail,10,1,0
C007096,48,143022.41,3,0.1645,85,sms,10,1,0
C007097,33,113046.43,5,0.1601,73,paid_social,10,0,0
C007098,48,51668.3,7,0.461,101,sms,0,1,0
C007099,51,49895.16,3,0.3404,17,direct_mail,15,1,0
C007100,50,92892.31,1,0.5815,11,paid_social,0,1,0
C007101,32,80897.97,4,0.1697,114,sms,20,0,0
C007102,57,47660.95,2,0.2741,83,sms,10,0,0
C007103,62,69072.23,3,0.1676,68,email,15,1,0
C007104,46,97634.5,3,0.623,104,sms,0,0,0
C007105,39,90672.3,6,0.3075,49,email,10,1,0
C007106,34,36727.12,8,0.3031,98,email,5,1,0
C007107,67,75220.96,3,0.1114,102,sms,20,1,0
C007108,42,44150.18,5,0.0787,97,sms,10,0,0
C007109,47,103831.38,0,0.1595,10,email,15,1,0
C007110,41,63889.99,6,0.0496,83,paid_social,15,1,0
C007111,53,61625.2,6,0.5299,27,email,15,0,0
C007112,56,32166.76,2,0.0848,61,sms,15,1,0
C007113,57,160632.98,7,0.2524,75,email,10,1,0
C007114,60,132219.2,2,0.4305,47,email,5,1,0
C007115,68,168007.87,5,0.1681,77,email,20,1,0
C007116,39,78244.54,4,0.2966,41,paid_social,20,0,0
C007117,41,75779.44,5,0.5369,26,direct_mail,10,1,0
C007118,66,42877.54,6,0.2261,3,direct_mail,0,1,0
C007119,57,44982.3,3,0.1386,56,email,10,1,0
C007120,65,104813.88,3,0.0741,51,paid_social,10,0,0
C007121,35,77682.06,3,0.5059,8,paid_social,10,1,0
C007122,71,69848.01,3,0.0143,88,email,15,0,0
C007123,60,45311.38,3,0.3482,24,email,10,0,0
C007124,69,71209.57,3,0.3861,68,email,10,1,0
C007125,57,92695.45,5,0.1883,36,email,0,0,0
C007126,25,33972.8,7,0.5932,104,direct_mail,5,0,0
C007127,25,19490.44,4,0.1088,30,email,5,1,0
C007128,50,49243.67,4,0.3542,75,email,15,1,0
C007129,48,115551.44,6,0.3473,53,paid_social,10,0,0
C007130,65,26142.14,2,0.5289,50,email,10,0,0
C007131,25,21253.29,3,0.3192,61,email,0,1,0
C007132,21,71769.63,5,0.1732,18,email,10,1,0
C007133,59,51858.08,3,0.4042,4,email,0,0,0
C007134,56,102376.26,4,0.5993,6,sms,5,1,0
C007135,31,46705.41,3,0.4245,62,email,0,0,0
C007136,74,105500.1,4,0.3841,82,email,10,0,0
C007137,70,80530.5,4,0.3385,64,paid_social,10,1,0
C007138,25,73370.08,2,0.4971,2,paid_social,10,0,0
C007139,31,84125.78,3,0.3064,21,email,5,0,0
C007140,22,132657.73,4,0.3091,94,direct_mail,10,0,0
C007141,65,35853.83,5,0.3296,43,email,15,0,0
C007142,55,38332.54,1,0.2362,63,email,15,0,0
C007143,40,89959.88,4,0.1793,85,email,10,1,0
C007144,58,48523.76,3,0.236,19,email,5,1,1
C007145,64,53805.09,7,0.1098,47,email,20,0,0
C007146,35,35670.49,4,0.0506,4,email,0,1,0
C007147,28,85524.59,6,0.7857,89,email,15,0,0
C007148,41,85063.95,2,0.4638,39,email,20,1,0
C007149,24,22545.28,5,0.3078,15,sms,5,0,0
C007150,56,151594.56,3,0.0874,83,email,10,0,0
C007151,32,68387.92,6,0.203,80,email,5,0,0
C007152,64,40907.65,1,0.2418,111,email,0,1,0
C007153,33,67757.89,4,0.1398,73,email,15,0,0
C007154,37,61821.65,5,0.1323,61,sms,15,0,0
C007155,66,81239.61,2,0.2808,85,paid_social,0,1,0
C007156,33,90200.95,3,0.2656,33,email,10,1,0
C007157,46,88291.37,4,0.3742,48,sms,10,1,0
C007158,26,45109.58,5,0.4025,72,email,10,1,0
C007159,34,22337.44,2,0.3755,66,email,20,0,0
C007160,22,87359.12,6,0.3004,77,sms,10,1,0
C007161,33,30648.47,4,0.3165,11,email,10,0,0
C007162,71,44303.8,4,0.1348,6,sms,0,0,0
C007163,55,62683.56,3,0.3016,39,sms,10,0,0
C007164,54,38401.18,5,0.6469,10,email,5,0,0
C007165,65,59134.11,5,0.0743,107,sms,0,1,0
C007166,73,69882.5,3,0.3861,7,email,10,0,0
C007167,65,54640.5,1,0.1566,20,email,10,1,0
C007168,61,21497.79,1,0.4541,2,email,0,0,0
C007169,48,67676.34,2,0.0441,47,email,5,1,0
C007170,22,38125.15,3,0.5347,52,email,0,0,0
C007171,68,65133.61,6,0.1043,57,email,15,1,0
C007172,45,52969.31,3,0.3268,98,direct_mail,15,1,0
C007173,38,220000.0,4,0.3075,92,email,5,0,0
C007174,47,64774.17,3,0.1903,34,paid_social,15,1,0
C007175,33,46982.17,4,0.0898,52,email,10,1,0
C007176,74,44010.82,4,0.218,93,direct_mail,5,0,0
C007177,44,114534.08,4,0.5194,80,email,10,1,0
C007178,71,48089.81,5,0.0335,33,email,10,0,0
C007179,39,53121.76,5,0.144,98,email,5,0,0
C007180,68,123903.32,3,0.5576,65,email,5,1,0
C007181,61,58404.85,3,0.139,100,email,15,1,0
C007182,36,44002.87,0,0.2127,107,direct_mail,10,1,0
C007183,74,68862.62,4,0.0997,33,email,20,1,0
C007184,32,71193.68,3,0.4046,107,email,10,1,0
C007185,65,71246.77,4,0.2648,11,sms,15,1,0
C007186,51,40698.81,4,0.6629,69,email,5,0,0
C007187,51,68028.73,5,0.3862,77,sms,10,0,0
C007188,65,47573.08,8,0.41,91,direct_mail,15,0,0
C007189,73,51038.14,6,0.3563,3,direct_mail,10,1,0
C007190,39,35913.24,2,0.3805,110,direct_mail,20,1,0
C007191,60,35067.31,7,0.3771,5,direct_mail,5,0,0
C007192,23,120815.18,6,0.1589,79,paid_social,15,0,0
C007193,37,107281.07,2,0.4035,79,paid_social,15,0,1
C007194,67,64967.68,4,0.3342,109,email,20,0,0
C007195,24,43069.31,4,0.2074,17,sms,0,1,0
C007196,50,55602.86,5,0.3876,57,paid_social,5,0,0
C007197,55,86729.23,7,0.6381,30,sms,20,1,0
C007198,39,95054.85,7,0.1985,77,email,0,1,1
C007199,63,58578.79,1,0.2241,84,email,10,0,0
C007200,70,133494.97,2,0.4894,93,sms,0,1,0
C007201,40,57113.45,1,0.2462,18,sms,0,1,0
C007202,43,37573.29,5,0.0971,3,email,15,1,0
C007203,28,33241.32,4,0.2197,8,email,5,0,0
C007204,55,51505.09,0,0.356,12,email,15,1,0
C007205,30,54481.78,8,0.4148,92,email,5,1,0
C007206,68,93145.52,7,0.7355,95,email,5,0,0
C007207,72,38106.83,9,0.0424,17,email,0,0,0
C007208,60,61258.69,5,0.3351,14,sms,15,0,0
C007209,71,30572.54,5,0.7764,113,email,5,0,0
C007210,43,67983.07,5,0.0904,12,email,0,0,0
C007211,36,76362.69,4,0.0936,6,sms,20,0,0
C007212,60,121233.87,3,0.2507,19,email,0,1,0
C007213,71,64969.02,4,0.3005,7,sms,20,0,0
C007214,39,85980.72,3,0.1426,19,email,10,1,0
C007215,69,111032.58,9,0.2417,64,email,5,1,0
C007216,30,62431.34,3,0.6821,105,direct_mail,20,1,1
C007217,72,85372.19,3,0.0136,8,sms,5,1,1
C007218,49,54880.23,4,0.0419,91,sms,10,0,0
C007219,47,123005.74,6,0.635,102,email,0,1,0
C007220,51,36548.04,6,0.3607,53,direct_mail,5,1,0
C007221,42,134966.89,3,0.1715,10,email,10,0,0
C007222,62,46519.13,4,0.1853,28,paid_social,5,0,0
C007223,51,43132.74,1,0.2315,106,email,10,1,0
C007224,50,165584.6,2,0.2406,5,sms,15,1,0
C007225,73,56195.28,4,0.1923,40,email,0,0,0
C007226,25,52682.92,1,0.4709,113,paid_social,5,0,0
C007227,31,63863.91,4,0.1832,108,email,0,0,0
C007228,62,39446.31,4,0.2428,116,sms,0,0,0
C007229,25,135691.09,4,0.4465,90,sms,10,1,0
C007230,71,38542.65,4,0.3442,106,email,15,0,0
C007231,63,49484.79,4,0.3716,79,sms,0,1,0
C007232,38,87932.71,1,0.1644,50,email,10,0,0
C007233,59,123522.91,3,0.1453,51,email,10,0,0
C007234,36,64729.96,1,0.1361,72,sms,0,1,0
C007235,57,107822.59,2,0.5376,62,email,20,0,0
C007236,42,86481.55,4,0.2882,40,email,20,0,0
C007237,25,28688.5,5,0.0605,35,sms,0,0,0
C007238,57,41209.35,4,0.5323,3,direct_mail,15,0,0
C007239,22,55523.68,6,0.1103,58,sms,0,0,0
C007240,24,61637.64,4,0.5355,73,direct_mail,0,1,1
C007241,50,46337.74,4,0.16,52,email,10,0,0
C007242,33,100556.41,4,0.4985,22,sms,0,1,0
C007243,53,92367.71,4,0.1288,62,email,20,1,0
C007244,44,79219.67,4,0.3378,63,sms,10,1,0
C007245,30,145201.21,7,0.3873,24,email,20,0,0
C007246,36,57635.85,5,0.2926,45,sms,10,1,0
C007247,45,50859.5,7,0.3251,107,email,10,1,0
C007248,52,67597.23,6,0.2677,73,email,0,0,0
C007249,56,27310.02,3,0.2216,35,direct_mail,20,1,0
C007250,46,32072.29,6,0.3494,7,email,10,1,0
C007251,40,48367.14,4,0.1289,92,email,15,1,0
C007252,26,84405.3,6,0.6976,61,paid_social,5,1,0
C007253,25,215383.19,6,0.2847,31,paid_social,10,1,0
C007254,41,57245.93,1,0.043,90,sms,15,1,0
C007255,33,74183.81,3,0.1824,26,paid_social,5,0,0
C007256,72,99687.6,2,0.2453,80,email,0,1,0
C007257,38,79987.01,6,0.372,11,paid_social,15,1,0
C007258,53,61416.08,3,0.1206,23,sms,15,0,0
C007259,27,72309.4,6,0.195,69,email,10,0,0
C007260,72,102735.68,5,0.2927,55,email,5,0,0
C007261,56,65515.04,3,0.3549,39,paid_social,0,0,0
C007262,52,74419.78,4,0.14,100,paid_social,0,1,0
C007263,22,112019.27,5,0.0287,112,email,0,0,0
C007264,23,59493.87,5,0.1896,93,email,20,0,0
C007265,47,99980.78,5,0.3779,72,direct_mail,10,1,0
C007266,33,42174.93,4,0.3089,111,direct_mail,15,1,0
C007267,44,80618.82,2,0.0293,86,email,10,1,0
C007268,46,60028.76,6,0.1118,39,paid_social,5,0,0
C007269,56,109995.42,6,0.2792,110,email,10,1,0
C007270,59,75364.09,4,0.3686,104,paid_social,15,1,0
C007271,39,111650.98,4,0.5375,59,sms,15,1,0
C007272,35,154691.13,4,0.1407,43,email,20,1,0
C007273,70,72974.02,5,0.1845,38,paid_social,10,0,0
C007274,41,107754.27,4,0.2654,45,email,5,1,0
C007275,48,62251.46,6,0.2051,98,paid_social,5,1,0
C007276,43,39815.31,2,0.1428,26,sms,10,1,0
C007277,32,123875.33,6,0.158,103,sms,0,0,0
C007278,27,98796.49,2,0.2634,92,email,0,1,0
C007279,52,78433.33,2,0.2844,46,paid_social,5,1,0
C007280,47,41037.22,0,0.1285,89,email,15,1,0
C007281,39,90447.29,3,0.5272,93,email,10,1,0
C007282,25,28910.26,3,0.243,89,email,5,0,0
C007283,29,66291.02,7,0.4492,52,paid_social,0,0,0
C007284,50,72142.35,5,0.2317,54,email,0,1,0
C007285,32,51603.39,5,0.1364,53,email,0,0,0
C007286,26,119279.63,5,0.5525,106,paid_social,10,0,0
C007287,63,50210.12,2,0.5245,33,email,10,1,0
C007288,63,74372.09,1,0.304,83,email,10,1,0
C007289,65,56309.86,3,0.2392,7,paid_social,0,0,0
C007290,42,87695.4,6,0.3435,87,email,0,1,0
C007291,74,59941.39,2,0.4752,2,paid_social,10,0,0
C007292,23,78721.55,11,0.2032,112,paid_social,0,1,0
C007293,48,140094.74,3,0.2161,103,paid_social,5,0,0
C007294,41,42483.44,6,0.3262,44,email,0,0,0
C007295,63,46690.91,4,0.0127,91,email,15,0,0
C007296,64,87441.61,4,0.456,15,email,15,0,0
C007297,63,85688.68,2,0.1999,108,email,10,1,0
C007298,37,53711.21,9,0.2992,35,email,10,1,0
C007299,58,46774.49,3,0.3746,116,email,10,0,0
C007300,54,54246.09,4,0.5724,2,sms,20,0,0
C007301,32,56516.78,5,0.114,12,sms,15,0,0
C007302,60,45178.86,4,0.2775,36,email,5,1,0
C007303,29,80689.43,4,0.2524,72,email,10,1,0
C007304,43,81014.75,2,0.0906,39,email,5,0,1
C007305,63,203224.0,2,0.287,1,paid_social,5,0,0
C007306,26,69880.41,4,0.1617,43,email,10,1,0
C007307,34,22634.65,5,0.2894,66,direct_mail,15,1,0
C007308,67,63077.94,7,0.0265,39,direct_mail,10,1,0
C007309,31,53852.74,6,0.4802,93,paid_social,20,1,0
C007310,58,35958.09,4,0.3236,88,sms,20,1,0
C007311,73,51754.48,4,0.2685,104,paid_social,10,0,0
C007312,51,157051.0,8,0.2297,91,email,20,0,0
C007313,52,123429.81,6,0.0596,48,email,5,0,0
C007314,66,31650.62,7,0.2294,50,email,20,1,0
C007315,65,145732.49,3,0.5645,104,email,15,0,0
C007316,62,46650.66,3,0.2585,107,direct_mail,10,1,0
C007317,46,60635.08,4,0.5133,78,email,20,0,0
C007318,53,82627.06,9,0.4501,1,email,10,1,0
C007319,55,39720.13,5,0.4152,74,sms,20,1,0
C007320,69,93527.68,6,0.2742,18,paid_social,0,1,0
C007321,42,112709.82,7,0.2195,62,email,10,1,0
C007322,48,49202.97,2,0.1763,68,email,20,0,0
C007323,59,39638.74,5,0.5615,69,email,0,1,0
C007324,24,65515.21,6,0.3463,4,direct_mail,5,1,0
C007325,37,53588.53,1,0.5965,53,email,10,0,0
C007326,40,31135.4,2,0.3302,50,email,0,0,0
C007327,22,85191.88,2,0.1588,17,email,10,0,0
C007328,21,84374.23,3,0.1779,111,email,5,1,0
C007329,24,77647.79,7,0.1419,55,email,10,0,0
C007330,55,74626.21,1,0.2601,37,email,15,1,0
C007331,38,22955.91,3,0.1958,26,sms,5,1,0
C007332,50,60070.24,5,0.0757,3,email,0,1,0
C007333,63,128906.55,4,0.2127,17,paid_social,5,1,0
C007334,66,50852.6,5,0.1678,115,email,10,0,0
C007335,29,125115.38,1,0.2921,27,email,15,1,0
C007336,57,109034.15,8,0.3064,25,email,15,0,0
C007337,72,34649.67,7,0.1457,70,email,15,0,0
C007338,35,78758.64,4,0.1962,87,email,5,1,0
C007339,56,56600.4,2,0.1266,5,sms,0,1,0
C007340,73,46943.93,6,0.2772,117,email,0,0,0
C007341,50,80688.98,4,0.0462,92,email,15,1,0
C007342,72,135461.16,7,0.5704,12,paid_social,5,1,0
C007343,58,133326.77,3,0.1165,71,email,5,0,0
C007344,74,127085.58,6,0.4012,82,sms,10,1,0
C007345,32,72029.57,8,0.1938,3,paid_social,0,0,0
C007346,49,58337.59,6,0.2919,57,email,5,0,0
C007347,65,51242.97,2,0.2143,50,email,20,1,0
C007348,27,34275.85,6,0.3543,91,email,10,1,0
C007349,70,84492.19,3,0.3687,80,email,5,1,0
C007350,35,56911.77,6,0.2792,3,email,15,1,0
C007351,30,77950.73,4,0.2496,23,email,10,1,0
C007352,53,21176.01,3,0.2844,74,email,5,1,0
C007353,54,46196.17,12,0.4732,71,email,10,1,0
C007354,28,48846.21,3,0.086,119,paid_social,5,0,0
C007355,61,52011.54,1,0.2228,35,email,15,0,1
C007356,74,50463.01,0,0.1377,97,paid_social,0,1,0
C007357,73,55664.26,4,0.394,68,paid_social,5,1,0
C007358,46,104952.38,5,0.1979,14,email,20,1,0
C007359,22,32329.25,3,0.8085,14,email,5,0,0
C007360,52,48150.44,9,0.2537,113,email,15,1,0
C007361,40,43374.86,4,0.4742,62,sms,15,0,0
C007362,23,60601.47,4,0.6026,7,email,10,1,0
C007363,62,18147.56,4,0.1119,53,email,5,0,0
C007364,67,99113.25,3,0.193,14,paid_social,0,1,0
C007365,48,86789.43,8,0.3822,60,sms,10,0,0
C007366,25,62515.68,5,0.2274,99,email,15,0,0
C007367,29,67408.63,5,0.417,116,paid_social,10,1,0
C007368,46,98193.06,2,0.3937,77,email,0,0,0
C007369,29,108739.25,2,0.2746,39,email,15,1,0
C007370,66,46166.54,8,0.4741,11,email,15,0,0
C007371,39,42451.04,6,0.2281,13,sms,0,1,0
C007372,49,99080.38,4,0.0574,41,paid_social,15,1,0
C007373,22,43242.82,3,0.4777,113,paid_social,10,0,0
C007374,59,33734.61,3,0.4535,89,paid_social,20,1,0
C007375,66,41401.9,4,0.0156,71,email,5,1,0
C007376,48,51437.51,3,0.5481,74,email,15,1,0
C007377,66,144809.64,5,0.4401,9,sms,20,1,0
C007378,34,51955.65,3,0.2185,42,email,10,1,0
C007379,34,91120.8,6,0.5426,79,email,10,1,1
C007380,63,69696.2,3,0.2376,36,email,5,0,0
C007381,62,68780.67,1,0.2143,49,sms,10,1,0
C007382,49,63536.41,1,0.0606,41,email,10,0,0
C007383,62,73426.62,5,0.2648,11,sms,0,0,0
C007384,38,110805.99,5,0.3073,47,email,0,1,0
C007385,71,87798.73,6,0.0365,88,email,0,0,0
C007386,52,58973.79,7,0.3089,67,email,5,0,0
C007387,74,48107.44,9,0.2487,96,email,15,1,0
C007388,65,70686.07,5,0.2161,104,email,5,1,0
C007389,44,55145.63,4,0.2948,9,email,0,1,0
C007390,45,56220.55,6,0.2421,34,email,5,0,0
C007391,30,71620.31,2,0.1794,13,email,5,1,0
C007392,54,66480.65,3,0.5433,99,email,10,1,0
C007393,73,73800.15,8,0.2701,1,email,15,1,0
C007394,57,72054.73,7,0.3993,33,email,10,0,0
C007395,65,54812.0,5,0.1608,63,email,10,1,0
C007396,59,140539.0,10,0.2789,99,email,10,0,0
C007397,73,96210.54,3,0.3663,61,direct_mail,15,0,0
C007398,45,87768.34,1,0.238,50,sms,10,1,0
C007399,72,88404.25,3,0.2614,23,sms,20,1,0
C007400,43,27184.99,7,0.6582,81,sms,10,1,1
C007401,50,57337.41,6,0.5299,34,email,5,0,1
C007402,22,82389.06,6,0.5243,65,email,15,1,0
C007403,69,220000.0,2,0.2572,84,paid_social,5,0,0
C007404,27,39495.45,4,0.1854,32,email,0,1,0
C007405,36,35896.04,5,0.5529,71,direct_mail,10,0,0
C007406,69,82137.17,8,0.2036,67,email,5,1,0
C007407,50,157953.93,4,0.5948,117,direct_mail,5,1,1
C007408,27,97513.15,5,0.2964,83,email,10,1,0
C007409,40,93819.93,3,0.4242,114,email,10,0,0
C007410,32,67587.41,6,0.1769,88,email,5,0,0
C007411,33,60828.81,7,0.3203,104,email,10,1,0
C007412,56,62953.93,0,0.4836,93,sms,15,0,0
C007413,70,59767.97,6,0.067,96,email,10,0,0
C007414,35,46975.76,5,0.2137,33,direct_mail,15,1,0
C007415,39,65548.79,6,0.1323,6,email,10,0,0
C007416,21,24805.86,6,0.3057,7,email,0,0,0
C007417,22,39686.72,4,0.4609,101,sms,0,1,0
C007418,58,58537.19,3,0.2804,18,email,15,1,0
C007419,21,33928.28,5,0.0899,68,email,5,1,0
C007420,65,49946.48,1,0.1874,10,email,20,1,0
C007421,32,122140.28,8,0.3996,97,email,5,1,0
C007422,37,46793.26,3,0.2694,17,paid_social,10,0,0
C007423,32,63935.43,3,0.258,1,email,15,1,0
C007424,58,55166.65,7,0.4526,100,email,5,0,0
C007425,52,76415.64,3,0.184,101,direct_mail,10,0,0
C007426,28,43787.48,6,0.2703,21,email,15,1,0
C007427,62,59992.24,2,0.6597,27,email,10,1,0
C007428,50,26346.15,3,0.2051,3,email,20,0,0
C007429,21,98569.72,7,0.2441,104,paid_social,0,1,0
C007430,55,63100.5,5,0.4272,65,email,15,1,0
C007431,61,140307.4,6,0.5854,59,email,15,0,0
C007432,60,33016.01,7,0.2044,77,sms,10,0,0
C007433,30,84448.85,1,0.0813,71,email,20,0,0
C007434,56,40773.99,7,0.0893,50,email,20,0,0
C007435,68,56876.2,5,0.2976,34,email,20,1,0
C007436,41,28296.14,5,0.3961,77,email,15,0,0
C007437,48,87558.9,8,0.2827,45,email,5,0,0
C007438,60,155690.04,9,0.0569,61,email,15,0,0
C007439,30,123943.76,4,0.7221,90,paid_social,0,1,0
C007440,49,50520.24,6,0.3525,1,direct_mail,5,1,0
C007441,55,92882.71,9,0.5087,63,email,5,0,0
C007442,63,43071.15,1,0.3312,8,email,0,0,0
C007443,39,57684.07,5,0.5026,1,paid_social,0,1,0
C007444,55,45986.6,2,0.3334,49,sms,10,1,0
C007445,31,111539.69,6,0.5564,77,email,10,1,0
C007446,26,38403.68,3,0.6373,61,direct_mail,10,1,0
C007447,45,51092.26,6,0.1798,48,email,10,1,0
C007448,45,58103.18,4,0.1495,52,paid_social,10,0,0
C007449,69,61843.19,3,0.2782,19,sms,15,1,0
C007450,32,42173.71,7,0.3706,43,sms,15,1,0
C007451,46,76751.74,4,0.3746,2,sms,0,0,0
C007452,21,124945.2,3,0.2192,29,email,20,0,0
C007453,54,117203.55,5,0.5815,99,direct_mail,0,0,0
C007454,53,164541.59,4,0.1523,119,email,20,1,0
C007455,29,27556.02,0,0.5793,45,email,10,1,0
C007456,44,100493.89,6,0.0956,119,sms,10,1,0
C007457,53,63155.86,5,0.3185,73,email,15,1,0
C007458,56,62149.34,5,0.1165,76,email,5,1,0
C007459,61,43342.33,5,0.0383,32,email,15,0,0
C007460,32,39973.05,1,0.1983,102,email,5,0,0
C007461,34,138162.36,1,0.1038,11,direct_mail,15,0,0
C007462,41,85303.99,5,0.1965,82,direct_mail,20,0,0
C007463,50,41987.45,5,0.3755,45,email,0,0,0
C007464,44,30163.29,3,0.0665,22,email,5,1,0
C007465,40,38273.5,5,0.1631,72,email,0,0,0
C007466,46,48516.97,1,0.1628,22,paid_social,0,1,0
C007467,35,54678.51,4,0.3605,49,email,0,1,0
C007468,34,31371.23,2,0.384,117,email,10,1,0
C007469,30,22998.51,8,0.3742,75,paid_social,10,1,0
C007470,70,43667.28,4,0.4011,49,email,0,1,0
C007471,71,69385.21,4,0.2105,108,direct_mail,0,1,0
C007472,49,75193.63,4,0.8073,104,sms,10,1,0
C007473,57,24417.48,6,0.3067,104,email,0,0,0
C007474,33,48448.91,1,0.4604,88,paid_social,0,1,0
C007475,42,28926.12,4,0.4741,12,paid_social,0,1,0
C007476,59,122801.6,3,0.0658,30,email,5,1,0
C007477,26,85196.55,5,0.4809,84,paid_social,10,1,0
C007478,70,164662.54,10,0.3747,36,email,20,1,0
C007479,65,80289.36,3,0.4961,39,paid_social,15,1,0
C007480,67,112913.9,4,0.0595,115,email,0,0,0
C007481,52,18000.0,4,0.2965,53,email,20,1,0
C007482,43,86425.62,5,0.1033,50,email,10,1,0
C007483,53,66571.56,5,0.3152,112,sms,15,0,0
C007484,53,56704.89,5,0.3438,73,sms,0,0,0
C007485,37,37258.85,2,0.0706,50,email,0,1,0
C007486,48,58017.79,5,0.3383,5,paid_social,10,1,0
C007487,47,73729.43,3,0.3518,32,sms,10,0,0
C007488,41,71078.93,6,0.1955,43,email,15,0,0
C007489,35,47649.37,6,0.12,110,email,15,0,0
C007490,57,70268.82,3,0.2501,16,email,5,1,0
C007491,35,101571.1,8,0.3244,57,email,5,0,0
C007492,59,48619.32,5,0.3282,88,email,5,0,0
C007493,54,64732.0,1,0.3077,53,paid_social,15,1,0
C007494,49,125237.22,6,0.3994,58,email,5,0,0
C007495,70,34652.5,4,0.2845,87,email,15,0,0
C007496,39,82734.83,6,0.0885,106,direct_mail,10,1,1
C007497,62,62788.64,8,0.0548,14,email,5,0,0
C007498,72,42152.8,6,0.7032,73,sms,15,0,0
C007499,68,52793.68,3,0.0649,30,paid_social,0,1,0
C007500,68,74696.08,8,0.2308,85,email,20,0,0
C007501,36,62400.99,2,0.3679,53,direct_mail,10,0,0
C007502,74,42724.69,5,0.4786,83,email,5,0,0
C007503,36,65275.75,5,0.4525,68,email,15,1,0
C007504,37,146627.95,6,0.0436,9,sms,10,1,0
C007505,62,43409.97,2,0.6188,2,email,20,0,1
C007506,64,103530.09,3,0.3348,37,direct_mail,20,1,1
C007507,57,67551.11,10,0.4052,14,email,15,1,0
C007508,57,55498.76,4,0.5158,13,email,15,1,0
C007509,33,63171.36,6,0.3094,77,email,15,1,0
C007510,66,44687.0,4,0.3379,90,email,0,0,0
C007511,40,126343.78,6,0.4846,91,email,15,0,0
C007512,54,119193.81,3,0.1668,60,sms,10,0,0
C007513,54,36134.37,2,0.3219,112,paid_social,15,0,0
C007514,63,58604.04,2,0.1446,42,email,5,0,0
C007515,23,72098.59,3,0.0693,104,email,5,1,0
C007516,53,63231.75,5,0.3461,97,sms,10,1,0
C007517,26,58881.51,6,0.3662,111,email,10,1,0
C007518,74,124742.02,3,0.4351,114,email,5,1,0
C007519,73,133482.24,6,0.1007,95,email,5,0,0
C007520,73,36198.2,5,0.5325,86,email,15,1,0
C007521,31,32152.52,3,0.2307,44,paid_social,5,0,0
C007522,60,25127.22,5,0.1183,80,email,15,1,1
C007523,47,49769.84,3,0.6477,110,email,5,1,0
C007524,69,72314.79,9,0.3737,24,email,10,1,0
C007525,72,118620.8,4,0.5199,89,email,10,1,0
C007526,63,41518.98,14,0.294,80,email,15,0,0
C007527,72,28659.67,6,0.0769,111,email,10,1,0
C007528,33,122654.1,1,0.2743,78,email,20,0,0
C007529,72,156494.52,4,0.149,38,email,15,0,0
C007530,47,49065.85,3,0.2315,33,paid_social,15,1,0
C007531,49,95687.65,5,0.3698,49,email,0,0,0
C007532,22,72460.15,2,0.3589,86,email,0,1,0
C007533,73,43413.84,5,0.1419,111,sms,0,1,0
C007534,46,41309.92,3,0.3817,42,email,15,1,0
C007535,54,64273.57,4,0.1967,37,paid_social,10,1,0
C007536,38,89881.25,7,0.2837,4,direct_mail,15,0,0
C007537,22,90042.87,3,0.4653,41,email,5,0,0
C007538,48,34845.35,7,0.2763,75,direct_mail,10,1,0
C007539,71,100478.01,5,0.0808,37,sms,0,0,0
C007540,70,77457.9,6,0.6996,63,email,20,0,0
C007541,47,36589.12,5,0.0333,15,email,5,0,0
C007542,47,41464.12,3,0.2103,18,email,15,0,0
C007543,46,42776.14,4,0.6165,102,sms,5,0,0
C007544,21,90266.63,4,0.2997,118,sms,20,1,0
C007545,48,65375.99,8,0.3385,23,email,5,1,0
C007546,50,35057.01,7,0.0982,28,paid_social,10,1,0
C007547,63,56066.35,2,0.3933,65,sms,0,0,0
C007548,39,74118.73,4,0.2205,72,email,10,0,0
C007549,54,48952.07,1,0.1486,73,email,15,1,0
C007550,34,75898.31,4,0.5234,84,email,0,0,0
C007551,48,75769.43,3,0.5119,118,email,10,1,0
C007552,25,98888.25,7,0.1434,41,email,10,0,0
C007553,36,77906.62,7,0.1171,36,email,15,0,0
C007554,69,97663.73,5,0.2955,91,email,10,1,0
C007555,61,64009.04,4,0.0228,83,direct_mail,15,0,0
C007556,30,43705.64,6,0.3174,76,email,10,1,0
C007557,27,75779.71,6,0.1339,88,email,0,0,0
C007558,48,95121.37,11,0.4729,70,paid_social,10,0,0
C007559,54,65605.53,3,0.2179,37,email,0,0,0
C007560,71,65699.9,2,0.0855,65,email,15,1,0
C007561,38,121907.01,5,0.0699,98,sms,10,1,0
C007562,30,79419.68,6,0.1092,43,direct_mail,10,0,0
C007563,67,64075.23,6,0.2167,41,email,10,1,0
C007564,53,39961.67,4,0.643,2,email,15,0,0
C007565,36,65208.07,6,0.1472,22,email,20,1,0
C007566,56,52511.08,7,0.0173,89,email,15,0,0
C007567,62,94479.7,3,0.2139,109,paid_social,0,0,0
C007568,66,49882.96,4,0.187,90,email,0,1,0
C007569,44,48499.34,1,0.6115,74,sms,10,0,0
C007570,23,28562.28,4,0.1792,9,email,10,0,0
C007571,35,60379.41,7,0.0643,102,paid_social,0,0,0
C007572,60,66051.69,7,0.2149,46,email,15,1,0
C007573,49,56063.98,5,0.1741,26,email,15,0,0
C007574,21,55739.73,3,0.0315,18,email,5,1,0
C007575,50,47676.69,6,0.6991,56,sms,10,1,0
C007576,28,52699.76,5,0.3201,38,email,5,0,0
C007577,62,47476.42,2,0.066,58,email,0,0,0
C007578,58,50837.96,4,0.438,80,email,0,0,0
C007579,23,69269.91,4,0.4456,104,email,10,0,0
C007580,63,220000.0,3,0.1518,41,sms,15,0,0
C007581,65,33494.07,10,0.5186,29,email,10,1,0
C007582,47,61385.57,6,0.3581,87,paid_social,15,0,0
C007583,24,44530.0,5,0.3235,48,email,10,1,0
C007584,54,33277.51,4,0.505,83,paid_social,0,1,0
C007585,32,49462.71,6,0.0887,29,email,10,0,0
C007586,62,93666.69,2,0.0589,25,direct_mail,0,0,0
C007587,57,51371.17,3,0.3418,29,paid_social,20,1,0
C007588,74,59080.09,6,0.0164,53,direct_mail,0,0,0
C007589,39,43720.23,3,0.229,42,email,15,0,0
C007590,73,158613.97,3,0.2301,32,email,0,1,0
C007591,40,116601.36,3,0.3299,117,direct_mail,15,1,0
C007592,24,133619.81,3,0.3993,114,paid_social,20,1,0
C007593,38,47769.8,5,0.1594,60,sms,5,1,0
C007594,62,37120.44,0,0.4916,24,paid_social,10,0,0
C007595,27,36628.11,3,0.3744,21,paid_social,0,1,0
C007596,35,78170.97,9,0.3064,60,email,15,1,0
C007597,65,32717.37,3,0.62,14,paid_social,5,1,0
C007598,48,71024.9,4,0.2175,38,paid_social,5,1,0
C007599,30,96426.54,3,0.1129,16,email,0,1,0
C007600,49,83393.29,2,0.2703,32,email,5,0,0
C007601,58,78576.73,3,0.1691,38,sms,0,1,0
C007602,60,80190.96,3,0.1602,15,direct_mail,5,0,0
C007603,32,31365.79,0,0.4081,111,email,20,0,0
C007604,55,109588.06,5,0.5341,84,paid_social,15,0,0
C007605,73,65659.58,5,0.1876,106,email,15,1,0
C007606,38,84183.43,2,0.5052,48,email,10,0,0
C007607,66,55688.82,2,0.2339,71,email,0,0,0
C007608,40,114207.98,5,0.2213,97,email,5,1,0
C007609,37,90519.04,5,0.2087,32,paid_social,20,0,0
C007610,66,29647.01,2,0.38,13,email,0,1,0
C007611,49,59983.65,7,0.1873,111,direct_mail,15,0,0
C007612,30,85587.78,7,0.6583,107,email,15,0,0
C007613,57,97344.62,3,0.4868,103,email,10,0,0
C007614,68,29930.14,3,0.2845,41,email,20,1,0
C007615,58,134866.86,6,0.1503,31,email,15,1,0
C007616,32,76037.88,2,0.203,67,sms,5,0,0
C007617,38,55317.56,9,0.085,56,email,5,1,0
C007618,33,42556.67,7,0.0752,13,email,15,1,0
C007619,57,72694.24,7,0.5226,97,sms,15,0,0
C007620,72,67318.62,6,0.366,114,sms,10,0,0
C007621,49,59816.33,5,0.3324,24,email,15,1,0
C007622,46,80473.29,5,0.4708,56,sms,10,0,0
C007623,68,44117.47,1,0.2054,106,email,10,0,0
C007624,73,51508.56,2,0.081,106,sms,5,1,0
C007625,24,70770.33,3,0.1958,117,sms,10,1,0
C007626,64,130225.31,6,0.2771,59,email,10,1,0
C007627,28,86974.77,5,0.6683,117,sms,20,1,0
C007628,34,34163.73,6,0.2191,3,email,10,0,0
C007629,60,96101.75,5,0.3767,66,sms,0,0,0
C007630,21,55413.84,2,0.2899,116,email,15,0,0
C007631,27,48952.45,6,0.7198,102,direct_mail,5,1,1
C007632,73,65081.69,5,0.1044,97,email,0,0,0
C007633,69,102020.69,5,0.2753,22,sms,10,0,0
C007634,21,65462.09,5,0.1873,83,paid_social,15,1,0
C007635,51,57685.69,1,0.3126,116,email,5,1,0
C007636,55,50099.85,9,0.2706,61,sms,15,0,0
C007637,55,23508.2,5,0.2235,47,email,5,1,0
C007638,60,124099.04,7,0.3888,15,sms,5,1,0
C007639,41,45682.46,4,0.5683,6,email,15,1,0
C007640,46,75054.0,6,0.2255,10,direct_mail,5,1,0
C007641,29,23597.5,4,0.7144,75,email,0,0,0
C007642,32,90443.48,4,0.0673,40,sms,20,1,0
C007643,53,111085.72,5,0.4195,62,paid_social,10,1,0
C007644,68,107577.97,7,0.613,51,sms,0,0,0
C007645,44,65689.7,2,0.3147,107,direct_mail,10,1,0
C007646,23,68985.4,2,0.5006,55,direct_mail,10,1,0
C007647,68,53628.97,2,0.0363,62,paid_social,0,0,0
C007648,74,138880.41,6,0.3964,72,email,5,0,0
C007649,62,103576.43,4,0.5859,73,direct_mail,10,0,0
C007650,43,28043.8,9,0.2446,8,sms,20,0,0
C007651,67,35502.08,5,0.1815,55,email,5,1,0
C007652,51,33013.4,3,0.0839,47,email,20,0,0
C007653,73,58781.07,2,0.2782,45,email,10,0,0
C007654,65,104775.94,8,0.3706,89,email,0,0,0
C007655,43,59255.17,8,0.5244,96,email,10,0,0
C007656,46,57483.74,4,0.1834,74,sms,15,1,0
C007657,27,100479.38,3,0.2129,15,paid_social,0,0,0
C007658,36,61312.68,7,0.2872,49,email,10,0,0
C007659,64,54992.48,5,0.1301,58,email,15,1,1
C007660,49,74708.35,5,0.0209,103,email,20,1,0
C007661,33,63334.64,3,0.2938,42,email,10,1,0
C007662,54,40364.61,2,0.2462,3,email,5,1,1
C007663,66,36282.17,7,0.2957,71,sms,20,1,0
C007664,24,77163.89,4,0.013,72,direct_mail,0,0,0
C007665,42,67656.02,7,0.8172,118,paid_social,10,1,1
C007666,66,62024.62,1,0.2058,5,email,0,0,0
C007667,54,35744.37,9,0.261,27,email,15,1,1
C007668,61,92484.81,4,0.2804,38,sms,0,0,0
C007669,38,86388.71,1,0.2378,102,email,15,1,0
C007670,33,37580.34,4,0.2762,50,sms,15,0,0
C007671,22,24096.25,10,0.08,97,email,10,1,0
C007672,28,50629.91,1,0.154,41,email,5,1,0
C007673,69,135314.07,1,0.1393,27,sms,15,0,0
C007674,36,59302.46,3,0.3802,35,email,5,0,0
C007675,40,88957.43,0,0.1496,19,sms,10,1,0
C007676,62,39755.52,3,0.2401,17,direct_mail,5,1,0
C007677,36,35735.3,4,0.6941,34,paid_social,5,1,0
C007678,59,65425.37,2,0.2427,114,direct_mail,10,1,0
C007679,47,80373.47,1,0.3554,105,email,5,1,0
C007680,69,35385.73,1,0.3423,38,email,15,1,0
C007681,48,43907.43,5,0.1942,7,paid_social,15,0,0
C007682,43,93093.92,6,0.1317,17,email,5,0,0
C007683,67,36136.24,4,0.0218,2,paid_social,20,0,0
C007684,70,72967.06,7,0.6279,3,email,10,1,0
C007685,65,92309.03,1,0.3306,74,email,0,1,0
C007686,73,82349.24,6,0.2539,35,sms,0,1,0
C007687,48,65450.08,5,0.2251,61,sms,15,1,0
C007688,33,47308.23,5,0.1441,117,email,10,1,0
C007689,72,54068.52,8,0.2103,68,email,10,1,0
C007690,25,122874.31,5,0.143,4,direct_mail,5,1,0
C007691,35,63682.12,1,0.3533,22,email,0,1,0
C007692,51,78234.25,7,0.0607,56,direct_mail,5,0,0
C007693,26,38688.27,2,0.0203,72,email,0,0,0
C007694,24,34305.73,5,0.2604,52,email,10,1,0
C007695,22,69476.16,5,0.2581,109,email,0,0,0
C007696,36,40164.14,9,0.3977,81,email,10,0,0
C007697,44,74682.93,1,0.141,16,email,10,0,0
C007698,72,38916.89,4,0.1587,55,email,5,0,0
C007699,26,58092.51,6,0.1342,18,paid_social,10,0,0
C007700,73,60522.1,6,0.4354,81,email,15,0,0
C007701,69,26564.14,4,0.0256,117,email,0,0,0
C007702,40,93445.44,3,0.2678,12,email,0,1,0
C007703,22,34843.98,3,0.3806,91,paid_social,10,1,0
C007704,42,50772.3,5,0.0905,3,direct_mail,20,1,0
C007705,35,82390.52,8,0.0669,69,email,10,1,0
C007706,51,73307.44,9,0.6811,70,sms,5,0,0
C007707,27,80561.43,5,0.248,86,direct_mail,10,1,0
C007708,50,110006.85,3,0.1919,65,email,0,0,0
C007709,39,81536.07,4,0.2467,111,email,10,0,0
C007710,27,43540.76,3,0.1597,36,paid_social,5,1,0
C007711,37,50427.01,7,0.4356,37,email,5,0,0
C007712,65,49942.49,5,0.2591,88,direct_mail,10,1,0
C007713,50,64678.75,7,0.1778,62,direct_mail,15,0,0
C007714,49,61853.3,6,0.6328,73,email,5,1,0
C007715,33,39791.9,3,0.2256,25,email,10,0,0
C007716,62,87846.04,4,0.0197,85,email,15,0,0
C007717,53,77523.14,2,0.4351,69,email,15,1,0
C007718,34,43110.84,7,0.2689,80,direct_mail,0,1,0
C007719,47,23637.77,4,0.1506,45,sms,5,1,0
C007720,24,98771.55,5,0.1204,104,email,0,0,0
C007721,27,105591.3,5,0.4128,46,email,5,1,0
C007722,46,82407.12,7,0.2468,107,sms,10,1,0
C007723,26,68591.08,3,0.505,87,email,5,0,0
C007724,39,68007.79,4,0.1486,11,email,15,0,0
C007725,41,68058.62,7,0.2864,26,direct_mail,15,1,0
C007726,68,98925.56,5,0.1214,111,paid_social,5,0,0
C007727,46,85078.84,6,0.4501,83,paid_social,0,1,0
C007728,49,135344.26,3,0.1555,106,paid_social,5,0,0
C007729,51,49727.25,3,0.3458,4,direct_mail,10,0,0
C007730,49,81828.03,4,0.1686,47,email,10,1,0
C007731,22,23532.01,6,0.297,74,email,0,0,0
C007732,24,148705.11,3,0.0797,94,sms,15,1,0
C007733,45,130136.25,6,0.1732,109,paid_social,5,0,0
C007734,24,41270.21,0,0.5553,99,paid_social,15,1,0
C007735,38,62777.79,5,0.3813,14,email,5,1,0
C007736,48,60984.02,4,0.2094,58,email,0,1,0
C007737,27,48718.25,6,0.3954,11,email,10,1,0
C007738,52,76698.86,4,0.524,95,email,5,1,0
C007739,51,43959.87,3,0.1889,41,email,0,1,0
C007740,22,68577.71,6,0.4685,50,sms,5,0,0
C007741,27,63238.71,6,0.2651,6,email,5,0,0
C007742,60,37196.12,4,0.3979,97,email,0,0,0
C007743,28,103071.93,6,0.1127,61,email,15,1,0
C007744,41,107709.83,5,0.1269,67,email,10,1,0
C007745,71,71196.34,5,0.2837,8,email,10,1,0
C007746,26,71024.93,3,0.7071,17,email,10,0,0
C007747,74,60763.69,3,0.7242,15,email,20,0,0
C007748,67,41190.47,3,0.2583,101,email,15,0,0
C007749,29,131252.81,5,0.1171,55,email,10,0,0
C007750,47,115535.21,5,0.1229,45,email,20,1,0
C007751,52,43052.36,6,0.0746,52,paid_social,10,0,0
C007752,28,60173.49,6,0.1234,94,sms,15,1,0
C007753,43,58378.56,7,0.134,24,paid_social,5,0,0
C007754,46,37112.3,7,0.2276,107,email,15,1,0
C007755,33,122106.64,7,0.2959,31,email,15,1,0
C007756,71,79385.69,2,0.2081,41,paid_social,0,1,0
C007757,58,56913.21,3,0.236,65,paid_social,0,0,0
C007758,53,41209.88,5,0.214,108,email,10,1,0
C007759,58,40996.84,4,0.2384,2,email,0,1,0
C007760,45,34579.83,2,0.5603,67,email,10,0,0
C007761,62,116204.21,1,0.6446,37,email,15,0,0
C007762,36,80225.28,3,0.0884,12,sms,15,0,0
C007763,50,55749.56,1,0.1641,19,email,0,1,0
C007764,23,30020.4,11,0.1344,14,direct_mail,0,0,0
C007765,62,95087.99,7,0.2977,112,paid_social,20,0,0
C007766,62,48862.71,4,0.236,89,paid_social,15,1,0
C007767,51,49835.36,1,0.3026,72,direct_mail,10,1,0
C007768,70,125290.12,5,0.221,82,email,10,0,0
C007769,33,30947.04,2,0.0453,21,email,15,0,0
C007770,29,173987.56,5,0.0968,62,email,20,0,0
C007771,24,57123.45,2,0.2224,36,email,10,0,0
C007772,33,46125.78,3,0.4908,101,email,0,0,0
C007773,25,43873.71,8,0.6548,99,email,10,1,1
C007774,40,32936.25,3,0.7165,21,email,0,0,0
C007775,34,53004.88,6,0.2545,98,email,10,1,0
C007776,67,53121.11,5,0.2193,35,email,20,1,0
C007777,39,60562.23,4,0.0819,69,paid_social,15,0,0
C007778,28,69216.17,3,0.4789,26,email,15,1,0
C007779,37,104551.44,4,0.5448,52,email,15,0,0
C007780,45,56399.62,5,0.5313,92,paid_social,10,1,0
C007781,40,143649.38,3,0.1653,108,paid_social,5,0,0
C007782,68,59070.62,3,0.4804,54,email,0,1,0
C007783,52,84787.43,3,0.342,73,email,15,0,0
C007784,32,54200.24,3,0.4742,86,sms,0,1,0
C007785,64,43109.32,7,0.3619,103,direct_mail,15,0,1
C007786,33,92271.6,4,0.4103,68,sms,5,1,0
C007787,51,77776.27,4,0.1681,90,email,0,1,0
C007788,50,55787.02,5,0.3688,3,paid_social,0,1,0
C007789,58,34054.45,3,0.2614,68,email,0,1,1
C007790,71,116359.69,3,0.2247,43,email,5,0,0
C007791,53,172462.24,5,0.1304,11,email,0,0,0
C007792,59,36922.13,4,0.179,72,email,15,0,0
C007793,52,51232.24,6,0.1671,67,sms,10,0,0
C007794,33,79050.12,3,0.3131,101,email,5,0,0
C007795,29,49527.67,4,0.2427,5,email,15,0,0
C007796,46,98544.72,11,0.3103,19,email,5,1,0
C007797,62,78816.57,9,0.4206,9,sms,10,0,0
C007798,31,49191.75,5,0.0589,81,email,0,1,0
C007799,32,94618.14,4,0.2646,116,paid_social,10,1,0
C007800,65,71119.23,6,0.266,39,direct_mail,15,1,0
C007801,37,39380.89,4,0.2004,77,email,10,1,0
C007802,30,35019.46,4,0.1206,97,sms,15,0,0
C007803,71,60200.56,2,0.136,22,email,5,0,0
C007804,31,76519.1,5,0.4313,80,email,0,1,0
C007805,36,92587.27,7,0.094,67,sms,0,0,0
C007806,43,49775.52,5,0.2275,76,email,10,0,0
C007807,70,53253.76,5,0.0978,43,email,15,1,0
C007808,47,49327.46,7,0.3744,28,email,5,1,0
C007809,32,32688.52,3,0.2232,63,sms,10,0,0
C007810,25,47371.1,5,0.1114,32,email,15,0,0
C007811,64,91572.62,4,0.1114,46,direct_mail,5,0,0
C007812,63,35727.18,5,0.1405,30,email,0,1,0
C007813,36,61406.03,5,0.5766,58,email,10,0,0
C007814,24,91531.31,5,0.2863,14,email,0,1,0
C007815,71,120213.24,8,0.2108,96,email,10,1,0
C007816,23,46037.45,0,0.6298,87,email,0,0,0
C007817,55,88289.37,8,0.0475,61,email,10,0,0
C007818,37,76970.82,5,0.1201,57,email,20,1,0
C007819,72,53472.77,5,0.2252,114,email,10,1,0
C007820,43,90813.29,4,0.1383,55,sms,0,1,0
C007821,63,78984.82,7,0.376,113,sms,15,0,0
C007822,56,40305.62,3,0.3544,100,sms,5,1,0
C007823,46,75462.38,2,0.2711,18,sms,10,1,0
C007824,46,39936.36,1,0.4768,115,direct_mail,5,1,0
C007825,72,40668.17,1,0.1906,66,email,0,1,0
C007826,58,51754.77,6,0.4587,91,direct_mail,10,1,0
C007827,50,70060.6,5,0.4199,60,email,0,1,0
C007828,28,90696.33,6,0.3928,19,direct_mail,5,0,0
C007829,55,46429.09,1,0.5114,47,paid_social,10,1,1
C007830,63,71523.14,5,0.0678,96,sms,0,0,0
C007831,51,76364.84,6,0.1197,88,email,15,0,0
C007832,35,97262.02,3,0.7407,83,email,5,1,0
C007833,66,43433.11,4,0.1373,84,sms,5,1,0
C007834,59,107122.27,5,0.2564,34,paid_social,5,0,0
C007835,32,34311.09,5,0.05,100,sms,10,0,0
C007836,67,91730.85,5,0.5676,35,email,0,1,0
C007837,71,42535.85,2,0.2007,73,paid_social,15,0,0
C007838,49,60630.27,12,0.4482,47,email,10,1,0
C007839,61,87081.13,2,0.1866,30,sms,15,0,0
C007840,30,104783.91,2,0.378,91,sms,15,1,0
C007841,71,59376.34,3,0.1587,33,sms,20,1,0
C007842,58,76477.51,5,0.1822,59,email,10,1,0
C007843,45,138363.95,4,0.2898,115,sms,0,0,0
C007844,21,37842.22,9,0.234,40,sms,0,0,0
C007845,31,73552.67,5,0.0604,60,sms,5,1,0
C007846,47,55668.7,4,0.0391,44,email,15,1,0
C007847,57,116538.87,6,0.5772,21,sms,0,0,0
C007848,45,55598.65,8,0.587,113,paid_social,20,1,0
C007849,73,73017.88,6,0.6229,75,email,20,1,0
C007850,25,87708.99,4,0.0797,37,sms,0,0,0
C007851,31,113331.06,3,0.306,37,paid_social,5,1,0
C007852,33,119477.41,6,0.1542,4,paid_social,15,1,0
C007853,31,63215.19,4,0.287,22,email,0,0,0
C007854,66,34491.87,5,0.3862,23,email,5,1,0
C007855,51,47956.96,1,0.1402,61,email,0,0,0
C007856,32,39270.68,8,0.2123,96,email,15,0,0
C007857,22,139305.45,3,0.2038,102,email,0,1,0
C007858,29,27026.42,7,0.6228,74,sms,15,0,0
C007859,73,90755.71,2,0.3968,40,sms,10,1,1
C007860,46,51520.34,7,0.0221,16,direct_mail,0,0,0
C007861,33,64440.1,2,0.4815,37,email,10,0,0
C007862,53,67821.21,3,0.1611,26,direct_mail,15,1,0
C007863,62,42626.27,6,0.1448,13,sms,15,0,0
C007864,39,79581.76,6,0.1207,1,email,10,1,0
C007865,41,41709.14,6,0.0915,106,email,0,0,0
C007866,49,35058.96,6,0.3355,92,direct_mail,15,0,0
C007867,72,35509.17,6,0.3753,4,sms,10,1,0
C007868,64,42242.7,4,0.5144,3,sms,10,0,0
C007869,35,51291.66,6,0.0373,12,email,10,1,0
C007870,29,40601.51,4,0.1875,95,sms,0,0,0
C007871,45,87240.07,3,0.6219,51,paid_social,5,1,0
C007872,42,104392.59,1,0.0476,51,paid_social,0,0,0
C007873,67,90288.86,5,0.1638,15,sms,20,0,0
C007874,69,133861.65,5,0.157,94,sms,15,1,0
C007875,38,67870.8,4,0.1975,102,sms,10,1,0
C007876,56,52386.38,5,0.1764,98,direct_mail,0,1,0
C007877,36,147650.12,4,0.2904,77,email,10,0,0
C007878,39,189295.17,5,0.1508,54,email,15,0,0
C007879,70,63819.78,3,0.2436,106,email,15,1,0
C007880,39,82377.49,8,0.1918,80,email,5,0,0
C007881,73,93685.89,2,0.1944,31,email,0,0,0
C007882,32,34756.01,2,0.4036,104,email,15,1,0
C007883,47,79992.19,6,0.3933,20,email,5,0,0
C007884,23,94967.29,3,0.3448,113,email,10,1,0
C007885,31,36508.52,3,0.0689,43,direct_mail,15,0,0
C007886,23,63556.12,4,0.1802,11,paid_social,15,0,0
C007887,26,65150.13,4,0.529,78,email,5,1,0
C007888,43,73804.87,5,0.1548,11,email,5,0,0
C007889,47,62807.68,4,0.2202,119,paid_social,15,1,0
C007890,73,77706.1,3,0.0356,49,paid_social,10,1,0
C007891,45,70124.07,7,0.0352,17,email,0,1,0
C007892,49,130454.01,2,0.0552,62,email,20,0,0
C007893,41,50853.13,4,0.4455,52,email,0,1,0
C007894,24,50229.95,3,0.1401,37,email,20,0,0
C007895,40,29594.85,4,0.4549,30,email,0,0,0
C007896,67,78641.48,3,0.2529,97,paid_social,10,0,0
C007897,65,113646.43,10,0.4372,115,sms,0,1,0
C007898,61,87623.55,5,0.3359,113,email,5,0,0
C007899,49,62909.09,6,0.5841,79,direct_mail,15,0,0
C007900,42,77256.08,5,0.3105,98,paid_social,5,0,0
C007901,28,36620.01,4,0.1668,7,email,5,1,0
C007902,25,60666.79,4,0.3783,78,paid_social,5,1,0
C007903,22,62871.09,8,0.6175,63,direct_mail,20,0,0
C007904,43,66223.7,4,0.4203,84,direct_mail,20,0,0
C007905,53,83233.87,3,0.5161,31,sms,0,0,0
C007906,57,71709.45,9,0.4915,108,sms,20,0,0
C007907,70,54409.23,7,0.0926,119,paid_social,15,0,0
C007908,66,35168.43,4,0.3505,34,email,20,1,0
C007909,68,101472.72,3,0.5883,86,email,15,1,0
C007910,69,70351.62,5,0.6893,13,email,20,1,0
C007911,24,74093.32,4,0.1907,31,email,10,1,0
C007912,59,47692.93,7,0.2075,32,email,10,0,0
C007913,33,91202.29,0,0.1802,88,direct_mail,15,0,0
C007914,51,62950.83,5,0.3106,45,sms,20,1,0
C007915,25,76169.07,3,0.4117,19,email,0,0,0
C007916,26,36420.44,5,0.2052,113,paid_social,10,0,0
C007917,46,81213.7,2,0.2981,23,email,20,1,0
C007918,71,50244.79,1,0.2248,47,paid_social,15,0,0
C007919,56,49214.85,2,0.14,65,sms,10,1,0
C007920,62,37820.24,7,0.1736,96,email,15,0,0
C007921,33,48448.91,0,0.1474,1,paid_social,10,1,0
C007922,59,165607.49,2,0.1346,95,paid_social,15,0,0
C007923,68,57232.66,3,0.0888,95,direct_mail,5,0,0
C007924,62,35147.76,3,0.2468,76,email,5,0,0
C007925,72,65553.35,2,0.3759,113,email,10,0,0
C007926,40,82725.12,13,0.1587,31,direct_mail,15,0,0
C007927,45,63269.01,4,0.3114,60,sms,5,1,0
C007928,59,72626.04,6,0.194,119,email,10,1,0
C007929,33,33631.16,3,0.2015,52,email,15,1,0
C007930,66,81313.04,1,0.4408,48,email,15,0,0
C007931,47,45899.97,5,0.4271,71,sms,0,1,0
C007932,69,118260.96,5,0.092,60,direct_mail,0,1,0
C007933,70,27855.56,2,0.3362,16,paid_social,15,0,1
C007934,26,26854.01,3,0.4328,27,sms,15,0,0
C007935,27,82022.73,5,0.7502,48,email,0,1,0
C007936,44,54949.1,6,0.7324,67,email,10,1,0
C007937,57,34635.28,3,0.0223,22,email,10,0,0
C007938,37,87580.18,0,0.2705,6,sms,0,1,1
C007939,51,42628.45,4,0.0707,44,email,0,0,0
C007940,61,57243.14,1,0.2036,88,email,10,1,0
C007941,26,31176.26,3,0.1009,59,email,15,1,0
C007942,38,57162.55,5,0.1434,6,email,20,1,0
C007943,30,52022.69,8,0.3739,58,email,5,0,0
C007944,40,55609.85,4,0.0846,83,email,20,0,0
C007945,32,60105.86,4,0.5365,89,email,10,0,0
C007946,44,68527.47,7,0.3448,52,email,10,0,0
C007947,57,26806.27,7,0.4015,74,email,10,0,0
C007948,66,134393.13,6,0.3419,65,sms,10,0,0
C007949,64,73174.39,7,0.2217,108,email,10,1,0
C007950,57,74236.42,3,0.3635,7,paid_social,10,0,0
C007951,24,48872.48,4,0.0895,97,email,0,0,0
C007952,67,48963.33,3,0.3801,114,email,10,0,0
C007953,54,28943.07,5,0.1612,10,email,15,0,0
C007954,34,39735.76,6,0.2181,109,email,15,1,0
C007955,21,78194.42,4,0.2222,76,email,20,0,0
C007956,70,71502.36,5,0.1716,71,paid_social,15,1,0
C007957,68,122604.43,8,0.4158,16,email,15,1,0
C007958,60,74780.72,4,0.1484,5,direct_mail,0,1,0
C007959,33,59975.81,1,0.1684,68,email,10,0,0
C007960,28,65163.0,3,0.1861,109,email,15,1,0
C007961,27,39233.62,2,0.1946,61,email,10,1,0
C007962,73,69063.42,3,0.1419,41,email,5,1,0
C007963,26,40191.63,6,0.3371,66,direct_mail,5,1,0
C007964,64,89928.58,5,0.4689,16,email,20,1,1
C007965,34,39650.86,2,0.1356,51,direct_mail,5,0,0
C007966,64,99275.09,5,0.174,89,email,20,1,0
C007967,32,72191.21,0,0.5053,68,sms,5,0,0
C007968,41,26214.41,6,0.2628,1,sms,15,1,0
C007969,48,42057.82,3,0.0582,22,email,15,0,0
C007970,67,70495.8,3,0.2336,4,email,15,1,0
C007971,22,56901.57,5,0.0638,31,paid_social,10,0,0
C007972,71,74149.06,5,0.4595,14,direct_mail,15,0,0
C007973,64,90116.3,7,0.3005,43,email,10,0,0
C007974,28,94339.9,5,0.2233,113,sms,15,0,0
C007975,51,66954.02,4,0.3299,10,email,0,1,1
C007976,49,47079.45,6,0.3917,53,email,0,1,0
C007977,58,54036.5,7,0.4301,5,email,0,0,0
C007978,48,99448.26,1,0.186,41,email,15,0,0
C007979,45,72542.84,3,0.0205,90,paid_social,15,1,0
C007980,51,79854.49,0,0.3783,77,email,5,1,0
C007981,72,18962.22,5,0.1271,104,sms,20,1,0
C007982,29,35327.64,4,0.4441,5,direct_mail,15,1,0
C007983,31,59363.25,4,0.4174,28,sms,5,1,0
C007984,54,45201.6,7,0.091,13,direct_mail,10,1,0
C007985,65,30394.23,3,0.1627,26,email,10,1,0
C007986,40,45286.31,5,0.4676,111,direct_mail,5,0,0
C007987,57,56566.31,5,0.2281,101,email,10,1,0
C007988,31,86175.08,11,0.4225,65,email,5,1,0
C007989,73,55473.32,4,0.0871,62,email,10,0,0
C007990,53,62204.06,5,0.2186,82,email,15,0,0
C007991,27,90069.53,5,0.4098,32,email,10,0,0
C007992,23,33948.02,6,0.4396,14,paid_social,15,0,0
C007993,43,90692.84,8,0.0918,26,sms,15,0,0
C007994,50,89910.82,5,0.2184,95,paid_social,0,0,0
C007995,49,92251.46,8,0.3052,6,email,10,0,1
C007996,36,46251.58,6,0.631,22,direct_mail,10,1,1
C007997,40,54818.98,5,0.5321,61,email,10,0,0
C007998,35,44971.76,3,0.1412,55,email,10,0,0
C007999,47,116137.97,6,0.2713,88,email,5,0,0
C008000,30,46017.27,4,0.1753,77,sms,10,0,0
C008001,26,65917.57,1,0.31,62,sms,5,1,0
C008002,27,142549.7,7,0.1114,19,email,0,1,0
C008003,29,52901.88,2,0.2641,109,sms,0,1,0
C008004,25,105261.94,1,0.2973,110,email,5,1,0
C008005,58,106475.06,4,0.2529,30,sms,15,1,0
C008006,56,59012.87,10,0.1334,13,sms,20,1,0
C008007,68,65754.2,5,0.0557,109,email,15,1,0
C008008,49,42894.66,5,0.3654,60,paid_social,0,1,0
C008009,51,30002.63,3,0.0973,107,sms,5,0,0
C008010,66,43638.28,1,0.0872,27,email,0,1,0
C008011,56,110198.34,6,0.0831,50,email,10,1,0
C008012,47,113535.83,1,0.4306,82,email,0,1,0
C008013,42,36646.34,8,0.2541,92,email,5,1,0
C008014,26,67093.22,6,0.2142,24,email,10,1,0
C008015,26,34475.19,6,0.1247,65,email,15,0,0
C008016,42,34735.09,3,0.621,22,paid_social,15,0,0
C008017,45,34810.51,3,0.3401,116,email,15,1,0
C008018,63,44885.06,7,0.1717,14,paid_social,5,0,0
C008019,55,43055.62,4,0.1637,67,email,0,1,0
C008020,34,57074.56,2,0.4244,89,direct_mail,20,1,0
C008021,72,75753.99,7,0.2159,53,email,10,1,1
C008022,68,38795.2,3,0.1117,14,sms,0,0,0
C008023,49,72102.83,4,0.3335,9,paid_social,10,0,0
C008024,46,37484.73,4,0.2635,74,email,0,0,0
C008025,21,101475.16,8,0.3793,110,email,0,0,0
C008026,47,44771.33,7,0.0756,58,sms,5,1,0
C008027,65,88997.84,8,0.4949,56,email,15,0,0
C008028,44,82048.53,2,0.2489,118,email,15,0,0
C008029,73,36881.83,3,0.1172,80,email,10,0,0
C008030,43,41765.71,6,0.1109,40,email,10,1,0
C008031,38,86109.29,3,0.5422,36,sms,5,0,0
C008032,33,126685.27,3,0.4381,82,paid_social,10,0,0
C008033,24,40564.49,1,0.2918,60,direct_mail,5,0,0
C008034,74,104951.54,3,0.3527,6,email,10,0,0
C008035,26,24061.88,2,0.0476,68,email,0,1,0
C008036,34,54914.42,4,0.0933,12,email,10,0,0
C008037,40,82760.29,6,0.5325,28,direct_mail,15,0,0
C008038,28,87730.61,3,0.3934,11,email,0,0,0
C008039,49,111987.56,4,0.1601,116,email,10,0,0
C008040,59,31004.81,3,0.228,72,email,15,1,0
C008041,66,44105.57,4,0.5255,38,email,15,1,0
C008042,53,155636.77,5,0.2399,52,email,0,1,0
C008043,52,36152.42,7,0.4908,71,sms,5,0,0
C008044,24,49299.99,7,0.245,49,email,20,1,0
C008045,46,22280.73,3,0.2373,116,email,15,1,1
C008046,60,140281.92,2,0.4266,15,email,0,1,0
C008047,26,86127.86,7,0.3753,48,email,10,1,0
C008048,21,26910.91,6,0.0793,32,direct_mail,5,1,0
C008049,23,53492.74,7,0.5785,48,sms,10,0,0
C008050,38,69668.02,2,0.3373,85,email,5,1,0
C008051,59,54109.47,1,0.2595,18,email,15,0,0
C008052,53,65654.11,2,0.2835,64,email,5,1,0
C008053,58,73510.27,6,0.3812,106,email,10,1,0
C008054,29,69411.0,6,0.1069,25,sms,10,1,0
C008055,56,24095.32,6,0.4425,84,direct_mail,10,0,0
C008056,26,26145.61,11,0.0839,97,email,10,0,0
C008057,60,32245.61,6,0.4776,104,sms,10,0,0
C008058,60,124769.05,6,0.1251,52,direct_mail,10,0,0
C008059,44,56207.35,4,0.2814,35,email,0,1,0
C008060,63,56405.4,5,0.3624,63,sms,15,1,0
C008061,21,93964.31,7,0.065,89,paid_social,15,1,0
C008062,35,70503.03,0,0.3812,16,paid_social,0,0,0
C008063,42,37329.28,5,0.3772,11,email,5,0,0
C008064,61,90889.68,2,0.2195,7,direct_mail,5,0,0
C008065,34,39246.8,4,0.309,48,email,0,0,0
C008066,50,179253.63,5,0.328,1,direct_mail,15,0,0
C008067,50,52187.06,6,0.2918,4,sms,10,1,0
C008068,74,145064.11,4,0.2686,47,direct_mail,0,1,0
C008069,38,88489.41,7,0.0676,110,paid_social,0,1,0
C008070,58,89569.91,2,0.4414,4,email,0,0,0
C008071,31,33010.74,2,0.166,69,sms,15,0,0
C008072,23,101964.52,2,0.4055,12,email,15,1,0
C008073,29,49206.74,4,0.1387,108,sms,5,1,0
C008074,32,108940.75,5,0.2767,14,email,5,1,0
C008075,34,103621.44,4,0.627,78,email,0,1,0
C008076,61,37408.79,10,0.2643,111,email,20,0,0
C008077,45,68871.63,5,0.0927,32,direct_mail,5,0,0
C008078,43,126386.42,5,0.3763,66,sms,0,1,0
C008079,67,64438.32,4,0.6158,31,email,15,1,0
C008080,51,42788.41,2,0.4231,52,paid_social,15,0,0
C008081,31,113319.63,7,0.6044,68,email,15,0,0
C008082,21,76741.46,6,0.6541,93,paid_social,15,1,1
C008083,32,34093.99,3,0.2423,41,paid_social,0,0,0
C008084,21,83285.35,4,0.1453,116,sms,5,0,0
C008085,33,65191.26,6,0.0606,32,direct_mail,0,0,0
C008086,28,40385.34,3,0.4711,85,paid_social,20,0,0
C008087,24,51457.55,8,0.7478,15,email,15,0,0
C008088,69,65178.25,1,0.3307,91,email,10,0,0
C008089,33,55214.43,2,0.4352,88,paid_social,0,0,0
C008090,30,54380.87,3,0.6722,9,sms,10,1,0
C008091,26,93597.81,4,0.2636,43,email,15,0,0
C008092,63,64889.9,5,0.162,110,sms,0,0,0
C008093,23,70678.67,3,0.1045,5,direct_mail,10,1,0
C008094,63,44849.35,6,0.2632,103,paid_social,10,1,0
C008095,48,75753.95,4,0.2108,118,email,0,1,0
C008096,66,96754.41,7,0.4023,28,direct_mail,15,0,0
C008097,58,60071.02,3,0.4665,61,email,5,1,0
C008098,74,31189.71,6,0.0945,69,email,0,1,0
C008099,59,61087.78,5,0.5093,83,sms,10,1,0
C008100,52,29055.6,2,0.0638,112,direct_mail,0,1,0
C008101,53,71566.35,3,0.2831,66,direct_mail,15,1,0
C008102,23,49422.46,6,0.138,62,sms,0,0,0
C008103,61,56818.47,4,0.1875,2,email,10,1,0
C008104,21,156005.71,3,0.1523,22,paid_social,0,0,0
C008105,25,27740.2,2,0.5356,101,email,20,0,0
C008106,38,49889.39,2,0.4438,25,email,15,0,0
C008107,68,45679.12,3,0.186,42,paid_social,0,0,0
C008108,21,112621.23,7,0.5477,67,email,5,1,1
C008109,47,132953.86,1,0.5735,74,sms,10,0,0
C008110,71,70073.95,1,0.5135,9,email,10,1,0
C008111,42,24591.46,1,0.0537,74,direct_mail,5,1,0
C008112,37,28020.01,4,0.1552,88,sms,0,0,0
C008113,40,44696.14,5,0.1293,51,email,20,1,0
C008114,60,64317.34,2,0.0619,110,email,5,1,0
C008115,21,89424.35,7,0.1577,90,email,10,1,0
C008116,32,50915.77,4,0.6083,11,email,5,0,0
C008117,55,64641.51,3,0.4715,37,email,20,1,0
C008118,47,72856.48,9,0.4016,42,sms,0,1,0
C008119,46,66899.1,4,0.2692,113,email,5,1,0
C008120,40,45925.41,3,0.1944,94,sms,0,0,1
C008121,66,123216.41,2,0.5308,79,sms,10,1,0
C008122,40,49650.95,4,0.4865,34,email,10,1,0
C008123,45,25977.37,4,0.2083,116,sms,10,1,0
C008124,67,44835.51,8,0.1004,97,email,20,1,0
C008125,60,116100.85,4,0.267,51,direct_mail,5,1,0
C008126,48,91327.6,2,0.4478,10,sms,10,1,0
C008127,62,45804.58,5,0.2435,8,email,15,1,0
C008128,53,93098.77,6,0.4203,98,email,0,1,0
C008129,47,49269.33,1,0.2559,79,paid_social,20,0,0
C008130,71,93417.67,7,0.2931,17,paid_social,10,1,0
C008131,41,57655.81,3,0.3343,101,paid_social,15,1,0
C008132,38,38018.86,2,0.4692,24,email,15,0,0
C008133,59,74280.63,2,0.2568,26,email,10,0,0
C008134,41,74375.24,4,0.1975,83,email,10,1,0
C008135,26,79266.11,5,0.2743,107,email,10,0,0
C008136,31,40117.54,3,0.2822,41,email,0,0,0
C008137,34,43271.42,12,0.2305,3,email,15,0,0
C008138,52,150286.06,5,0.0946,16,email,0,1,0
C008139,29,79691.93,7,0.0809,103,direct_mail,10,1,0
C008140,22,37331.67,6,0.0975,3,email,10,0,0
C008141,37,54565.83,3,0.3738,42,direct_mail,5,0,0
C008142,55,74584.69,2,0.215,103,paid_social,0,0,0
C008143,60,137057.19,5,0.3805,76,paid_social,10,0,0
C008144,73,72498.12,2,0.3374,3,email,0,0,0
C008145,71,45408.86,2,0.1024,114,paid_social,0,1,0
C008146,41,89542.54,2,0.4114,60,paid_social,0,1,0
C008147,65,79406.57,6,0.4486,41,sms,15,0,0
C008148,50,62530.82,8,0.3342,58,paid_social,5,0,0
C008149,36,53218.75,3,0.1497,43,email,15,1,0
C008150,30,38661.31,6,0.234,115,email,15,1,0
C008151,64,137749.65,4,0.1157,37,email,5,1,0
C008152,29,78018.32,6,0.289,71,email,10,1,0
C008153,32,102269.68,2,0.0812,115,email,5,0,0
C008154,63,89185.4,3,0.2792,23,direct_mail,20,1,0
C008155,53,59306.64,12,0.1338,42,sms,15,0,0
C008156,45,47275.88,7,0.3492,11,sms,15,0,0
C008157,27,24655.64,1,0.3215,109,email,10,1,0
C008158,50,115842.62,4,0.3286,42,direct_mail,20,0,0
C008159,53,83652.27,7,0.407,117,paid_social,15,0,0
C008160,24,56974.04,3,0.32,33,paid_social,0,1,0
C008161,41,100004.33,9,0.4302,11,sms,10,1,0
C008162,72,58556.91,8,0.3746,70,email,10,1,0
C008163,31,50360.74,0,0.1173,49,email,0,0,0
C008164,36,52426.11,6,0.3407,104,direct_mail,10,0,0
C008165,39,49422.65,7,0.3484,102,email,0,0,0
C008166,33,86921.78,6,0.7394,115,direct_mail,15,0,0
C008167,28,61555.0,10,0.178,80,direct_mail,15,1,0
C008168,52,96735.52,2,0.1306,39,email,10,1,0
C008169,64,78695.74,2,0.2991,108,direct_mail,5,0,0
C008170,35,56254.19,3,0.3639,106,paid_social,5,1,0
C008171,52,79588.14,6,0.0608,116,email,5,0,0
C008172,58,81048.24,5,0.6499,34,email,20,1,0
C008173,43,77823.56,4,0.1247,113,paid_social,0,1,0
C008174,60,138672.93,4,0.258,100,sms,10,0,0
C008175,48,64253.57,2,0.1161,87,direct_mail,5,0,0
C008176,43,49330.34,6,0.1501,71,email,15,1,0
C008177,54,71074.62,3,0.3697,73,paid_social,15,0,0
C008178,53,104876.76,3,0.2078,1,email,20,1,0
C008179,70,30756.93,4,0.0928,109,email,5,1,0
C008180,41,105565.03,3,0.13,62,paid_social,5,1,0
C008181,53,55426.01,1,0.525,116,paid_social,0,1,0
C008182,43,18000.0,5,0.2303,117,sms,5,1,0
C008183,44,44984.73,3,0.1216,77,email,15,1,0
C008184,55,68813.33,2,0.4085,19,paid_social,5,0,0
C008185,71,86554.32,6,0.1388,73,email,10,0,0
C008186,40,83003.34,4,0.032,47,email,20,1,0
C008187,70,79114.78,5,0.095,84,email,10,0,0
C008188,54,113263.44,1,0.148,110,email,10,1,0
C008189,65,75751.43,9,0.2684,68,paid_social,10,1,1
C008190,37,103861.01,5,0.4308,108,direct_mail,0,0,1
C008191,48,32483.0,4,0.2011,80,sms,10,0,0
C008192,35,75695.73,5,0.3087,10,direct_mail,10,1,0
C008193,35,41477.02,7,0.4953,56,paid_social,15,1,0
C008194,73,114021.0,3,0.2481,98,email,10,0,0
C008195,60,58381.24,5,0.2779,33,email,15,1,0
C008196,42,33221.48,5,0.635,37,email,10,1,0
C008197,49,85685.86,3,0.1517,68,paid_social,15,0,0
C008198,22,55488.21,5,0.1789,72,direct_mail,10,0,0
C008199,60,96512.22,0,0.1432,110,sms,0,1,0
C008200,65,84070.7,6,0.1144,79,sms,10,1,0
C008201,48,48124.96,4,0.3672,5,sms,15,0,0
C008202,37,81519.75,5,0.1213,18,sms,15,1,0
C008203,49,126957.75,6,0.1541,60,email,5,0,0
C008204,53,147108.61,3,0.5346,105,email,10,1,0
C008205,27,36793.85,7,0.1771,67,sms,20,0,0
C008206,38,78158.77,5,0.2199,13,email,0,0,0
C008207,63,36036.13,4,0.3874,38,paid_social,0,0,0
C008208,33,59971.54,3,0.3896,23,direct_mail,15,1,0
C008209,43,53467.43,6,0.7491,119,email,5,0,0
C008210,50,29203.76,8,0.3574,52,sms,20,0,0
C008211,60,158218.46,8,0.2797,38,email,10,1,0
C008212,48,69741.93,7,0.3173,67,paid_social,0,1,0
C008213,21,86346.9,7,0.1498,95,sms,0,1,0
C008214,63,64800.62,3,0.0889,104,email,0,0,0
C008215,24,139827.03,6,0.2224,117,direct_mail,0,0,0
C008216,53,124303.46,5,0.6434,30,sms,10,1,0
C008217,44,75416.29,6,0.0647,63,sms,5,0,0
C008218,54,220000.0,4,0.1291,74,email,10,1,0
C008219,23,44270.27,8,0.1409,82,email,15,1,0
C008220,21,107689.88,5,0.1432,74,paid_social,0,0,0
C008221,57,43032.73,5,0.6205,118,email,20,0,0
C008222,21,83591.99,5,0.3243,38,email,20,1,0
C008223,56,90219.65,8,0.2727,88,paid_social,5,0,0
C008224,54,98132.29,8,0.381,8,sms,15,1,0
C008225,34,60611.51,3,0.4687,46,email,15,1,0
C008226,41,61529.84,6,0.2501,33,sms,15,0,0
C008227,57,86983.95,2,0.5439,31,email,5,0,0
C008228,29,64349.54,1,0.3634,19,email,0,1,0
C008229,50,53053.37,2,0.6342,86,paid_social,0,0,0
C008230,27,56886.12,6,0.2355,6,email,15,1,0
C008231,21,28253.2,4,0.3578,75,email,10,0,0
C008232,64,55188.47,5,0.3014,45,email,10,1,0
C008233,44,46539.96,8,0.4782,115,email,10,1,0
C008234,37,77500.4,1,0.2688,20,sms,15,1,0
C008235,68,26034.49,3,0.0668,15,paid_social,0,1,0
C008236,25,60852.99,4,0.2445,86,email,15,1,0
C008237,74,43069.2,7,0.1108,33,email,0,0,0
C008238,46,64432.14,5,0.1072,119,sms,10,1,0
C008239,58,83534.86,4,0.4231,43,paid_social,10,1,0
C008240,58,38323.12,5,0.0604,4,direct_mail,10,1,0
C008241,73,30731.49,8,0.1862,84,email,10,0,0
C008242,33,97211.93,2,0.2549,33,email,0,1,0
C008243,30,55306.0,7,0.1116,55,email,0,1,0
C008244,29,72661.08,3,0.26,118,email,20,0,0
C008245,43,83491.09,3,0.3156,75,email,5,0,0
C008246,35,89340.0,0,0.096,39,email,15,0,0
C008247,70,59132.91,2,0.1081,111,email,15,0,0
C008248,48,25566.88,8,0.4017,115,paid_social,5,1,0
C008249,22,135268.38,5,0.4302,100,email,5,1,0
C008250,48,45565.89,4,0.1372,71,email,20,1,0
C008251,39,109191.77,6,0.4351,19,email,5,0,0
C008252,55,44374.21,5,0.106,65,paid_social,5,0,0
C008253,51,56537.95,4,0.1608,76,email,0,0,0
C008254,39,96083.36,3,0.2727,88,email,15,1,0
C008255,68,116050.65,5,0.6629,25,email,0,1,0
C008256,24,70152.03,7,0.3552,76,email,0,1,0
C008257,39,54658.49,4,0.1767,69,sms,20,0,0
C008258,45,60261.49,3,0.0644,52,direct_mail,10,0,0
C008259,38,137310.92,9,0.7126,90,email,10,0,1
C008260,64,26189.25,10,0.05,87,direct_mail,10,0,0
C008261,23,131339.94,7,0.2217,85,sms,5,1,0
C008262,65,75611.07,3,0.3374,48,email,5,1,0
C008263,39,55417.52,6,0.0658,14,email,10,1,0
C008264,62,18000.0,10,0.0819,100,sms,10,1,0
C008265,52,45510.3,5,0.2419,113,sms,5,1,0
C008266,68,71588.27,5,0.3306,96,paid_social,5,1,0
C008267,31,81240.5,2,0.2628,105,email,15,0,0
C008268,47,30938.9,4,0.3693,72,email,5,0,0
C008269,37,71180.16,7,0.4899,103,paid_social,10,1,1
C008270,45,46904.59,1,0.2182,60,paid_social,15,1,0
C008271,49,29055.91,4,0.0823,17,email,15,0,0
C008272,63,100823.67,4,0.1682,4,email,15,0,0
C008273,67,43063.69,3,0.3191,119,paid_social,10,0,0
C008274,39,88973.0,3,0.3254,10,sms,15,1,0
C008275,54,67473.62,2,0.0433,98,email,10,0,0
C008276,63,45874.08,5,0.0394,54,email,10,1,0
C008277,30,91532.94,5,0.1561,60,email,15,0,0
C008278,74,102251.08,5,0.1338,8,email,10,1,0
C008279,68,73146.51,3,0.2485,54,email,0,0,1
C008280,40,52732.78,2,0.4621,26,paid_social,5,0,0
C008281,58,25253.7,11,0.3808,28,email,0,1,0
C008282,45,24668.1,7,0.143,70,email,15,1,0
C008283,36,122982.06,7,0.4869,24,email,15,1,0
C008284,24,82775.41,5,0.3058,104,sms,10,1,0
C008285,21,59220.78,6,0.3082,67,direct_mail,0,0,0
C008286,25,123815.12,8,0.54,9,sms,20,0,0
C008287,63,28194.73,3,0.4936,102,email,10,0,0
C008288,72,94065.77,3,0.321,91,email,10,1,0
C008289,28,40389.47,1,0.7548,84,email,0,1,0
C008290,74,121839.17,3,0.0601,30,direct_mail,10,1,0
C008291,73,65767.2,4,0.0822,62,email,0,1,0
C008292,41,43854.43,3,0.282,21,email,20,1,0
C008293,35,220000.0,1,0.1256,98,paid_social,0,1,0
C008294,72,63856.04,7,0.3921,60,sms,0,1,0
C008295,37,108749.07,2,0.555,89,email,10,1,0
C008296,48,48803.4,6,0.2127,12,email,0,1,0
C008297,23,29314.88,7,0.2076,13,paid_social,0,1,0
C008298,21,58417.37,7,0.2063,117,email,20,0,0
C008299,67,220000.0,7,0.1854,9,email,10,0,0
C008300,33,61997.29,5,0.1398,86,paid_social,0,1,0
C008301,36,59740.93,5,0.1254,97,email,5,1,0
C008302,26,73036.91,3,0.4163,34,paid_social,5,0,0
C008303,47,130195.34,1,0.3719,55,sms,20,0,0
C008304,53,92084.76,4,0.4222,68,sms,0,0,0
C008305,38,82044.92,8,0.4833,52,email,0,0,0
C008306,63,65544.09,7,0.346,40,email,15,1,0
C008307,49,68795.25,0,0.1401,107,email,5,0,0
C008308,47,51677.53,8,0.2644,4,email,15,0,0
C008309,67,56872.88,6,0.2992,50,sms,20,1,0
C008310,21,56614.34,4,0.0522,21,sms,10,1,0
C008311,47,43015.42,7,0.1695,95,direct_mail,0,0,0
C008312,71,119665.72,4,0.0587,49,email,15,0,0
C008313,53,174080.87,5,0.2449,109,paid_social,0,1,0
C008314,34,90748.64,2,0.3326,30,paid_social,10,0,0
C008315,26,32116.47,1,0.1619,109,email,15,1,0
C008316,29,87584.55,8,0.3805,100,email,15,0,0
C008317,39,77502.27,3,0.177,108,direct_mail,0,1,0
C008318,58,81280.53,5,0.0732,81,email,15,0,0
C008319,60,32448.36,3,0.4784,54,email,0,0,0
C008320,33,158250.23,1,0.2695,16,paid_social,5,0,0
C008321,43,114782.65,4,0.1957,26,email,10,0,0
C008322,52,91094.51,5,0.1612,25,paid_social,0,0,0
C008323,44,98026.89,2,0.4187,42,paid_social,15,1,0
C008324,23,109346.58,5,0.0596,46,sms,0,0,0
C008325,25,59411.06,5,0.1079,43,email,10,1,0
C008326,31,67864.19,4,0.3227,81,email,0,1,0
C008327,49,38895.52,3,0.117,119,email,10,1,0
C008328,53,65724.12,6,0.5234,92,paid_social,10,1,0
C008329,45,54822.17,4,0.2401,45,paid_social,5,1,0
C008330,70,48929.98,1,0.3592,104,email,20,1,0
C008331,54,44892.94,5,0.1408,28,paid_social,0,1,0
C008332,36,96500.61,6,0.3173,19,sms,15,1,0
C008333,41,50510.49,5,0.238,43,sms,0,1,0
C008334,51,84282.43,4,0.2741,8,sms,0,0,0
C008335,25,54441.75,7,0.2183,94,direct_mail,15,1,0
C008336,58,78009.44,4,0.0547,100,email,5,1,0
C008337,68,76671.36,3,0.3471,66,email,5,1,0
C008338,27,37231.24,4,0.5636,62,paid_social,10,1,0
C008339,56,33087.53,4,0.0668,99,email,0,1,0
C008340,48,117280.21,3,0.1464,60,email,0,0,0
C008341,28,72557.88,3,0.1401,106,direct_mail,0,1,0
C008342,58,82658.29,1,0.3614,50,sms,15,0,0
C008343,36,88062.47,9,0.3469,113,direct_mail,0,0,0
C008344,24,57360.95,3,0.1247,3,email,15,1,0
C008345,51,89128.82,3,0.4145,83,email,15,0,0
C008346,74,53693.06,5,0.1635,87,email,0,1,0
C008347,52,54392.94,3,0.2338,48,email,0,1,0
C008348,69,70504.0,2,0.3968,49,email,0,1,0
C008349,26,81414.62,4,0.582,115,email,5,0,0
C008350,33,79401.91,2,0.175,28,paid_social,15,0,0
C008351,47,81789.06,5,0.1091,106,paid_social,10,1,0
C008352,66,122916.43,4,0.1986,4,email,10,1,0
C008353,69,60509.39,4,0.2777,51,email,10,0,0
C008354,31,72332.89,1,0.1172,14,email,5,0,0
C008355,71,47860.42,5,0.3036,77,sms,0,1,0
C008356,65,86277.0,6,0.2833,103,email,15,1,0
C008357,54,52714.53,2,0.0212,93,email,5,0,0
C008358,58,57764.91,1,0.2727,52,paid_social,20,0,0
C008359,24,46097.5,5,0.1453,35,email,10,0,0
C008360,70,62243.71,2,0.0897,40,sms,0,1,0
C008361,28,74565.06,6,0.1203,114,email,5,0,0
C008362,56,31546.1,3,0.2934,105,email,20,1,0
C008363,37,49257.39,6,0.019,85,sms,20,1,1
C008364,74,72221.32,2,0.2897,36,email,10,0,0
C008365,56,85392.03,4,0.4928,35,email,0,1,0
C008366,54,87449.97,8,0.7276,82,email,5,1,0
C008367,30,60884.48,6,0.0851,65,email,15,1,0
C008368,33,71697.15,3,0.3569,25,email,15,0,0
C008369,37,100665.46,12,0.1387,71,email,10,0,0
C008370,59,85401.9,3,0.1265,47,email,10,1,0
C008371,66,38497.18,5,0.5315,77,direct_mail,0,0,0
C008372,39,73302.84,3,0.0056,31,paid_social,15,0,0
C008373,66,203433.28,3,0.2586,35,email,0,1,0
C008374,22,48965.6,7,0.5726,15,sms,15,0,0
C008375,29,55646.95,7,0.4035,34,email,5,1,0
C008376,25,43449.07,4,0.2548,18,email,10,1,0
C008377,67,101893.48,9,0.1636,7,email,0,1,0
C008378,60,41141.47,8,0.2193,53,email,15,0,0
C008379,34,32274.3,6,0.3233,111,email,15,0,0
C008380,47,55075.99,7,0.3482,64,email,5,1,0
C008381,74,31133.45,2,0.3902,92,email,0,1,0
C008382,62,71403.45,3,0.1468,16,paid_social,15,0,0
C008383,36,74011.48,7,0.0415,98,email,0,0,0
C008384,68,48538.85,7,0.4804,99,email,15,1,0
C008385,72,66791.46,2,0.2651,4,email,15,0,0
C008386,59,77208.24,2,0.0548,20,paid_social,10,1,0
C008387,47,59954.98,4,0.0864,67,paid_social,0,0,0
C008388,43,51749.08,2,0.1879,60,email,20,0,0
C008389,44,75200.09,4,0.3393,37,sms,5,1,0
C008390,37,93785.85,5,0.4726,101,email,15,0,0
C008391,27,83881.97,4,0.2713,88,paid_social,0,1,1
C008392,70,100507.46,3,0.3274,39,direct_mail,10,1,0
C008393,51,33552.65,8,0.5366,71,email,5,0,0
C008394,21,59776.51,5,0.1275,55,paid_social,0,0,0
C008395,51,80859.15,3,0.4078,70,direct_mail,15,1,0
C008396,67,30478.44,8,0.3421,102,sms,5,1,0
C008397,39,73446.2,4,0.1692,112,paid_social,10,0,0
C008398,40,60504.39,2,0.1926,75,paid_social,0,0,0
C008399,50,49227.24,5,0.5651,113,direct_mail,0,1,0
C008400,30,78202.81,4,0.5218,73,email,5,0,0
C008401,43,56098.09,9,0.1984,22,email,0,0,0
C008402,70,58307.25,4,0.0765,26,email,15,1,0
C008403,60,56260.15,1,0.6714,55,sms,20,1,0
C008404,53,46906.68,2,0.3491,29,sms,5,0,0
C008405,36,114211.05,3,0.2743,15,email,0,0,0
C008406,68,48879.53,9,0.1338,6,paid_social,5,1,0
C008407,30,98128.18,5,0.3134,30,direct_mail,10,0,0
C008408,33,37744.02,6,0.1634,80,email,5,1,0
C008409,55,83442.71,8,0.4044,21,email,10,1,0
C008410,74,59898.33,6,0.4377,77,paid_social,15,0,0
C008411,45,100951.65,1,0.1198,117,email,10,0,0
C008412,30,44244.32,11,0.2073,99,sms,5,0,0
C008413,61,35139.59,3,0.1804,64,email,15,0,0
C008414,38,91687.33,7,0.128,118,email,10,1,0
C008415,22,29050.17,1,0.1112,79,direct_mail,10,0,0
C008416,28,75996.73,3,0.5991,40,direct_mail,15,0,0
C008417,26,78996.42,3,0.3979,30,paid_social,0,1,0
C008418,63,38110.04,7,0.088,36,email,10,1,0
C008419,57,47366.08,7,0.2085,57,paid_social,10,1,0
C008420,35,83302.72,6,0.1468,86,email,20,0,0
C008421,45,145655.4,3,0.3872,103,paid_social,10,1,0
C008422,64,77237.13,5,0.3447,67,email,5,1,0
C008423,53,63764.87,2,0.2356,69,email,10,0,0
C008424,62,36394.86,0,0.3028,77,sms,5,1,0
C008425,71,40203.62,5,0.5604,2,direct_mail,5,1,1
C008426,65,87564.86,6,0.3675,47,direct_mail,0,0,0
C008427,42,85951.78,3,0.5795,51,email,0,0,0
C008428,28,111308.53,5,0.3843,62,email,10,1,0
C008429,38,58810.76,4,0.0726,20,email,10,1,0
C008430,55,95669.41,1,0.362,53,sms,5,1,0
C008431,46,48980.1,7,0.7922,74,direct_mail,10,0,0
C008432,52,102420.7,6,0.3684,1,email,10,1,0
C008433,50,84862.85,7,0.4855,54,paid_social,10,1,0
C008434,48,90553.6,2,0.4447,33,sms,20,0,0
C008435,25,133199.57,2,0.2763,50,direct_mail,5,1,0
C008436,26,50776.45,6,0.8615,85,email,15,1,0
C008437,21,59164.55,5,0.3308,58,email,10,1,0
C008438,38,77673.57,7,0.4856,87,email,20,1,0
C008439,47,220000.0,4,0.2551,37,email,0,1,0
C008440,59,46058.07,3,0.2382,26,email,5,0,0
C008441,58,38506.32,3,0.6003,100,sms,5,0,0
C008442,67,67594.26,6,0.4391,74,sms,0,0,0
C008443,66,74119.68,4,0.2642,44,email,0,1,1
C008444,69,82304.69,4,0.1576,4,email,15,0,0
C008445,52,86253.33,4,0.382,5,sms,10,1,0
C008446,52,64090.5,3,0.1162,103,direct_mail,15,1,1
C008447,48,58700.41,7,0.098,115,email,15,1,0
C008448,48,50486.77,5,0.1625,89,paid_social,20,1,0
C008449,74,131222.72,4,0.1486,59,direct_mail,10,1,0
C008450,37,67606.53,4,0.3323,7,email,0,0,0
C008451,55,39804.63,9,0.1141,25,email,15,0,0
C008452,33,127752.93,4,0.1237,82,direct_mail,5,1,0
C008453,47,110411.56,6,0.2819,111,sms,0,1,0
C008454,44,54016.54,3,0.2517,67,email,20,0,0
C008455,59,112828.31,3,0.2035,84,direct_mail,5,1,0
C008456,51,41739.5,3,0.3173,9,direct_mail,0,1,0
C008457,62,67995.31,4,0.5486,26,paid_social,0,1,0
C008458,61,43512.85,5,0.4544,28,sms,0,0,0
C008459,25,123249.34,3,0.2119,80,sms,5,1,0
C008460,35,49332.9,4,0.3044,100,email,15,1,0
C008461,47,106737.69,4,0.4536,34,email,15,1,0
C008462,68,30101.21,5,0.2949,46,email,15,0,0
C008463,66,81393.07,4,0.4549,115,sms,10,1,0
C008464,33,74948.01,5,0.3426,45,sms,0,1,0
C008465,30,25208.59,5,0.2722,11,email,15,1,0
C008466,28,114207.53,10,0.3174,52,email,0,0,0
C008467,41,72328.71,5,0.4895,63,direct_mail,5,1,0
C008468,53,66403.79,4,0.3749,109,email,0,1,0
C008469,59,51410.21,7,0.1329,74,direct_mail,0,1,0
C008470,52,119077.11,5,0.0863,19,sms,15,0,0
C008471,21,34561.84,4,0.2159,46,paid_social,5,0,0
C008472,45,51421.24,2,0.2411,10,email,15,1,0
C008473,56,98261.61,5,0.5134,17,email,10,0,0
C008474,59,41765.76,3,0.3475,61,email,5,1,0
C008475,42,35679.41,4,0.1171,40,email,20,1,0
C008476,52,24756.39,2,0.2562,106,direct_mail,10,0,0
C008477,62,79072.54,7,0.0649,50,email,5,1,0
C008478,44,83196.98,2,0.0832,4,email,0,1,0
C008479,65,74117.27,7,0.0739,3,direct_mail,15,0,0
C008480,69,74893.02,2,0.3868,65,email,5,1,0
C008481,61,128446.34,1,0.3189,74,email,5,1,0
C008482,48,52042.09,2,0.4741,41,email,5,1,0
C008483,32,55365.76,7,0.2452,104,email,20,1,0
C008484,53,69385.84,4,0.3934,82,direct_mail,20,1,0
C008485,71,204555.25,3,0.173,49,email,5,1,0
C008486,69,66395.37,3,0.3624,59,email,15,1,0
C008487,22,52866.15,2,0.0939,5,paid_social,5,1,0
C008488,55,38636.82,9,0.4369,101,email,15,1,0
C008489,33,72212.68,4,0.1866,74,email,20,1,0
C008490,41,45724.14,2,0.146,5,paid_social,10,1,0
C008491,65,68955.07,3,0.4359,102,email,10,1,0
C008492,44,119546.91,5,0.6109,95,paid_social,5,0,0
C008493,22,49019.33,2,0.1858,47,email,10,0,0
C008494,24,67198.83,2,0.0984,62,direct_mail,15,1,0
C008495,72,68037.54,3,0.3875,4,email,5,1,0
C008496,68,54627.95,4,0.0219,3,paid_social,5,0,0
C008497,26,75768.81,3,0.1375,56,email,15,1,0
C008498,68,178185.78,3,0.7378,63,email,0,0,1
C008499,22,40786.48,1,0.3318,24,email,20,0,0
C008500,72,67144.33,5,0.2918,10,email,10,0,0
C008501,27,73319.27,2,0.1535,52,email,5,0,0
C008502,68,125241.09,6,0.0884,69,email,0,1,0
C008503,21,49337.2,4,0.3248,100,sms,15,1,0
C008504,59,96468.16,2,0.1951,56,sms,10,1,0
C008505,53,47394.63,4,0.0194,40,email,0,0,0
C008506,21,73213.13,4,0.0214,71,email,10,0,0
C008507,25,54738.59,1,0.1162,7,paid_social,15,0,0
C008508,28,24056.31,5,0.2614,102,email,0,0,0
C008509,51,77069.54,4,0.255,32,email,5,1,0
C008510,56,86061.91,11,0.2137,107,paid_social,5,0,0
C008511,21,22448.29,8,0.3799,93,email,0,0,0
C008512,34,40628.86,6,0.178,66,email,20,1,0
C008513,34,47960.76,4,0.536,47,email,15,1,0
C008514,74,70805.76,6,0.4481,63,email,15,0,0
C008515,42,26163.94,4,0.2963,76,sms,10,1,1
C008516,28,75330.68,6,0.0614,74,direct_mail,10,0,0
C008517,41,84783.78,3,0.3237,100,email,15,1,0
C008518,50,167866.39,6,0.7401,114,sms,20,0,1
C008519,46,63326.0,3,0.0833,57,paid_social,20,0,0
C008520,23,53180.48,9,0.3299,80,email,15,1,0
C008521,39,68307.14,5,0.0529,12,email,20,0,0
C008522,27,49225.73,3,0.1074,34,paid_social,20,1,0
C008523,68,135537.67,6,0.1946,22,sms,5,1,0
C008524,43,58201.14,1,0.6526,63,sms,20,1,0
C008525,47,76716.55,4,0.4432,61,paid_social,0,0,0
C008526,53,58902.83,4,0.3593,105,direct_mail,0,1,0
C008527,61,41742.86,0,0.1589,27,email,15,0,0
C008528,52,34562.52,3,0.2825,38,email,20,0,0
C008529,39,48264.18,5,0.5397,112,email,5,0,0
C008530,27,70694.41,9,0.3678,81,paid_social,5,1,0
C008531,29,105228.75,4,0.3072,112,email,10,0,0
C008532,52,58409.61,6,0.3292,55,sms,15,1,0
C008533,68,62500.03,3,0.1578,94,email,15,0,0
C008534,33,64840.4,3,0.3756,33,direct_mail,5,1,0
C008535,26,133845.41,4,0.2024,58,email,10,1,0
C008536,40,47388.55,5,0.3675,73,email,20,0,0
C008537,74,70777.46,5,0.0931,40,paid_social,15,0,0
C008538,50,49617.22,5,0.3503,4,sms,20,0,0
C008539,58,56312.18,2,0.1731,4,paid_social,15,1,0
C008540,42,44184.48,3,0.0938,23,paid_social,15,1,0
C008541,58,65168.52,3,0.0837,33,email,10,0,0
C008542,53,51249.67,4,0.1648,41,email,10,1,0
C008543,33,119366.91,8,0.6645,45,email,10,1,0
C008544,33,36371.18,7,0.4597,59,email,5,0,0
C008545,53,35082.56,4,0.4668,103,paid_social,5,0,0
C008546,44,77753.84,5,0.3313,102,email,10,0,0
C008547,58,42006.62,5,0.2314,9,paid_social,10,1,0
C008548,33,64951.7,3,0.3482,109,email,0,1,0
C008549,26,39796.04,7,0.3319,49,direct_mail,10,0,0
C008550,46,34530.05,7,0.6058,57,direct_mail,0,1,0
C008551,74,65364.25,2,0.1193,16,paid_social,0,1,0
C008552,59,32347.52,2,0.219,113,paid_social,10,0,0
C008553,62,58195.0,7,0.6604,74,email,10,1,0
C008554,39,62062.99,6,0.017,113,email,20,1,0
C008555,23,73213.56,7,0.322,115,sms,0,1,0
C008556,72,78421.27,9,0.3681,33,sms,5,1,0
C008557,25,25470.27,4,0.0997,10,email,10,0,0
C008558,58,54929.81,5,0.4918,12,email,20,0,0
C008559,73,60244.64,2,0.3404,81,email,20,0,0
C008560,50,169140.25,5,0.3794,31,email,0,0,0
C008561,25,74656.23,7,0.3572,117,direct_mail,0,1,0
C008562,70,56404.36,6,0.352,31,direct_mail,0,0,0
C008563,31,72897.69,8,0.4491,57,paid_social,0,1,0
C008564,39,28012.5,4,0.3021,21,direct_mail,0,1,0
C008565,38,81695.71,6,0.5288,9,email,0,0,0
C008566,44,76721.58,7,0.3932,60,sms,0,0,0
C008567,70,65514.43,3,0.2279,19,email,0,1,0
C008568,27,42083.58,3,0.1154,2,email,15,0,0
C008569,57,55954.27,2,0.8156,69,email,15,1,0
C008570,68,69990.06,3,0.0936,6,email,15,1,0
C008571,71,89329.87,5,0.1153,111,direct_mail,0,0,0
C008572,30,98179.31,5,0.3276,24,email,0,1,0
C008573,64,76149.96,6,0.3881,69,sms,10,0,1
C008574,57,57962.78,7,0.3897,113,email,10,1,0
C008575,41,42888.84,2,0.3781,67,paid_social,0,1,0
C008576,31,103306.79,6,0.0537,32,email,0,1,0
C008577,28,89008.04,3,0.4232,101,direct_mail,5,1,0
C008578,44,50613.01,6,0.2395,67,paid_social,5,0,0
C008579,53,76003.96,10,0.1102,49,sms,15,1,0
C008580,26,94701.05,3,0.2327,71,email,15,0,0
C008581,34,40441.34,5,0.3644,9,email,0,1,0
C008582,62,104914.88,3,0.3401,18,email,10,0,0
C008583,58,39557.83,4,0.2346,114,direct_mail,0,0,0
C008584,45,75559.37,1,0.0405,48,paid_social,20,1,0
C008585,66,52581.45,4,0.0708,63,email,5,0,0
C008586,68,99026.28,6,0.1774,87,email,15,1,0
C008587,52,91878.89,7,0.411,96,direct_mail,10,0,0
C008588,35,140651.85,4,0.1678,56,sms,5,0,0
C008589,32,45920.38,3,0.1263,7,sms,0,0,0
C008590,32,59705.08,7,0.3592,65,sms,10,1,0
C008591,33,84689.86,2,0.0657,57,sms,5,1,0
C008592,66,107155.03,6,0.1261,48,direct_mail,15,1,0
C008593,23,100571.29,3,0.0795,101,sms,5,1,0
C008594,25,112245.23,4,0.1297,10,email,10,1,0
C008595,49,36455.28,4,0.4381,60,email,15,0,0
C008596,45,73517.62,6,0.231,112,email,0,1,0
C008597,25,30884.98,7,0.196,30,email,10,0,0
C008598,66,28421.96,6,0.4459,95,email,5,0,0
C008599,53,56600.98,7,0.3685,22,email,10,1,0
C008600,60,78826.49,8,0.6719,4,sms,0,0,0
C008601,29,46544.89,7,0.2156,72,sms,5,1,0
C008602,72,115744.72,4,0.3342,53,email,20,0,0
C008603,62,62110.03,7,0.1767,37,email,5,1,0
C008604,62,43001.75,4,0.0472,92,sms,15,0,0
C008605,29,55008.53,9,0.2647,56,email,20,1,0
C008606,21,50180.66,7,0.0827,24,email,5,1,0
C008607,65,75927.18,8,0.3098,107,email,15,1,0
C008608,47,97926.11,9,0.3377,82,email,10,1,0
C008609,35,44091.67,5,0.5543,68,paid_social,10,1,0
C008610,64,97169.72,3,0.2618,41,email,10,0,0
C008611,53,55116.13,3,0.1668,93,email,5,0,0
C008612,29,51424.62,5,0.306,76,sms,10,0,0
C008613,70,68176.19,7,0.1523,81,email,10,0,0
C008614,65,60494.95,2,0.2351,94,direct_mail,10,1,0
C008615,57,38390.25,5,0.1019,9,email,0,0,0
C008616,21,82386.25,1,0.225,12,email,15,1,0
C008617,35,63322.82,4,0.132,31,email,10,0,0
C008618,46,79803.38,4,0.1267,40,direct_mail,5,1,0
C008619,50,33204.92,4,0.2508,95,email,10,1,0
C008620,34,80580.39,5,0.3901,119,paid_social,0,1,0
C008621,70,44135.05,4,0.2256,76,sms,15,1,0
C008622,46,85163.94,3,0.2917,49,paid_social,10,0,0
C008623,38,153474.1,5,0.3244,85,email,10,1,0
C008624,34,29209.57,8,0.7721,1,email,5,1,0
C008625,21,75129.83,2,0.2971,41,email,10,1,0
C008626,47,43043.72,2,0.1987,114,paid_social,0,0,0
C008627,53,53159.39,4,0.2969,69,email,5,0,0
C008628,72,42398.15,5,0.5676,83,email,0,0,0
C008629,29,22507.84,3,0.4198,16,email,10,1,0
C008630,42,132816.48,5,0.2375,21,email,15,0,0
C008631,23,78896.62,4,0.6076,36,email,10,1,0
C008632,68,42692.64,2,0.2535,6,sms,5,1,0
C008633,35,43611.15,4,0.2127,107,sms,0,1,0
C008634,68,50567.47,7,0.134,13,email,15,1,0
C008635,26,31057.84,4,0.3362,52,email,20,0,0
C008636,50,77002.43,3,0.0745,82,email,15,1,0
C008637,40,97167.88,6,0.1781,33,email,10,1,0
C008638,56,55540.04,2,0.18,103,email,5,0,0
C008639,32,47264.92,3,0.3456,13,email,0,0,0
C008640,57,88619.22,6,0.4318,59,email,20,0,0
C008641,40,133279.17,3,0.6937,8,email,15,1,0
C008642,35,34975.14,6,0.3696,107,email,10,0,0
C008643,38,127361.36,5,0.1408,14,paid_social,0,0,0
C008644,25,48795.72,7,0.314,48,email,5,0,0
C008645,69,104532.57,7,0.2831,74,paid_social,20,1,0
C008646,26,66266.16,8,0.3866,97,paid_social,10,0,0
C008647,47,115991.18,8,0.2321,102,direct_mail,10,1,0
C008648,24,66816.65,4,0.1575,20,email,0,0,0
C008649,64,46473.25,10,0.3132,18,email,10,0,0
C008650,46,75599.85,6,0.3817,26,email,10,1,1
C008651,43,64409.21,3,0.4219,111,sms,5,1,0
C008652,50,61591.35,6,0.8082,5,email,5,0,0
C008653,40,18000.0,3,0.2009,111,email,15,0,0
C008654,26,66963.66,3,0.3421,10,email,20,0,0
C008655,60,41151.14,8,0.5651,42,email,20,1,0
C008656,48,86793.3,3,0.2128,24,email,15,1,0
C008657,52,66105.28,5,0.0462,1,paid_social,5,1,0
C008658,59,65127.34,6,0.0637,109,direct_mail,15,0,0
C008659,51,68941.82,2,0.4211,81,direct_mail,15,1,0
C008660,40,88990.96,6,0.3483,80,direct_mail,15,0,0
C008661,72,75451.53,3,0.3673,81,email,15,0,0
C008662,38,43100.21,4,0.3576,91,email,0,0,0
C008663,62,57102.65,4,0.2495,36,email,10,0,0
C008664,61,82587.01,2,0.3009,65,email,15,1,0
C008665,61,61797.75,5,0.3778,62,sms,15,1,0
C008666,32,74952.17,4,0.281,13,email,15,1,0
C008667,68,36816.39,9,0.2591,92,direct_mail,10,1,0
C008668,22,46274.85,3,0.2179,20,paid_social,0,0,0
C008669,57,75976.38,4,0.1714,102,email,15,0,1
C008670,22,44849.25,3,0.1153,29,email,5,0,0
C008671,30,44543.53,3,0.2994,92,paid_social,10,1,0
C008672,30,58449.28,3,0.5821,19,email,15,1,0
C008673,50,75413.18,4,0.1906,68,paid_social,10,0,0
C008674,62,90160.45,4,0.8128,10,direct_mail,0,0,0
C008675,52,132181.23,2,0.4319,96,sms,15,1,0
C008676,23,45614.6,5,0.2645,49,paid_social,15,0,0
C008677,45,98835.14,7,0.248,13,email,10,0,0
C008678,27,85556.72,3,0.1619,42,sms,5,1,0
C008679,27,86071.63,3,0.4441,21,email,0,1,0
C008680,60,38839.03,6,0.2133,60,paid_social,5,1,0
C008681,23,100556.48,11,0.3338,39,email,15,1,0
C008682,30,57483.27,2,0.5385,110,sms,5,0,0
C008683,74,140514.14,6,0.2592,34,email,15,0,0
C008684,46,72390.79,5,0.5204,32,paid_social,0,0,0
C008685,43,55564.51,5,0.3563,46,direct_mail,20,0,0
C008686,62,51229.34,3,0.0919,16,direct_mail,20,0,0
C008687,51,85034.42,1,0.2232,105,email,10,1,0
C008688,32,79581.45,6,0.068,115,email,0,0,0
C008689,31,69519.17,6,0.1837,82,paid_social,0,1,0
C008690,27,126575.74,7,0.2869,8,sms,10,1,0
C008691,48,89452.36,1,0.3611,64,email,5,1,0
C008692,69,77972.11,3,0.481,57,paid_social,0,0,0
C008693,43,44431.18,3,0.2554,105,email,0,1,0
C008694,74,181344.38,6,0.3178,30,email,15,1,0
C008695,54,57152.83,0,0.2705,85,email,0,0,0
C008696,27,72241.24,3,0.4264,101,sms,0,0,0
C008697,73,78127.18,6,0.118,112,paid_social,10,1,0
C008698,54,138091.27,4,0.2251,47,email,10,0,0
C008699,32,57045.77,3,0.115,107,email,15,0,0
C008700,46,32095.45,5,0.14,30,direct_mail,10,0,0
C008701,61,111896.56,3,0.2661,3,sms,10,1,0
C008702,26,69772.65,0,0.442,49,direct_mail,20,0,0
C008703,23,99271.0,3,0.0967,24,email,10,0,0
C008704,30,58811.67,7,0.596,32,direct_mail,0,1,0
C008705,24,97846.83,7,0.3349,83,direct_mail,10,0,0
C008706,70,78173.36,8,0.4781,11,email,5,0,0
C008707,32,104548.23,6,0.1159,41,email,0,1,0
C008708,31,94275.93,6,0.3165,39,email,20,1,0
C008709,53,110735.29,8,0.0793,108,email,15,1,0
C008710,29,154369.12,7,0.0812,45,email,20,1,0
C008711,50,197289.41,3,0.6935,33,direct_mail,5,1,1
C008712,64,90226.19,2,0.2659,77,email,15,1,0
C008713,47,22466.34,2,0.1873,73,direct_mail,5,1,0
C008714,60,76854.73,1,0.0365,61,email,10,0,0
C008715,24,62445.41,7,0.2623,7,sms,10,0,0
C008716,59,63471.47,0,0.175,109,direct_mail,20,0,0
C008717,37,26328.27,2,0.131,113,sms,10,1,0
C008718,33,80632.78,5,0.1894,72,email,10,0,0
C008719,25,82773.27,4,0.31,88,email,0,1,0
C008720,49,59070.78,4,0.3327,12,sms,5,0,0
C008721,31,63531.48,3,0.0963,99,email,0,1,0
C008722,35,43969.65,4,0.2096,50,paid_social,20,1,0
C008723,61,57555.76,5,0.1142,14,direct_mail,10,0,0
C008724,57,76137.48,6,0.1664,11,email,5,0,0
C008725,44,56705.43,4,0.4614,87,direct_mail,0,1,0
C008726,72,55802.54,3,0.5974,73,email,0,0,0
C008727,22,40560.51,3,0.1554,10,email,5,0,0
C008728,69,52278.92,8,0.855,5,direct_mail,0,0,1
C008729,51,31709.24,6,0.2877,58,sms,0,0,0
C008730,40,86171.56,5,0.2323,107,direct_mail,15,1,0
C008731,25,41601.43,4,0.3415,27,email,20,1,0
C008732,41,59083.66,1,0.1627,63,email,5,0,0
C008733,42,123448.74,7,0.2271,70,email,0,0,0
C008734,66,72126.91,6,0.2482,88,email,10,0,0
C008735,66,72227.86,3,0.1793,4,email,10,0,0
C008736,71,68840.02,5,0.5159,78,email,15,1,0
C008737,46,63820.55,4,0.1958,54,paid_social,10,0,0
C008738,30,60626.75,2,0.3685,107,email,0,1,0
C008739,39,173114.25,5,0.5516,57,paid_social,20,0,0
C008740,46,41899.92,2,0.3317,118,email,15,1,0
C008741,51,69445.47,1,0.2216,35,email,0,1,0
C008742,41,56749.14,6,0.272,14,direct_mail,10,1,0
C008743,51,75934.35,4,0.4796,10,email,10,1,0
C008744,26,37192.16,4,0.22,111,paid_social,0,1,0
C008745,36,76574.16,5,0.3864,88,direct_mail,5,1,0
C008746,62,88100.18,6,0.2549,53,email,15,1,0
C008747,34,42616.98,7,0.2272,28,sms,5,1,0
C008748,36,49882.72,7,0.3149,46,sms,10,0,0
C008749,56,92743.58,5,0.2355,113,email,5,0,0
C008750,37,58072.9,5,0.2326,61,sms,10,0,0
C008751,63,115989.67,2,0.4773,25,sms,10,1,0
C008752,30,35678.85,7,0.2024,16,email,5,0,0
C008753,69,57716.08,4,0.3443,49,email,10,1,1
C008754,50,49280.07,3,0.4187,37,sms,0,1,0
C008755,35,55403.16,2,0.2523,100,email,10,0,0
C008756,64,29101.58,4,0.4653,101,email,5,0,0
C008757,66,84097.27,6,0.0675,9,sms,0,0,0
C008758,29,47506.05,7,0.3251,10,email,15,0,0
C008759,58,44310.89,2,0.1532,53,sms,20,1,0
C008760,68,81469.0,3,0.2711,89,email,20,1,0
C008761,58,43236.48,3,0.6086,104,paid_social,15,0,0
C008762,65,44213.43,4,0.1769,46,direct_mail,15,1,0
C008763,30,41675.0,3,0.2392,34,email,0,0,0
C008764,26,105033.53,3,0.0637,54,email,10,1,0
C008765,68,63384.21,2,0.0646,2,email,10,1,0
C008766,49,65054.22,6,0.1076,82,sms,15,0,0
C008767,38,44263.1,2,0.165,95,email,20,0,0
C008768,36,81612.29,3,0.5983,51,direct_mail,0,1,0
C008769,58,71348.52,6,0.3178,18,email,10,0,0
C008770,58,53394.19,7,0.4569,61,email,15,0,0
C008771,45,87098.4,3,0.4353,29,sms,15,0,0
C008772,27,106342.84,3,0.5349,100,email,10,1,0
C008773,72,54958.92,4,0.1633,41,direct_mail,10,0,0
C008774,47,26526.54,4,0.3235,11,email,0,0,0
C008775,59,66476.53,4,0.1842,99,paid_social,10,0,0
C008776,24,52289.14,3,0.0302,116,sms,10,0,0
C008777,56,33867.37,7,0.069,84,email,15,0,0
C008778,56,79386.87,3,0.2434,79,email,10,0,0
C008779,45,84192.04,3,0.5304,58,direct_mail,5,1,0
C008780,51,67400.78,5,0.1407,27,email,5,0,0
C008781,64,75658.69,0,0.2669,22,email,10,1,0
C008782,62,148691.26,2,0.3449,98,email,15,0,0
C008783,32,77580.85,6,0.2198,115,email,20,1,0
C008784,57,36706.22,6,0.7086,1,email,15,1,0
C008785,32,53027.27,7,0.1134,20,paid_social,15,0,0
C008786,26,61138.56,9,0.2891,84,email,10,0,0
C008787,27,47302.35,3,0.1935,67,email,0,0,0
C008788,52,44563.25,7,0.6294,45,email,15,1,1
C008789,34,66595.22,6,0.0711,9,paid_social,15,1,0
C008790,32,50310.61,2,0.2078,109,email,20,1,0
C008791,32,90035.68,2,0.6648,97,direct_mail,0,1,0
C008792,65,62906.03,2,0.1316,3,direct_mail,0,0,0
C008793,32,44686.5,2,0.2837,88,email,0,1,1
C008794,42,53994.98,5,0.1783,45,email,15,1,0
C008795,54,91670.01,2,0.2377,115,sms,10,1,0
C008796,27,48829.72,6,0.4751,29,sms,20,1,0
C008797,49,72704.28,2,0.3236,95,email,15,0,0
C008798,35,99506.37,6,0.147,65,paid_social,15,0,0
C008799,72,48726.07,10,0.3971,116,sms,10,0,0
C008800,73,76042.2,3,0.2627,46,email,0,1,0
C008801,32,38154.84,2,0.3048,13,direct_mail,10,1,0
C008802,46,98976.08,11,0.3439,30,email,20,1,0
C008803,46,77263.97,9,0.509,26,paid_social,0,1,0
C008804,63,75289.38,2,0.179,75,paid_social,15,1,0
C008805,33,37596.17,5,0.0306,112,email,0,1,0
C008806,34,77200.71,2,0.4214,89,email,0,0,0
C008807,59,147779.96,6,0.6094,19,sms,0,0,0
C008808,33,220000.0,6,0.2374,68,direct_mail,5,0,0
C008809,31,56569.87,6,0.296,80,email,5,0,0
C008810,62,67200.59,6,0.1845,40,email,15,1,0
C008811,45,50293.89,7,0.507,84,sms,5,0,1
C008812,32,38421.29,4,0.1744,116,paid_social,15,0,0
C008813,31,122850.8,8,0.1266,58,email,10,0,0
C008814,61,94118.2,3,0.2031,109,email,10,0,0
C008815,39,56898.05,3,0.0262,98,direct_mail,15,1,0
C008816,42,169836.03,5,0.2665,54,email,10,0,0
C008817,70,90147.15,3,0.2818,40,email,15,1,0
C008818,49,111632.9,8,0.2093,26,email,5,0,0
C008819,39,32515.92,5,0.4106,12,direct_mail,15,1,0
C008820,58,60850.37,3,0.3568,31,email,15,0,0
C008821,42,105418.88,6,0.1399,91,email,20,0,0
C008822,31,96336.08,1,0.1107,103,sms,5,0,0
C008823,59,51556.42,2,0.3973,32,email,0,1,0
C008824,52,83662.82,5,0.0981,113,email,0,0,0
C008825,42,74996.91,5,0.0864,5,email,10,0,0
C008826,57,52557.08,4,0.5806,6,sms,10,0,0
C008827,23,59087.55,3,0.1999,108,sms,10,0,0
C008828,72,38930.26,5,0.1972,36,sms,10,1,0
C008829,70,60040.89,1,0.2718,36,email,5,0,0
C008830,46,42389.36,4,0.2152,88,paid_social,10,0,0
C008831,42,112714.4,6,0.4648,10,sms,15,1,0
C008832,58,33868.16,2,0.1432,36,email,0,0,0
C008833,73,69440.9,4,0.404,55,email,15,0,0
C008834,22,220000.0,7,0.1693,35,email,15,1,0
C008835,32,23182.74,1,0.0588,119,paid_social,15,1,0
C008836,69,60055.35,5,0.2264,32,direct_mail,10,1,0
C008837,31,19214.17,2,0.0398,85,sms,15,1,0
C008838,53,90964.07,4,0.0896,102,email,10,0,1
C008839,71,30498.6,5,0.3702,85,email,15,1,0
C008840,49,60894.1,2,0.1704,35,paid_social,15,0,0
C008841,29,51876.55,6,0.3674,27,email,0,0,0
C008842,49,62463.37,5,0.4813,73,sms,10,0,0
C008843,65,32735.23,8,0.2891,40,email,10,0,0
C008844,57,70582.19,4,0.0691,10,paid_social,0,1,0
C008845,27,120814.62,5,0.3451,33,email,15,0,0
C008846,43,101608.05,3,0.2904,52,sms,20,0,0
C008847,55,42211.16,8,0.4385,18,paid_social,10,0,0
C008848,44,147014.17,3,0.2544,82,paid_social,10,1,0
C008849,45,96016.05,6,0.2893,81,sms,0,0,0
C008850,62,146582.73,4,0.102,108,email,10,0,0
C008851,30,38238.81,2,0.3585,26,email,5,0,0
C008852,37,49233.71,3,0.5283,6,email,10,0,0
C008853,47,33406.05,3,0.3233,45,email,15,1,0
C008854,64,58695.53,5,0.3375,86,paid_social,10,0,0
C008855,56,92623.17,7,0.3033,111,sms,5,0,0
C008856,46,74468.82,3,0.3897,69,email,15,0,0
C008857,56,70705.67,5,0.1611,24,direct_mail,5,1,1
C008858,71,73496.28,5,0.4339,61,sms,5,1,0
C008859,37,41616.29,7,0.6123,21,email,10,1,0
C008860,25,76375.07,8,0.2268,92,email,20,1,0
C008861,54,89743.33,7,0.1914,114,direct_mail,10,0,0
C008862,66,73029.14,3,0.1846,89,email,0,1,0
C008863,67,112484.45,3,0.6823,101,sms,10,0,0
C008864,32,99774.69,2,0.2166,44,sms,0,0,0
C008865,49,75339.03,7,0.1008,24,paid_social,20,1,0
C008866,25,91367.06,3,0.1946,4,email,10,1,0
C008867,31,96979.48,5,0.5104,59,email,0,1,0
C008868,42,115343.0,6,0.0207,102,email,10,1,0
C008869,41,75679.22,0,0.2179,117,sms,10,1,0
C008870,71,79001.69,7,0.4357,65,email,10,1,0
C008871,24,68681.18,3,0.24,55,email,10,0,0
C008872,27,50266.14,6,0.2414,8,paid_social,10,1,0
C008873,22,76958.23,4,0.5165,45,paid_social,20,0,0
C008874,32,59180.5,7,0.349,85,email,15,0,0
C008875,73,84652.35,4,0.4635,101,email,0,0,0
C008876,63,57972.59,6,0.1383,31,email,20,1,0
C008877,30,62009.37,3,0.2895,15,paid_social,20,1,0
C008878,27,95541.04,1,0.1275,80,email,0,0,0
C008879,65,57568.03,4,0.1383,28,email,10,1,0
C008880,64,66827.78,5,0.1753,14,direct_mail,10,1,0
C008881,38,69270.2,6,0.4704,96,email,0,1,0
C008882,33,27983.89,1,0.236,88,email,5,1,0
C008883,51,53991.58,6,0.2761,53,email,10,0,0
C008884,43,32320.36,2,0.276,119,email,5,0,0
C008885,50,117493.72,3,0.2796,63,email,10,0,0
C008886,41,51413.75,8,0.1952,21,email,10,1,0
C008887,35,48493.81,8,0.2479,41,email,0,1,0
C008888,32,67971.85,6,0.5486,27,paid_social,20,1,0
C008889,25,56731.34,5,0.1731,10,sms,5,0,0
C008890,31,28662.04,6,0.162,26,email,0,1,0
C008891,57,46698.25,7,0.3142,51,email,15,0,0
C008892,67,33746.48,5,0.6199,27,sms,20,0,0
C008893,37,56424.84,6,0.344,85,email,10,0,0
C008894,44,54482.2,6,0.2646,96,email,15,0,0
C008895,58,86792.76,7,0.3002,99,sms,15,1,0
C008896,53,80387.51,5,0.6057,118,sms,15,1,0
C008897,74,114699.9,3,0.6394,45,email,10,1,0
C008898,44,116994.43,7,0.4728,109,email,0,0,0
C008899,30,50846.06,3,0.0378,76,paid_social,5,0,0
C008900,61,44274.17,5,0.4811,39,sms,0,1,0
C008901,43,65346.35,6,0.2819,114,paid_social,15,0,0
C008902,21,81491.69,6,0.3786,18,email,20,0,0
C008903,28,108267.09,3,0.3393,17,paid_social,10,1,0
C008904,44,146065.02,2,0.4088,101,email,15,1,0
C008905,43,53218.72,4,0.0561,21,email,0,0,0
C008906,45,33289.71,6,0.5838,18,paid_social,10,1,0
C008907,71,86347.45,4,0.0878,88,email,10,0,0
C008908,45,31905.95,5,0.3174,97,paid_social,15,1,0
C008909,71,62031.58,5,0.4345,45,sms,10,0,0
C008910,64,86834.52,7,0.1032,79,email,10,0,0
C008911,65,43271.95,2,0.6881,70,sms,0,0,0
C008912,66,59467.49,4,0.033,108,email,15,1,0
C008913,74,42461.7,4,0.1046,26,email,0,0,0
C008914,33,24796.05,4,0.8779,114,email,15,0,0
C008915,73,180310.41,4,0.0987,106,email,15,0,0
C008916,39,65167.57,2,0.2931,55,direct_mail,0,0,0
C008917,60,31094.46,4,0.1076,39,paid_social,15,1,0
C008918,26,134965.17,1,0.1027,112,sms,0,0,0
C008919,28,60805.13,7,0.0786,15,email,5,1,0
C008920,29,52340.16,4,0.6762,6,paid_social,10,1,0
C008921,40,104170.85,8,0.1478,77,email,5,1,0
C008922,23,59173.59,5,0.0319,94,email,5,1,0
C008923,66,68709.1,3,0.0401,73,email,0,0,0
C008924,38,69306.67,6,0.1119,23,paid_social,0,0,0
C008925,30,67830.18,5,0.1891,67,email,15,1,0
C008926,64,59464.12,2,0.18,71,email,20,0,0
C008927,63,82710.32,4,0.6275,85,email,15,0,0
C008928,49,38440.88,3,0.3155,37,sms,20,0,0
C008929,47,39226.2,2,0.1433,102,direct_mail,0,0,0
C008930,44,53004.3,3,0.2574,29,sms,5,0,0
C008931,66,46092.36,3,0.0781,85,direct_mail,5,0,0
C008932,49,153557.49,3,0.1772,36,email,5,1,0
C008933,23,63236.62,4,0.2925,78,direct_mail,15,1,0
C008934,34,82926.05,5,0.5487,74,email,20,0,0
C008935,49,103341.68,7,0.137,60,email,10,0,0
C008936,48,57064.19,2,0.2589,2,email,10,1,0
C008937,25,62524.38,2,0.288,65,email,5,0,0
C008938,66,39766.17,6,0.0982,66,sms,20,0,0
C008939,22,125686.57,6,0.35,15,email,15,0,0
C008940,53,69743.14,7,0.2524,67,email,0,0,0
C008941,45,95693.7,4,0.2206,99,sms,10,1,0
C008942,67,83901.61,4,0.0269,25,email,20,0,0
C008943,44,45071.84,0,0.0187,25,paid_social,15,0,1
C008944,59,122209.44,5,0.1217,70,email,10,1,0
C008945,49,77079.63,7,0.4265,79,email,10,1,0
C008946,41,123740.07,7,0.0405,75,email,10,0,0
C008947,67,27630.45,1,0.2444,36,sms,15,0,0
C008948,42,49182.37,3,0.0625,10,email,10,1,1
C008949,28,70594.9,5,0.5633,16,email,10,1,0
C008950,48,43571.19,5,0.2522,77,sms,5,0,0
C008951,46,99056.27,5,0.0393,102,sms,10,1,0
C008952,23,60674.33,0,0.087,53,paid_social,10,1,0
C008953,55,115801.38,4,0.1072,114,sms,5,0,0
C008954,52,44644.95,6,0.0782,48,sms,10,1,0
C008955,48,62587.36,2,0.307,31,sms,5,0,0
C008956,63,34355.29,2,0.3798,21,paid_social,20,1,0
C008957,54,83148.79,3,0.4076,75,paid_social,10,1,0
C008958,65,113911.33,3,0.44,72,email,20,0,0
C008959,64,75921.75,7,0.2105,64,direct_mail,10,1,1
C008960,45,23929.3,4,0.2941,85,email,15,0,0
C008961,66,78392.63,4,0.3049,119,email,15,0,0
C008962,34,31384.66,1,0.2522,34,email,15,0,0
C008963,51,49778.63,8,0.6312,64,direct_mail,20,0,0
C008964,43,113318.76,4,0.3778,111,direct_mail,5,0,0
C008965,29,76978.72,2,0.3057,79,email,15,0,1
C008966,31,108659.78,2,0.3934,82,sms,10,1,0
C008967,22,38873.65,4,0.1907,14,direct_mail,15,1,0
C008968,50,202720.25,6,0.0948,25,email,20,1,0
C008969,53,132917.86,6,0.1002,87,paid_social,15,1,0
C008970,53,51420.75,2,0.182,20,email,15,0,0
C008971,37,83836.35,4,0.1629,53,email,0,0,0
C008972,58,62309.17,5,0.1971,95,sms,10,1,0
C008973,32,100463.27,4,0.6959,103,email,5,1,0
C008974,38,74090.51,8,0.0761,44,sms,5,0,0
C008975,34,122051.32,5,0.0512,39,email,10,1,0
C008976,66,148302.22,2,0.4325,27,email,15,0,0
C008977,46,120666.33,3,0.1905,64,paid_social,15,0,0
C008978,49,49678.38,2,0.334,103,paid_social,0,0,0
C008979,36,66642.0,4,0.6432,71,email,5,1,0
C008980,39,36543.88,8,0.4132,64,email,15,0,0
C008981,69,33100.71,5,0.088,69,email,0,0,0
C008982,41,53392.09,3,0.2143,12,sms,15,1,0
C008983,44,41680.68,7,0.1218,88,email,10,1,0
C008984,74,85285.97,4,0.5666,52,email,0,1,0
C008985,48,182535.0,5,0.3487,43,email,0,1,0
C008986,27,39169.16,7,0.2987,49,paid_social,15,0,0
C008987,62,116204.48,8,0.5167,79,sms,5,1,0
C008988,40,63541.75,2,0.1943,82,email,10,0,0
C008989,26,199280.94,6,0.6761,97,email,15,0,0
C008990,47,52081.39,5,0.3444,54,paid_social,0,0,0
C008991,33,27629.32,5,0.0634,60,paid_social,10,1,0
C008992,66,64518.0,6,0.6101,43,email,5,0,0
C008993,61,70158.99,4,0.2537,86,email,15,0,0
C008994,49,87556.26,4,0.1356,101,paid_social,10,1,0
C008995,68,45221.01,4,0.46,108,email,10,1,0
C008996,36,118385.95,4,0.5294,60,email,10,1,0
C008997,67,88245.76,3,0.322,35,direct_mail,0,1,0
C008998,35,147852.94,5,0.5254,95,direct_mail,5,0,0
C008999,55,68259.82,3,0.5508,40,paid_social,5,0,0
