customer_id,tenure_months,monthly_charges,total_charges,contract_type,internet_service,paperless_billing,support_calls_last_90d,late_payments_last_12m,satisfaction_score_1to5,churned
C100000,6,102.05,596.1,One year,Fiber optic,No,0,0,3.54,0
C100001,56,67.38,3964.4,Month-to-month,DSL,Yes,5,0,3.72,0
C100002,47,68.02,3184.63,Two year,DSL,No,2,1,3.12,0
C100003,32,94.41,3067.63,One year,Fiber optic,No,3,0,4.28,0
C100004,31,98.39,3310.62,Month-to-month,Fiber optic,Yes,0,0,3.19,0
C100005,62,45.07,3231.32,One year,None,Yes,1,0,3.16,0
C100006,6,112.79,700.58,Month-to-month,Fiber optic,Yes,2,1,3.95,0
C100007,50,93.07,4792.06,Two year,Fiber optic,Yes,1,0,3.61,0
C100008,14,76.48,1000.96,Two year,Fiber optic,Yes,5,0,3.13,0
C100009,6,64.26,393.37,Two year,DSL,Yes,1,0,2.04,0
C100010,38,106.32,4053.94,Month-to-month,Fiber optic,Yes,1,0,3.25,0
C100011,71,58.06,4324.55,Month-to-month,Fiber optic,Yes,4,0,3.84,0
C100012,53,33.17,1720.12,Month-to-month,DSL,Yes,1,1,2.84,0
C100013,55,52.45,2916.6,Month-to-month,None,No,1,2,3.92,0
C100014,52,120.88,6495.0,Month-to-month,Fiber optic,Yes,2,1,3.54,1
C100015,57,42.96,2704.41,Month-to-month,DSL,Yes,1,0,3.37,0
C100016,37,66.91,2688.6,Two year,DSL,No,0,0,4.71,0
C100017,9,27.41,263.87,Month-to-month,None,No,0,0,3.38,0
C100018,61,32.04,2032.6,Month-to-month,None,Yes,1,0,3.32,0
C100019,32,97.81,3055.67,One year,Fiber optic,Yes,1,0,3.37,0
C100020,36,20.0,748.77,One year,None,Yes,2,0,3.47,0
C100021,27,20.0,517.06,One year,None,No,1,2,3.97,0
C100022,13,84.28,1083.21,One year,Fiber optic,No,1,2,2.22,0
C100023,67,32.24,2371.36,Two year,None,No,2,1,4.01,0
C100024,57,68.61,4026.49,One year,Fiber optic,No,2,2,3.3,1
C100025,47,107.0,5091.79,Month-to-month,Fiber optic,Yes,1,1,3.88,0
C100026,29,84.07,2485.73,One year,Fiber optic,Yes,0,0,5.0,0
C100027,60,81.99,4894.01,Month-to-month,Fiber optic,No,1,1,3.05,0
C100028,39,70.37,2419.02,Month-to-month,DSL,No,1,0,2.57,0
C100029,32,89.55,2666.32,Month-to-month,Fiber optic,Yes,4,0,3.32,0
C100030,32,52.91,1750.6,Month-to-month,None,Yes,1,1,3.72,0
C100031,16,49.26,748.26,One year,DSL,Yes,2,1,4.01,0
C100032,6,20.0,119.29,Month-to-month,None,No,2,1,2.91,0
C100033,40,86.11,3211.87,Month-to-month,Fiber optic,Yes,3,2,2.48,0
C100034,64,66.14,4065.65,Month-to-month,DSL,No,2,2,2.05,1
C100035,4,43.43,173.68,Two year,DSL,Yes,1,1,2.38,0
C100036,62,63.63,4145.52,Month-to-month,Fiber optic,No,0,1,3.25,0
C100037,60,93.46,5954.36,One year,Fiber optic,No,0,0,3.56,0
C100038,20,52.6,1009.49,Two year,DSL,Yes,0,2,5.0,0
C100039,46,62.4,2918.82,Month-to-month,Fiber optic,No,1,0,2.21,1
C100040,12,83.34,921.68,One year,DSL,No,1,2,3.63,0
C100041,55,78.0,4303.31,Month-to-month,Fiber optic,No,1,0,2.96,1
C100042,51,58.85,3158.72,Month-to-month,None,Yes,3,1,3.38,1
C100043,25,90.54,2255.15,One year,Fiber optic,No,0,1,3.14,0
C100044,4,97.6,418.65,Two year,Fiber optic,Yes,0,1,4.38,0
C100045,70,87.98,6442.08,Month-to-month,Fiber optic,Yes,4,1,3.89,0
C100046,32,20.0,648.49,One year,None,Yes,2,1,3.24,0
C100047,65,45.4,2910.47,Month-to-month,DSL,Yes,0,1,4.69,0
C100048,49,64.61,3072.85,Month-to-month,DSL,Yes,1,1,4.04,0
C100049,56,73.93,3808.09,One year,DSL,Yes,2,0,4.5,0
C100050,55,58.0,2962.76,One year,Fiber optic,Yes,2,0,3.38,0
C100051,14,90.98,1343.42,One year,Fiber optic,Yes,1,0,4.27,1
C100052,26,70.68,1990.67,Month-to-month,Fiber optic,Yes,1,2,2.77,0
C100053,34,71.46,2285.18,One year,DSL,Yes,0,0,2.97,0
C100054,36,64.63,2335.41,One year,DSL,No,1,0,5.0,0
C100055,3,106.13,290.82,One year,Fiber optic,Yes,0,0,2.8,0
C100056,39,57.27,2113.54,Month-to-month,None,Yes,0,0,3.31,1
C100057,11,73.72,822.51,Month-to-month,DSL,No,2,1,1.85,0
C100058,54,81.35,4267.58,Month-to-month,DSL,No,1,0,2.87,0
C100059,49,58.34,2557.38,Month-to-month,DSL,No,1,1,2.67,0
C100060,67,140.0,10266.76,Month-to-month,Fiber optic,No,2,0,2.89,1
C100061,54,41.84,2253.25,Month-to-month,DSL,No,3,1,3.44,0
C100062,26,56.97,1391.25,One year,DSL,Yes,1,0,3.95,0
C100063,70,107.13,7551.91,Month-to-month,Fiber optic,No,1,0,2.74,0
C100064,29,79.3,2289.47,One year,DSL,No,0,1,2.95,1
C100065,23,101.26,2383.01,Month-to-month,Fiber optic,Yes,2,0,4.26,0
C100066,66,77.83,5040.76,One year,DSL,No,2,1,4.66,0
C100067,27,20.0,549.33,Month-to-month,None,No,2,0,4.39,0
C100068,5,120.2,632.19,Month-to-month,Fiber optic,No,1,0,2.25,1
C100069,34,61.13,1927.73,One year,DSL,No,0,0,4.58,0
C100070,58,90.67,5058.35,Two year,DSL,Yes,3,0,4.74,0
C100071,13,53.36,725.7,Month-to-month,Fiber optic,Yes,7,1,1.41,1
C100072,33,39.87,1275.81,Month-to-month,None,No,3,1,4.05,0
C100073,9,54.29,486.42,One year,DSL,No,1,0,3.71,0
C100074,50,75.87,3695.36,One year,DSL,No,1,3,3.03,0
C100075,34,71.02,2360.49,Month-to-month,DSL,No,1,0,3.61,0
C100076,24,96.95,2263.72,Month-to-month,Fiber optic,No,0,1,3.92,0
C100077,16,20.0,297.85,Month-to-month,None,No,2,0,4.31,0
C100078,41,90.92,3821.87,Two year,Fiber optic,Yes,0,0,4.51,0
C100079,48,61.58,3128.54,Month-to-month,DSL,No,3,0,2.11,0
C100080,68,101.41,6828.94,Month-to-month,Fiber optic,Yes,3,2,2.62,1
C100081,31,110.8,3614.17,Two year,Fiber optic,Yes,3,0,3.36,0
C100082,11,69.86,747.7,Month-to-month,DSL,Yes,3,1,4.44,0
C100083,60,42.75,2487.39,Month-to-month,DSL,Yes,1,1,1.32,0
C100084,45,69.04,3176.98,Month-to-month,DSL,Yes,1,1,2.97,0
C100085,51,140.0,7307.83,Month-to-month,Fiber optic,Yes,2,1,2.14,1
C100086,7,121.27,843.63,Month-to-month,Fiber optic,No,2,2,2.18,0
C100087,22,33.49,764.2,Month-to-month,Fiber optic,No,0,1,4.34,0
C100088,56,93.2,4849.77,One year,Fiber optic,Yes,1,1,3.04,0
C100089,60,82.71,4879.63,One year,DSL,No,1,0,1.71,0
C100090,31,63.54,2074.26,Month-to-month,DSL,Yes,1,2,3.25,0
C100091,58,58.26,3557.89,One year,DSL,Yes,1,0,5.0,0
C100092,61,31.93,2037.29,Month-to-month,None,Yes,0,0,2.24,0
C100093,28,102.49,3030.83,Two year,Fiber optic,Yes,0,0,4.07,0
C100094,65,43.18,2749.19,Month-to-month,DSL,No,4,0,4.39,0
C100095,21,89.59,1704.94,One year,DSL,Yes,1,1,3.41,0
C100096,17,88.94,1490.46,Month-to-month,Fiber optic,No,1,0,5.0,0
C100097,49,74.23,3764.5,One year,Fiber optic,Yes,0,1,3.06,0
C100098,46,111.36,5347.79,Month-to-month,Fiber optic,No,1,0,4.66,0
C100099,10,35.64,346.08,One year,DSL,No,0,0,4.59,0
C100100,60,26.45,1502.51,Month-to-month,None,Yes,2,0,3.38,0
C100101,14,81.14,1081.7,Two year,Fiber optic,Yes,0,0,2.49,0
C100102,58,132.73,7468.15,Month-to-month,Fiber optic,Yes,3,1,2.43,0
C100103,0,78.98,70.74,One year,Fiber optic,Yes,1,4,1.38,0
C100104,58,20.0,1126.37,Two year,None,Yes,1,1,3.91,0
C100105,57,25.95,1483.04,Two year,None,Yes,0,0,4.02,0
C100106,56,98.66,5495.22,Month-to-month,Fiber optic,No,5,3,2.87,1
C100107,48,104.9,4943.74,Month-to-month,Fiber optic,No,1,2,3.27,0
C100108,34,135.25,4424.17,Month-to-month,Fiber optic,Yes,1,0,4.59,0
C100109,51,118.73,5864.46,Month-to-month,Fiber optic,Yes,3,0,3.52,1
C100110,20,95.57,1853.04,One year,Fiber optic,Yes,1,0,3.1,0
C100111,56,50.06,2912.13,Two year,DSL,Yes,0,0,3.76,0
C100112,40,95.86,3834.2,Two year,DSL,No,3,1,4.81,0
C100113,33,30.0,1162.43,Month-to-month,None,Yes,1,1,3.94,0
C100114,36,24.5,865.88,One year,None,Yes,0,1,3.27,0
C100115,41,29.08,1220.99,Two year,None,Yes,2,1,3.3,0
C100116,2,68.21,134.09,Two year,Fiber optic,Yes,2,0,3.77,0
C100117,10,83.16,816.31,Month-to-month,Fiber optic,Yes,0,1,3.24,0
C100118,17,87.57,1616.61,Month-to-month,Fiber optic,Yes,0,0,3.25,0
C100119,8,78.88,665.66,Two year,DSL,No,2,2,3.24,0
C100120,32,59.63,1724.01,Month-to-month,DSL,Yes,0,1,4.75,0
C100121,48,20.0,906.01,Month-to-month,None,No,2,0,4.03,0
C100122,47,36.53,1704.04,Two year,DSL,Yes,0,0,3.33,0
C100123,34,93.98,3104.44,Two year,Fiber optic,No,0,0,4.33,0
C100124,62,93.38,5309.27,Two year,Fiber optic,Yes,0,0,3.66,0
C100125,41,81.47,3361.55,One year,Fiber optic,Yes,0,1,3.84,0
C100126,5,56.12,251.61,Month-to-month,DSL,No,1,1,3.65,0
C100127,55,97.38,5393.24,Month-to-month,Fiber optic,No,1,1,1.8,0
C100128,41,93.42,3984.0,Month-to-month,DSL,Yes,2,0,1.03,0
C100129,46,77.18,3720.7,One year,Fiber optic,Yes,3,0,3.47,0
C100130,41,66.69,2712.59,Month-to-month,DSL,No,1,2,2.7,1
C100131,40,108.21,4688.07,One year,Fiber optic,No,0,0,2.37,1
C100132,6,75.25,459.74,Month-to-month,Fiber optic,No,0,0,3.01,0
C100133,40,66.7,2792.12,One year,DSL,Yes,0,0,4.37,0
C100134,58,66.28,3688.57,Month-to-month,DSL,Yes,2,1,3.61,0
C100135,22,67.09,1599.5,Month-to-month,Fiber optic,Yes,2,2,3.85,0
C100136,44,70.2,3088.3,Month-to-month,DSL,Yes,1,2,3.72,0
C100137,2,67.6,146.92,Month-to-month,DSL,Yes,4,1,2.37,0
C100138,25,100.55,2701.52,Two year,Fiber optic,No,4,2,3.62,1
C100139,31,20.0,628.79,Month-to-month,None,Yes,0,2,3.95,0
C100140,71,90.19,6546.37,Month-to-month,Fiber optic,No,0,3,3.32,0
C100141,15,116.25,1726.49,One year,Fiber optic,No,3,0,3.34,0
C100142,20,74.47,1422.29,Month-to-month,None,No,1,0,4.15,0
C100143,29,116.32,3483.71,Month-to-month,Fiber optic,Yes,3,3,2.47,0
C100144,72,69.64,5164.11,Month-to-month,Fiber optic,Yes,1,0,4.38,0
C100145,62,100.57,5680.23,Month-to-month,Fiber optic,Yes,0,0,4.09,0
C100146,2,57.82,115.11,One year,DSL,Yes,1,0,3.53,0
C100147,17,72.39,1289.38,Month-to-month,DSL,Yes,1,1,4.64,0
C100148,59,77.33,4930.28,Month-to-month,Fiber optic,Yes,2,0,2.4,1
C100149,4,34.44,143.26,Month-to-month,DSL,Yes,2,0,3.05,0
C100150,62,85.45,4855.79,One year,Fiber optic,Yes,0,1,3.04,0
C100151,20,78.73,1483.28,Month-to-month,DSL,No,2,0,3.69,0
C100152,66,95.47,6181.11,Two year,Fiber optic,No,0,1,4.49,0
C100153,21,74.66,1688.48,Month-to-month,DSL,Yes,3,0,2.52,0
C100154,31,94.11,2820.0,One year,Fiber optic,No,2,1,5.0,0
C100155,48,99.69,5063.72,Month-to-month,Fiber optic,Yes,2,0,2.89,0
C100156,9,77.06,669.77,Month-to-month,DSL,Yes,1,0,3.81,0
C100157,40,59.78,2461.25,Month-to-month,DSL,No,2,0,3.41,0
C100158,36,68.57,2340.89,One year,DSL,Yes,1,0,3.57,0
C100159,57,125.12,7055.82,Two year,Fiber optic,Yes,1,1,2.83,0
C100160,72,69.7,4706.06,Month-to-month,DSL,Yes,2,0,4.24,0
C100161,48,92.81,4808.47,Month-to-month,Fiber optic,Yes,2,2,2.58,0
C100162,29,66.95,1867.35,Two year,DSL,No,4,0,1.79,0
C100163,29,62.86,1667.82,Month-to-month,DSL,Yes,1,1,2.57,0
C100164,30,83.73,2287.22,Month-to-month,Fiber optic,Yes,1,2,4.5,0
C100165,59,95.96,5635.04,Month-to-month,Fiber optic,Yes,2,0,4.39,0
C100166,23,57.39,1286.72,One year,DSL,Yes,2,1,1.76,0
C100167,12,34.24,425.54,One year,None,Yes,0,0,4.28,0
C100168,24,49.98,1184.01,One year,DSL,No,0,0,2.1,0
C100169,1,67.05,71.35,Two year,DSL,No,1,2,3.35,0
C100170,7,103.1,706.4,Month-to-month,Fiber optic,Yes,2,0,2.47,1
C100171,6,85.97,544.94,Month-to-month,Fiber optic,No,2,1,4.02,0
C100172,56,53.84,2857.08,Month-to-month,Fiber optic,Yes,2,0,3.84,0
C100173,52,78.22,3731.13,Month-to-month,DSL,Yes,0,1,4.33,0
C100174,50,39.28,1875.06,Month-to-month,None,Yes,4,0,2.94,0
C100175,33,73.13,2263.47,Month-to-month,Fiber optic,Yes,1,1,3.3,0
C100176,52,49.69,2407.57,Month-to-month,None,No,0,0,2.48,0
C100177,11,63.43,713.6,One year,Fiber optic,No,0,0,2.85,0
C100178,65,56.86,3642.17,Month-to-month,None,Yes,2,0,4.15,0
C100179,36,90.91,3298.28,Month-to-month,Fiber optic,Yes,3,0,3.58,0
C100180,68,21.89,1531.71,One year,DSL,No,2,0,3.49,0
C100181,11,95.39,952.01,One year,Fiber optic,Yes,1,1,4.43,0
C100182,36,84.28,3129.19,One year,Fiber optic,Yes,1,0,2.52,0
C100183,50,79.42,3707.78,One year,Fiber optic,No,0,2,4.05,0
C100184,36,75.98,2648.5,One year,Fiber optic,No,0,1,2.65,0
C100185,32,62.58,1794.16,Month-to-month,DSL,No,2,0,4.56,0
C100186,12,82.78,1029.12,Month-to-month,Fiber optic,Yes,0,0,4.07,0
C100187,27,31.72,776.88,One year,DSL,Yes,1,0,4.28,0
C100188,17,61.17,971.25,Month-to-month,None,Yes,1,0,2.98,0
C100189,22,60.36,1245.57,Month-to-month,DSL,No,2,0,5.0,0
C100190,49,53.09,2582.99,Month-to-month,DSL,Yes,3,0,4.85,0
C100191,46,70.56,3217.33,Month-to-month,Fiber optic,Yes,6,2,3.11,0
C100192,44,106.64,4901.69,Month-to-month,Fiber optic,Yes,3,1,4.13,0
C100193,26,65.33,1688.81,Month-to-month,Fiber optic,No,2,0,3.17,0
C100194,70,37.55,2768.12,One year,None,No,0,0,2.66,0
C100195,6,53.91,330.21,Two year,DSL,No,1,0,4.15,1
C100196,25,82.02,1943.87,Month-to-month,Fiber optic,Yes,2,0,2.69,0
C100197,8,44.03,339.31,Two year,DSL,No,0,1,4.59,0
C100198,24,80.21,2084.98,Month-to-month,Fiber optic,Yes,0,0,4.47,0
C100199,70,92.17,6887.46,Two year,Fiber optic,Yes,0,0,3.83,0
C100200,26,71.47,1942.44,Two year,DSL,Yes,4,1,3.23,0
C100201,66,77.07,5353.93,Month-to-month,Fiber optic,Yes,0,0,4.42,0
C100202,36,90.27,3332.85,One year,Fiber optic,Yes,2,0,3.62,0
C100203,51,81.88,4252.85,Two year,DSL,No,2,0,3.09,0
C100204,33,20.0,661.8,Two year,None,Yes,0,1,2.39,0
C100205,19,91.88,1908.83,Two year,Fiber optic,Yes,1,0,4.28,0
C100206,55,46.94,2515.72,Month-to-month,DSL,No,3,1,3.5,0
C100207,70,70.0,4964.76,Month-to-month,Fiber optic,No,0,1,5.0,0
C100208,19,71.96,1238.78,Two year,DSL,Yes,1,0,3.46,0
C100209,56,54.64,2819.06,One year,DSL,No,2,0,3.65,0
C100210,19,68.88,1439.37,One year,Fiber optic,Yes,1,0,3.78,0
C100211,52,92.16,4954.89,Month-to-month,DSL,Yes,2,0,3.92,0
C100212,57,82.48,4646.36,One year,DSL,No,1,0,2.78,0
C100213,32,55.29,1776.9,Month-to-month,Fiber optic,Yes,1,1,3.39,0
C100214,53,38.99,1912.11,One year,DSL,Yes,0,0,4.3,0
C100215,19,103.28,1916.11,Month-to-month,Fiber optic,Yes,1,0,3.27,0
C100216,5,86.59,398.23,One year,Fiber optic,Yes,1,0,4.15,0
C100217,7,95.51,657.71,Two year,DSL,Yes,1,1,3.53,0
C100218,32,101.71,3376.5,Month-to-month,Fiber optic,No,4,2,3.32,0
C100219,65,72.69,4842.65,Month-to-month,DSL,Yes,1,1,4.35,0
C100220,9,70.58,690.74,Month-to-month,Fiber optic,No,2,0,3.23,0
C100221,33,76.34,2560.06,Two year,DSL,Yes,1,0,2.4,0
C100222,51,20.0,880.96,One year,None,No,1,0,3.32,0
C100223,14,91.8,1423.08,Month-to-month,DSL,Yes,0,1,2.93,0
C100224,52,100.02,4960.55,Month-to-month,Fiber optic,Yes,2,0,1.75,0
C100225,22,51.33,1139.33,Month-to-month,DSL,Yes,4,1,3.01,0
C100226,59,82.29,4882.3,Month-to-month,DSL,Yes,1,1,3.61,1
C100227,42,132.59,5642.56,Two year,Fiber optic,No,2,1,4.13,0
C100228,39,85.87,3357.78,One year,Fiber optic,No,1,1,2.56,0
C100229,12,45.46,547.49,Month-to-month,None,No,3,3,3.12,0
C100230,33,58.8,1799.35,Two year,DSL,Yes,1,0,4.41,0
C100231,62,68.62,4859.78,Month-to-month,DSL,Yes,2,1,2.88,0
C100232,1,36.36,37.66,Two year,DSL,No,3,2,3.55,0
C100233,55,89.99,4963.57,Month-to-month,Fiber optic,No,2,0,4.66,0
C100234,35,37.83,1458.18,One year,None,Yes,1,0,2.08,0
C100235,52,69.18,3385.27,Two year,None,No,3,1,3.42,0
C100236,48,20.0,1005.85,Month-to-month,None,Yes,1,0,4.44,0
C100237,31,59.66,1792.99,One year,DSL,No,1,1,3.18,0
C100238,22,116.47,2619.04,Two year,Fiber optic,Yes,0,0,4.73,0
C100239,45,87.41,4025.28,Month-to-month,Fiber optic,Yes,0,0,4.14,0
C100240,10,61.74,538.06,Month-to-month,DSL,No,1,1,4.83,0
C100241,42,76.17,2947.23,One year,Fiber optic,Yes,2,2,3.7,0
C100242,6,49.28,321.48,Month-to-month,DSL,Yes,3,1,4.65,0
C100243,47,32.31,1497.51,Month-to-month,DSL,Yes,1,0,3.76,0
C100244,45,25.04,1250.85,Month-to-month,None,Yes,1,0,2.46,1
C100245,6,46.2,297.17,One year,DSL,No,1,1,2.96,0
C100246,55,37.24,2023.39,Month-to-month,None,No,2,2,4.04,0
C100247,30,52.03,1534.41,Month-to-month,DSL,Yes,0,0,4.43,0
C100248,57,55.89,3474.56,Two year,DSL,No,0,1,3.33,0
C100249,3,56.41,188.8,Month-to-month,DSL,No,2,1,4.74,0
C100250,13,64.08,819.91,Two year,DSL,No,1,0,3.25,0
C100251,36,81.96,3200.17,Month-to-month,Fiber optic,Yes,4,2,3.37,0
C100252,13,46.83,643.28,Two year,DSL,Yes,0,0,3.99,0
C100253,24,93.63,2395.74,One year,Fiber optic,Yes,1,0,2.49,0
C100254,48,57.28,2764.74,Month-to-month,None,Yes,0,0,3.56,0
C100255,10,92.44,890.21,Two year,Fiber optic,No,1,1,5.0,1
C100256,49,55.41,2557.64,Month-to-month,DSL,Yes,3,2,2.41,1
C100257,7,89.66,582.6,Month-to-month,Fiber optic,Yes,2,1,3.82,0
C100258,12,51.04,676.85,Month-to-month,Fiber optic,No,4,0,2.27,0
C100259,42,89.35,3754.96,One year,Fiber optic,Yes,1,0,2.8,0
C100260,57,59.39,3172.09,Month-to-month,DSL,Yes,3,2,2.03,0
C100261,12,72.26,914.93,Month-to-month,Fiber optic,No,5,0,3.78,1
C100262,21,75.71,1548.03,Month-to-month,Fiber optic,No,1,0,2.85,0
C100263,67,59.21,3825.03,Month-to-month,DSL,Yes,2,0,4.4,0
C100264,72,83.86,6724.68,Month-to-month,DSL,No,1,0,3.12,0
C100265,42,55.75,2170.13,Month-to-month,None,No,2,2,3.35,1
C100266,32,47.37,1535.44,Month-to-month,DSL,No,1,2,3.69,0
C100267,25,57.16,1382.56,Month-to-month,DSL,Yes,0,1,2.31,0
C100268,44,55.64,2347.11,One year,DSL,No,2,1,3.49,0
C100269,43,105.38,4166.51,Month-to-month,Fiber optic,No,1,1,3.72,0
C100270,21,94.76,1996.48,One year,Fiber optic,Yes,1,0,4.42,0
C100271,1,66.76,63.55,Month-to-month,DSL,No,1,0,2.78,0
C100272,11,100.19,1137.94,Month-to-month,Fiber optic,No,2,0,2.77,0
C100273,69,80.67,5551.84,Month-to-month,Fiber optic,Yes,2,0,3.92,0
C100274,30,90.91,2680.41,Month-to-month,DSL,No,3,0,4.39,0
C100275,35,36.97,1232.14,Month-to-month,None,Yes,1,1,2.99,1
C100276,34,48.74,1787.56,One year,DSL,No,1,0,2.57,0
C100277,57,60.64,3596.34,Month-to-month,DSL,No,0,2,3.24,0
C100278,4,60.41,232.58,Month-to-month,None,Yes,0,0,2.86,0
C100279,6,83.92,465.88,One year,Fiber optic,Yes,0,0,3.96,0
C100280,20,85.04,1524.19,Month-to-month,DSL,Yes,0,0,2.81,0
C100281,35,78.12,2905.24,Month-to-month,Fiber optic,No,1,1,4.21,0
C100282,48,77.45,3903.5,Month-to-month,Fiber optic,Yes,2,0,3.58,0
C100283,35,77.53,2869.75,Month-to-month,DSL,No,0,0,4.43,0
C100284,32,75.39,2396.52,Month-to-month,Fiber optic,Yes,2,0,1.52,0
C100285,68,107.63,7643.29,One year,Fiber optic,Yes,0,0,2.28,0
C100286,11,71.68,833.03,Two year,DSL,No,2,1,4.34,0
C100287,41,75.4,3079.53,Month-to-month,Fiber optic,Yes,3,0,2.73,1
C100288,39,90.64,3465.33,One year,Fiber optic,Yes,1,1,2.31,1
C100289,34,56.57,1820.1,One year,DSL,Yes,1,1,3.29,0
C100290,58,43.63,2589.85,Month-to-month,None,Yes,4,0,3.36,0
C100291,19,127.87,2504.25,One year,Fiber optic,Yes,0,0,3.53,0
C100292,69,84.96,5731.16,One year,Fiber optic,Yes,1,0,3.9,0
C100293,24,102.14,2412.43,Two year,Fiber optic,Yes,0,1,3.83,0
C100294,39,92.46,3562.84,Two year,Fiber optic,Yes,1,0,3.75,0
C100295,38,67.46,2675.04,Month-to-month,DSL,Yes,0,0,4.7,0
C100296,62,33.86,1940.64,Month-to-month,None,Yes,3,1,3.2,0
C100297,32,75.71,2275.45,Month-to-month,Fiber optic,Yes,2,0,3.38,1
C100298,20,96.37,1812.3,Month-to-month,Fiber optic,No,3,1,3.84,0
C100299,1,86.51,85.8,Month-to-month,Fiber optic,Yes,2,1,3.76,0
C100300,26,49.81,1317.52,Two year,DSL,Yes,0,1,2.87,0
C100301,60,86.27,4871.9,Month-to-month,DSL,Yes,1,0,3.46,0
C100302,0,66.88,70.22,Month-to-month,DSL,No,2,0,3.75,0
C100303,65,60.67,4260.79,Two year,DSL,No,2,2,2.79,0
C100304,39,115.46,4605.42,Month-to-month,Fiber optic,No,5,1,2.55,0
C100305,10,20.0,212.35,Month-to-month,None,No,1,0,2.44,0
C100306,22,89.18,1863.21,Two year,DSL,No,1,0,1.28,0
C100307,40,48.28,1836.52,Month-to-month,DSL,No,1,1,3.16,0
C100308,23,96.02,2270.97,Month-to-month,Fiber optic,Yes,2,0,3.51,0
C100309,7,53.83,376.01,Month-to-month,DSL,No,1,2,2.52,0
C100310,48,20.0,912.84,Two year,None,No,0,1,4.64,0
C100311,49,114.96,6074.54,Month-to-month,Fiber optic,No,1,0,2.71,0
C100312,8,102.27,831.61,Month-to-month,DSL,Yes,2,0,4.12,1
C100313,20,60.8,1262.96,Month-to-month,DSL,No,2,1,3.66,0
C100314,17,43.37,709.95,Month-to-month,None,Yes,0,0,5.0,0
C100315,48,68.08,3569.77,Two year,DSL,Yes,1,0,3.95,0
C100316,53,124.88,6561.88,Month-to-month,Fiber optic,Yes,4,0,2.04,1
C100317,53,26.85,1502.81,Two year,DSL,Yes,2,2,4.07,0
C100318,68,72.17,4750.25,Month-to-month,DSL,No,1,3,4.61,0
C100319,56,23.18,1310.12,Month-to-month,None,Yes,1,0,2.15,0
C100320,23,22.24,527.21,Two year,DSL,Yes,1,1,3.95,0
C100321,7,60.15,467.26,Month-to-month,DSL,Yes,0,0,4.32,0
C100322,44,125.11,5371.71,Month-to-month,Fiber optic,No,0,0,3.48,0
C100323,66,22.54,1504.21,Two year,None,No,0,0,1.76,0
C100324,71,80.02,5866.36,Month-to-month,DSL,No,0,1,3.34,0
C100325,16,89.77,1324.55,Month-to-month,DSL,Yes,0,0,3.2,0
C100326,17,34.76,520.25,Two year,None,No,1,2,4.56,0
C100327,2,92.29,174.47,Month-to-month,Fiber optic,No,2,0,3.34,0
C100328,10,20.0,210.64,Month-to-month,None,Yes,1,0,3.21,1
C100329,40,78.39,3431.61,Month-to-month,Fiber optic,Yes,1,1,2.99,0
C100330,39,109.23,4043.72,Month-to-month,Fiber optic,Yes,2,1,3.58,0
C100331,27,93.15,2346.74,Month-to-month,Fiber optic,Yes,1,1,3.49,0
C100332,22,73.98,1764.94,One year,DSL,Yes,2,0,2.79,0
C100333,60,94.53,5495.42,Month-to-month,Fiber optic,Yes,3,0,3.5,0
C100334,33,133.65,4320.26,One year,Fiber optic,Yes,2,0,2.98,0
C100335,59,28.82,1836.84,Month-to-month,None,Yes,2,2,1.23,1
C100336,70,122.5,9185.61,Month-to-month,Fiber optic,Yes,2,1,3.85,0
C100337,23,67.54,1633.22,Month-to-month,DSL,No,1,1,3.9,1
C100338,14,124.19,1575.0,One year,Fiber optic,Yes,2,0,3.57,0
C100339,69,68.73,4414.13,Month-to-month,Fiber optic,Yes,3,0,2.94,0
C100340,46,93.51,4566.55,Month-to-month,Fiber optic,No,1,0,3.47,0
C100341,21,84.52,1805.95,Two year,Fiber optic,Yes,3,1,3.85,1
C100342,45,94.65,4077.06,One year,Fiber optic,Yes,1,0,3.04,0
C100343,37,90.23,3275.24,Month-to-month,DSL,Yes,1,1,4.12,0
C100344,66,99.2,6947.26,Two year,Fiber optic,Yes,1,0,2.38,1
C100345,18,115.19,2247.63,Month-to-month,Fiber optic,Yes,2,1,3.46,0
C100346,72,24.27,1746.87,Month-to-month,None,Yes,2,1,3.35,0
C100347,68,76.37,4996.96,Month-to-month,Fiber optic,Yes,2,0,4.19,0
C100348,13,92.31,1181.85,Month-to-month,Fiber optic,Yes,2,0,2.69,0
C100349,12,89.27,1150.37,Month-to-month,Fiber optic,No,0,0,3.02,0
C100350,38,88.47,3606.58,One year,Fiber optic,Yes,2,0,2.32,0
C100351,3,48.79,147.93,Month-to-month,DSL,Yes,0,0,3.21,0
C100352,21,59.77,1218.62,One year,None,Yes,0,1,3.77,0
C100353,31,28.11,923.3,Two year,None,No,1,1,2.05,0
C100354,70,117.1,8928.68,One year,Fiber optic,No,1,1,3.1,0
C100355,72,90.24,5977.87,One year,Fiber optic,No,2,1,3.81,0
C100356,11,79.32,861.37,One year,DSL,Yes,0,0,3.57,0
C100357,65,102.6,7093.0,Two year,Fiber optic,Yes,1,0,3.59,0
C100358,6,74.34,447.85,Month-to-month,Fiber optic,No,1,3,2.12,0
C100359,54,98.98,5201.29,Month-to-month,Fiber optic,Yes,0,1,3.49,0
C100360,61,101.64,6263.19,Month-to-month,DSL,No,1,1,3.47,0
C100361,65,96.78,6418.96,Month-to-month,Fiber optic,Yes,2,2,3.12,0
C100362,16,84.12,1262.51,Month-to-month,DSL,Yes,2,1,3.45,1
C100363,65,105.17,6870.19,One year,Fiber optic,Yes,3,0,3.05,0
C100364,8,97.83,798.45,Month-to-month,Fiber optic,Yes,2,0,3.05,0
C100365,37,68.54,2467.52,Two year,DSL,No,2,0,2.6,0
C100366,34,102.4,3332.34,Month-to-month,Fiber optic,Yes,4,0,3.93,0
C100367,23,106.5,2377.03,Month-to-month,Fiber optic,Yes,4,1,2.13,1
C100368,1,64.31,60.88,Month-to-month,Fiber optic,No,0,0,3.77,0
C100369,56,69.7,4085.81,Month-to-month,DSL,No,1,2,4.78,0
C100370,24,88.5,2009.09,Month-to-month,Fiber optic,Yes,3,0,4.15,1
C100371,48,57.56,2791.61,Month-to-month,DSL,No,1,1,3.85,0
C100372,29,114.62,3255.57,Month-to-month,Fiber optic,No,2,0,3.6,0
C100373,27,78.07,2026.02,Month-to-month,Fiber optic,Yes,1,3,3.19,0
C100374,64,38.5,2649.84,Month-to-month,DSL,No,4,0,2.47,0
C100375,6,105.12,626.18,Month-to-month,Fiber optic,No,0,2,3.29,0
C100376,53,65.01,3318.68,Month-to-month,Fiber optic,Yes,2,0,3.86,0
C100377,54,53.37,2760.7,Month-to-month,Fiber optic,No,2,0,3.71,0
C100378,27,84.26,2317.45,Month-to-month,DSL,Yes,3,1,3.83,0
C100379,19,68.02,1351.13,Month-to-month,DSL,No,3,1,4.16,0
C100380,0,100.98,108.04,Month-to-month,Fiber optic,Yes,1,1,3.33,0
C100381,68,56.59,3812.64,One year,DSL,No,2,2,3.4,0
C100382,69,65.7,4476.52,Two year,Fiber optic,Yes,0,0,2.17,0
C100383,17,44.47,761.44,Two year,DSL,Yes,2,0,5.0,0
C100384,2,61.83,124.8,Month-to-month,DSL,Yes,0,0,3.33,0
C100385,8,65.82,504.2,Month-to-month,Fiber optic,No,1,1,3.96,0
C100386,4,72.83,314.75,Month-to-month,DSL,Yes,2,1,3.01,1
C100387,60,81.21,4878.56,One year,Fiber optic,No,2,1,2.99,0
C100388,65,70.52,4718.61,One year,DSL,Yes,1,0,3.35,0
C100389,11,94.95,1068.83,Two year,Fiber optic,Yes,1,0,2.56,0
C100390,54,99.35,5484.09,Two year,Fiber optic,Yes,1,0,1.6,1
C100391,13,99.49,1221.94,Month-to-month,Fiber optic,No,0,0,4.55,0
C100392,26,85.47,2221.44,One year,Fiber optic,Yes,1,1,3.88,0
C100393,43,93.5,4524.84,One year,Fiber optic,No,2,1,2.62,0
C100394,52,96.48,5454.91,Month-to-month,Fiber optic,Yes,2,0,3.76,0
C100395,63,20.0,1270.88,Two year,DSL,No,4,0,3.81,0
C100396,3,104.28,306.53,Month-to-month,Fiber optic,Yes,1,0,2.99,0
C100397,14,69.85,858.62,Two year,DSL,Yes,2,0,3.73,0
C100398,20,102.72,1998.2,One year,Fiber optic,Yes,3,0,4.08,0
C100399,22,42.55,932.06,Month-to-month,DSL,Yes,2,1,2.21,0
C100400,72,31.0,2193.05,One year,None,Yes,2,2,3.67,0
C100401,56,71.26,3936.2,Month-to-month,Fiber optic,Yes,1,0,3.81,1
C100402,23,106.15,2525.03,One year,Fiber optic,Yes,3,0,4.76,0
C100403,70,63.3,4187.21,One year,Fiber optic,No,1,0,3.96,0
C100404,36,49.36,1803.61,One year,DSL,Yes,1,1,3.13,0
C100405,36,75.15,2688.99,Two year,DSL,No,1,0,3.3,0
C100406,31,25.04,738.57,Month-to-month,None,Yes,2,2,4.83,0
C100407,10,74.36,812.07,Month-to-month,Fiber optic,Yes,1,1,3.17,1
C100408,68,84.23,5963.22,Month-to-month,DSL,Yes,0,1,4.03,0
C100409,1,110.01,105.25,Month-to-month,Fiber optic,Yes,2,1,3.14,0
C100410,12,105.72,1304.73,Month-to-month,Fiber optic,Yes,0,0,4.49,0
C100411,16,81.13,1198.88,Month-to-month,DSL,No,2,0,4.29,0
C100412,20,85.6,1649.53,Month-to-month,Fiber optic,No,1,0,3.51,0
C100413,9,63.11,609.46,Month-to-month,DSL,Yes,0,0,3.33,0
C100414,1,54.69,55.75,Two year,DSL,Yes,3,0,2.95,0
C100415,49,95.19,4733.88,Month-to-month,Fiber optic,Yes,0,0,2.3,0
C100416,70,54.97,4056.78,Two year,DSL,No,2,1,3.41,0
C100417,8,28.77,237.9,Month-to-month,None,Yes,1,0,3.59,0
C100418,21,103.4,2139.63,Month-to-month,Fiber optic,Yes,3,1,2.57,0
C100419,36,114.51,4334.67,Month-to-month,Fiber optic,Yes,2,1,1.9,0
C100420,67,99.57,6051.49,Month-to-month,Fiber optic,Yes,1,1,3.61,0
C100421,50,69.09,3327.68,Month-to-month,None,No,1,0,3.79,0
C100422,55,78.6,4299.95,Month-to-month,Fiber optic,Yes,0,1,3.88,0
C100423,42,57.08,2469.58,Month-to-month,Fiber optic,Yes,0,0,2.88,0
C100424,30,103.58,3051.86,Month-to-month,Fiber optic,No,1,0,3.84,1
C100425,14,20.34,256.82,One year,None,No,1,1,3.31,0
C100426,63,61.8,3481.3,Month-to-month,DSL,Yes,2,1,4.0,1
C100427,58,58.37,3372.78,One year,Fiber optic,Yes,1,0,2.77,0
C100428,1,72.92,71.0,Month-to-month,Fiber optic,No,1,2,4.27,1
C100429,52,63.46,3134.76,Two year,Fiber optic,Yes,0,0,4.83,0
C100430,6,28.75,162.28,One year,None,Yes,0,0,3.74,0
C100431,53,84.5,4511.45,Two year,Fiber optic,Yes,4,1,3.4,0
C100432,60,68.71,4417.88,Two year,DSL,Yes,0,0,4.26,0
C100433,9,113.55,1029.47,Month-to-month,Fiber optic,No,0,2,2.69,0
C100434,31,102.86,3419.39,Month-to-month,Fiber optic,No,2,2,2.87,0
C100435,9,34.18,301.29,Month-to-month,DSL,No,0,1,3.71,0
C100436,41,76.55,3215.1,One year,DSL,No,2,2,4.83,0
C100437,67,69.12,4975.41,One year,DSL,Yes,2,1,2.4,0
C100438,5,88.14,436.87,Month-to-month,Fiber optic,No,3,0,4.57,0
C100439,29,34.57,1003.96,Two year,None,No,0,0,3.5,0
C100440,71,95.89,6667.96,Month-to-month,Fiber optic,Yes,0,2,3.46,0
C100441,21,53.85,1167.7,One year,DSL,Yes,0,0,4.6,0
C100442,9,88.54,836.4,One year,Fiber optic,Yes,0,0,5.0,0
C100443,35,59.49,2122.38,Month-to-month,None,Yes,0,0,3.98,0
C100444,37,78.63,2872.6,One year,Fiber optic,Yes,6,0,3.84,0
C100445,48,47.43,2088.85,One year,DSL,Yes,0,0,2.93,0
C100446,22,65.83,1444.4,Month-to-month,DSL,Yes,0,0,3.24,0
C100447,69,20.0,1365.43,Month-to-month,None,Yes,1,3,2.24,0
C100448,38,20.0,769.86,Month-to-month,None,Yes,1,0,3.13,0
C100449,20,60.46,1216.97,One year,DSL,Yes,3,0,3.73,0
C100450,70,119.52,9089.95,Month-to-month,Fiber optic,Yes,1,0,3.7,0
C100451,67,64.27,4141.16,Two year,DSL,No,2,0,4.76,0
C100452,36,70.39,2314.49,Two year,DSL,Yes,4,2,4.61,0
C100453,1,51.53,48.29,Month-to-month,Fiber optic,Yes,1,0,3.42,0
C100454,43,100.32,4163.43,Month-to-month,Fiber optic,Yes,5,0,2.52,1
C100455,40,91.77,3889.25,One year,Fiber optic,No,0,1,4.47,0
C100456,10,22.37,207.74,One year,None,No,2,0,4.4,0
C100457,46,95.42,4108.36,Month-to-month,Fiber optic,Yes,2,1,3.67,1
C100458,61,70.23,4381.56,Month-to-month,DSL,Yes,3,0,3.84,0
C100459,7,69.87,511.94,Month-to-month,Fiber optic,No,1,0,3.96,1
C100460,52,96.31,4581.39,Two year,Fiber optic,No,4,2,2.24,1
C100461,10,114.75,1035.66,Month-to-month,Fiber optic,Yes,1,1,2.5,0
C100462,54,32.67,1687.86,Two year,None,Yes,0,1,3.53,0
C100463,30,75.52,2347.51,Month-to-month,Fiber optic,Yes,4,2,2.85,1
C100464,0,63.63,64.13,Two year,DSL,Yes,0,0,3.87,0
C100465,70,81.24,5452.23,Month-to-month,DSL,No,0,1,3.47,0
C100466,12,66.7,832.95,Month-to-month,Fiber optic,No,2,1,2.0,1
C100467,43,45.99,1991.09,Two year,None,No,1,0,1.88,1
C100468,13,52.12,673.55,Two year,DSL,No,2,1,3.91,0
C100469,68,71.6,4436.5,Month-to-month,DSL,Yes,2,1,2.81,0
C100470,53,79.28,4023.77,Month-to-month,Fiber optic,No,0,0,3.47,0
C100471,58,56.23,3612.36,Month-to-month,DSL,Yes,2,0,2.97,0
C100472,31,95.94,2919.13,Month-to-month,DSL,Yes,2,0,2.7,0
C100473,34,20.0,644.22,Month-to-month,None,No,0,1,2.84,0
C100474,46,101.22,4558.23,Two year,Fiber optic,Yes,2,0,4.21,0
C100475,57,67.9,3895.65,Month-to-month,None,No,3,1,3.02,1
C100476,61,103.02,6589.53,One year,Fiber optic,No,0,0,4.15,0
C100477,1,39.71,41.07,Month-to-month,DSL,No,0,2,4.09,1
C100478,48,20.0,924.28,Month-to-month,None,No,3,1,3.46,0
C100479,7,52.72,394.85,One year,DSL,Yes,2,0,4.04,0
C100480,21,70.0,1535.87,Month-to-month,DSL,Yes,1,0,3.54,0
C100481,60,39.29,2299.69,One year,None,No,0,1,4.63,0
C100482,18,67.84,1212.51,Month-to-month,Fiber optic,Yes,0,1,4.21,0
C100483,58,20.0,1198.32,Two year,None,No,1,0,4.28,0
C100484,33,51.58,1802.75,One year,DSL,Yes,0,2,2.76,0
C100485,16,33.57,492.26,Two year,None,Yes,1,0,3.74,0
C100486,24,129.71,3125.1,Month-to-month,Fiber optic,Yes,3,1,1.78,1
C100487,38,72.27,2741.56,Month-to-month,Fiber optic,No,2,0,4.5,0
C100488,55,20.0,1065.48,Month-to-month,None,No,2,0,2.92,0
C100489,44,68.47,2917.27,Month-to-month,Fiber optic,No,0,1,3.19,1
C100490,68,104.08,7487.87,Month-to-month,Fiber optic,Yes,3,0,2.22,1
C100491,63,91.21,5915.21,Month-to-month,Fiber optic,Yes,0,0,3.62,0
C100492,54,74.97,4517.45,Month-to-month,Fiber optic,Yes,2,0,3.2,0
C100493,44,30.11,1283.32,Month-to-month,None,Yes,2,0,4.83,0
C100494,21,76.96,1628.35,Month-to-month,Fiber optic,Yes,1,0,4.2,0
C100495,30,72.62,2215.71,Month-to-month,DSL,Yes,1,1,3.05,0
C100496,8,118.0,990.52,Month-to-month,DSL,Yes,1,0,2.23,1
C100497,27,47.47,1377.45,One year,None,Yes,3,1,1.43,0
C100498,67,33.23,2237.87,Month-to-month,None,No,1,0,2.73,0
C100499,31,22.37,651.71,Month-to-month,None,No,3,0,2.25,0
C100500,8,41.48,318.87,Month-to-month,DSL,Yes,1,1,3.72,0
C100501,47,105.94,5018.27,One year,Fiber optic,Yes,0,1,3.46,1
C100502,70,102.91,7648.54,Month-to-month,Fiber optic,No,0,0,3.66,1
C100503,63,81.14,4705.16,One year,Fiber optic,No,1,1,2.71,0
C100504,20,88.05,1647.68,Two year,DSL,No,0,0,3.77,0
C100505,33,92.4,3176.18,Month-to-month,Fiber optic,Yes,1,0,2.42,0
C100506,38,81.72,2884.42,Two year,DSL,Yes,1,0,3.46,0
C100507,18,95.63,1614.83,One year,Fiber optic,No,2,0,4.06,0
C100508,19,63.63,1284.54,Month-to-month,DSL,Yes,2,0,3.12,0
C100509,17,48.86,820.51,Month-to-month,DSL,Yes,3,1,3.56,1
C100510,72,62.23,4407.17,One year,DSL,No,1,1,1.91,1
C100511,54,53.0,3077.38,Two year,None,Yes,1,0,1.93,0
C100512,61,80.35,4614.8,Month-to-month,Fiber optic,No,2,1,3.59,0
C100513,59,43.36,2380.39,Month-to-month,None,No,2,0,4.23,0
C100514,70,71.43,5448.14,One year,Fiber optic,Yes,3,0,3.1,0
C100515,7,104.82,743.16,Month-to-month,Fiber optic,No,3,0,4.96,0
C100516,64,72.95,4843.34,One year,DSL,Yes,2,0,2.28,0
C100517,4,67.16,264.04,Month-to-month,Fiber optic,No,2,3,2.64,1
C100518,34,60.74,2053.05,One year,DSL,No,1,0,3.64,0
C100519,43,107.7,4451.84,Two year,Fiber optic,No,1,1,3.81,0
C100520,26,68.08,1801.05,One year,Fiber optic,Yes,2,0,2.95,0
C100521,10,20.0,209.15,One year,None,No,2,1,2.5,0
C100522,14,63.68,901.13,One year,DSL,No,0,0,4.13,0
C100523,60,130.53,8288.78,Two year,Fiber optic,No,2,0,3.51,0
C100524,23,54.22,1292.49,Two year,DSL,Yes,2,1,3.06,0
C100525,22,76.41,1584.09,Month-to-month,DSL,Yes,1,0,3.92,0
C100526,67,94.94,6310.34,Month-to-month,Fiber optic,No,1,0,3.42,0
C100527,10,80.8,788.07,Month-to-month,Fiber optic,Yes,1,3,3.18,0
C100528,66,95.06,6533.95,Two year,Fiber optic,Yes,0,0,3.51,0
C100529,67,56.49,3880.92,One year,DSL,No,2,0,2.77,0
C100530,43,28.2,1221.1,Month-to-month,None,No,1,1,2.73,0
C100531,12,20.0,253.38,Month-to-month,None,No,1,1,3.04,0
C100532,11,91.54,903.62,Month-to-month,Fiber optic,Yes,1,1,3.48,0
C100533,20,54.08,1045.72,One year,None,Yes,3,1,1.75,0
C100534,42,68.09,2778.26,Month-to-month,DSL,Yes,1,0,4.27,1
C100535,11,112.72,1257.09,Month-to-month,Fiber optic,Yes,1,1,3.46,1
C100536,33,46.03,1565.17,Two year,None,No,1,2,2.54,0
C100537,8,90.87,726.91,One year,Fiber optic,Yes,2,0,4.67,0
C100538,39,80.07,2896.89,Month-to-month,Fiber optic,Yes,5,1,3.0,0
C100539,1,82.76,84.61,Month-to-month,Fiber optic,Yes,0,1,2.53,0
C100540,51,64.06,3290.07,Two year,Fiber optic,Yes,2,0,4.64,0
C100541,4,84.93,312.28,One year,Fiber optic,No,0,0,4.71,1
C100542,14,67.77,933.37,One year,DSL,No,1,1,2.74,1
C100543,12,99.59,1219.66,Month-to-month,DSL,Yes,2,0,3.16,0
C100544,60,102.04,6679.09,Month-to-month,Fiber optic,Yes,1,0,3.17,1
C100545,3,75.57,213.13,Month-to-month,Fiber optic,Yes,1,0,2.06,1
C100546,31,64.65,2091.24,One year,Fiber optic,Yes,2,0,3.66,0
C100547,43,31.08,1257.31,Month-to-month,None,No,2,1,3.99,0
C100548,37,105.42,3627.96,Month-to-month,Fiber optic,No,0,0,4.16,0
C100549,49,87.81,4015.97,One year,Fiber optic,Yes,2,0,3.44,0
C100550,58,100.3,6010.98,Two year,Fiber optic,No,1,0,4.26,0
C100551,28,88.56,2497.4,One year,Fiber optic,Yes,0,2,2.6,0
C100552,60,105.62,6227.52,Month-to-month,Fiber optic,Yes,2,1,4.75,0
C100553,23,61.65,1453.66,Month-to-month,Fiber optic,Yes,1,1,2.85,1
C100554,71,122.48,8715.6,Month-to-month,Fiber optic,Yes,2,1,2.81,1
C100555,36,70.86,2566.47,Month-to-month,Fiber optic,Yes,3,0,2.84,0
C100556,53,105.08,5476.27,Month-to-month,Fiber optic,No,1,0,3.02,0
C100557,63,84.83,5042.26,Month-to-month,Fiber optic,No,0,0,3.5,0
C100558,57,64.8,4037.19,One year,DSL,Yes,2,0,3.23,0
C100559,62,85.42,5703.96,Two year,Fiber optic,No,4,0,3.27,0
C100560,39,96.86,4107.92,Two year,Fiber optic,Yes,1,1,2.81,0
C100561,3,75.69,220.33,Month-to-month,DSL,Yes,1,1,3.58,1
C100562,35,112.11,3776.68,Month-to-month,Fiber optic,Yes,1,0,2.68,0
C100563,13,118.75,1508.56,Month-to-month,Fiber optic,Yes,2,0,3.98,0
C100564,64,98.3,6662.86,Month-to-month,Fiber optic,Yes,1,0,4.09,0
C100565,17,122.56,2083.5,Month-to-month,Fiber optic,No,1,0,3.53,0
C100566,16,66.77,1036.4,Month-to-month,DSL,No,1,0,3.02,0
C100567,18,87.47,1605.97,One year,DSL,Yes,2,0,3.65,0
C100568,46,73.15,3228.61,Month-to-month,DSL,No,4,0,2.48,0
C100569,41,81.57,3095.06,Two year,Fiber optic,Yes,2,2,3.28,0
C100570,69,93.44,6493.19,Month-to-month,Fiber optic,No,0,2,3.37,0
C100571,30,101.56,2960.32,Month-to-month,Fiber optic,Yes,1,0,5.0,0
C100572,20,91.39,1826.42,Month-to-month,Fiber optic,Yes,0,0,2.69,1
C100573,3,72.84,186.25,Month-to-month,DSL,No,2,0,1.33,0
C100574,0,108.44,103.12,Month-to-month,Fiber optic,Yes,0,2,2.99,0
C100575,27,66.56,1792.67,Two year,DSL,Yes,0,0,2.31,0
C100576,67,36.07,2215.13,Month-to-month,Fiber optic,Yes,2,1,2.76,0
C100577,38,98.89,3451.44,Month-to-month,DSL,Yes,2,0,2.4,1
C100578,65,86.35,5624.72,One year,Fiber optic,Yes,2,0,2.7,0
C100579,7,76.36,555.15,Month-to-month,Fiber optic,Yes,1,2,2.54,1
C100580,6,68.64,391.64,One year,Fiber optic,No,2,1,4.08,0
C100581,60,60.61,3584.17,Month-to-month,DSL,Yes,0,0,3.61,0
C100582,7,56.31,388.99,One year,DSL,Yes,2,2,4.09,0
C100583,3,76.0,208.41,Month-to-month,Fiber optic,No,0,0,3.68,0
C100584,29,77.04,2379.63,Month-to-month,Fiber optic,No,1,1,4.17,0
C100585,67,75.07,4979.08,One year,DSL,No,1,0,3.29,0
C100586,50,75.58,3743.2,Two year,None,Yes,1,0,4.77,0
C100587,7,107.59,768.58,Month-to-month,Fiber optic,Yes,1,0,3.9,1
C100588,61,113.33,6319.99,One year,Fiber optic,Yes,2,1,2.72,0
C100589,61,59.83,3834.29,Month-to-month,DSL,Yes,1,0,4.01,0
C100590,58,93.99,5766.42,Month-to-month,Fiber optic,Yes,0,0,3.67,0
C100591,65,75.1,4919.23,Month-to-month,DSL,Yes,2,0,3.25,0
C100592,17,52.47,914.67,One year,DSL,No,1,0,3.6,0
C100593,71,83.91,5850.76,Month-to-month,Fiber optic,Yes,2,0,4.0,0
C100594,23,106.24,2559.54,One year,Fiber optic,No,2,0,1.76,0
C100595,58,57.72,3196.23,Month-to-month,None,Yes,1,2,3.1,1
C100596,42,38.28,1604.9,Two year,None,Yes,0,2,4.02,0
C100597,56,42.29,2371.79,Two year,DSL,No,2,1,3.52,0
C100598,45,59.38,2666.41,Month-to-month,DSL,No,1,1,2.57,0
C100599,46,64.61,3146.82,Month-to-month,Fiber optic,Yes,1,0,1.68,0
C100600,44,36.43,1795.83,Month-to-month,None,No,2,2,4.58,0
C100601,56,41.85,2329.44,Two year,None,Yes,2,0,3.26,0
C100602,53,61.86,3363.4,Month-to-month,DSL,Yes,3,2,4.31,0
C100603,9,69.59,598.67,Month-to-month,DSL,No,0,0,4.27,0
C100604,60,72.92,4623.52,Month-to-month,DSL,No,4,0,2.55,0
C100605,39,96.88,3670.78,One year,Fiber optic,Yes,2,0,1.46,0
C100606,23,67.17,1812.15,Month-to-month,Fiber optic,No,2,3,2.81,0
C100607,37,85.19,2862.39,Month-to-month,Fiber optic,No,1,4,3.18,1
C100608,70,99.79,7810.33,Two year,Fiber optic,Yes,2,0,3.76,0
C100609,62,97.0,6341.87,Month-to-month,DSL,Yes,0,0,2.78,0
C100610,60,86.83,4888.23,Two year,Fiber optic,Yes,1,0,3.67,0
C100611,33,77.47,2882.64,Month-to-month,DSL,Yes,0,0,3.79,1
C100612,57,106.68,5770.26,Month-to-month,Fiber optic,No,1,1,4.22,0
C100613,28,88.26,2428.56,Two year,Fiber optic,Yes,4,0,2.93,0
C100614,50,111.82,5192.29,One year,Fiber optic,No,1,0,3.88,0
C100615,46,89.84,4099.35,One year,DSL,Yes,0,2,3.71,0
C100616,18,116.23,2086.08,Month-to-month,Fiber optic,No,1,3,3.97,0
C100617,19,98.71,1961.11,Month-to-month,Fiber optic,No,1,2,2.73,1
C100618,4,109.84,498.28,Month-to-month,DSL,No,1,1,1.05,0
C100619,10,53.31,518.06,Month-to-month,DSL,No,0,0,3.47,0
C100620,31,130.36,3429.35,Month-to-month,Fiber optic,No,1,3,3.11,0
C100621,34,81.6,2873.36,Month-to-month,DSL,Yes,1,1,2.55,0
C100622,12,90.47,1052.78,Month-to-month,DSL,No,3,1,2.03,1
C100623,30,58.92,1944.39,Month-to-month,DSL,No,3,0,2.84,1
C100624,44,83.05,3647.25,Month-to-month,DSL,Yes,0,0,3.56,0
C100625,16,119.11,1826.19,Month-to-month,Fiber optic,Yes,0,1,3.64,0
C100626,24,69.34,1571.44,Two year,Fiber optic,No,1,1,1.67,0
C100627,26,63.9,1718.32,One year,DSL,Yes,1,1,2.08,0
C100628,36,51.32,1819.55,Month-to-month,Fiber optic,Yes,1,1,4.33,0
C100629,26,63.61,1787.37,One year,DSL,Yes,1,1,3.3,0
C100630,53,51.5,2697.89,Two year,DSL,Yes,2,0,3.41,0
C100631,23,62.86,1558.27,Month-to-month,DSL,Yes,4,0,2.13,1
C100632,31,140.0,4010.56,Month-to-month,Fiber optic,Yes,4,0,3.17,1
C100633,27,67.64,1651.64,Month-to-month,None,No,0,0,3.36,0
C100634,13,64.65,878.78,Month-to-month,Fiber optic,Yes,4,0,2.69,0
C100635,50,77.56,3778.94,One year,DSL,Yes,1,1,2.31,0
C100636,17,80.18,1343.3,Two year,DSL,No,0,1,2.89,0
C100637,21,58.58,1161.7,Month-to-month,DSL,No,2,0,4.95,0
C100638,57,95.39,5112.61,One year,Fiber optic,Yes,2,2,2.98,0
C100639,69,72.24,5158.83,Month-to-month,DSL,Yes,3,3,3.67,1
C100640,48,20.0,959.0,One year,None,No,1,0,3.38,0
C100641,66,70.4,4375.46,One year,Fiber optic,No,0,0,3.41,0
C100642,62,95.27,6163.56,Month-to-month,Fiber optic,Yes,2,1,2.83,0
C100643,35,93.89,3498.5,Month-to-month,Fiber optic,Yes,2,0,4.46,0
C100644,56,51.54,2868.96,One year,DSL,No,0,0,3.94,0
C100645,23,74.91,1817.99,Two year,Fiber optic,No,2,1,2.71,0
C100646,33,65.29,2035.85,Month-to-month,DSL,Yes,1,2,3.06,0
C100647,39,106.84,4299.04,Month-to-month,Fiber optic,No,2,0,4.25,0
C100648,70,88.55,6253.64,Month-to-month,Fiber optic,No,1,2,1.16,0
C100649,61,95.83,5591.14,Month-to-month,DSL,No,3,1,3.45,0
C100650,35,76.78,2990.75,One year,Fiber optic,No,1,2,3.79,1
C100651,47,68.67,3268.81,One year,DSL,No,0,1,2.99,0
C100652,14,60.27,816.36,One year,DSL,Yes,0,2,3.61,0
C100653,58,103.17,5990.32,Two year,Fiber optic,Yes,0,2,3.88,0
C100654,40,75.15,2862.21,One year,Fiber optic,No,1,1,2.49,0
C100655,38,71.62,2548.39,Month-to-month,None,No,2,0,4.07,0
C100656,55,59.88,3211.99,Month-to-month,Fiber optic,Yes,0,0,3.88,0
C100657,46,124.59,5610.82,Month-to-month,Fiber optic,Yes,1,0,3.41,0
C100658,5,66.71,318.8,Month-to-month,DSL,No,1,0,3.61,0
C100659,21,75.5,1694.6,Two year,DSL,No,2,0,3.96,0
C100660,12,62.36,716.8,One year,None,Yes,1,1,5.0,1
C100661,53,83.3,4188.54,Two year,DSL,Yes,1,1,3.93,0
C100662,2,78.13,146.07,Month-to-month,Fiber optic,Yes,1,0,4.16,1
C100663,14,76.4,994.18,Month-to-month,DSL,No,1,1,3.6,0
C100664,43,100.48,4564.8,Month-to-month,DSL,No,2,0,4.89,0
C100665,50,75.14,3810.35,Month-to-month,Fiber optic,Yes,2,1,2.19,1
C100666,36,132.25,4941.77,Month-to-month,Fiber optic,Yes,1,0,2.17,0
C100667,62,97.33,6372.46,Month-to-month,Fiber optic,No,1,1,3.57,1
C100668,67,28.77,1892.25,Month-to-month,None,Yes,2,1,3.84,0
C100669,9,48.03,467.27,Two year,DSL,No,1,0,1.52,0
C100670,69,87.76,5846.65,Month-to-month,Fiber optic,Yes,0,0,3.65,0
C100671,44,29.85,1234.25,Month-to-month,DSL,Yes,2,0,3.27,0
C100672,46,84.11,3948.56,One year,Fiber optic,Yes,2,2,3.83,0
C100673,6,62.0,374.96,Month-to-month,DSL,Yes,3,0,3.62,0
C100674,45,71.59,3246.88,Two year,Fiber optic,Yes,1,2,1.96,1
C100675,52,79.21,4348.93,One year,DSL,No,0,0,2.81,0
C100676,42,87.84,3710.83,Month-to-month,Fiber optic,Yes,2,0,2.78,0
C100677,6,79.92,487.78,One year,Fiber optic,Yes,1,0,4.11,1
C100678,38,28.82,1177.05,One year,None,No,3,0,3.58,0
C100679,68,71.75,4950.56,One year,DSL,No,1,0,3.05,0
C100680,52,38.39,2050.55,One year,None,Yes,1,1,3.56,0
C100681,10,53.68,494.94,One year,DSL,Yes,2,0,2.58,0
C100682,70,69.39,5850.88,One year,DSL,Yes,0,1,5.0,0
C100683,69,66.04,4158.06,Month-to-month,DSL,Yes,2,0,3.86,0
C100684,12,43.35,504.77,One year,DSL,No,1,0,4.14,0
C100685,58,86.52,4860.96,Two year,Fiber optic,Yes,2,1,4.4,0
C100686,29,78.01,2524.58,One year,DSL,Yes,1,1,4.24,0
C100687,43,100.87,4194.13,One year,Fiber optic,No,1,2,3.39,0
C100688,32,87.63,2872.31,Month-to-month,Fiber optic,Yes,1,1,3.31,1
C100689,57,104.86,5792.02,One year,Fiber optic,Yes,1,0,4.53,0
C100690,72,73.38,4981.12,Two year,Fiber optic,Yes,1,0,3.55,0
C100691,58,71.97,4305.2,Month-to-month,Fiber optic,No,2,1,2.75,0
C100692,67,60.23,3875.84,Month-to-month,DSL,No,2,1,4.86,0
C100693,69,120.45,8405.94,Month-to-month,Fiber optic,Yes,4,0,2.44,0
C100694,6,68.1,422.68,Month-to-month,DSL,No,2,0,2.06,0
C100695,18,61.77,1228.46,One year,DSL,Yes,0,1,4.34,0
C100696,52,96.34,4661.91,Month-to-month,DSL,Yes,1,1,2.88,1
C100697,43,86.55,3690.37,Month-to-month,Fiber optic,Yes,2,0,3.75,0
C100698,3,134.46,400.91,One year,Fiber optic,Yes,3,2,4.55,0
C100699,6,82.29,493.77,One year,Fiber optic,Yes,1,1,2.38,0
C100700,37,45.78,1933.18,One year,DSL,No,1,4,3.18,0
C100701,44,88.84,3871.69,One year,Fiber optic,Yes,0,0,4.81,0
C100702,12,85.27,881.39,One year,Fiber optic,No,2,1,3.86,0
C100703,12,49.65,589.3,One year,DSL,No,1,1,3.31,0
C100704,9,140.0,1251.8,One year,Fiber optic,Yes,1,1,5.0,0
C100705,41,98.05,3966.76,Month-to-month,Fiber optic,Yes,0,0,3.58,0
C100706,0,100.82,96.84,One year,Fiber optic,Yes,0,0,3.96,0
C100707,41,58.22,2213.55,Month-to-month,DSL,Yes,2,0,4.7,0
C100708,34,81.02,3081.86,Month-to-month,Fiber optic,Yes,1,1,4.22,0
C100709,34,84.49,2922.95,Month-to-month,DSL,No,4,0,4.2,1
C100710,49,33.16,1607.66,Two year,DSL,No,0,0,2.95,0
C100711,38,45.29,1922.41,One year,DSL,Yes,1,0,4.49,0
C100712,53,87.3,4405.84,Month-to-month,Fiber optic,Yes,2,0,3.54,0
C100713,55,92.67,5265.72,One year,DSL,Yes,2,0,2.83,0
C100714,67,82.88,5171.48,Month-to-month,Fiber optic,No,2,3,3.34,1
C100715,58,74.91,4524.18,One year,DSL,Yes,1,0,3.68,0
C100716,37,92.53,3209.99,One year,Fiber optic,Yes,0,0,5.0,0
C100717,35,89.63,3218.22,One year,DSL,No,2,1,3.63,0
C100718,17,61.89,1165.16,One year,Fiber optic,Yes,0,0,3.04,0
C100719,43,105.98,4580.56,Month-to-month,Fiber optic,Yes,2,1,2.54,1
C100720,10,86.22,758.23,Month-to-month,Fiber optic,No,1,1,3.41,0
C100721,67,84.57,5677.34,Two year,DSL,Yes,2,1,2.28,0
C100722,61,76.43,4785.43,One year,Fiber optic,Yes,2,0,2.85,0
C100723,8,37.46,314.53,Month-to-month,None,Yes,0,0,3.46,0
C100724,57,35.05,2159.77,Month-to-month,None,Yes,1,0,3.2,0
C100725,8,45.95,398.42,Month-to-month,DSL,No,2,0,3.98,0
C100726,52,67.67,3493.5,Month-to-month,Fiber optic,Yes,0,0,3.07,0
C100727,6,53.97,312.08,Month-to-month,DSL,No,0,0,1.72,0
C100728,35,69.47,2281.87,Month-to-month,DSL,Yes,0,0,2.34,1
C100729,48,75.62,3521.97,Two year,Fiber optic,No,2,2,3.24,0
C100730,53,83.73,4554.0,Month-to-month,Fiber optic,No,2,2,2.79,0
C100731,30,56.17,1560.11,Month-to-month,Fiber optic,Yes,1,1,2.49,0
C100732,67,82.96,5274.97,Month-to-month,Fiber optic,No,1,1,4.98,0
C100733,56,84.45,4875.46,Month-to-month,DSL,No,2,0,4.06,0
C100734,15,103.4,1495.85,One year,Fiber optic,No,1,2,3.32,1
C100735,48,90.35,4425.05,Month-to-month,Fiber optic,Yes,0,2,3.67,0
C100736,53,69.63,3525.11,One year,DSL,No,0,0,3.44,0
C100737,24,76.26,1859.21,One year,Fiber optic,Yes,4,0,2.19,1
C100738,53,65.86,3342.39,Month-to-month,None,No,5,1,3.77,0
C100739,65,129.29,7524.73,One year,Fiber optic,No,3,0,3.95,0
C100740,59,70.13,4355.22,Two year,DSL,Yes,0,0,2.11,0
C100741,55,139.22,7364.03,Month-to-month,Fiber optic,No,6,0,3.11,0
C100742,46,22.08,1001.79,Month-to-month,None,No,0,1,3.83,0
C100743,19,20.0,365.56,Two year,None,Yes,1,0,3.28,0
C100744,58,78.52,4690.54,Two year,Fiber optic,Yes,2,0,5.0,0
C100745,26,87.83,2325.42,Month-to-month,Fiber optic,Yes,1,0,5.0,0
C100746,38,135.93,5319.35,Month-to-month,Fiber optic,Yes,1,0,3.24,0
C100747,22,86.66,1848.9,Month-to-month,Fiber optic,Yes,2,0,3.24,0
C100748,22,20.0,438.8,One year,None,No,0,1,3.3,0
C100749,11,74.93,843.14,Month-to-month,Fiber optic,Yes,0,0,3.17,1
C100750,70,111.66,8480.47,Month-to-month,Fiber optic,No,1,1,2.73,0
C100751,10,83.95,853.65,One year,DSL,No,0,2,3.89,0
C100752,6,80.78,457.93,Two year,Fiber optic,No,1,0,5.0,0
C100753,68,31.36,2163.9,One year,DSL,Yes,0,0,4.86,0
C100754,40,45.56,1805.86,Month-to-month,DSL,Yes,1,0,4.15,0
C100755,31,122.7,3385.56,Month-to-month,Fiber optic,No,2,2,1.37,1
C100756,53,105.09,5004.53,Two year,Fiber optic,Yes,1,2,1.92,1
C100757,27,38.24,1028.7,Two year,None,Yes,0,1,4.4,0
C100758,9,125.51,1130.7,Month-to-month,Fiber optic,No,2,0,4.67,0
C100759,53,74.21,3869.37,One year,None,Yes,2,0,3.84,0
C100760,12,91.32,1149.13,Month-to-month,Fiber optic,Yes,2,2,3.01,0
C100761,40,91.67,3478.21,Month-to-month,Fiber optic,Yes,3,1,4.26,0
C100762,69,55.94,3565.58,Month-to-month,DSL,Yes,1,1,4.04,0
C100763,68,84.59,5490.9,Month-to-month,Fiber optic,No,1,0,4.42,0
C100764,26,38.76,973.96,Month-to-month,DSL,Yes,0,0,2.2,0
C100765,56,36.68,2047.51,Two year,DSL,No,2,2,3.52,0
C100766,44,32.27,1357.59,Month-to-month,DSL,No,3,0,4.67,0
C100767,34,112.6,3377.43,Month-to-month,Fiber optic,Yes,3,0,3.7,0
C100768,10,62.33,535.22,Month-to-month,Fiber optic,Yes,0,1,4.31,0
C100769,27,74.05,2012.89,Month-to-month,None,Yes,2,0,3.44,1
C100770,47,21.12,931.0,Month-to-month,None,No,0,0,3.73,0
C100771,72,68.01,4356.64,One year,None,No,3,0,4.38,0
C100772,0,60.06,62.12,Month-to-month,DSL,Yes,3,1,2.69,1
C100773,52,20.0,1128.38,One year,None,Yes,1,0,2.93,0
C100774,61,116.39,7062.91,Two year,Fiber optic,Yes,0,0,3.28,0
C100775,69,63.64,4455.99,Month-to-month,None,Yes,2,0,3.43,0
C100776,30,49.79,1516.45,Two year,DSL,Yes,1,0,2.27,0
C100777,8,60.7,423.82,Two year,DSL,Yes,0,0,4.22,0
C100778,19,20.0,398.57,One year,None,No,1,1,3.32,0
C100779,62,64.71,4285.61,One year,DSL,Yes,3,0,3.96,0
C100780,64,94.05,6627.28,One year,Fiber optic,Yes,0,0,2.0,0
C100781,46,83.32,3740.47,One year,Fiber optic,No,1,0,4.2,0
C100782,8,30.44,228.32,One year,DSL,No,2,0,4.45,0
C100783,8,55.96,481.13,Month-to-month,DSL,Yes,2,1,3.67,0
C100784,34,48.37,1689.71,Two year,None,No,0,1,3.59,0
C100785,42,33.03,1454.0,One year,None,Yes,1,0,4.2,0
C100786,2,28.78,55.51,One year,None,No,2,0,4.4,0
C100787,50,49.32,2502.83,Month-to-month,DSL,Yes,3,1,3.62,0
C100788,39,53.41,1962.31,Month-to-month,DSL,No,1,1,3.92,1
C100789,0,118.77,118.74,Month-to-month,Fiber optic,Yes,2,1,4.62,0
C100790,6,68.34,402.19,Month-to-month,Fiber optic,No,3,0,3.88,0
C100791,33,78.7,2931.85,Month-to-month,DSL,No,0,1,2.95,0
C100792,52,92.89,4976.03,Month-to-month,Fiber optic,Yes,3,0,4.28,0
C100793,60,41.65,2203.22,Month-to-month,None,Yes,0,0,3.55,0
C100794,31,78.09,2420.58,Month-to-month,Fiber optic,Yes,1,1,3.48,0
C100795,21,85.32,1828.0,Month-to-month,Fiber optic,Yes,1,0,3.61,0
C100796,70,89.89,6128.27,Two year,Fiber optic,No,2,0,4.17,0
C100797,33,55.11,1708.33,Month-to-month,DSL,No,1,0,4.89,0
C100798,23,73.3,1747.15,Month-to-month,DSL,Yes,1,0,3.55,0
C100799,32,100.69,3051.71,Month-to-month,Fiber optic,Yes,1,0,4.88,0
C100800,0,131.28,135.43,Month-to-month,Fiber optic,No,0,0,3.78,0
C100801,22,97.29,2017.26,Month-to-month,Fiber optic,Yes,1,0,4.62,0
C100802,37,53.67,1927.48,One year,Fiber optic,No,1,1,3.6,1
C100803,67,89.1,6283.64,Two year,DSL,Yes,2,0,3.03,0
C100804,53,63.13,3435.91,Month-to-month,DSL,Yes,1,0,5.0,0
C100805,57,105.23,6008.48,One year,DSL,Yes,1,0,3.07,0
C100806,39,94.95,3696.96,Month-to-month,DSL,Yes,1,1,2.94,0
C100807,8,80.4,646.4,Month-to-month,Fiber optic,No,1,0,2.55,0
C100808,28,105.72,2831.29,Month-to-month,Fiber optic,Yes,3,1,4.2,1
C100809,72,23.71,1564.71,Month-to-month,None,No,0,0,4.82,0
C100810,3,90.05,278.61,One year,Fiber optic,No,3,1,3.5,1
C100811,64,104.84,7274.42,One year,Fiber optic,Yes,1,2,2.6,0
C100812,49,88.15,4462.89,One year,DSL,Yes,1,0,3.52,0
C100813,20,107.01,2170.12,Month-to-month,Fiber optic,No,1,0,3.29,0
C100814,56,66.42,3472.29,One year,DSL,No,3,0,2.49,0
C100815,61,84.19,5383.35,Month-to-month,None,Yes,2,0,3.03,0
C100816,3,85.06,261.94,Month-to-month,Fiber optic,Yes,1,1,3.84,0
C100817,7,34.46,251.3,Month-to-month,DSL,No,1,1,2.98,0
C100818,48,40.12,2035.27,One year,DSL,Yes,1,0,3.76,0
C100819,72,93.01,7280.88,Two year,DSL,No,2,1,1.94,0
C100820,1,35.54,33.36,Month-to-month,None,Yes,1,0,4.84,0
C100821,48,68.02,3033.49,Month-to-month,DSL,No,1,1,3.14,0
C100822,9,56.69,514.37,One year,DSL,Yes,1,0,4.21,0
C100823,47,56.4,2516.3,One year,DSL,No,0,2,3.64,0
C100824,45,77.05,3258.3,Month-to-month,Fiber optic,Yes,1,2,3.68,1
C100825,6,100.95,646.35,One year,Fiber optic,Yes,2,2,2.37,1
C100826,49,90.15,4172.19,One year,Fiber optic,Yes,1,0,2.94,0
C100827,65,73.27,4759.65,Two year,DSL,No,1,3,2.71,0
C100828,63,73.45,4212.15,Month-to-month,DSL,Yes,2,1,3.35,0
C100829,2,28.91,58.02,Two year,None,Yes,1,1,4.48,0
C100830,17,37.28,674.99,Month-to-month,DSL,No,1,2,3.71,1
C100831,17,37.63,682.39,Two year,DSL,Yes,0,2,2.79,0
C100832,33,140.0,4885.53,Month-to-month,Fiber optic,Yes,2,0,3.48,1
C100833,10,93.09,926.89,Month-to-month,DSL,No,1,1,3.39,0
C100834,62,90.46,5951.38,Month-to-month,DSL,No,1,0,3.26,0
C100835,56,77.18,4424.32,Month-to-month,Fiber optic,No,2,1,3.32,0
C100836,59,92.18,5307.32,Month-to-month,Fiber optic,Yes,3,0,3.89,0
C100837,14,51.51,736.28,Month-to-month,DSL,Yes,3,1,2.65,0
C100838,1,40.07,42.02,Month-to-month,DSL,No,0,1,3.3,0
C100839,66,80.81,4943.99,Month-to-month,Fiber optic,Yes,4,1,3.86,0
C100840,21,90.2,1783.72,One year,DSL,No,1,3,3.66,0
C100841,47,82.97,3868.79,Two year,DSL,Yes,0,0,4.65,0
C100842,66,71.57,4406.21,One year,Fiber optic,No,0,0,4.77,0
C100843,2,84.02,156.62,Month-to-month,Fiber optic,No,1,1,2.39,1
C100844,0,51.23,50.04,Month-to-month,None,Yes,1,1,3.67,0
C100845,0,81.15,85.58,Two year,Fiber optic,Yes,1,0,3.13,1
C100846,11,68.51,793.95,Month-to-month,DSL,Yes,0,0,2.71,0
C100847,3,99.64,304.2,Month-to-month,Fiber optic,Yes,1,1,2.83,0
C100848,59,97.43,5805.37,Two year,Fiber optic,No,3,0,3.06,0
C100849,44,71.83,3523.38,Two year,DSL,Yes,0,0,3.42,0
C100850,71,79.58,5482.57,Month-to-month,Fiber optic,Yes,2,0,2.94,0
C100851,58,56.53,3322.21,One year,DSL,Yes,0,2,3.48,0
C100852,70,68.46,4636.96,Month-to-month,Fiber optic,No,2,0,5.0,0
C100853,17,62.33,984.58,One year,Fiber optic,Yes,2,1,1.98,0
C100854,21,89.82,2009.14,Month-to-month,Fiber optic,Yes,2,0,4.3,0
C100855,62,50.51,3079.05,Month-to-month,None,No,1,0,3.52,0
C100856,17,20.0,352.99,One year,None,Yes,3,0,2.95,0
C100857,4,72.19,284.85,Month-to-month,DSL,Yes,2,1,1.76,0
C100858,48,104.91,5380.95,One year,Fiber optic,No,2,2,3.84,1
C100859,58,57.1,3130.15,Month-to-month,Fiber optic,Yes,1,1,2.33,0
C100860,70,59.86,4458.44,Two year,DSL,No,1,1,4.1,0
C100861,67,121.28,8525.4,One year,Fiber optic,No,0,1,4.93,0
C100862,8,75.49,544.31,Month-to-month,DSL,No,4,0,2.17,0
C100863,56,20.0,1088.16,One year,None,Yes,2,1,4.24,0
C100864,61,104.51,6733.04,Month-to-month,Fiber optic,Yes,2,1,3.35,1
C100865,50,77.79,4239.76,Month-to-month,Fiber optic,Yes,0,0,2.02,0
C100866,59,105.13,6446.76,Month-to-month,Fiber optic,Yes,1,2,2.43,1
C100867,61,53.89,3215.59,Two year,DSL,Yes,1,0,3.67,0
C100868,32,35.99,1090.34,One year,None,Yes,1,0,3.84,0
C100869,2,54.79,113.0,Two year,DSL,No,2,0,2.18,0
C100870,33,67.06,2161.13,Two year,DSL,Yes,0,1,3.59,0
C100871,14,79.22,1085.68,Two year,Fiber optic,No,0,0,4.29,0
C100872,8,85.75,677.54,Month-to-month,Fiber optic,No,2,0,4.19,0
C100873,9,42.66,402.56,Two year,DSL,No,1,2,3.05,0
C100874,50,74.32,4085.2,One year,DSL,No,3,1,3.55,0
C100875,36,68.33,2598.81,Month-to-month,DSL,No,2,0,4.25,0
C100876,39,36.29,1416.05,One year,DSL,Yes,4,0,3.83,0
C100877,54,85.87,4407.66,Month-to-month,DSL,Yes,3,1,3.91,0
C100878,40,86.65,3593.27,Month-to-month,Fiber optic,No,3,0,3.38,0
C100879,45,68.07,3343.73,Month-to-month,DSL,No,0,3,3.34,0
C100880,6,79.53,503.52,Month-to-month,DSL,No,2,1,3.54,1
C100881,62,96.24,6035.05,Month-to-month,Fiber optic,No,6,1,2.25,1
C100882,32,114.14,3554.24,Two year,Fiber optic,Yes,4,0,4.04,0
C100883,11,61.43,688.56,One year,DSL,Yes,1,1,2.26,0
C100884,59,84.65,5311.5,Month-to-month,DSL,No,1,0,3.14,1
C100885,53,69.34,3721.98,Month-to-month,DSL,Yes,1,0,3.5,0
C100886,3,46.65,139.15,Month-to-month,None,Yes,0,2,3.86,0
C100887,14,72.67,978.92,Month-to-month,DSL,No,1,0,4.04,0
C100888,1,88.57,101.18,One year,DSL,No,0,1,4.73,0
C100889,19,105.71,1910.07,Month-to-month,Fiber optic,Yes,0,0,3.71,1
C100890,7,56.58,374.64,One year,DSL,No,3,0,2.73,0
C100891,51,54.82,2821.05,One year,DSL,Yes,0,1,3.46,0
C100892,38,64.05,2406.87,One year,DSL,No,2,1,3.08,0
C100893,71,77.56,5816.69,Two year,Fiber optic,Yes,3,1,3.62,0
C100894,54,70.01,4000.35,Month-to-month,Fiber optic,No,0,1,2.74,0
C100895,44,51.57,2117.54,Two year,Fiber optic,Yes,0,0,3.51,0
C100896,37,62.56,2218.53,One year,Fiber optic,Yes,3,0,4.56,0
C100897,3,104.72,299.03,One year,DSL,Yes,0,0,3.79,0
C100898,5,24.53,127.94,One year,None,Yes,2,2,2.43,0
C100899,44,128.17,5772.34,Two year,Fiber optic,Yes,3,1,2.94,0
C100900,0,97.66,95.66,Two year,Fiber optic,No,0,0,1.91,0
C100901,3,89.05,270.33,Month-to-month,Fiber optic,No,4,0,3.12,0
C100902,15,38.49,541.59,One year,DSL,Yes,2,1,4.62,0
C100903,64,65.09,3995.63,One year,DSL,No,1,0,2.6,0
C100904,33,125.95,3859.17,Month-to-month,Fiber optic,No,2,1,2.19,0
C100905,51,94.6,4863.21,Two year,DSL,No,3,0,2.78,0
C100906,30,97.21,2939.03,Month-to-month,Fiber optic,Yes,0,0,4.37,1
C100907,12,45.18,512.81,One year,DSL,Yes,2,0,4.74,0
C100908,27,46.81,1293.15,Month-to-month,DSL,No,1,0,3.88,0
C100909,6,20.8,132.06,Month-to-month,None,Yes,0,0,2.65,0
C100910,56,116.28,6142.62,Two year,Fiber optic,Yes,2,3,3.15,0
C100911,13,121.0,1544.77,Month-to-month,Fiber optic,No,3,1,4.61,0
C100912,27,70.72,1963.38,Month-to-month,DSL,Yes,0,0,3.41,0
C100913,71,84.24,5978.95,Month-to-month,Fiber optic,No,0,1,3.68,1
C100914,43,66.43,2640.93,Month-to-month,None,Yes,0,2,3.68,0
C100915,33,71.41,2299.4,One year,Fiber optic,No,3,1,2.0,1
C100916,39,90.98,3455.72,Two year,Fiber optic,No,0,2,4.27,0
C100917,57,98.8,5578.82,Month-to-month,Fiber optic,No,3,0,3.96,1
C100918,18,48.61,868.83,One year,DSL,No,0,0,2.1,0
C100919,46,77.92,3893.04,Month-to-month,Fiber optic,No,2,1,2.29,0
C100920,63,23.44,1459.79,One year,None,Yes,2,1,2.57,0
C100921,41,116.92,4340.74,Month-to-month,Fiber optic,No,1,1,4.03,1
C100922,32,126.37,4064.11,Month-to-month,Fiber optic,No,2,2,2.66,1
C100923,10,94.18,1032.33,Month-to-month,Fiber optic,Yes,0,0,3.96,0
C100924,18,86.9,1549.82,One year,Fiber optic,Yes,6,0,2.79,1
C100925,69,25.6,1723.84,Month-to-month,None,Yes,1,1,3.51,0
C100926,39,92.03,3528.94,Month-to-month,Fiber optic,Yes,1,0,3.92,0
C100927,21,54.55,1182.35,One year,DSL,No,2,3,3.38,0
C100928,30,90.16,2658.78,One year,Fiber optic,Yes,1,0,3.52,0
C100929,42,99.85,3844.12,Month-to-month,Fiber optic,Yes,0,2,3.75,1
C100930,39,59.3,2227.25,One year,DSL,Yes,0,1,3.74,0
C100931,51,88.4,4492.36,Two year,Fiber optic,Yes,2,1,3.17,0
C100932,18,86.48,1602.5,Month-to-month,Fiber optic,No,2,2,2.91,0
C100933,47,85.97,3911.1,One year,Fiber optic,Yes,1,0,5.0,0
C100934,32,58.61,1844.96,Month-to-month,DSL,Yes,1,2,3.02,0
C100935,68,106.48,7258.53,One year,Fiber optic,Yes,1,1,4.52,0
C100936,11,56.36,593.45,Month-to-month,Fiber optic,No,4,0,2.64,0
C100937,10,94.91,944.31,One year,DSL,No,0,4,3.96,0
C100938,33,94.58,3201.34,Month-to-month,Fiber optic,Yes,0,0,5.0,0
C100939,37,103.59,3582.71,Month-to-month,Fiber optic,Yes,1,1,3.19,0
C100940,50,105.78,5378.15,Two year,Fiber optic,Yes,1,0,3.01,1
C100941,29,53.55,1459.82,Month-to-month,DSL,Yes,1,0,3.2,0
C100942,66,47.63,2958.53,Two year,DSL,No,1,0,3.51,0
C100943,34,72.39,2371.54,Two year,Fiber optic,Yes,1,0,3.78,0
C100944,9,62.31,602.9,Two year,DSL,Yes,1,1,3.42,1
C100945,8,105.28,762.79,Month-to-month,Fiber optic,Yes,3,0,2.96,1
C100946,71,80.91,5598.02,One year,Fiber optic,Yes,0,0,5.0,0
C100947,9,78.55,705.92,Month-to-month,DSL,Yes,2,0,3.25,0
C100948,69,47.01,3451.92,Month-to-month,Fiber optic,Yes,2,1,2.85,1
C100949,20,29.67,656.97,Two year,None,Yes,1,0,4.18,0
C100950,6,114.18,669.18,One year,Fiber optic,Yes,2,1,3.99,0
C100951,22,88.75,2010.42,Month-to-month,Fiber optic,Yes,1,1,4.55,0
C100952,44,74.25,3250.01,Month-to-month,Fiber optic,No,5,0,4.55,0
C100953,31,54.52,1680.73,One year,DSL,Yes,0,0,3.92,0
C100954,57,20.0,1157.13,One year,DSL,Yes,1,0,3.31,0
C100955,44,72.78,2923.08,Month-to-month,Fiber optic,Yes,2,2,1.77,1
C100956,29,110.09,3184.2,Two year,Fiber optic,No,3,2,2.4,0
C100957,46,53.93,2542.28,Month-to-month,DSL,No,2,0,3.57,1
C100958,70,56.17,3745.97,Month-to-month,DSL,No,0,1,2.65,0
C100959,30,45.7,1405.49,One year,Fiber optic,No,5,1,1.73,1
C100960,11,34.01,338.55,Two year,DSL,No,3,0,3.34,0
C100961,29,114.61,3340.79,Month-to-month,Fiber optic,Yes,0,0,4.26,0
C100962,61,101.73,6663.62,Month-to-month,Fiber optic,No,3,1,3.02,0
C100963,15,65.35,968.46,Month-to-month,Fiber optic,No,1,1,4.15,0
C100964,69,55.02,3592.14,Two year,DSL,Yes,2,1,3.81,0
C100965,42,66.45,2572.14,Month-to-month,DSL,Yes,1,0,4.43,0
C100966,43,69.27,3042.59,Month-to-month,Fiber optic,Yes,3,3,4.75,1
C100967,23,53.92,1303.46,Two year,Fiber optic,Yes,0,0,5.0,0
C100968,67,61.98,4139.85,Month-to-month,DSL,No,1,2,3.94,0
C100969,2,102.88,200.51,Month-to-month,Fiber optic,Yes,1,0,3.17,0
C100970,21,101.25,1900.44,Month-to-month,Fiber optic,No,0,1,3.62,0
C100971,30,81.63,2465.61,One year,DSL,No,1,0,4.76,0
C100972,34,62.48,2043.79,Month-to-month,Fiber optic,Yes,2,1,2.63,1
C100973,34,68.1,2234.95,Month-to-month,DSL,Yes,0,1,4.7,0
C100974,10,86.9,946.26,Month-to-month,Fiber optic,Yes,0,0,3.52,1
C100975,16,63.34,913.02,One year,DSL,No,2,0,3.59,0
C100976,6,87.98,479.46,One year,Fiber optic,Yes,0,1,2.94,0
C100977,41,54.45,2260.85,Month-to-month,DSL,Yes,0,1,2.54,0
C100978,25,34.66,848.14,Month-to-month,Fiber optic,Yes,0,1,3.35,0
C100979,41,112.07,4463.76,Two year,Fiber optic,No,1,0,4.55,0
C100980,43,43.27,1888.51,Month-to-month,None,Yes,1,0,2.98,0
C100981,51,63.8,3299.6,Month-to-month,Fiber optic,Yes,2,1,4.59,0
C100982,39,98.99,3653.87,Month-to-month,Fiber optic,No,1,0,3.08,0
C100983,47,58.5,2660.02,Month-to-month,DSL,Yes,2,1,2.5,1
C100984,42,59.04,2486.44,Month-to-month,DSL,Yes,3,1,3.41,0
C100985,47,52.4,2485.43,Month-to-month,DSL,Yes,1,1,3.98,0
C100986,45,102.2,4721.24,Month-to-month,Fiber optic,Yes,1,0,3.68,0
C100987,23,76.8,1709.74,Month-to-month,Fiber optic,Yes,2,2,3.37,1
C100988,17,69.16,1198.16,One year,Fiber optic,No,3,0,4.54,0
C100989,57,111.5,6687.7,One year,Fiber optic,No,1,1,3.52,0
C100990,25,88.6,2220.71,Month-to-month,Fiber optic,Yes,1,2,3.0,0
C100991,40,64.2,2553.48,Two year,DSL,Yes,1,2,2.49,0
C100992,14,80.16,1107.7,Month-to-month,DSL,Yes,0,1,4.56,0
C100993,31,77.32,2315.53,One year,Fiber optic,No,3,1,2.88,0
C100994,38,56.11,2022.18,Month-to-month,DSL,No,1,0,3.27,0
C100995,45,70.81,3134.2,One year,DSL,No,0,1,4.39,0
C100996,38,20.0,778.84,Month-to-month,None,No,1,1,5.0,0
C100997,26,39.2,969.36,Month-to-month,None,No,2,0,3.61,0
C100998,70,75.64,5272.84,Month-to-month,Fiber optic,No,1,1,3.34,0
C100999,37,108.25,3963.08,Month-to-month,Fiber optic,Yes,4,0,3.17,1
C101000,59,100.39,6502.16,Month-to-month,Fiber optic,No,2,0,3.05,0
C101001,53,72.88,4016.19,One year,DSL,No,1,2,3.09,0
C101002,40,61.47,2554.35,Two year,Fiber optic,Yes,1,1,3.18,1
C101003,64,65.04,4373.2,Month-to-month,DSL,Yes,1,0,4.24,0
C101004,9,20.0,174.6,Two year,None,Yes,1,0,3.46,0
C101005,67,36.3,2616.26,One year,None,Yes,1,0,4.59,0
C101006,62,46.01,2877.59,Two year,Fiber optic,No,1,0,3.44,0
C101007,36,37.72,1354.58,One year,DSL,Yes,0,1,3.28,0
C101008,53,114.59,5667.51,One year,Fiber optic,Yes,0,0,4.65,1
C101009,37,74.01,2677.88,Month-to-month,DSL,Yes,2,0,3.43,0
C101010,19,28.28,485.13,One year,None,No,2,2,3.15,0
C101011,58,49.73,2844.97,Two year,DSL,Yes,1,0,3.56,0
C101012,17,44.4,730.88,Month-to-month,DSL,No,2,1,4.47,0
C101013,22,95.8,2061.42,Month-to-month,Fiber optic,Yes,4,0,3.41,0
C101014,37,85.47,2921.33,Month-to-month,Fiber optic,Yes,2,1,4.3,0
C101015,61,121.39,7691.34,Two year,Fiber optic,Yes,1,0,3.35,0
C101016,28,63.49,1835.65,Month-to-month,DSL,Yes,0,0,4.5,0
C101017,36,91.12,3585.19,One year,Fiber optic,No,2,0,3.6,0
C101018,3,38.62,126.45,Two year,DSL,No,1,1,4.14,0
C101019,8,60.15,485.33,Two year,DSL,Yes,1,0,4.28,0
C101020,4,95.36,402.91,Month-to-month,Fiber optic,Yes,1,2,2.64,1
C101021,5,57.92,293.76,One year,DSL,No,1,1,3.51,0
C101022,63,80.77,4968.91,Two year,Fiber optic,No,0,0,4.4,0
C101023,61,73.21,4397.5,Month-to-month,DSL,Yes,1,0,4.4,0
C101024,59,93.78,5727.45,One year,DSL,No,2,1,4.31,0
C101025,4,94.75,464.21,Month-to-month,Fiber optic,Yes,3,0,3.37,1
C101026,5,88.74,472.18,One year,DSL,Yes,1,0,4.73,0
C101027,20,101.81,2063.8,Month-to-month,Fiber optic,No,2,0,2.9,1
C101028,41,110.6,4655.26,Month-to-month,Fiber optic,No,1,0,2.36,0
C101029,24,53.42,1315.57,Month-to-month,DSL,No,3,0,3.07,0
C101030,35,88.07,3067.14,Month-to-month,Fiber optic,Yes,1,2,4.3,1
C101031,12,63.15,789.33,Month-to-month,DSL,Yes,3,0,2.44,1
C101032,53,100.38,5274.65,One year,Fiber optic,No,1,2,2.22,0
C101033,22,82.06,1704.88,Month-to-month,DSL,Yes,2,0,2.07,1
C101034,4,94.38,387.52,Month-to-month,Fiber optic,Yes,2,0,3.98,1
C101035,54,106.66,5954.57,One year,Fiber optic,No,1,0,2.4,0
C101036,65,81.3,5242.12,One year,Fiber optic,Yes,2,2,3.68,0
C101037,1,53.82,54.74,Month-to-month,None,Yes,1,2,3.11,1
C101038,31,86.3,2816.69,Two year,DSL,Yes,0,0,3.05,0
C101039,60,47.87,2864.02,Month-to-month,None,No,1,0,2.75,1
C101040,51,94.55,4703.5,Two year,Fiber optic,Yes,0,1,3.73,1
C101041,62,50.55,3011.83,Month-to-month,None,Yes,2,0,2.82,0
C101042,30,20.01,591.92,One year,None,Yes,1,0,3.53,0
C101043,27,40.77,1193.72,Two year,None,Yes,2,0,3.72,0
C101044,51,72.71,3667.75,Two year,DSL,Yes,0,0,4.13,0
C101045,11,66.74,748.65,One year,Fiber optic,Yes,1,0,4.26,0
C101046,17,101.02,1686.69,One year,Fiber optic,Yes,0,1,3.7,0
C101047,43,68.27,2869.37,Month-to-month,Fiber optic,Yes,2,3,2.35,1
C101048,48,58.87,2689.1,One year,DSL,Yes,2,1,3.69,0
C101049,8,37.76,303.75,One year,None,Yes,2,0,3.92,0
C101050,37,53.12,1909.54,Two year,DSL,Yes,0,1,3.43,0
C101051,26,93.57,2603.24,Month-to-month,Fiber optic,Yes,1,1,3.23,1
C101052,36,91.26,3265.93,Month-to-month,Fiber optic,No,1,0,5.0,0
C101053,69,49.42,3401.63,One year,DSL,No,2,1,2.32,0
C101054,5,102.79,508.86,Month-to-month,Fiber optic,Yes,1,0,3.92,0
C101055,72,50.48,3708.74,Month-to-month,DSL,No,1,1,4.27,0
C101056,32,133.47,4621.27,Month-to-month,Fiber optic,No,3,0,3.02,0
C101057,56,89.92,4747.55,One year,Fiber optic,Yes,2,1,3.2,0
C101058,30,44.75,1363.01,Month-to-month,DSL,Yes,2,0,3.1,0
C101059,22,71.3,1433.26,Month-to-month,Fiber optic,No,0,0,3.65,0
C101060,56,88.8,5307.35,Month-to-month,DSL,Yes,0,0,4.35,0
C101061,50,84.23,4186.45,Two year,Fiber optic,Yes,1,1,3.3,0
C101062,10,20.0,183.56,One year,None,No,1,1,5.0,0
C101063,51,83.22,3946.41,Month-to-month,DSL,Yes,4,0,2.82,0
C101064,54,82.1,4631.86,Month-to-month,Fiber optic,No,0,1,4.64,0
C101065,28,104.41,2655.82,Month-to-month,Fiber optic,Yes,1,0,3.95,0
C101066,67,109.78,7467.84,Month-to-month,Fiber optic,Yes,2,2,3.33,1
C101067,46,97.21,4366.26,One year,Fiber optic,Yes,1,2,4.52,0
C101068,24,137.52,3265.13,Month-to-month,Fiber optic,Yes,2,1,2.08,0
C101069,0,57.23,55.11,Two year,Fiber optic,No,0,0,3.98,0
C101070,49,49.46,2296.53,Month-to-month,DSL,No,4,0,2.61,0
C101071,15,85.14,1242.86,One year,Fiber optic,No,2,0,3.07,0
C101072,55,79.96,4536.15,Month-to-month,None,Yes,2,1,2.95,0
C101073,38,101.16,3782.22,Two year,DSL,Yes,1,0,2.78,0
C101074,34,116.49,4052.42,Two year,Fiber optic,Yes,0,0,2.36,0
C101075,11,51.91,563.4,One year,DSL,Yes,1,0,3.83,0
C101076,51,77.13,4065.87,Month-to-month,Fiber optic,No,0,1,3.52,0
C101077,12,76.26,936.0,Month-to-month,Fiber optic,Yes,2,0,3.18,1
C101078,30,77.11,2244.5,One year,Fiber optic,Yes,1,0,4.12,0
C101079,61,95.36,5511.85,One year,DSL,Yes,1,0,3.88,0
C101080,67,85.37,6020.43,Month-to-month,Fiber optic,No,0,1,3.36,0
C101081,72,34.88,2399.01,Month-to-month,None,Yes,6,1,5.0,0
C101082,69,104.71,7423.99,Month-to-month,Fiber optic,No,2,0,4.2,0
C101083,40,58.39,2339.59,One year,Fiber optic,No,1,0,5.0,0
C101084,14,91.0,1241.55,One year,Fiber optic,No,2,0,3.09,0
C101085,61,71.16,4443.29,One year,Fiber optic,Yes,0,0,3.84,0
C101086,58,86.41,5388.83,One year,Fiber optic,Yes,0,0,2.68,0
C101087,72,55.86,4160.29,Month-to-month,DSL,Yes,2,1,3.07,1
C101088,47,52.88,2503.03,Month-to-month,DSL,No,3,0,2.83,0
C101089,10,94.29,1026.99,Month-to-month,Fiber optic,No,2,2,5.0,0
C101090,36,41.2,1346.62,One year,None,Yes,1,0,2.99,0
C101091,32,32.82,986.0,Month-to-month,None,Yes,2,0,3.23,0
C101092,61,44.04,2617.82,Month-to-month,None,Yes,2,1,2.2,0
C101093,28,73.5,2218.65,Month-to-month,Fiber optic,No,1,0,3.95,0
C101094,23,79.95,1934.21,Month-to-month,DSL,Yes,1,0,2.83,0
C101095,5,88.08,398.83,One year,Fiber optic,Yes,1,0,4.25,1
C101096,60,25.81,1511.43,Month-to-month,None,No,0,1,2.18,0
C101097,55,76.9,3921.55,Month-to-month,Fiber optic,Yes,2,0,3.32,0
C101098,3,87.41,261.65,One year,Fiber optic,Yes,0,0,2.21,0
C101099,31,127.54,4149.85,Month-to-month,Fiber optic,Yes,3,1,2.83,1
C101100,35,90.8,3348.53,Month-to-month,Fiber optic,Yes,2,1,3.11,1
C101101,34,20.0,690.02,Month-to-month,None,No,3,0,2.82,0
C101102,67,109.46,7162.38,One year,Fiber optic,Yes,2,0,3.02,0
C101103,10,83.03,825.94,Month-to-month,Fiber optic,Yes,2,0,4.17,1
C101104,22,72.39,1652.43,One year,DSL,Yes,2,0,5.0,0
C101105,13,80.49,1181.46,Two year,Fiber optic,Yes,2,0,3.67,0
C101106,17,89.33,1419.63,One year,DSL,No,1,0,2.86,0
C101107,66,23.78,1706.63,Month-to-month,None,No,1,0,3.58,0
C101108,68,118.56,8170.3,One year,Fiber optic,Yes,1,1,3.17,0
C101109,3,72.06,225.93,Month-to-month,Fiber optic,Yes,0,2,4.18,0
C101110,46,61.43,2854.56,Month-to-month,DSL,Yes,1,0,3.75,0
C101111,16,118.6,2044.15,Month-to-month,Fiber optic,Yes,0,0,2.42,0
C101112,14,95.2,1356.97,Month-to-month,Fiber optic,Yes,2,1,4.19,1
C101113,21,108.16,2190.31,Month-to-month,DSL,No,2,0,4.16,1
C101114,14,31.89,457.51,Month-to-month,None,Yes,2,0,4.58,0
C101115,35,71.88,2671.71,Month-to-month,DSL,Yes,1,0,3.13,0
C101116,72,128.2,9230.51,Month-to-month,Fiber optic,Yes,4,0,3.4,0
C101117,42,36.24,1348.45,Month-to-month,DSL,No,0,0,2.73,0
C101118,52,60.88,3145.75,Two year,Fiber optic,Yes,1,1,3.41,0
C101119,36,74.89,2710.58,Month-to-month,Fiber optic,No,2,0,3.72,0
C101120,1,52.45,52.32,One year,None,Yes,0,1,3.07,0
C101121,6,34.41,200.83,Month-to-month,DSL,No,4,0,3.44,0
C101122,19,46.34,944.53,Month-to-month,None,No,2,0,3.54,0
C101123,17,102.01,1507.84,Month-to-month,Fiber optic,Yes,2,0,3.06,1
C101124,61,105.27,6454.66,Month-to-month,DSL,Yes,3,0,4.38,0
C101125,61,86.86,5329.93,Month-to-month,DSL,Yes,3,0,3.11,0
C101126,62,71.92,4972.8,Month-to-month,DSL,No,2,2,3.35,0
C101127,46,60.82,2795.5,Month-to-month,None,No,2,1,2.19,0
C101128,40,77.24,3165.32,Month-to-month,DSL,Yes,2,1,3.73,0
C101129,47,83.26,3940.13,Month-to-month,Fiber optic,Yes,1,1,3.08,0
C101130,29,70.25,2047.83,Month-to-month,Fiber optic,Yes,2,0,4.16,0
C101131,48,26.18,1378.49,Month-to-month,None,Yes,0,1,2.55,0
C101132,57,89.24,4775.68,Month-to-month,Fiber optic,No,0,0,3.99,0
C101133,55,95.33,5050.75,Month-to-month,Fiber optic,Yes,0,0,1.95,0
C101134,44,26.43,1211.16,Month-to-month,DSL,Yes,0,1,4.05,0
C101135,4,30.83,125.06,Month-to-month,None,No,1,0,3.39,0
C101136,52,65.54,3354.99,Month-to-month,DSL,No,1,1,3.76,0
C101137,26,75.4,1952.79,Two year,DSL,No,0,0,3.18,0
C101138,54,67.91,3851.47,Month-to-month,None,Yes,0,2,2.75,0
C101139,39,68.53,2743.98,Month-to-month,DSL,No,0,0,3.31,0
C101140,64,49.72,3057.3,Month-to-month,DSL,Yes,1,0,3.68,0
C101141,24,57.46,1397.07,Two year,Fiber optic,Yes,2,1,3.78,0
C101142,67,80.05,5348.66,One year,DSL,Yes,0,1,3.81,0
C101143,61,48.49,3034.42,One year,DSL,No,2,1,2.6,0
C101144,24,108.47,2557.31,Two year,Fiber optic,Yes,5,1,4.4,0
C101145,35,116.55,3808.16,Month-to-month,Fiber optic,No,2,1,3.59,0
C101146,38,60.66,2390.32,Two year,Fiber optic,No,1,1,2.96,0
C101147,56,75.52,4356.73,Month-to-month,DSL,No,3,0,3.62,0
C101148,50,114.56,6173.88,One year,Fiber optic,No,1,0,3.73,0
C101149,62,109.36,6289.48,Month-to-month,Fiber optic,No,2,0,3.27,0
C101150,27,27.17,730.75,Month-to-month,DSL,Yes,1,2,3.14,1
C101151,36,50.78,1804.91,Two year,DSL,Yes,0,0,4.42,0
C101152,31,40.68,1233.6,Month-to-month,DSL,No,1,0,4.88,0
C101153,66,101.95,6158.4,Two year,Fiber optic,Yes,2,0,1.82,0
C101154,22,74.85,1550.13,Month-to-month,DSL,Yes,6,0,3.89,1
C101155,42,38.74,1651.29,One year,Fiber optic,No,0,1,3.59,0
C101156,8,31.28,243.36,Two year,None,Yes,1,0,3.71,0
C101157,62,80.21,4746.98,Month-to-month,DSL,No,2,0,4.46,0
C101158,28,94.81,2863.53,Two year,Fiber optic,Yes,1,0,1.46,0
C101159,24,67.78,1839.1,One year,DSL,No,0,0,4.29,0
C101160,42,60.07,2515.11,One year,DSL,Yes,3,0,4.29,0
C101161,36,69.88,2307.84,Month-to-month,Fiber optic,No,3,0,2.75,1
C101162,61,89.68,5589.75,Month-to-month,Fiber optic,No,1,0,2.44,0
C101163,38,37.99,1278.04,One year,None,Yes,1,0,4.81,0
C101164,37,103.69,3551.63,Month-to-month,Fiber optic,Yes,2,2,1.88,0
C101165,7,80.23,574.39,Month-to-month,DSL,Yes,1,0,3.86,0
C101166,1,93.63,86.5,Month-to-month,Fiber optic,Yes,4,0,3.97,0
C101167,29,87.8,2504.74,Two year,DSL,Yes,0,1,3.88,0
C101168,72,29.88,1975.81,Month-to-month,None,Yes,2,0,3.85,0
C101169,66,62.56,4141.74,One year,Fiber optic,No,1,2,3.16,0
C101170,45,76.06,3634.15,Two year,DSL,Yes,4,0,3.53,0
C101171,46,94.4,4196.03,Month-to-month,Fiber optic,Yes,2,0,2.86,0
C101172,28,101.44,2837.29,Month-to-month,Fiber optic,Yes,0,0,3.2,0
C101173,12,67.98,779.16,One year,Fiber optic,Yes,2,0,3.44,0
C101174,0,101.03,96.89,Month-to-month,DSL,Yes,1,2,2.17,1
C101175,24,78.5,1797.85,One year,DSL,No,2,1,3.78,0
C101176,23,59.53,1428.37,One year,DSL,No,1,2,1.44,0
C101177,13,74.23,889.97,One year,Fiber optic,Yes,1,2,3.65,0
C101178,18,110.47,1952.17,Month-to-month,Fiber optic,No,2,1,3.69,1
C101179,1,46.07,47.11,One year,DSL,Yes,1,1,2.83,0
C101180,44,134.97,6235.85,One year,Fiber optic,Yes,0,1,2.61,0
C101181,67,78.35,5376.66,Month-to-month,Fiber optic,No,2,1,3.01,0
C101182,50,99.69,4964.59,One year,DSL,Yes,3,1,3.71,0
C101183,32,33.49,1038.15,Two year,None,Yes,0,0,3.92,0
C101184,30,120.03,3784.16,One year,Fiber optic,No,2,0,2.54,0
C101185,22,78.04,1634.99,Month-to-month,Fiber optic,Yes,1,1,3.53,1
C101186,10,92.36,880.31,Month-to-month,Fiber optic,Yes,0,0,3.85,0
C101187,43,82.29,3801.69,Month-to-month,DSL,Yes,0,1,3.74,0
C101188,41,47.58,1989.43,Month-to-month,None,No,4,1,2.32,1
C101189,0,110.91,113.32,Month-to-month,Fiber optic,No,2,0,3.53,1
C101190,30,80.74,2501.94,Two year,Fiber optic,No,3,1,3.93,0
C101191,20,38.61,768.17,Month-to-month,None,Yes,3,1,3.63,0
C101192,12,113.72,1256.73,One year,Fiber optic,No,0,1,3.89,0
C101193,51,78.6,4063.98,Month-to-month,Fiber optic,Yes,1,1,4.73,0
C101194,38,77.88,2956.47,Month-to-month,DSL,Yes,0,1,3.7,0
C101195,46,62.84,2754.06,Month-to-month,DSL,Yes,1,1,2.79,0
C101196,52,93.91,4590.82,Month-to-month,Fiber optic,No,2,0,2.76,1
C101197,71,93.61,6629.3,One year,Fiber optic,Yes,2,1,3.47,0
C101198,58,75.02,4026.22,Two year,Fiber optic,No,0,2,2.37,0
C101199,45,87.05,3886.35,Two year,Fiber optic,Yes,1,1,3.21,0
C101200,64,69.75,4399.17,Month-to-month,DSL,Yes,2,1,3.69,0
C101201,34,63.05,2129.65,One year,DSL,No,0,0,4.56,0
C101202,71,119.88,8699.98,Month-to-month,Fiber optic,No,2,4,1.89,1
C101203,55,86.19,4902.61,Two year,DSL,Yes,0,0,3.73,0
C101204,47,95.51,4313.31,Month-to-month,Fiber optic,No,1,0,3.48,0
C101205,65,77.5,5278.49,Month-to-month,Fiber optic,Yes,0,1,3.6,0
C101206,37,74.34,2717.39,Month-to-month,Fiber optic,No,1,1,3.56,0
C101207,52,129.5,7383.37,Month-to-month,Fiber optic,Yes,2,0,3.39,1
C101208,20,72.81,1409.31,Month-to-month,Fiber optic,Yes,4,1,4.18,0
C101209,70,94.16,6007.07,Two year,Fiber optic,Yes,0,0,4.62,0
C101210,45,73.86,3476.09,One year,DSL,Yes,2,0,5.0,0
C101211,57,86.08,5021.42,Two year,Fiber optic,Yes,0,1,3.56,0
C101212,33,72.96,2566.81,Month-to-month,Fiber optic,Yes,1,0,3.21,0
C101213,63,50.09,3209.41,One year,DSL,No,1,0,2.78,0
C101214,5,81.62,460.62,Month-to-month,Fiber optic,Yes,1,0,3.12,0
C101215,8,23.52,186.21,Month-to-month,None,Yes,0,0,4.21,0
C101216,37,92.23,3608.89,Month-to-month,DSL,Yes,1,1,4.13,0
C101217,53,89.83,4623.4,Month-to-month,Fiber optic,No,1,2,3.9,0
C101218,59,27.05,1639.12,One year,None,Yes,4,0,2.65,0
C101219,32,39.03,1295.54,Month-to-month,None,Yes,3,0,2.78,0
C101220,47,102.69,5047.44,Month-to-month,Fiber optic,No,2,0,4.94,0
C101221,40,85.45,3563.94,One year,Fiber optic,Yes,0,0,3.0,0
C101222,70,52.14,3000.06,Month-to-month,None,No,0,0,4.75,0
C101223,47,67.85,3176.9,Two year,Fiber optic,Yes,0,0,3.97,0
C101224,30,87.25,2534.71,Month-to-month,DSL,No,1,0,2.96,0
C101225,70,66.83,4580.87,One year,DSL,Yes,2,0,2.49,0
C101226,7,89.09,613.91,One year,Fiber optic,No,3,0,2.75,0
C101227,71,76.83,5748.19,One year,Fiber optic,No,1,1,3.78,0
C101228,11,43.67,485.72,One year,DSL,Yes,3,0,2.58,0
C101229,21,35.33,721.22,Two year,DSL,Yes,2,1,4.54,0
C101230,59,77.51,4203.79,One year,Fiber optic,Yes,2,1,3.17,0
C101231,53,103.17,5929.06,Month-to-month,Fiber optic,Yes,0,0,4.2,0
C101232,70,20.0,1350.16,Month-to-month,None,No,2,1,3.81,0
C101233,54,62.58,3355.03,One year,Fiber optic,Yes,2,0,4.68,0
C101234,46,20.0,1028.23,Month-to-month,None,Yes,3,0,2.95,0
C101235,25,27.69,668.64,Month-to-month,None,No,1,2,3.45,0
C101236,0,58.44,57.55,Month-to-month,DSL,No,1,1,2.36,0
C101237,9,87.55,798.01,Month-to-month,Fiber optic,No,2,1,3.41,0
C101238,21,86.62,1658.35,Month-to-month,DSL,Yes,1,0,4.42,0
C101239,2,60.74,109.98,One year,None,Yes,1,3,3.46,0
C101240,37,105.1,3785.69,One year,DSL,Yes,3,0,5.0,0
C101241,56,61.13,3339.12,One year,Fiber optic,Yes,1,1,3.86,0
C101242,70,75.74,5340.94,Month-to-month,Fiber optic,Yes,3,1,2.79,0
C101243,35,80.27,2658.33,Month-to-month,DSL,Yes,2,1,3.69,0
C101244,63,83.37,5377.68,One year,Fiber optic,Yes,2,0,2.27,0
C101245,71,83.35,5215.88,Month-to-month,DSL,Yes,3,0,2.67,0
C101246,62,95.94,5925.28,One year,Fiber optic,Yes,0,0,2.7,0
C101247,33,122.0,4105.75,Month-to-month,Fiber optic,Yes,1,0,3.54,0
C101248,23,111.81,2618.09,Two year,Fiber optic,Yes,0,1,3.52,1
C101249,71,112.16,7892.07,Month-to-month,Fiber optic,Yes,1,0,4.47,0
C101250,17,27.17,445.11,One year,None,No,2,0,3.33,0
C101251,30,63.15,1874.51,One year,DSL,No,1,0,2.75,0
C101252,5,86.2,460.25,Month-to-month,Fiber optic,Yes,0,0,4.87,0
C101253,57,20.0,1102.41,One year,None,Yes,1,2,1.07,0
C101254,47,119.96,5941.43,Month-to-month,Fiber optic,Yes,1,0,3.56,0
C101255,6,81.16,517.42,One year,DSL,Yes,1,0,3.7,0
C101256,16,30.44,440.54,One year,None,Yes,1,0,3.52,0
C101257,40,89.79,3566.29,Month-to-month,DSL,No,1,0,3.92,0
C101258,39,80.02,2952.96,Month-to-month,Fiber optic,Yes,2,0,3.5,1
C101259,58,57.08,3037.18,One year,Fiber optic,Yes,2,0,3.8,0
C101260,19,109.14,2163.99,Month-to-month,Fiber optic,No,5,1,2.5,1
C101261,67,42.71,2936.06,Two year,DSL,Yes,1,0,2.39,0
C101262,32,63.28,2054.3,One year,DSL,Yes,1,0,3.49,0
C101263,60,95.92,5411.6,One year,Fiber optic,Yes,2,1,2.53,0
C101264,17,72.32,1243.67,Month-to-month,DSL,No,0,1,3.0,0
C101265,2,108.12,200.65,One year,Fiber optic,Yes,0,0,4.56,0
C101266,4,101.04,405.88,Two year,Fiber optic,No,1,0,4.75,0
C101267,27,100.45,2613.47,Month-to-month,Fiber optic,No,3,0,4.18,1
C101268,69,51.98,3793.9,Month-to-month,DSL,Yes,0,0,4.4,0
C101269,3,70.59,207.54,Month-to-month,DSL,No,2,2,3.3,0
C101270,26,20.0,526.61,Month-to-month,None,Yes,2,0,4.2,0
C101271,7,121.68,862.69,One year,Fiber optic,Yes,1,0,3.81,1
C101272,68,40.35,2732.36,Month-to-month,DSL,Yes,0,1,5.0,0
C101273,49,58.42,2879.16,One year,DSL,No,0,0,2.93,0
C101274,55,41.94,2345.24,Month-to-month,DSL,Yes,3,0,3.81,0
C101275,52,23.13,1143.46,Month-to-month,None,Yes,4,1,2.1,0
C101276,47,65.26,3135.19,Month-to-month,DSL,No,1,0,4.06,0
C101277,56,56.95,3340.73,Two year,DSL,Yes,1,0,2.19,0
C101278,0,111.74,114.18,One year,Fiber optic,No,2,1,2.38,0
C101279,63,69.31,4281.47,Month-to-month,DSL,No,1,2,2.37,0
C101280,54,58.2,3172.95,One year,DSL,Yes,2,2,3.45,0
C101281,53,32.46,1685.96,Month-to-month,None,No,0,1,3.85,0
C101282,28,113.17,3148.07,Month-to-month,Fiber optic,No,3,1,5.0,0
C101283,58,84.27,4568.38,Month-to-month,DSL,Yes,1,2,3.3,0
C101284,27,68.36,1985.82,Two year,Fiber optic,No,2,1,3.93,0
C101285,3,52.07,172.84,One year,DSL,No,0,1,3.7,0
C101286,66,74.02,4696.18,One year,DSL,No,1,0,4.07,0
C101287,17,96.71,1715.16,Month-to-month,Fiber optic,No,0,0,3.76,0
C101288,7,72.04,544.71,Month-to-month,Fiber optic,Yes,0,0,4.51,0
C101289,45,106.23,4528.57,One year,Fiber optic,Yes,1,0,2.71,0
C101290,17,20.07,300.69,Month-to-month,None,Yes,3,0,1.38,1
C101291,62,91.77,6164.4,Two year,DSL,Yes,1,0,3.86,0
C101292,32,45.06,1441.1,One year,None,No,1,1,2.04,0
C101293,0,68.49,66.53,Month-to-month,Fiber optic,No,0,0,4.67,0
C101294,69,56.95,3939.78,One year,DSL,Yes,0,1,3.14,0
C101295,37,81.62,2958.64,Two year,Fiber optic,Yes,1,2,2.56,0
C101296,19,68.04,1503.18,Month-to-month,DSL,No,0,0,5.0,0
C101297,49,88.12,4191.85,One year,Fiber optic,Yes,1,0,3.52,0
C101298,38,68.24,2639.8,Two year,Fiber optic,No,2,0,3.25,0
C101299,2,38.51,82.49,Month-to-month,DSL,No,0,1,4.15,0
C101300,55,47.43,2793.36,Two year,None,Yes,0,0,4.29,0
C101301,29,72.44,2227.39,Month-to-month,DSL,Yes,2,0,4.3,0
C101302,51,92.01,4582.65,One year,Fiber optic,No,1,0,2.49,0
C101303,65,72.14,4649.87,One year,DSL,Yes,0,0,4.07,0
C101304,44,53.24,2062.4,One year,DSL,No,2,1,3.1,0
C101305,49,95.5,4660.33,Month-to-month,Fiber optic,Yes,3,2,2.41,1
C101306,18,85.23,1536.91,One year,None,Yes,2,0,3.45,0
C101307,17,89.32,1580.38,Month-to-month,DSL,Yes,0,0,2.24,0
C101308,30,29.52,973.05,Month-to-month,None,No,3,1,3.93,0
C101309,62,55.06,3547.27,Month-to-month,DSL,No,3,1,2.98,0
C101310,38,35.65,1434.47,One year,Fiber optic,No,1,0,3.16,0
C101311,25,87.31,2180.65,Month-to-month,DSL,Yes,3,0,3.18,0
C101312,56,79.95,4793.45,Month-to-month,DSL,No,2,3,3.04,1
C101313,62,26.67,1654.55,Two year,None,Yes,0,1,4.46,0
C101314,65,64.8,4476.23,Month-to-month,Fiber optic,Yes,0,4,2.48,0
C101315,21,68.05,1492.28,Month-to-month,Fiber optic,No,3,1,2.91,0
C101316,51,100.44,5233.08,Month-to-month,Fiber optic,Yes,2,2,3.08,0
C101317,43,88.3,3475.15,Month-to-month,Fiber optic,No,0,0,2.82,0
C101318,32,105.14,3566.8,One year,Fiber optic,Yes,0,2,3.61,0
C101319,28,38.64,1104.42,Month-to-month,None,Yes,6,0,2.37,1
C101320,8,110.37,917.08,Month-to-month,Fiber optic,Yes,1,2,2.27,1
C101321,20,97.02,1973.86,Two year,Fiber optic,No,2,1,3.74,0
C101322,40,107.75,4425.19,One year,Fiber optic,Yes,1,1,4.66,0
C101323,64,50.3,3449.49,One year,Fiber optic,No,1,0,3.57,0
C101324,63,68.55,4206.08,Two year,Fiber optic,Yes,2,2,3.17,0
C101325,13,83.08,1107.82,Two year,Fiber optic,No,1,1,3.35,0
C101326,49,112.51,5277.26,Month-to-month,Fiber optic,Yes,1,0,3.13,0
C101327,6,127.73,790.69,One year,Fiber optic,Yes,2,1,4.24,0
C101328,49,31.88,1583.71,One year,None,No,2,0,3.48,0
C101329,24,23.38,541.65,Month-to-month,None,No,1,1,1.75,0
C101330,32,54.86,1764.56,Month-to-month,Fiber optic,Yes,2,0,4.35,0
C101331,52,108.41,5460.99,Month-to-month,Fiber optic,Yes,3,0,4.03,0
C101332,31,81.55,2475.49,One year,Fiber optic,Yes,3,1,3.68,0
C101333,58,121.21,7167.37,One year,DSL,No,3,0,1.14,0
C101334,38,75.95,2928.7,One year,Fiber optic,No,0,0,3.65,0
C101335,72,105.0,6761.47,Month-to-month,DSL,No,2,1,4.03,0
C101336,46,79.22,3718.38,Month-to-month,DSL,No,1,1,3.75,0
C101337,21,20.0,412.99,Month-to-month,None,No,0,2,3.65,1
C101338,56,41.41,2266.12,Month-to-month,None,Yes,1,0,4.23,0
C101339,29,106.66,2901.39,Two year,Fiber optic,Yes,2,1,3.44,0
C101340,38,60.72,2301.6,Two year,DSL,No,1,0,4.47,0
C101341,9,107.92,943.34,Two year,Fiber optic,Yes,2,0,3.54,1
C101342,8,107.5,920.24,Two year,Fiber optic,Yes,0,1,3.63,0
C101343,41,101.33,3754.79,Two year,Fiber optic,No,1,0,4.23,0
C101344,13,34.69,427.06,Month-to-month,None,No,2,0,3.1,0
C101345,72,42.68,2898.6,Month-to-month,DSL,No,0,0,2.79,1
C101346,62,65.54,4121.29,Month-to-month,DSL,Yes,1,2,3.37,0
C101347,51,68.35,3710.76,Month-to-month,DSL,No,2,1,3.79,0
C101348,53,31.36,1708.07,Month-to-month,DSL,Yes,0,1,4.29,0
C101349,43,95.22,3847.95,Month-to-month,Fiber optic,Yes,0,0,4.38,0
C101350,4,63.16,246.68,Two year,DSL,No,3,0,3.24,0
C101351,28,40.36,1079.79,Month-to-month,DSL,No,0,0,3.52,1
C101352,36,58.67,2171.1,Two year,DSL,No,1,1,2.99,0
C101353,66,59.07,3802.22,One year,DSL,No,1,0,3.72,0
C101354,16,126.67,1869.24,One year,Fiber optic,No,0,1,2.29,0
C101355,36,71.18,2644.89,One year,DSL,Yes,1,0,3.55,0
C101356,25,56.68,1515.45,Month-to-month,None,Yes,1,0,5.0,0
C101357,9,62.76,559.29,One year,DSL,No,1,3,2.12,0
C101358,7,29.4,207.16,Month-to-month,DSL,No,1,1,3.57,0
C101359,26,79.77,1902.19,Two year,DSL,Yes,0,1,3.86,0
C101360,6,79.49,422.92,Month-to-month,Fiber optic,Yes,1,1,3.85,0
C101361,4,60.62,217.82,Month-to-month,DSL,Yes,1,0,2.78,1
C101362,25,71.99,1795.32,One year,Fiber optic,Yes,2,0,3.81,0
C101363,14,66.38,913.58,One year,DSL,No,2,1,2.91,0
C101364,40,57.24,2358.39,Month-to-month,None,Yes,3,2,2.02,0
C101365,1,84.72,83.8,One year,DSL,Yes,3,0,4.03,0
C101366,22,120.14,2786.67,Month-to-month,Fiber optic,No,5,1,3.49,0
C101367,33,69.83,2414.94,One year,None,Yes,0,0,2.9,0
C101368,70,28.13,1934.18,Month-to-month,DSL,Yes,2,0,2.99,0
C101369,46,44.32,1926.2,Month-to-month,DSL,Yes,5,0,2.6,0
C101370,64,57.64,3300.18,Month-to-month,Fiber optic,Yes,2,1,2.05,0
C101371,25,79.01,2130.99,Month-to-month,DSL,Yes,1,0,4.12,0
C101372,32,53.83,1633.26,Month-to-month,DSL,Yes,3,0,3.91,0
C101373,30,82.71,2277.08,Month-to-month,Fiber optic,Yes,4,0,2.91,0
C101374,64,62.88,4053.06,Month-to-month,DSL,Yes,2,0,3.39,0
C101375,70,44.27,2845.36,Month-to-month,None,Yes,1,0,3.62,0
C101376,70,63.78,4496.24,Month-to-month,Fiber optic,Yes,1,3,3.48,1
C101377,54,66.08,3502.32,Month-to-month,Fiber optic,No,2,2,2.2,1
C101378,36,67.02,2535.29,One year,DSL,Yes,4,1,3.47,0
C101379,39,114.78,4682.42,Two year,Fiber optic,Yes,3,0,2.37,0
C101380,71,89.52,6741.61,Month-to-month,Fiber optic,No,3,0,3.82,0
C101381,20,51.96,1050.99,Two year,DSL,Yes,0,2,2.66,0
C101382,25,20.0,476.4,Month-to-month,None,Yes,2,0,2.4,0
C101383,65,108.1,6625.79,Month-to-month,Fiber optic,No,2,2,3.23,0
C101384,28,78.02,2120.8,One year,Fiber optic,Yes,1,0,3.49,0
C101385,17,45.2,852.68,One year,DSL,Yes,1,0,3.61,0
C101386,40,32.41,1278.63,Two year,DSL,No,1,0,2.83,0
C101387,23,62.66,1453.94,Month-to-month,Fiber optic,No,2,1,3.49,0
C101388,65,73.74,5193.43,One year,Fiber optic,Yes,2,1,3.56,0
C101389,66,87.46,5853.19,Month-to-month,Fiber optic,Yes,4,1,4.0,0
C101390,22,44.03,928.77,Month-to-month,DSL,Yes,1,1,3.59,0
C101391,38,93.53,3696.87,Month-to-month,Fiber optic,No,1,2,2.9,0
C101392,71,62.32,4320.45,Two year,DSL,Yes,1,0,2.48,1
C101393,54,109.22,5991.67,Month-to-month,DSL,Yes,0,0,2.46,1
C101394,15,59.62,919.49,One year,Fiber optic,Yes,1,1,3.7,0
C101395,43,68.07,2847.43,One year,DSL,No,0,0,4.27,0
C101396,45,70.31,3196.38,One year,DSL,Yes,3,1,2.52,0
C101397,47,47.42,2424.87,One year,DSL,Yes,1,0,3.73,0
C101398,1,38.81,37.47,Two year,None,Yes,1,0,3.39,0
C101399,21,79.62,1793.12,Month-to-month,DSL,No,2,1,3.89,0
C101400,62,93.83,5628.52,Month-to-month,Fiber optic,Yes,4,2,3.69,1
C101401,17,61.3,1145.39,One year,None,No,0,0,1.88,0
C101402,21,50.62,1013.0,Month-to-month,Fiber optic,Yes,2,2,4.06,1
C101403,23,76.0,1710.13,Month-to-month,Fiber optic,Yes,1,0,3.73,0
C101404,12,120.03,1559.84,Month-to-month,Fiber optic,Yes,1,0,3.12,0
C101405,11,109.33,1305.3,Month-to-month,Fiber optic,Yes,0,0,3.26,1
C101406,25,102.27,2671.84,Month-to-month,Fiber optic,Yes,0,0,3.67,1
C101407,63,58.43,3462.06,Month-to-month,None,No,1,1,3.06,0
C101408,0,55.59,55.84,Two year,Fiber optic,Yes,1,1,2.72,0
C101409,20,105.12,2102.54,Month-to-month,Fiber optic,No,2,2,2.7,1
C101410,4,87.22,332.46,Two year,DSL,Yes,1,0,2.72,0
C101411,40,24.48,1016.73,Two year,None,Yes,3,0,4.34,0
C101412,18,116.96,2015.35,Month-to-month,DSL,Yes,0,0,3.69,0
C101413,57,95.73,5069.29,One year,Fiber optic,Yes,0,2,5.0,0
C101414,42,25.34,969.4,One year,DSL,Yes,0,1,3.86,0
C101415,57,97.24,6064.67,One year,Fiber optic,No,1,0,3.99,1
C101416,46,76.32,3412.15,Month-to-month,Fiber optic,No,0,0,2.82,0
C101417,32,112.13,3491.56,Month-to-month,Fiber optic,No,0,1,3.4,1
C101418,62,75.41,4410.39,Month-to-month,DSL,No,0,0,3.71,0
C101419,34,80.64,2948.04,One year,Fiber optic,Yes,1,1,2.95,0
C101420,69,120.55,7686.5,Two year,Fiber optic,Yes,1,0,3.17,0
C101421,72,84.85,5704.6,One year,DSL,Yes,2,0,3.74,0
C101422,42,74.27,3064.13,One year,Fiber optic,No,0,0,3.99,0
C101423,49,89.11,4361.21,Two year,Fiber optic,Yes,2,0,2.37,1
C101424,18,101.82,1899.15,One year,Fiber optic,Yes,0,0,3.87,1
C101425,59,58.08,3299.39,Month-to-month,DSL,No,0,0,4.08,0
C101426,49,85.65,4553.32,Two year,Fiber optic,Yes,0,1,3.11,0
C101427,65,35.7,2235.14,Month-to-month,None,No,2,2,2.71,0
C101428,19,46.75,838.98,Month-to-month,DSL,Yes,0,1,3.91,0
C101429,57,47.58,2547.42,Month-to-month,Fiber optic,No,1,0,1.52,0
C101430,34,94.54,3077.54,Two year,Fiber optic,No,1,0,3.53,0
C101431,13,20.0,243.29,Month-to-month,None,Yes,6,0,4.2,0
C101432,12,73.13,913.8,Month-to-month,Fiber optic,Yes,0,1,1.54,0
C101433,41,58.34,2260.27,Month-to-month,Fiber optic,Yes,0,0,4.29,0
C101434,23,35.68,814.64,Month-to-month,DSL,Yes,2,0,3.83,0
C101435,7,75.1,495.93,Month-to-month,DSL,Yes,3,1,2.09,1
C101436,31,32.78,950.54,One year,None,Yes,0,0,4.06,0
C101437,47,32.09,1600.02,Two year,None,Yes,1,2,4.15,0
C101438,23,67.0,1676.84,Month-to-month,Fiber optic,Yes,1,0,2.61,1
C101439,69,79.54,5871.31,Month-to-month,Fiber optic,Yes,1,1,2.9,1
C101440,56,97.15,5000.14,Month-to-month,Fiber optic,No,1,3,3.31,0
C101441,37,66.01,2263.36,Month-to-month,DSL,Yes,1,1,4.21,0
C101442,68,52.63,3968.26,Month-to-month,None,Yes,1,0,3.11,0
C101443,31,110.34,3372.69,One year,Fiber optic,Yes,0,1,3.54,0
C101444,10,87.21,806.16,One year,Fiber optic,Yes,4,1,2.57,0
C101445,2,29.81,63.17,Month-to-month,DSL,No,1,0,3.55,0
C101446,68,52.62,3591.42,Month-to-month,DSL,Yes,5,0,3.87,0
C101447,70,63.14,4558.24,Month-to-month,DSL,No,2,1,3.41,0
C101448,53,75.25,3497.36,Month-to-month,Fiber optic,No,2,0,3.13,1
C101449,7,69.96,480.93,Two year,Fiber optic,No,2,0,3.38,0
C101450,21,66.33,1465.62,One year,DSL,No,0,0,3.03,0
C101451,2,136.18,262.77,Two year,Fiber optic,No,1,2,2.59,1
C101452,3,27.72,88.81,Two year,None,Yes,1,1,4.39,0
C101453,17,66.95,1055.72,One year,DSL,Yes,0,3,4.69,0
C101454,41,65.07,2651.35,Two year,Fiber optic,No,0,0,2.25,0
C101455,4,115.62,504.32,Month-to-month,Fiber optic,Yes,5,0,3.5,0
C101456,71,83.62,5561.22,Month-to-month,DSL,Yes,0,0,4.32,0
C101457,33,107.31,3594.1,Month-to-month,Fiber optic,Yes,1,0,2.58,1
C101458,19,117.84,2311.01,Month-to-month,Fiber optic,Yes,5,1,2.6,1
C101459,37,58.88,2189.51,Month-to-month,DSL,Yes,2,0,2.96,0
C101460,57,61.25,3443.24,Month-to-month,DSL,Yes,3,2,4.61,0
C101461,22,69.49,1455.1,One year,None,Yes,0,0,4.94,0
C101462,3,79.02,239.62,One year,DSL,Yes,2,2,2.53,0
C101463,3,49.83,148.65,One year,Fiber optic,Yes,0,0,2.51,0
C101464,62,98.64,5632.56,Month-to-month,Fiber optic,No,3,2,3.73,0
C101465,8,80.95,686.77,One year,Fiber optic,Yes,1,0,3.95,0
C101466,46,107.07,4678.7,Month-to-month,Fiber optic,No,0,2,4.46,0
C101467,28,99.76,2576.61,Month-to-month,Fiber optic,Yes,1,1,2.62,0
C101468,56,58.93,3191.96,Month-to-month,Fiber optic,Yes,2,0,3.97,1
C101469,4,95.11,361.76,Month-to-month,Fiber optic,No,0,0,3.08,0
C101470,65,94.0,6023.22,Month-to-month,Fiber optic,No,3,0,3.78,1
C101471,50,96.91,4514.38,One year,Fiber optic,No,2,1,3.3,0
C101472,32,100.94,3309.66,One year,Fiber optic,No,2,1,4.81,0
C101473,15,93.42,1507.74,One year,DSL,No,3,4,3.32,0
C101474,71,97.86,6988.52,Month-to-month,Fiber optic,No,2,0,3.17,1
C101475,22,90.44,1831.63,One year,Fiber optic,No,2,0,3.52,0
C101476,35,86.81,2885.74,One year,DSL,No,2,1,3.25,0
C101477,28,109.61,3106.43,Month-to-month,DSL,Yes,4,0,2.27,1
C101478,16,109.39,1560.89,One year,Fiber optic,Yes,2,0,4.91,0
C101479,30,95.92,2682.49,Month-to-month,Fiber optic,Yes,3,1,4.46,0
C101480,11,100.22,1002.53,Month-to-month,Fiber optic,Yes,0,0,3.51,0
C101481,0,94.86,95.46,Month-to-month,Fiber optic,No,4,1,3.64,0
C101482,21,37.35,877.62,Month-to-month,None,Yes,0,2,5.0,0
C101483,8,133.14,991.25,Month-to-month,Fiber optic,Yes,0,0,4.61,0
C101484,30,50.77,1591.48,Month-to-month,DSL,No,0,0,3.41,0
C101485,62,58.94,3540.95,Month-to-month,None,Yes,1,1,3.38,0
C101486,11,62.61,638.7,Two year,DSL,No,0,2,2.15,0
C101487,0,63.87,69.36,Month-to-month,Fiber optic,Yes,1,1,4.05,0
C101488,8,88.42,791.39,Month-to-month,Fiber optic,Yes,3,0,4.26,1
C101489,37,56.61,2142.02,Month-to-month,DSL,Yes,0,0,4.62,0
C101490,20,102.97,2100.46,Two year,Fiber optic,Yes,1,2,3.92,0
C101491,35,93.73,3291.79,One year,Fiber optic,Yes,2,1,3.6,0
C101492,2,47.58,94.38,Two year,DSL,Yes,2,0,2.63,0
C101493,24,94.95,2321.42,Month-to-month,DSL,Yes,0,1,3.82,0
C101494,29,87.71,2638.18,Month-to-month,DSL,Yes,2,2,2.76,1
C101495,31,95.14,3219.16,Month-to-month,DSL,No,0,1,3.98,0
C101496,40,96.5,3749.02,Month-to-month,Fiber optic,Yes,3,1,2.61,0
C101497,56,91.32,5149.75,One year,Fiber optic,Yes,1,0,3.93,0
C101498,34,105.37,3565.15,Two year,Fiber optic,Yes,2,1,4.36,0
C101499,61,79.03,5092.36,Month-to-month,Fiber optic,No,1,2,3.66,0
C101500,38,67.47,2902.3,Two year,DSL,No,2,2,3.51,0
C101501,19,61.66,1239.75,Month-to-month,DSL,No,2,0,4.12,0
C101502,16,62.24,1039.56,Month-to-month,Fiber optic,No,4,1,4.47,0
C101503,23,39.42,951.93,Month-to-month,None,Yes,1,1,3.37,0
C101504,43,81.62,3754.31,Month-to-month,Fiber optic,No,3,0,3.7,1
C101505,17,62.39,1201.48,One year,DSL,Yes,2,1,4.51,0
C101506,66,96.91,5803.17,Month-to-month,Fiber optic,No,0,3,3.93,0
C101507,35,61.18,2211.92,Month-to-month,None,Yes,1,0,1.97,1
C101508,63,75.87,4101.24,One year,Fiber optic,Yes,2,0,2.85,0
C101509,49,58.61,3022.16,Month-to-month,DSL,No,4,0,3.76,0
C101510,24,50.46,1247.74,Month-to-month,DSL,No,1,0,3.22,0
C101511,16,74.23,1151.96,One year,Fiber optic,No,1,1,4.57,0
C101512,54,25.7,1184.0,Month-to-month,None,Yes,1,1,4.9,0
C101513,24,88.27,2116.8,Month-to-month,Fiber optic,Yes,1,0,3.07,1
C101514,18,78.13,1423.58,Month-to-month,DSL,Yes,1,1,2.64,0
C101515,67,98.09,6549.22,Month-to-month,Fiber optic,Yes,0,1,3.29,0
C101516,35,71.92,2431.17,Month-to-month,Fiber optic,Yes,2,1,3.0,0
C101517,3,116.59,332.52,One year,Fiber optic,Yes,1,2,4.57,0
C101518,36,107.94,3874.77,Two year,Fiber optic,No,3,1,2.4,1
C101519,33,74.88,2362.06,Month-to-month,Fiber optic,Yes,3,0,3.87,0
C101520,63,88.26,5807.88,Two year,DSL,No,4,1,4.17,0
C101521,51,96.21,4885.47,One year,Fiber optic,No,1,0,4.17,0
C101522,13,89.03,1047.6,One year,Fiber optic,Yes,0,0,3.99,0
C101523,10,43.8,442.26,One year,None,Yes,1,1,3.32,0
C101524,44,91.51,4118.16,One year,Fiber optic,Yes,3,0,4.73,0
C101525,3,102.36,334.41,One year,Fiber optic,Yes,2,2,3.06,0
C101526,23,93.56,2261.73,Month-to-month,Fiber optic,No,1,0,4.27,0
C101527,10,85.59,813.59,Month-to-month,Fiber optic,Yes,1,0,3.41,0
C101528,1,28.51,30.75,Month-to-month,DSL,Yes,1,1,2.01,1
C101529,67,100.02,6190.48,Month-to-month,Fiber optic,No,0,2,3.28,0
C101530,6,82.9,498.17,One year,Fiber optic,No,0,3,3.29,1
C101531,0,104.78,109.13,Month-to-month,Fiber optic,No,0,0,3.54,0
C101532,68,101.15,7430.03,Month-to-month,Fiber optic,Yes,2,1,2.81,0
C101533,13,58.39,837.93,Month-to-month,DSL,No,0,1,4.06,0
C101534,59,111.44,7035.93,Month-to-month,Fiber optic,Yes,1,1,4.02,0
C101535,2,95.89,190.34,One year,Fiber optic,Yes,1,0,3.29,0
C101536,11,93.11,1056.86,One year,Fiber optic,No,2,0,3.16,0
C101537,8,87.38,707.67,Month-to-month,Fiber optic,No,7,0,1.99,1
C101538,51,123.99,6076.75,Month-to-month,Fiber optic,Yes,2,0,3.61,0
C101539,45,78.45,3507.8,Month-to-month,Fiber optic,Yes,1,0,4.6,0
C101540,34,85.87,3208.27,Month-to-month,Fiber optic,Yes,1,0,4.61,0
C101541,17,41.49,730.4,One year,DSL,No,0,0,3.18,0
C101542,6,103.81,693.41,One year,Fiber optic,No,1,0,5.0,0
C101543,41,80.94,3120.96,Month-to-month,Fiber optic,Yes,0,0,3.37,0
C101544,16,83.07,1301.23,Month-to-month,Fiber optic,Yes,1,0,2.74,0
C101545,43,80.18,3526.48,Two year,Fiber optic,No,1,0,2.47,0
C101546,50,91.19,4745.66,One year,Fiber optic,No,2,0,2.57,0
C101547,62,43.24,2663.66,Month-to-month,DSL,Yes,2,1,3.59,0
C101548,36,49.38,1855.95,Month-to-month,Fiber optic,Yes,1,1,3.25,0
C101549,0,73.7,76.91,Month-to-month,DSL,No,1,0,3.04,0
C101550,20,51.84,957.66,Two year,Fiber optic,Yes,3,0,2.63,0
C101551,62,108.23,6988.33,Month-to-month,Fiber optic,Yes,3,0,2.44,1
C101552,38,119.61,4813.48,Month-to-month,Fiber optic,No,0,1,2.88,1
C101553,45,88.88,4064.75,Two year,Fiber optic,Yes,0,0,4.44,0
C101554,33,59.69,1770.43,One year,None,No,2,0,4.82,0
C101555,11,91.54,991.61,Month-to-month,Fiber optic,Yes,1,0,4.98,0
C101556,65,122.39,8146.97,Month-to-month,Fiber optic,Yes,2,1,3.87,0
C101557,56,28.33,1510.94,Month-to-month,None,Yes,4,0,2.79,0
C101558,72,45.07,3408.94,One year,Fiber optic,No,0,0,3.13,0
C101559,62,90.48,5834.87,Month-to-month,Fiber optic,Yes,0,2,4.08,0
C101560,21,99.45,2103.9,Two year,DSL,Yes,2,0,3.22,0
C101561,18,77.16,1390.21,Two year,DSL,Yes,3,1,3.53,0
C101562,18,57.21,1040.7,Month-to-month,DSL,Yes,0,0,5.0,0
C101563,67,71.25,4772.68,One year,DSL,No,4,0,3.34,0
C101564,40,108.45,4031.3,Month-to-month,Fiber optic,No,1,0,5.0,0
C101565,33,63.37,2041.74,Month-to-month,DSL,No,1,0,2.65,0
C101566,70,140.0,9839.06,One year,Fiber optic,Yes,0,1,3.92,0
C101567,44,57.17,2711.75,Month-to-month,DSL,Yes,0,0,3.89,1
C101568,66,84.05,5758.44,Month-to-month,DSL,No,2,0,2.64,0
C101569,71,51.48,3951.06,Month-to-month,None,Yes,1,0,4.16,0
C101570,5,76.7,353.87,Month-to-month,Fiber optic,No,1,1,4.64,1
C101571,26,28.94,737.7,Month-to-month,None,Yes,3,0,5.0,0
C101572,53,111.34,6574.1,One year,Fiber optic,Yes,1,0,3.85,0
C101573,59,69.75,3947.09,One year,DSL,Yes,1,0,2.05,0
C101574,10,98.42,942.9,One year,Fiber optic,Yes,2,0,3.78,0
C101575,23,60.92,1380.22,Two year,Fiber optic,Yes,1,0,4.11,0
C101576,40,79.46,3531.19,Month-to-month,DSL,Yes,2,1,3.15,0
C101577,58,42.46,2371.72,Two year,None,Yes,1,1,3.62,0
C101578,8,90.79,748.59,Month-to-month,Fiber optic,Yes,0,0,3.27,0
C101579,43,96.86,4254.78,Month-to-month,Fiber optic,No,2,2,3.15,0
C101580,21,84.22,1581.03,Two year,Fiber optic,Yes,1,1,4.24,0
C101581,15,78.75,1180.23,Month-to-month,Fiber optic,No,3,1,4.29,1
C101582,37,62.4,2238.59,Month-to-month,DSL,Yes,0,0,2.66,0
C101583,30,28.18,876.92,Month-to-month,None,Yes,2,0,3.01,0
C101584,46,133.43,6724.85,Month-to-month,Fiber optic,Yes,1,0,2.29,0
C101585,23,82.33,1857.71,Month-to-month,DSL,No,1,0,4.96,1
C101586,60,48.6,2860.73,Month-to-month,DSL,Yes,0,1,4.25,0
C101587,5,128.69,732.56,Two year,Fiber optic,No,1,0,1.97,1
C101588,62,28.78,1714.53,Month-to-month,None,Yes,4,0,3.12,0
C101589,2,35.56,65.87,Month-to-month,None,No,1,0,3.31,0
C101590,53,107.05,6103.52,Month-to-month,Fiber optic,No,0,2,2.9,0
C101591,25,20.0,498.61,One year,None,No,1,0,4.34,0
C101592,27,87.5,2399.31,Month-to-month,Fiber optic,Yes,2,0,4.2,0
C101593,1,54.11,60.75,Month-to-month,DSL,No,2,1,3.54,0
C101594,51,95.9,4513.5,Month-to-month,Fiber optic,Yes,3,0,2.79,0
C101595,12,72.03,855.07,One year,DSL,No,0,0,3.16,0
C101596,48,65.53,2931.57,One year,DSL,Yes,1,0,3.56,0
C101597,52,89.65,4747.74,One year,Fiber optic,Yes,0,0,3.29,0
C101598,61,87.24,5159.78,One year,DSL,Yes,0,1,3.57,0
C101599,51,40.73,1943.22,Month-to-month,None,No,3,0,3.73,0
C101600,22,37.79,864.86,Month-to-month,None,Yes,2,0,2.21,0
C101601,53,94.81,5027.78,Month-to-month,Fiber optic,Yes,1,0,2.94,0
C101602,60,126.88,7088.74,Month-to-month,Fiber optic,Yes,2,3,3.14,0
C101603,23,93.28,2004.98,Month-to-month,Fiber optic,No,0,1,4.79,0
C101604,9,57.23,520.96,Month-to-month,DSL,Yes,2,0,4.07,0
C101605,64,28.73,1669.76,Month-to-month,DSL,No,2,1,3.33,0
C101606,10,39.76,402.57,One year,DSL,Yes,3,1,3.52,0
C101607,43,56.13,2591.41,Month-to-month,DSL,No,1,1,3.37,0
C101608,17,62.94,1109.24,One year,DSL,No,1,1,4.29,0
C101609,9,54.44,473.16,One year,DSL,No,0,1,3.91,0
C101610,56,71.67,4074.08,Month-to-month,DSL,No,1,2,4.37,0
C101611,10,26.2,243.96,Month-to-month,None,Yes,2,0,2.35,0
C101612,48,49.62,2399.61,One year,DSL,Yes,1,0,2.9,0
C101613,50,76.64,3763.11,One year,DSL,No,1,0,3.74,0
C101614,4,118.02,445.09,Month-to-month,Fiber optic,Yes,3,0,3.67,0
C101615,12,45.96,570.44,Month-to-month,DSL,Yes,1,2,5.0,0
C101616,57,94.63,4807.26,One year,Fiber optic,No,2,1,1.92,0
C101617,37,30.8,1065.28,One year,DSL,Yes,2,1,3.3,0
C101618,8,63.98,481.84,Month-to-month,Fiber optic,Yes,2,1,3.27,1
C101619,72,78.81,5516.78,Month-to-month,Fiber optic,No,1,0,3.72,0
C101620,19,113.56,2311.83,Two year,Fiber optic,Yes,0,0,5.0,0
C101621,0,77.2,80.4,Month-to-month,Fiber optic,Yes,0,2,4.17,0
C101622,67,76.49,5154.51,Two year,Fiber optic,Yes,2,1,2.08,0
C101623,1,67.69,67.91,Month-to-month,DSL,Yes,0,2,4.69,0
C101624,40,65.7,2626.3,Month-to-month,DSL,No,1,0,4.7,0
C101625,72,75.08,5813.63,Month-to-month,Fiber optic,No,0,0,3.86,1
C101626,42,104.74,3959.78,Month-to-month,DSL,Yes,0,0,2.39,0
C101627,42,61.96,2712.75,Two year,DSL,Yes,2,0,3.29,0
C101628,28,94.16,2562.79,Month-to-month,Fiber optic,Yes,1,2,3.74,1
C101629,9,59.37,549.11,Two year,DSL,Yes,1,2,4.15,0
C101630,41,73.36,3091.76,Month-to-month,DSL,No,3,2,1.75,0
C101631,65,113.46,7672.32,Two year,Fiber optic,No,2,1,2.73,0
C101632,6,123.61,806.26,Two year,Fiber optic,Yes,1,0,4.39,0
C101633,64,75.52,4468.82,Month-to-month,Fiber optic,No,1,0,4.7,0
C101634,30,55.92,1770.37,Month-to-month,None,No,1,2,3.71,1
C101635,39,47.44,1843.66,One year,None,Yes,2,0,4.31,0
C101636,12,108.52,1269.23,Month-to-month,Fiber optic,No,1,0,3.89,0
C101637,45,65.25,3264.69,Two year,DSL,Yes,1,1,4.2,0
C101638,13,88.45,1194.24,Month-to-month,Fiber optic,Yes,1,1,3.56,0
C101639,19,109.78,2037.96,Month-to-month,Fiber optic,Yes,1,0,3.9,0
C101640,52,108.14,5919.36,Month-to-month,Fiber optic,No,2,2,2.3,0
C101641,3,94.75,283.53,One year,DSL,No,1,2,3.93,0
C101642,32,70.77,2210.72,Two year,DSL,Yes,0,0,2.67,0
C101643,43,64.97,2700.58,Month-to-month,DSL,Yes,4,1,3.65,0
C101644,9,20.0,183.02,One year,DSL,No,0,1,3.23,0
C101645,21,36.39,738.39,Two year,DSL,Yes,1,1,3.74,0
C101646,25,29.51,744.06,Month-to-month,None,Yes,2,0,2.67,0
C101647,48,46.08,2319.75,Month-to-month,DSL,Yes,2,0,3.02,0
C101648,71,105.47,7533.89,One year,Fiber optic,No,2,0,3.7,0
C101649,61,20.0,1352.62,One year,None,No,3,2,3.72,0
C101650,13,80.48,1047.0,Month-to-month,Fiber optic,No,1,1,4.3,0
C101651,1,83.22,89.39,Two year,Fiber optic,Yes,0,0,2.75,0
C101652,3,114.89,363.18,Month-to-month,Fiber optic,Yes,4,1,1.92,1
C101653,43,55.44,2583.91,Two year,DSL,Yes,3,1,2.45,0
C101654,11,100.6,1226.63,Two year,Fiber optic,Yes,2,0,2.58,0
C101655,16,95.72,1383.16,One year,Fiber optic,Yes,1,1,4.67,0
C101656,61,107.16,6632.09,Month-to-month,Fiber optic,No,0,2,4.54,1
C101657,63,106.15,6646.3,Month-to-month,Fiber optic,No,3,1,2.43,0
C101658,61,34.36,2108.81,Month-to-month,None,No,0,0,4.98,0
C101659,18,59.77,1052.34,Month-to-month,Fiber optic,Yes,4,1,4.09,1
C101660,45,87.6,3824.17,One year,Fiber optic,Yes,1,0,2.26,0
C101661,44,91.62,3787.48,Month-to-month,Fiber optic,Yes,2,0,2.61,0
C101662,13,97.43,1273.37,Month-to-month,Fiber optic,Yes,2,0,2.12,0
C101663,40,77.99,3279.86,Month-to-month,Fiber optic,Yes,0,0,3.58,1
C101664,38,113.68,4202.54,Month-to-month,Fiber optic,Yes,3,0,3.3,0
C101665,28,35.26,969.44,Month-to-month,None,No,1,3,3.3,1
C101666,54,49.51,2570.89,One year,DSL,Yes,1,0,1.95,0
C101667,49,83.29,3858.01,One year,Fiber optic,Yes,1,1,2.34,0
C101668,38,103.64,3887.17,Month-to-month,DSL,Yes,0,1,3.77,0
C101669,52,102.62,5436.97,Two year,Fiber optic,No,1,1,3.94,0
C101670,55,111.92,6581.28,Two year,Fiber optic,Yes,1,0,1.95,0
C101671,41,72.21,2766.5,Month-to-month,Fiber optic,Yes,3,0,2.29,1
C101672,19,78.91,1496.78,One year,Fiber optic,Yes,3,0,4.09,0
C101673,55,79.05,4629.47,Month-to-month,Fiber optic,Yes,0,1,2.62,0
C101674,52,68.5,3331.05,Month-to-month,DSL,No,1,0,3.52,0
C101675,71,63.69,4837.11,Month-to-month,DSL,Yes,2,2,2.22,0
C101676,10,57.7,563.07,Month-to-month,DSL,Yes,3,0,3.94,0
C101677,30,28.08,875.36,Two year,None,No,2,0,1.84,0
C101678,67,51.91,3436.26,Two year,DSL,Yes,1,1,3.21,0
C101679,37,31.58,1197.94,One year,None,No,1,0,4.26,0
C101680,68,88.15,6524.67,One year,DSL,Yes,1,2,3.85,0
C101681,0,61.25,60.84,Month-to-month,Fiber optic,No,1,0,3.17,1
C101682,2,98.58,207.97,Two year,Fiber optic,Yes,1,1,2.91,1
C101683,58,118.22,6960.33,Month-to-month,Fiber optic,Yes,3,0,3.11,0
C101684,26,88.52,2202.02,Month-to-month,Fiber optic,Yes,2,0,2.4,0
C101685,37,79.95,2934.46,One year,Fiber optic,No,4,0,3.09,1
C101686,31,54.56,1672.0,Month-to-month,None,Yes,0,0,3.59,0
C101687,29,71.3,1907.14,Month-to-month,Fiber optic,No,3,0,2.96,0
C101688,68,64.57,4501.61,Month-to-month,DSL,No,1,0,4.31,0
C101689,6,47.24,293.7,One year,DSL,Yes,2,0,2.58,1
C101690,56,56.47,3303.62,Month-to-month,Fiber optic,Yes,1,1,2.12,0
C101691,64,89.11,6151.52,Month-to-month,Fiber optic,Yes,2,1,2.92,1
C101692,47,66.0,3264.75,Month-to-month,Fiber optic,No,3,0,3.39,1
C101693,28,89.78,2430.46,Month-to-month,Fiber optic,No,4,1,3.01,1
C101694,11,113.19,1218.37,Two year,Fiber optic,Yes,0,0,3.53,0
C101695,49,127.23,6521.87,Month-to-month,Fiber optic,Yes,0,3,2.53,1
C101696,34,91.78,3187.41,One year,Fiber optic,No,2,0,2.64,1
C101697,10,111.37,1112.61,One year,Fiber optic,Yes,2,4,2.71,0
C101698,26,99.58,2464.52,Month-to-month,Fiber optic,Yes,2,1,2.89,1
C101699,70,29.72,2019.67,One year,None,Yes,1,0,4.39,0
C101700,19,55.43,1086.93,One year,Fiber optic,Yes,4,1,3.3,0
C101701,13,65.9,764.78,Month-to-month,None,No,2,0,2.99,0
C101702,49,45.07,1924.21,Month-to-month,DSL,No,2,2,4.1,1
C101703,14,118.27,1718.92,Month-to-month,Fiber optic,Yes,2,0,3.76,0
C101704,67,102.2,6646.49,Two year,Fiber optic,Yes,1,1,2.39,0
C101705,62,71.46,4544.69,One year,Fiber optic,No,3,0,1.0,0
C101706,71,72.93,5627.05,Two year,DSL,Yes,1,2,2.34,0
C101707,66,132.53,8259.61,Two year,Fiber optic,Yes,1,0,3.99,0
C101708,17,121.18,1870.89,Month-to-month,Fiber optic,Yes,4,0,3.87,0
C101709,15,25.26,373.14,One year,None,No,0,1,2.28,0
C101710,25,51.47,1238.29,Month-to-month,DSL,No,2,0,3.92,0
C101711,34,66.9,2271.43,One year,DSL,No,0,2,3.97,0
C101712,64,88.86,5855.33,Month-to-month,Fiber optic,Yes,2,1,4.42,0
C101713,53,112.8,6085.82,Month-to-month,Fiber optic,No,2,0,4.15,0
C101714,47,81.05,3819.04,One year,DSL,Yes,2,1,4.38,0
C101715,64,57.85,3917.87,One year,Fiber optic,No,1,0,3.91,0
C101716,47,100.71,4907.98,One year,Fiber optic,Yes,0,0,4.0,0
C101717,27,63.6,1700.07,Month-to-month,DSL,Yes,1,0,3.27,0
C101718,30,92.71,2878.47,Month-to-month,Fiber optic,Yes,4,1,3.73,0
C101719,37,96.73,3274.76,Two year,Fiber optic,Yes,0,2,2.45,1
C101720,6,114.78,728.97,Month-to-month,Fiber optic,Yes,2,2,3.14,1
C101721,54,110.58,5978.61,Month-to-month,Fiber optic,Yes,0,2,3.91,1
C101722,47,50.75,2227.73,Month-to-month,DSL,No,1,0,4.63,0
C101723,53,33.89,1755.01,Month-to-month,None,No,0,0,3.28,0
C101724,38,83.48,3353.26,Month-to-month,Fiber optic,Yes,2,2,4.0,0
C101725,57,35.04,1912.95,Month-to-month,DSL,Yes,2,1,3.18,0
C101726,69,89.92,6344.6,One year,Fiber optic,Yes,1,1,4.22,0
C101727,41,102.05,4386.28,Two year,DSL,Yes,2,1,2.7,0
C101728,32,59.47,1905.6,Two year,Fiber optic,Yes,1,0,4.1,0
C101729,7,89.54,596.97,One year,Fiber optic,No,1,0,3.46,0
C101730,56,33.93,1893.4,Month-to-month,None,No,1,0,2.61,0
C101731,65,42.47,2546.56,One year,None,Yes,0,0,3.53,0
C101732,51,46.71,2318.19,Two year,DSL,No,1,0,4.56,0
C101733,63,62.92,3722.56,One year,Fiber optic,No,2,2,2.46,0
C101734,62,40.81,2523.69,One year,DSL,Yes,1,0,2.37,0
C101735,58,115.29,6220.0,One year,Fiber optic,No,5,1,3.28,0
C101736,36,73.33,2651.99,One year,Fiber optic,Yes,0,2,2.18,1
C101737,7,57.51,427.65,One year,DSL,Yes,0,0,4.87,0
C101738,0,104.99,111.89,Month-to-month,DSL,No,2,2,4.45,0
C101739,14,51.05,665.74,Month-to-month,DSL,No,2,1,4.14,0
C101740,31,73.51,2195.32,One year,DSL,Yes,0,0,3.64,0
C101741,54,87.21,4930.22,Month-to-month,DSL,Yes,2,0,4.71,0
C101742,33,54.3,1861.29,Two year,None,No,0,2,4.54,0
C101743,1,66.7,64.44,One year,Fiber optic,Yes,1,0,3.11,0
C101744,15,76.45,1116.07,Month-to-month,Fiber optic,No,1,1,4.57,1
C101745,71,95.74,6828.3,One year,Fiber optic,No,0,1,2.86,0
C101746,72,128.65,8328.82,One year,Fiber optic,Yes,3,2,2.98,0
C101747,27,75.53,2098.23,One year,Fiber optic,No,3,2,1.73,0
C101748,58,25.62,1574.48,Month-to-month,None,No,1,0,3.64,0
C101749,52,97.97,4985.41,Two year,Fiber optic,No,2,2,3.02,0
C101750,67,103.77,6409.89,Month-to-month,Fiber optic,Yes,0,0,3.3,0
C101751,64,49.92,3443.1,One year,None,Yes,0,1,3.44,0
C101752,45,75.92,3457.63,Month-to-month,Fiber optic,Yes,0,0,3.2,0
C101753,28,79.89,2324.14,One year,Fiber optic,No,1,0,3.56,0
C101754,45,39.09,1631.23,One year,None,No,0,0,4.65,0
C101755,23,113.98,2431.58,One year,Fiber optic,No,1,1,2.62,0
C101756,25,87.47,2236.56,Month-to-month,Fiber optic,Yes,3,1,3.88,0
C101757,44,66.58,3095.08,One year,DSL,Yes,1,1,3.62,0
C101758,41,47.51,1826.93,One year,DSL,Yes,2,1,3.62,1
C101759,42,125.4,5237.31,Month-to-month,Fiber optic,No,2,2,3.23,1
C101760,28,69.93,1787.11,Two year,DSL,Yes,1,0,2.97,1
C101761,29,55.48,1546.84,One year,None,No,1,0,3.88,0
C101762,0,67.57,66.61,Two year,DSL,Yes,0,0,4.05,0
C101763,43,93.62,4133.89,Two year,Fiber optic,Yes,1,1,2.83,0
C101764,42,36.49,1355.08,Two year,DSL,No,1,1,2.41,0
C101765,68,20.0,1458.77,One year,None,Yes,4,1,3.16,0
C101766,36,115.79,4129.34,One year,Fiber optic,Yes,1,1,4.04,0
C101767,34,66.48,2421.24,Month-to-month,DSL,No,0,2,4.27,0
C101768,4,70.92,294.58,Month-to-month,DSL,Yes,2,1,4.27,0
C101769,14,66.27,971.27,One year,Fiber optic,No,0,0,3.94,0
C101770,24,20.0,533.34,Month-to-month,None,No,1,0,3.32,0
C101771,27,55.18,1425.81,Two year,None,No,0,2,3.49,0
C101772,26,100.06,2620.94,Month-to-month,DSL,Yes,0,1,2.6,1
C101773,28,80.2,2123.24,Month-to-month,Fiber optic,Yes,2,0,2.88,0
C101774,56,77.76,4330.08,Month-to-month,DSL,No,0,0,3.61,0
C101775,9,95.61,894.57,Month-to-month,Fiber optic,Yes,2,0,3.2,0
C101776,24,87.71,2235.56,Month-to-month,Fiber optic,No,3,1,3.28,1
C101777,11,100.19,1078.92,Month-to-month,DSL,No,2,0,2.34,0
C101778,22,83.39,1713.01,Two year,Fiber optic,Yes,4,0,2.27,0
C101779,49,60.57,2979.9,Month-to-month,None,Yes,2,1,3.93,0
C101780,3,72.25,206.59,Month-to-month,DSL,No,1,0,2.88,0
C101781,24,66.68,1549.46,Month-to-month,DSL,Yes,2,1,2.8,0
C101782,1,93.07,96.51,Month-to-month,DSL,Yes,1,1,3.52,0
C101783,69,70.51,4995.14,Month-to-month,DSL,No,0,0,2.92,0
C101784,53,65.17,3612.48,One year,DSL,Yes,1,0,4.39,0
C101785,17,118.21,1972.3,One year,Fiber optic,Yes,3,0,2.31,0
C101786,14,88.74,1311.3,Month-to-month,DSL,No,4,0,3.17,0
C101787,7,112.84,790.5,One year,Fiber optic,No,1,1,2.87,0
C101788,34,20.0,669.37,Month-to-month,None,Yes,3,0,3.41,0
C101789,55,43.36,2240.68,Month-to-month,None,No,1,1,3.06,0
C101790,42,94.03,3495.31,Two year,Fiber optic,No,2,1,3.31,0
C101791,64,66.34,3880.56,Month-to-month,DSL,Yes,2,2,4.2,1
C101792,25,78.59,1988.03,Two year,DSL,Yes,2,0,2.87,0
C101793,20,69.95,1329.17,Month-to-month,DSL,No,1,0,2.99,0
C101794,34,49.88,1542.46,Month-to-month,None,Yes,2,0,3.16,0
C101795,14,29.91,409.08,Month-to-month,None,No,0,2,4.64,1
C101796,71,120.47,8684.99,Month-to-month,Fiber optic,Yes,5,0,2.98,0
C101797,13,81.8,1087.68,Two year,DSL,Yes,0,1,4.53,0
C101798,34,102.31,3473.02,Month-to-month,Fiber optic,Yes,3,0,3.15,1
C101799,38,76.38,2892.72,Two year,DSL,Yes,2,1,4.26,0
C101800,4,56.99,221.21,Two year,None,No,4,1,3.41,0
C101801,34,86.41,3040.37,Month-to-month,DSL,Yes,4,0,3.6,0
C101802,33,87.86,2871.18,Month-to-month,Fiber optic,No,2,0,2.29,0
C101803,18,110.82,1986.39,Month-to-month,Fiber optic,Yes,1,1,2.21,0
C101804,9,68.31,649.88,Month-to-month,DSL,No,3,0,4.12,0
C101805,3,126.42,395.78,One year,Fiber optic,No,1,0,4.36,0
C101806,0,57.86,57.27,Month-to-month,None,Yes,4,1,4.98,1
C101807,35,55.11,1894.15,Two year,DSL,Yes,0,0,2.49,0
C101808,6,134.28,790.84,One year,Fiber optic,No,2,0,3.79,0
C101809,70,50.06,3114.64,Month-to-month,Fiber optic,No,0,0,2.85,0
C101810,17,79.11,1426.01,One year,DSL,Yes,1,2,2.79,0
C101811,47,53.77,2432.0,Month-to-month,DSL,Yes,1,1,3.06,1
C101812,49,100.76,5169.31,Two year,DSL,No,2,1,3.63,0
C101813,36,71.8,2590.71,Month-to-month,DSL,Yes,0,0,3.13,0
C101814,64,74.92,5161.89,Two year,Fiber optic,No,0,1,3.6,0
C101815,8,86.94,715.77,One year,Fiber optic,Yes,2,1,3.98,0
C101816,17,78.44,1400.38,Two year,Fiber optic,Yes,2,0,4.29,0
C101817,18,29.19,508.31,Month-to-month,None,No,2,0,3.95,0
C101818,9,85.76,717.27,Two year,Fiber optic,Yes,1,0,3.88,0
C101819,21,75.73,1603.23,Month-to-month,Fiber optic,No,1,0,3.42,0
C101820,22,97.13,1911.54,One year,Fiber optic,Yes,1,0,3.09,0
C101821,55,74.43,3988.29,Month-to-month,DSL,Yes,1,0,3.95,0
C101822,22,48.07,988.36,Month-to-month,DSL,Yes,0,0,2.83,0
C101823,63,60.49,3634.88,Month-to-month,Fiber optic,Yes,1,1,3.54,0
C101824,56,95.91,5546.93,Month-to-month,Fiber optic,No,1,0,2.69,0
C101825,65,100.11,6696.82,Month-to-month,Fiber optic,No,0,1,3.54,0
C101826,7,78.87,547.17,One year,DSL,No,1,0,2.71,0
C101827,71,47.47,3429.69,Month-to-month,None,Yes,2,0,3.1,0
C101828,44,96.88,4135.96,One year,DSL,Yes,1,0,3.0,0
C101829,71,55.94,4501.83,Month-to-month,None,Yes,3,0,2.67,0
C101830,25,140.0,3557.91,One year,Fiber optic,No,2,0,3.34,0
C101831,69,140.0,9346.36,One year,Fiber optic,Yes,0,0,1.76,0
C101832,42,58.6,2579.69,Month-to-month,Fiber optic,Yes,0,0,2.24,0
C101833,5,25.25,134.86,One year,DSL,Yes,0,0,4.28,0
C101834,29,91.86,2550.5,Two year,Fiber optic,Yes,1,1,3.57,0
C101835,10,99.58,918.11,One year,Fiber optic,No,1,0,2.97,0
C101836,68,90.56,5744.72,Month-to-month,Fiber optic,Yes,5,0,3.81,1
C101837,22,78.37,1660.61,Month-to-month,DSL,No,0,1,3.07,0
C101838,16,61.87,986.97,One year,DSL,Yes,0,1,3.12,0
C101839,40,53.81,1959.54,Month-to-month,DSL,Yes,1,1,2.84,0
C101840,31,81.69,2474.14,One year,Fiber optic,Yes,0,1,5.0,0
C101841,7,86.2,596.5,Month-to-month,Fiber optic,No,1,0,3.71,0
C101842,59,106.03,6367.54,One year,Fiber optic,No,2,3,3.32,0
C101843,61,82.75,5217.6,Month-to-month,Fiber optic,Yes,3,0,3.65,0
C101844,54,84.51,4664.33,Month-to-month,Fiber optic,No,2,0,1.96,0
C101845,45,77.83,3847.57,Two year,DSL,Yes,3,1,2.75,0
C101846,29,88.22,2712.34,Two year,Fiber optic,Yes,3,0,3.64,0
C101847,39,88.22,3482.58,Two year,DSL,Yes,0,0,3.65,0
C101848,38,49.53,1781.68,Two year,DSL,Yes,1,1,5.0,0
C101849,12,43.41,501.57,Month-to-month,DSL,No,0,0,3.23,1
C101850,5,70.79,326.14,Month-to-month,DSL,No,2,0,4.15,0
C101851,18,72.68,1319.27,Month-to-month,DSL,No,1,0,4.16,0
C101852,33,73.57,2472.06,Month-to-month,Fiber optic,No,3,0,3.4,0
C101853,11,90.53,1044.74,Month-to-month,DSL,No,4,1,3.34,1
C101854,7,103.57,735.65,Two year,DSL,Yes,0,0,3.42,1
C101855,62,55.07,3612.27,Month-to-month,DSL,Yes,2,0,1.87,0
C101856,27,120.26,3438.91,Month-to-month,Fiber optic,Yes,0,0,3.92,0
C101857,42,44.74,1772.83,Month-to-month,Fiber optic,No,0,1,3.9,0
C101858,38,85.45,3154.58,Month-to-month,DSL,No,0,1,4.03,0
C101859,53,48.7,2579.53,Month-to-month,DSL,No,0,0,3.7,0
C101860,54,55.55,2883.21,One year,None,Yes,1,0,4.29,0
C101861,21,73.74,1527.82,Month-to-month,Fiber optic,Yes,1,0,2.85,0
C101862,61,88.7,5500.35,One year,Fiber optic,No,2,0,4.56,0
C101863,27,76.61,2054.47,Two year,Fiber optic,Yes,0,0,2.88,0
C101864,60,87.94,5276.49,One year,Fiber optic,Yes,1,1,3.37,0
C101865,29,71.77,1973.42,One year,None,Yes,0,0,4.18,0
C101866,8,89.95,739.64,Month-to-month,Fiber optic,Yes,3,0,2.89,0
C101867,55,130.1,7326.01,Month-to-month,Fiber optic,No,0,0,4.23,1
C101868,2,57.67,110.5,Month-to-month,DSL,No,2,0,3.14,0
C101869,56,118.34,6155.68,Two year,Fiber optic,No,3,1,3.3,0
C101870,3,61.11,195.73,One year,Fiber optic,Yes,2,1,3.19,0
C101871,15,61.56,1012.18,Month-to-month,DSL,Yes,4,0,2.72,1
C101872,44,24.81,1105.73,Month-to-month,None,No,1,1,5.0,0
C101873,68,66.22,4413.38,Two year,None,Yes,2,1,2.67,0
C101874,29,70.52,2162.76,One year,DSL,Yes,3,0,1.51,0
C101875,8,20.0,164.14,One year,None,No,1,0,2.9,0
C101876,17,42.11,707.57,Two year,DSL,Yes,1,1,3.55,0
C101877,65,72.76,4981.21,One year,Fiber optic,Yes,1,0,3.24,0
C101878,53,52.75,2671.26,One year,None,No,0,0,4.44,0
C101879,7,82.3,554.21,Month-to-month,DSL,Yes,2,0,4.18,0
C101880,28,86.29,2464.44,Month-to-month,Fiber optic,Yes,2,0,3.16,0
C101881,19,81.58,1559.76,Two year,Fiber optic,Yes,0,0,2.34,0
C101882,12,78.61,976.38,One year,DSL,No,0,3,2.41,0
C101883,61,68.54,4455.35,Month-to-month,Fiber optic,No,2,0,3.38,0
C101884,45,73.7,3033.32,One year,DSL,No,3,2,1.91,0
C101885,13,99.08,1290.8,Month-to-month,Fiber optic,Yes,4,1,2.8,0
C101886,47,59.78,3103.44,One year,DSL,No,4,3,4.04,0
C101887,30,72.56,2105.38,Month-to-month,DSL,No,0,0,3.92,0
C101888,4,93.94,360.99,One year,Fiber optic,Yes,1,1,3.49,0
C101889,32,76.45,2144.87,Month-to-month,DSL,Yes,2,0,2.6,1
C101890,13,64.65,845.15,Month-to-month,Fiber optic,No,3,0,3.43,0
C101891,17,101.68,1783.76,Month-to-month,Fiber optic,No,0,1,3.37,0
C101892,64,109.51,7231.66,One year,Fiber optic,No,3,2,3.32,0
C101893,51,71.1,3419.28,Month-to-month,DSL,No,0,1,4.14,0
C101894,9,46.42,417.58,Month-to-month,None,No,1,1,4.15,0
C101895,62,89.91,5642.34,One year,Fiber optic,Yes,0,1,3.67,0
C101896,41,83.94,3451.4,Month-to-month,DSL,Yes,3,0,3.69,0
C101897,63,91.24,5402.0,Month-to-month,Fiber optic,No,0,4,2.93,1
C101898,54,70.19,3806.38,Month-to-month,Fiber optic,Yes,1,2,4.25,0
C101899,24,107.58,2466.25,Two year,Fiber optic,Yes,5,0,2.36,0
C101900,39,58.95,2062.35,Month-to-month,Fiber optic,No,2,0,3.25,1
C101901,38,97.37,3838.71,Month-to-month,Fiber optic,Yes,0,0,4.61,1
C101902,52,27.7,1451.49,Month-to-month,None,No,2,1,2.95,0
C101903,18,83.49,1551.74,Month-to-month,Fiber optic,Yes,1,2,2.32,1
C101904,24,95.27,2219.27,Month-to-month,Fiber optic,Yes,2,0,3.09,0
C101905,17,78.52,1380.84,Month-to-month,Fiber optic,Yes,5,1,4.06,0
C101906,21,44.73,992.14,Month-to-month,None,No,2,2,1.48,0
C101907,11,36.08,435.17,Month-to-month,None,No,0,1,3.65,0
C101908,2,55.27,115.49,Two year,DSL,Yes,3,1,2.72,0
C101909,68,92.43,6418.26,Month-to-month,DSL,Yes,0,1,3.44,0
C101910,5,95.89,443.06,Month-to-month,Fiber optic,Yes,2,0,3.14,1
C101911,64,101.99,6489.12,Two year,Fiber optic,No,1,1,4.2,0
C101912,0,116.92,107.77,Two year,Fiber optic,No,1,1,3.49,0
C101913,56,116.6,6235.52,One year,Fiber optic,No,3,0,4.08,0
C101914,23,48.02,1223.22,Month-to-month,None,Yes,2,1,4.33,0
C101915,37,84.25,2941.85,Month-to-month,Fiber optic,No,0,1,3.59,0
C101916,20,64.84,1129.72,Month-to-month,Fiber optic,Yes,3,1,2.93,0
C101917,35,70.93,2593.58,Month-to-month,DSL,Yes,2,2,3.54,0
C101918,32,112.8,3475.98,Month-to-month,Fiber optic,Yes,0,1,4.01,0
C101919,38,73.73,2920.09,One year,DSL,Yes,0,1,2.67,0
C101920,28,26.55,695.56,Month-to-month,Fiber optic,Yes,1,1,3.63,0
C101921,39,106.53,4057.35,One year,Fiber optic,No,1,0,3.33,0
C101922,60,109.7,7014.92,Month-to-month,Fiber optic,Yes,0,1,3.24,0
C101923,31,84.28,2422.71,Month-to-month,Fiber optic,No,4,0,2.63,0
C101924,26,83.78,2158.0,One year,DSL,No,1,1,2.96,0
C101925,9,78.93,721.75,Two year,DSL,Yes,3,0,4.27,0
C101926,26,53.98,1347.96,Month-to-month,DSL,Yes,3,1,2.93,0
C101927,9,59.15,539.43,One year,None,No,1,0,4.42,0
C101928,13,20.0,260.22,Month-to-month,None,Yes,1,1,3.55,0
C101929,69,65.91,4681.49,Month-to-month,DSL,Yes,2,0,2.53,0
C101930,6,64.02,423.04,One year,DSL,Yes,0,0,3.8,0
C101931,35,74.32,2983.93,Month-to-month,Fiber optic,No,0,0,2.72,0
C101932,60,95.77,5892.63,Month-to-month,Fiber optic,No,3,0,3.76,0
C101933,69,89.9,6165.44,Month-to-month,DSL,No,2,0,3.25,0
C101934,10,88.71,908.61,Month-to-month,DSL,No,2,1,4.0,1
C101935,11,105.75,1148.39,Month-to-month,Fiber optic,Yes,2,0,4.53,0
C101936,27,32.78,807.79,Month-to-month,DSL,No,0,1,2.22,1
C101937,40,39.62,1580.74,Two year,DSL,No,1,2,3.01,1
C101938,70,70.16,5203.5,One year,DSL,Yes,2,0,2.47,0
C101939,15,89.35,1232.28,Month-to-month,Fiber optic,No,5,0,4.73,0
C101940,12,80.54,914.14,Month-to-month,Fiber optic,No,3,0,2.95,0
C101941,18,103.2,1798.14,One year,DSL,Yes,1,0,2.5,0
C101942,63,94.01,6043.92,Month-to-month,Fiber optic,Yes,2,0,5.0,1
C101943,2,102.31,231.37,Month-to-month,Fiber optic,Yes,0,0,3.08,1
C101944,27,108.77,2806.07,One year,Fiber optic,No,1,1,2.18,0
C101945,8,38.04,305.85,Month-to-month,None,Yes,0,0,2.75,0
C101946,11,116.23,1278.94,Month-to-month,DSL,Yes,1,0,3.64,0
C101947,66,20.0,1298.13,Month-to-month,None,Yes,1,0,3.57,0
C101948,0,78.48,78.27,Month-to-month,Fiber optic,No,0,2,2.84,1
C101949,23,72.09,1615.69,Month-to-month,Fiber optic,No,1,1,3.07,0
C101950,66,119.69,9091.29,Two year,Fiber optic,No,0,1,3.61,0
C101951,44,82.24,3767.76,Month-to-month,DSL,Yes,1,1,4.48,0
C101952,5,56.66,276.19,One year,DSL,Yes,0,0,3.91,0
C101953,33,20.0,702.96,One year,None,No,1,1,3.01,0
C101954,70,118.31,8398.62,Month-to-month,Fiber optic,Yes,3,1,3.03,0
C101955,29,98.87,2876.37,Month-to-month,Fiber optic,Yes,3,0,3.89,0
C101956,38,116.8,4393.97,Month-to-month,Fiber optic,No,2,1,4.64,0
C101957,38,65.86,2468.26,One year,DSL,Yes,2,1,2.47,0
C101958,48,74.72,3345.91,Month-to-month,DSL,No,1,0,4.4,0
C101959,13,95.7,1129.58,One year,Fiber optic,No,0,0,3.41,0
C101960,61,78.14,4863.73,Two year,Fiber optic,No,3,2,1.86,1
C101961,72,89.26,6358.82,One year,Fiber optic,Yes,0,0,2.23,0
C101962,10,69.5,728.54,Two year,Fiber optic,Yes,1,0,4.57,0
C101963,59,101.39,5689.22,One year,Fiber optic,Yes,3,2,4.26,0
C101964,59,104.46,5790.97,Two year,Fiber optic,No,1,2,2.93,0
C101965,54,85.81,4831.55,Two year,DSL,Yes,2,1,3.16,0
C101966,27,104.66,2779.92,One year,Fiber optic,Yes,0,0,2.26,0
C101967,34,87.56,3117.16,One year,Fiber optic,No,0,2,4.08,0
C101968,61,96.49,5896.72,Two year,DSL,Yes,3,0,3.27,0
C101969,11,83.95,1018.81,Month-to-month,DSL,Yes,1,0,2.32,0
C101970,60,93.38,5835.68,One year,DSL,Yes,1,0,3.69,0
C101971,67,94.57,6478.98,Month-to-month,DSL,Yes,1,1,2.37,0
C101972,49,89.61,4584.07,Two year,Fiber optic,Yes,0,0,4.08,0
C101973,24,74.37,1758.09,Month-to-month,DSL,Yes,0,1,2.73,0
C101974,40,104.72,3810.3,One year,Fiber optic,No,3,0,3.55,0
C101975,3,43.17,132.08,One year,DSL,No,2,1,2.82,0
C101976,68,43.59,3280.65,Two year,DSL,No,3,0,1.44,0
C101977,24,40.31,845.57,Month-to-month,DSL,No,0,0,4.43,0
C101978,4,62.95,258.3,One year,DSL,No,2,0,4.23,0
C101979,57,28.67,1496.21,One year,None,No,1,2,2.96,0
C101980,48,39.72,1904.12,Two year,DSL,Yes,1,0,3.74,0
C101981,45,69.84,3156.53,Two year,DSL,Yes,0,0,3.99,0
C101982,3,63.18,197.33,One year,DSL,No,1,2,3.74,0
C101983,54,112.46,6143.04,One year,Fiber optic,No,1,0,4.88,0
C101984,46,130.25,6444.12,Month-to-month,Fiber optic,Yes,2,2,3.58,0
C101985,57,100.67,6106.31,Two year,Fiber optic,Yes,3,0,3.01,0
C101986,60,78.76,4674.48,Month-to-month,Fiber optic,Yes,1,0,3.86,0
C101987,15,104.29,1658.51,One year,Fiber optic,Yes,1,1,3.11,0
C101988,15,90.18,1329.43,One year,Fiber optic,No,3,0,2.46,0
C101989,67,87.44,5702.25,Month-to-month,Fiber optic,Yes,1,1,4.4,0
C101990,38,73.63,2612.6,Month-to-month,Fiber optic,No,3,0,3.71,0
C101991,31,56.18,1867.25,Month-to-month,DSL,No,0,0,2.2,0
C101992,20,88.62,1743.15,Two year,Fiber optic,Yes,2,0,2.88,1
C101993,46,105.28,4197.89,Month-to-month,Fiber optic,No,3,0,3.88,0
C101994,55,99.71,5647.55,Month-to-month,Fiber optic,No,2,1,2.11,0
C101995,0,71.69,69.98,One year,None,Yes,1,2,2.78,0
C101996,40,49.81,1959.68,Month-to-month,None,Yes,5,0,5.0,0
C101997,72,73.06,5192.61,Two year,DSL,No,3,0,3.03,0
C101998,20,86.18,1691.7,Month-to-month,Fiber optic,Yes,0,2,4.33,0
C101999,20,72.29,1662.71,Month-to-month,Fiber optic,Yes,4,1,4.26,1
C102000,64,81.17,5669.95,Month-to-month,Fiber optic,Yes,2,0,2.7,1
C102001,4,78.7,326.91,Month-to-month,Fiber optic,Yes,3,0,3.5,1
C102002,29,20.0,587.7,Month-to-month,None,No,1,2,4.98,0
C102003,33,72.84,2552.95,One year,Fiber optic,Yes,0,0,4.01,0
C102004,58,120.44,7079.14,Month-to-month,Fiber optic,No,0,0,5.0,0
C102005,9,74.0,695.89,Month-to-month,DSL,Yes,2,0,2.91,0
C102006,31,82.85,2647.2,Month-to-month,Fiber optic,No,2,0,4.81,0
C102007,11,44.57,493.73,Month-to-month,None,Yes,2,2,3.26,1
C102008,57,52.89,3170.64,Two year,Fiber optic,No,1,1,3.19,0
C102009,46,70.36,3161.76,Month-to-month,DSL,No,2,2,3.75,0
C102010,36,61.27,2212.81,Two year,None,Yes,1,1,3.36,0
C102011,28,87.7,2323.32,Month-to-month,Fiber optic,No,2,1,3.26,0
C102012,11,58.33,611.14,Month-to-month,Fiber optic,Yes,0,0,4.03,1
C102013,67,57.14,3295.84,Month-to-month,DSL,No,0,1,2.16,0
C102014,47,114.31,5507.48,Month-to-month,Fiber optic,No,1,0,2.91,1
C102015,23,71.91,1720.47,One year,DSL,Yes,0,1,4.13,0
C102016,30,40.05,1273.23,Month-to-month,DSL,Yes,4,1,3.86,0
C102017,53,136.98,6819.74,Month-to-month,Fiber optic,Yes,2,0,3.69,1
C102018,52,20.0,1065.16,One year,None,No,2,1,3.55,0
C102019,33,60.38,1992.46,One year,DSL,No,0,0,3.96,0
C102020,22,20.0,457.85,Two year,None,Yes,0,0,4.4,0
C102021,48,20.0,925.61,Two year,None,Yes,1,1,2.34,0
C102022,48,58.41,2751.82,One year,DSL,Yes,1,0,3.13,0
C102023,43,79.09,3110.29,One year,DSL,Yes,2,0,3.35,0
C102024,5,116.52,559.63,One year,Fiber optic,Yes,0,1,3.72,0
C102025,34,84.66,2878.93,Month-to-month,Fiber optic,Yes,1,0,1.88,1
C102026,44,70.81,3145.48,One year,Fiber optic,No,0,0,2.67,0
C102027,69,101.09,6328.44,Month-to-month,Fiber optic,Yes,5,0,3.04,0
C102028,38,99.65,3680.18,One year,Fiber optic,No,1,1,4.24,0
C102029,25,96.57,2435.54,Two year,Fiber optic,Yes,3,0,2.96,1
C102030,40,97.24,4190.82,Month-to-month,Fiber optic,Yes,2,0,2.89,0
C102031,12,62.86,719.26,Two year,DSL,No,2,1,3.74,0
C102032,6,68.86,424.3,Two year,DSL,Yes,3,0,3.03,0
C102033,49,63.55,3017.77,Month-to-month,DSL,Yes,0,1,4.26,0
C102034,71,55.33,3832.11,Month-to-month,None,No,2,0,3.24,0
C102035,61,77.34,4490.03,Two year,None,No,1,0,2.66,0
C102036,42,93.41,3697.88,Two year,Fiber optic,No,0,0,4.76,0
C102037,2,66.88,130.27,Month-to-month,DSL,Yes,3,1,4.18,0
C102038,72,96.86,7375.9,Month-to-month,Fiber optic,Yes,3,0,2.54,1
C102039,32,54.5,1671.58,One year,DSL,Yes,0,0,3.96,0
C102040,21,104.53,2085.17,Month-to-month,Fiber optic,No,2,1,3.08,0
C102041,65,73.38,4824.56,Month-to-month,DSL,No,1,0,4.01,0
C102042,54,84.01,4537.84,Month-to-month,Fiber optic,Yes,5,0,2.37,0
C102043,54,82.14,4418.91,Month-to-month,DSL,No,0,1,4.25,0
C102044,20,92.36,1873.0,One year,Fiber optic,Yes,2,2,4.18,1
C102045,72,20.0,1360.04,One year,None,Yes,0,0,2.91,0
C102046,33,98.68,3095.44,One year,Fiber optic,Yes,2,2,3.3,0
C102047,38,71.5,2864.38,One year,DSL,Yes,2,0,4.36,0
C102048,54,53.25,2852.42,Month-to-month,None,No,0,1,2.79,0
C102049,48,105.8,5244.99,Month-to-month,Fiber optic,No,1,1,2.93,0
C102050,12,89.92,1151.68,Month-to-month,Fiber optic,Yes,5,0,3.57,0
C102051,22,83.03,1911.63,Month-to-month,Fiber optic,Yes,0,2,3.36,0
C102052,26,37.03,890.25,Month-to-month,None,Yes,1,0,2.3,1
C102053,69,98.9,6780.38,Month-to-month,Fiber optic,Yes,2,1,3.08,0
C102054,52,101.19,5563.1,Month-to-month,Fiber optic,Yes,1,1,4.81,0
C102055,26,97.73,2614.04,Month-to-month,Fiber optic,Yes,1,1,5.0,0
C102056,53,65.28,3494.84,One year,DSL,Yes,3,0,2.79,0
C102057,53,110.94,5349.61,One year,Fiber optic,Yes,1,1,2.74,1
C102058,28,54.19,1465.87,Two year,DSL,Yes,0,0,3.29,0
C102059,29,137.11,3991.35,One year,Fiber optic,No,0,0,5.0,0
C102060,65,106.5,6379.61,One year,Fiber optic,Yes,0,0,4.31,0
C102061,41,45.58,1950.35,Month-to-month,DSL,Yes,2,0,4.55,0
C102062,10,95.52,949.02,One year,Fiber optic,Yes,0,0,4.43,0
C102063,52,104.68,4850.68,Month-to-month,Fiber optic,No,0,0,2.62,0
C102064,43,60.36,2514.6,Month-to-month,DSL,Yes,1,0,2.79,0
C102065,37,38.59,1405.34,Month-to-month,DSL,Yes,0,0,3.11,0
C102066,52,20.0,1032.57,Month-to-month,None,No,2,1,2.92,0
C102067,66,45.3,3223.24,Month-to-month,None,No,0,1,3.04,1
C102068,24,58.66,1452.63,One year,Fiber optic,Yes,1,0,3.09,0
C102069,30,39.46,1094.9,Two year,DSL,Yes,1,0,4.03,0
C102070,13,75.2,897.51,One year,DSL,No,3,0,3.4,0
C102071,47,62.77,2906.9,One year,DSL,Yes,1,0,4.48,0
C102072,29,78.78,2300.48,Month-to-month,Fiber optic,Yes,1,1,3.65,0
C102073,24,27.6,698.55,Month-to-month,None,Yes,1,0,3.0,0
C102074,50,64.05,3507.2,One year,Fiber optic,Yes,1,1,3.6,0
C102075,29,74.2,2362.96,Month-to-month,DSL,No,2,1,2.15,1
C102076,33,20.0,643.94,Month-to-month,None,No,1,0,1.73,1
C102077,32,81.82,2752.82,Month-to-month,Fiber optic,Yes,3,0,3.79,1
C102078,18,71.59,1318.79,Two year,DSL,No,2,0,4.2,0
C102079,9,87.12,737.04,One year,Fiber optic,Yes,1,2,3.43,0
C102080,60,51.61,2775.07,Month-to-month,DSL,No,0,1,3.26,0
C102081,6,20.0,120.95,One year,None,Yes,1,0,2.48,0
C102082,23,98.98,2089.33,Month-to-month,Fiber optic,Yes,0,0,4.56,0
C102083,48,91.5,4186.32,Month-to-month,Fiber optic,No,2,1,3.71,0
C102084,9,82.17,711.68,Month-to-month,Fiber optic,Yes,1,1,3.68,1
C102085,47,20.0,951.31,Month-to-month,None,Yes,3,2,3.13,0
C102086,53,92.24,5233.05,One year,Fiber optic,Yes,2,1,2.96,0
C102087,48,99.13,4761.58,Month-to-month,Fiber optic,No,0,2,2.62,0
C102088,22,68.86,1470.02,One year,DSL,Yes,1,2,3.57,0
C102089,1,66.12,58.6,Month-to-month,None,No,0,1,3.15,0
C102090,64,103.39,6783.78,One year,Fiber optic,No,1,0,3.2,0
C102091,23,62.96,1450.35,One year,DSL,No,2,0,4.75,0
C102092,58,51.03,2870.26,One year,None,Yes,1,1,3.41,0
C102093,14,65.92,982.07,One year,DSL,No,0,1,1.66,0
C102094,11,67.86,697.57,Two year,DSL,Yes,4,1,2.67,0
C102095,56,114.63,6177.48,Month-to-month,Fiber optic,No,1,0,2.75,1
C102096,68,47.94,3215.99,One year,DSL,No,2,3,3.06,0
C102097,62,92.44,5554.07,One year,Fiber optic,Yes,5,0,1.94,0
C102098,54,87.6,4873.69,Month-to-month,DSL,No,2,0,3.75,0
C102099,18,72.87,1345.13,Month-to-month,DSL,Yes,0,1,3.34,0
C102100,66,59.99,4188.2,Month-to-month,DSL,Yes,3,1,2.84,0
C102101,48,34.58,1705.7,Month-to-month,DSL,Yes,2,0,3.53,0
C102102,12,20.0,238.48,Month-to-month,None,Yes,1,2,3.31,0
C102103,9,129.45,1143.28,Month-to-month,Fiber optic,No,2,0,3.3,0
C102104,63,95.86,6190.4,One year,Fiber optic,No,1,0,3.36,0
C102105,20,80.9,1601.06,Month-to-month,Fiber optic,Yes,3,0,3.27,1
C102106,55,96.64,5329.01,One year,Fiber optic,No,1,1,3.72,0
C102107,10,46.99,483.07,Month-to-month,DSL,No,2,0,3.58,0
C102108,20,58.71,1183.15,One year,DSL,No,3,2,4.01,0
C102109,20,74.12,1507.56,Month-to-month,Fiber optic,Yes,4,1,2.66,1
C102110,20,65.15,1246.32,Month-to-month,Fiber optic,Yes,2,0,3.6,0
C102111,49,50.01,2632.4,Month-to-month,Fiber optic,No,2,1,5.0,0
C102112,66,20.0,1239.66,One year,None,Yes,1,2,3.34,1
C102113,66,111.4,7530.0,Month-to-month,Fiber optic,Yes,0,0,3.65,0
C102114,54,48.25,2535.88,Two year,DSL,Yes,1,0,2.54,0
C102115,14,77.16,1144.55,Month-to-month,DSL,Yes,2,3,2.61,1
C102116,70,85.18,6252.42,One year,DSL,Yes,3,1,3.13,0
C102117,39,92.32,3600.07,Month-to-month,Fiber optic,Yes,2,0,3.83,0
C102118,39,29.33,1241.68,One year,None,No,2,1,3.84,0
C102119,51,37.53,1894.3,Month-to-month,None,No,2,1,3.58,0
C102120,56,59.08,3468.92,Month-to-month,DSL,Yes,4,2,3.64,0
C102121,69,114.87,7609.44,Month-to-month,Fiber optic,Yes,2,2,2.47,0
C102122,42,125.65,5394.84,Month-to-month,Fiber optic,No,2,2,3.63,1
C102123,44,119.55,4990.43,Month-to-month,Fiber optic,Yes,2,0,3.42,1
C102124,54,49.12,2655.32,Two year,Fiber optic,No,2,1,3.43,0
C102125,18,58.7,1053.61,Month-to-month,DSL,Yes,5,1,2.69,0
C102126,22,67.08,1547.07,Month-to-month,DSL,Yes,0,0,2.91,0
C102127,45,45.8,1984.97,Two year,None,Yes,2,1,2.38,1
C102128,4,59.18,276.73,Month-to-month,Fiber optic,Yes,2,1,3.58,1
C102129,23,31.87,677.29,Month-to-month,DSL,No,2,1,3.72,0
C102130,52,91.83,4836.34,One year,DSL,Yes,1,2,3.27,0
C102131,71,79.38,5725.19,Two year,Fiber optic,No,2,0,3.4,0
C102132,37,20.0,761.9,One year,None,No,1,2,2.81,0
C102133,29,44.03,1240.68,Month-to-month,DSL,No,0,0,4.04,0
C102134,32,72.42,2348.26,Two year,DSL,No,1,2,3.42,1
C102135,50,76.37,3699.96,Month-to-month,Fiber optic,Yes,2,0,3.12,1
C102136,39,96.59,4155.1,Two year,Fiber optic,Yes,2,0,4.09,0
C102137,1,46.4,44.78,Two year,DSL,No,1,2,3.87,0
C102138,39,33.86,1309.79,Two year,DSL,Yes,2,0,2.21,0
C102139,29,94.06,2628.22,Month-to-month,DSL,Yes,1,0,3.57,0
C102140,51,74.57,3635.68,Month-to-month,DSL,Yes,1,0,2.78,0
C102141,63,60.66,3527.09,One year,DSL,Yes,0,2,3.6,0
C102142,70,55.09,3998.84,Month-to-month,DSL,No,0,0,1.19,0
C102143,44,119.83,5077.41,Month-to-month,Fiber optic,Yes,2,0,3.56,0
C102144,26,46.24,1149.53,Two year,None,No,2,1,3.89,0
C102145,32,56.79,1721.01,One year,None,No,0,0,3.56,0
C102146,12,80.91,987.17,Month-to-month,Fiber optic,Yes,1,1,2.54,0
C102147,68,65.96,4490.63,Month-to-month,DSL,No,2,1,4.86,0
C102148,61,44.64,2726.97,Month-to-month,None,Yes,1,0,4.43,0
C102149,62,81.55,4844.38,Month-to-month,Fiber optic,Yes,2,2,2.84,0
C102150,23,90.18,2123.79,Month-to-month,Fiber optic,Yes,1,1,3.25,0
C102151,23,55.91,1239.08,One year,DSL,Yes,4,1,1.54,0
C102152,62,74.58,4641.81,One year,DSL,Yes,2,0,3.78,0
C102153,39,66.89,2588.66,Month-to-month,Fiber optic,Yes,4,0,2.1,1
C102154,51,102.87,4759.16,Month-to-month,Fiber optic,Yes,1,0,4.05,0
C102155,35,72.9,2836.2,One year,DSL,Yes,0,0,4.45,0
C102156,32,31.14,1027.98,One year,None,No,1,0,3.48,0
C102157,46,100.54,4670.68,Two year,Fiber optic,Yes,2,0,2.58,0
C102158,59,83.07,4992.25,Month-to-month,Fiber optic,No,1,2,4.34,0
C102159,24,52.27,1396.08,One year,DSL,No,1,0,3.53,0
C102160,59,100.33,6289.6,Month-to-month,Fiber optic,No,2,1,3.4,0
C102161,17,103.15,1787.19,Month-to-month,Fiber optic,Yes,1,1,2.72,0
C102162,29,55.36,1542.9,Two year,DSL,No,0,1,3.72,0
C102163,66,78.73,5038.84,Month-to-month,Fiber optic,No,1,1,3.29,0
C102164,69,86.52,5377.79,Month-to-month,Fiber optic,No,1,0,2.49,0
C102165,67,79.51,5219.27,Month-to-month,Fiber optic,No,4,0,4.22,0
C102166,23,95.98,2287.9,Month-to-month,DSL,Yes,1,0,4.9,0
C102167,61,41.01,2588.79,Month-to-month,None,No,2,1,4.12,0
C102168,68,90.28,6347.08,One year,Fiber optic,No,2,0,4.09,0
C102169,71,49.28,3399.7,Month-to-month,DSL,Yes,0,0,5.0,0
C102170,1,81.04,83.5,Month-to-month,DSL,Yes,1,0,2.71,1
C102171,54,53.38,3013.18,Two year,DSL,No,4,2,2.18,1
C102172,72,52.6,3323.33,Month-to-month,DSL,No,1,1,3.13,0
C102173,55,106.68,5965.64,Two year,Fiber optic,Yes,0,0,3.88,1
C102174,17,99.36,1882.45,Month-to-month,Fiber optic,Yes,1,1,3.22,1
C102175,55,20.0,1082.37,One year,DSL,Yes,0,0,2.85,0
C102176,7,34.0,204.99,Month-to-month,None,Yes,3,0,3.29,1
C102177,35,67.38,2252.89,One year,DSL,No,1,1,3.38,0
C102178,45,83.55,3384.53,Month-to-month,Fiber optic,No,3,0,3.95,0
C102179,33,40.05,1275.54,Two year,None,Yes,0,1,3.6,0
C102180,51,57.62,2740.78,Month-to-month,Fiber optic,Yes,1,1,1.96,0
C102181,17,36.21,647.09,One year,Fiber optic,No,0,1,3.87,0
C102182,44,71.47,3279.33,Month-to-month,Fiber optic,No,0,0,4.88,0
C102183,47,72.36,3465.08,Month-to-month,DSL,Yes,1,0,3.55,0
C102184,46,20.0,982.05,Month-to-month,DSL,Yes,3,0,4.06,0
C102185,21,75.97,1545.76,Month-to-month,Fiber optic,Yes,1,0,3.14,0
C102186,22,28.47,628.87,Month-to-month,DSL,No,1,0,3.97,0
C102187,18,60.39,1218.22,One year,DSL,No,1,0,2.95,0
C102188,33,104.2,3549.29,Month-to-month,DSL,Yes,1,2,3.18,0
C102189,42,30.87,1338.1,Month-to-month,None,No,2,2,3.06,0
C102190,26,32.96,820.78,Month-to-month,None,No,1,0,3.9,0
C102191,29,105.95,3002.15,Month-to-month,Fiber optic,No,1,0,2.89,0
C102192,20,92.4,1746.06,Month-to-month,Fiber optic,Yes,4,0,2.03,1
C102193,15,62.92,1031.05,One year,DSL,Yes,1,2,3.74,0
C102194,47,82.61,3549.92,Month-to-month,DSL,No,1,2,3.71,0
C102195,59,98.97,6132.81,Two year,Fiber optic,No,1,0,3.62,0
C102196,21,95.48,2069.17,Month-to-month,Fiber optic,No,3,2,3.86,0
C102197,62,87.36,4938.68,Month-to-month,Fiber optic,No,0,0,3.49,0
C102198,41,85.42,3722.27,Two year,Fiber optic,Yes,3,2,3.35,0
C102199,12,109.43,1294.48,Month-to-month,Fiber optic,Yes,0,1,3.3,1
C102200,26,60.61,1461.38,Month-to-month,DSL,Yes,2,2,3.05,0
C102201,0,88.39,90.16,Two year,DSL,No,1,2,3.64,0
C102202,2,72.1,137.68,Two year,Fiber optic,Yes,0,1,5.0,1
C102203,24,117.24,2782.04,One year,Fiber optic,No,0,0,4.23,0
C102204,33,43.97,1410.65,Month-to-month,None,No,2,1,3.76,1
C102205,58,71.6,3952.01,One year,Fiber optic,No,2,1,3.93,0
C102206,9,99.67,838.4,Two year,Fiber optic,No,0,0,1.82,0
C102207,61,79.64,5070.95,Two year,Fiber optic,Yes,0,0,3.9,0
C102208,17,67.64,1170.43,Month-to-month,DSL,Yes,0,1,4.28,0
C102209,10,80.75,819.08,Month-to-month,Fiber optic,No,2,1,3.4,1
C102210,51,89.47,4471.56,Month-to-month,Fiber optic,Yes,1,0,3.5,0
C102211,56,109.89,6171.2,Month-to-month,Fiber optic,Yes,0,0,2.92,1
C102212,44,74.85,3160.07,One year,DSL,No,1,0,3.19,0
C102213,8,20.0,153.37,Month-to-month,None,No,0,2,2.84,0
C102214,8,20.0,175.05,Month-to-month,None,Yes,1,0,4.31,0
C102215,28,72.14,2118.19,Month-to-month,DSL,Yes,2,1,4.5,1
C102216,32,73.52,2279.99,Month-to-month,DSL,Yes,1,0,5.0,0
C102217,72,52.19,3448.46,Month-to-month,DSL,No,1,0,2.87,0
C102218,20,122.23,2215.88,Month-to-month,Fiber optic,Yes,1,1,2.93,0
C102219,14,107.46,1451.97,Month-to-month,Fiber optic,Yes,1,1,2.87,0
C102220,69,55.11,3825.12,Two year,DSL,Yes,3,0,2.5,0
C102221,11,76.28,844.54,Month-to-month,Fiber optic,No,1,1,2.67,0
C102222,1,60.67,61.16,Month-to-month,DSL,No,2,0,3.01,0
C102223,30,85.69,2617.96,Month-to-month,Fiber optic,Yes,1,0,4.21,0
C102224,29,115.87,3168.33,Month-to-month,Fiber optic,Yes,0,1,3.01,0
C102225,45,110.71,5395.08,Month-to-month,Fiber optic,Yes,1,0,4.35,0
C102226,64,92.67,5866.49,Month-to-month,Fiber optic,Yes,1,0,4.6,0
C102227,68,79.88,5519.92,Month-to-month,DSL,Yes,1,0,3.75,0
C102228,21,107.64,2178.86,Month-to-month,Fiber optic,Yes,0,0,4.61,0
C102229,71,38.11,2752.17,One year,None,Yes,1,0,2.47,0
C102230,46,99.65,5107.53,Month-to-month,Fiber optic,Yes,3,0,2.85,0
C102231,5,48.29,228.31,Month-to-month,None,Yes,3,0,3.44,0
C102232,68,101.26,6463.19,One year,Fiber optic,Yes,2,1,3.5,0
C102233,10,77.2,735.29,Month-to-month,Fiber optic,Yes,1,1,4.56,0
C102234,42,52.12,2148.93,Month-to-month,DSL,No,3,0,2.51,0
C102235,57,86.52,4790.22,Month-to-month,Fiber optic,Yes,0,1,3.15,0
C102236,18,53.57,909.07,Month-to-month,DSL,Yes,1,1,3.38,0
C102237,19,37.01,701.27,Month-to-month,DSL,No,2,2,2.85,1
C102238,34,79.84,2947.64,Two year,DSL,Yes,2,0,2.6,0
C102239,64,71.58,4543.37,Two year,DSL,No,0,1,3.2,0
C102240,16,20.0,318.3,Two year,None,Yes,0,0,3.46,0
C102241,48,30.42,1487.7,Month-to-month,None,No,2,0,4.54,0
C102242,33,88.5,3024.53,Month-to-month,Fiber optic,Yes,1,0,2.73,0
C102243,8,70.46,606.25,Month-to-month,DSL,Yes,1,0,4.17,1
C102244,51,20.0,1033.47,Month-to-month,None,No,1,2,4.36,0
C102245,60,64.27,3855.64,Month-to-month,Fiber optic,No,2,2,2.85,0
C102246,42,76.87,3052.47,Month-to-month,DSL,Yes,3,1,3.41,1
C102247,12,60.85,759.92,Month-to-month,Fiber optic,No,3,0,3.74,1
C102248,11,87.58,918.63,Month-to-month,Fiber optic,Yes,2,2,3.57,0
C102249,30,58.8,1679.06,Month-to-month,DSL,No,4,1,3.15,0
C102250,36,87.66,3189.28,One year,Fiber optic,No,1,0,3.0,0
C102251,40,96.8,4200.28,Month-to-month,Fiber optic,Yes,2,0,3.93,0
C102252,17,95.37,1686.07,Two year,DSL,No,2,0,3.12,0
C102253,36,59.61,2141.53,Month-to-month,Fiber optic,No,1,1,3.47,1
C102254,21,106.66,2118.94,Month-to-month,Fiber optic,No,5,0,3.19,0
C102255,50,44.27,2398.81,Month-to-month,Fiber optic,Yes,2,0,4.08,0
C102256,58,61.48,3554.74,Month-to-month,None,No,0,0,5.0,0
C102257,47,51.19,2367.53,Month-to-month,Fiber optic,No,3,1,2.63,0
C102258,0,138.29,142.51,Month-to-month,Fiber optic,Yes,3,0,3.33,1
C102259,72,82.59,5799.94,One year,Fiber optic,No,0,0,2.49,0
C102260,1,116.52,111.69,Month-to-month,Fiber optic,Yes,3,0,4.45,0
C102261,72,110.6,7675.41,Month-to-month,Fiber optic,No,0,0,3.68,0
C102262,2,56.71,109.3,Two year,DSL,No,2,1,3.1,0
C102263,37,85.16,2955.55,Month-to-month,Fiber optic,Yes,0,0,3.69,0
C102264,7,74.09,483.29,One year,Fiber optic,No,0,0,3.73,0
C102265,6,106.96,676.07,Month-to-month,Fiber optic,Yes,4,0,2.6,1
C102266,49,28.95,1470.73,Month-to-month,None,Yes,1,2,4.3,0
C102267,53,76.44,3867.98,Month-to-month,Fiber optic,Yes,3,0,3.79,0
C102268,8,102.21,857.63,Month-to-month,Fiber optic,Yes,1,0,4.14,1
C102269,71,47.95,3462.37,One year,DSL,No,1,0,3.0,0
C102270,23,60.75,1372.37,Month-to-month,DSL,Yes,1,0,2.96,0
C102271,23,67.04,1437.96,Month-to-month,DSL,No,3,2,3.04,1
C102272,21,77.79,1664.27,Month-to-month,Fiber optic,No,1,1,4.07,0
C102273,33,55.66,2025.23,Two year,DSL,No,1,0,3.92,1
C102274,12,96.16,1154.84,One year,DSL,Yes,3,0,2.68,0
C102275,31,61.12,1998.79,Two year,DSL,No,1,0,4.05,0
C102276,15,85.17,1262.67,One year,Fiber optic,Yes,0,0,2.89,0
C102277,3,86.67,273.19,One year,Fiber optic,No,0,1,3.05,0
C102278,26,100.63,2594.76,Month-to-month,Fiber optic,Yes,1,0,3.65,1
C102279,49,45.36,1928.6,Two year,DSL,No,0,0,2.74,0
C102280,55,75.12,3967.59,Month-to-month,DSL,Yes,2,0,2.66,0
C102281,25,71.86,1809.57,Month-to-month,DSL,Yes,2,0,4.62,0
C102282,23,56.02,1365.18,One year,Fiber optic,No,1,0,4.6,0
C102283,57,101.09,5713.48,Month-to-month,DSL,Yes,0,0,5.0,0
C102284,49,92.76,4552.69,Month-to-month,DSL,No,2,0,3.76,0
C102285,60,20.0,1161.24,Month-to-month,None,No,4,0,3.67,0
C102286,66,70.67,5064.65,Month-to-month,Fiber optic,Yes,4,2,2.89,0
C102287,59,96.33,6152.57,Two year,Fiber optic,Yes,3,1,2.94,0
C102288,68,39.91,2612.94,Month-to-month,DSL,Yes,2,1,4.01,0
C102289,30,90.92,2500.11,One year,DSL,No,0,1,4.63,0
C102290,28,26.1,658.16,Month-to-month,None,No,2,0,4.02,0
C102291,23,122.81,2918.37,One year,Fiber optic,Yes,2,0,2.75,1
C102292,17,74.34,1273.18,Month-to-month,Fiber optic,No,1,2,3.68,0
C102293,54,34.87,1802.01,Two year,None,Yes,2,2,2.65,0
C102294,52,114.08,6020.85,Month-to-month,Fiber optic,No,1,2,3.12,1
C102295,58,58.86,3182.87,Month-to-month,DSL,No,0,1,4.85,0
C102296,12,95.17,1191.97,Month-to-month,Fiber optic,No,1,2,2.43,1
C102297,35,87.76,3007.01,Month-to-month,DSL,Yes,3,0,4.98,0
C102298,16,56.44,849.33,Month-to-month,DSL,Yes,3,0,3.72,0
C102299,65,43.03,2740.49,One year,DSL,Yes,0,0,3.29,0
C102300,19,20.0,371.61,Two year,None,Yes,2,0,3.46,0
C102301,10,103.09,1051.6,One year,Fiber optic,Yes,4,2,2.48,1
C102302,41,72.39,3158.33,Month-to-month,DSL,No,0,0,3.22,0
C102303,64,87.17,5920.74,Month-to-month,DSL,Yes,3,2,3.19,0
C102304,66,86.79,5778.43,One year,Fiber optic,Yes,0,0,3.39,0
C102305,7,20.0,138.56,Two year,None,No,3,1,2.48,0
C102306,23,22.3,496.86,Month-to-month,DSL,Yes,3,0,3.12,0
C102307,11,121.49,1206.44,Two year,DSL,Yes,1,1,2.42,0
C102308,22,45.01,989.17,Month-to-month,None,No,1,0,2.54,0
C102309,38,39.6,1434.37,One year,None,Yes,1,2,2.37,1
C102310,20,42.29,902.48,Two year,None,Yes,2,0,4.71,0
C102311,4,39.8,157.44,One year,DSL,Yes,0,0,3.97,0
C102312,37,51.9,1999.2,Month-to-month,DSL,Yes,3,1,3.67,1
C102313,3,125.12,365.4,One year,Fiber optic,Yes,0,0,3.66,0
C102314,16,79.51,1224.9,Month-to-month,DSL,Yes,1,0,3.92,1
C102315,0,22.49,23.24,One year,None,Yes,3,0,4.21,1
C102316,6,41.69,253.96,Month-to-month,DSL,No,1,0,3.85,0
C102317,31,82.2,2593.36,One year,Fiber optic,Yes,1,1,4.73,0
C102318,62,31.01,1912.7,Two year,None,Yes,1,0,3.5,0
C102319,56,75.93,4436.69,Month-to-month,None,Yes,2,0,3.88,0
C102320,7,86.42,626.39,Month-to-month,Fiber optic,No,1,1,4.0,0
C102321,2,20.0,35.21,One year,None,Yes,1,0,2.8,0
C102322,24,63.89,1511.65,Month-to-month,DSL,No,5,2,2.92,0
C102323,47,72.02,3573.86,Month-to-month,DSL,Yes,3,0,1.85,0
C102324,54,40.67,2073.03,Month-to-month,DSL,No,3,1,3.11,0
C102325,60,44.64,2429.09,Month-to-month,None,Yes,4,2,2.79,0
C102326,24,59.97,1428.29,One year,None,Yes,4,1,2.83,0
C102327,12,69.63,859.49,One year,DSL,Yes,1,0,3.21,1
C102328,1,51.86,50.55,Month-to-month,DSL,Yes,1,0,3.93,0
C102329,10,79.95,856.35,Month-to-month,Fiber optic,No,1,2,2.68,0
C102330,4,33.48,147.5,Month-to-month,DSL,No,0,0,5.0,0
C102331,62,87.46,4848.39,Month-to-month,Fiber optic,No,0,1,4.01,0
C102332,19,72.9,1355.85,One year,DSL,Yes,1,0,2.9,0
C102333,60,72.96,3828.21,Month-to-month,Fiber optic,No,0,0,4.15,0
C102334,40,128.85,5341.38,Month-to-month,Fiber optic,Yes,0,1,4.35,0
C102335,39,105.05,3943.76,Two year,Fiber optic,No,0,0,3.94,0
C102336,33,30.94,994.3,Month-to-month,DSL,No,0,0,2.87,0
C102337,59,20.0,1254.51,One year,None,Yes,2,0,5.0,0
C102338,3,71.3,198.27,Month-to-month,Fiber optic,No,1,1,3.95,0
C102339,6,121.89,667.8,Month-to-month,Fiber optic,Yes,2,0,2.44,0
C102340,30,108.93,2858.56,Month-to-month,Fiber optic,Yes,0,0,3.81,0
C102341,28,67.85,2032.56,One year,None,Yes,1,0,3.36,0
C102342,39,90.19,3718.26,Two year,Fiber optic,No,0,0,3.66,0
C102343,53,88.02,4589.65,Month-to-month,Fiber optic,Yes,2,2,2.32,0
C102344,42,68.3,2667.4,Month-to-month,Fiber optic,Yes,1,1,3.49,0
C102345,18,41.64,783.9,Month-to-month,None,No,2,3,2.52,0
C102346,23,63.27,1675.68,One year,DSL,Yes,2,0,3.14,0
C102347,54,85.54,4559.28,One year,Fiber optic,No,2,1,3.63,0
C102348,14,122.74,1604.67,One year,Fiber optic,Yes,1,1,3.08,0
C102349,36,89.6,3445.89,Two year,Fiber optic,Yes,1,2,3.14,0
C102350,39,60.29,2204.85,Month-to-month,None,No,2,2,3.89,0
C102351,54,20.0,1058.22,One year,None,Yes,0,1,2.88,0
C102352,52,140.0,6223.46,Month-to-month,Fiber optic,No,3,0,2.78,0
C102353,33,82.91,2690.39,Month-to-month,Fiber optic,No,0,0,2.67,0
C102354,22,48.44,990.76,Two year,None,No,1,0,2.89,0
C102355,26,53.46,1486.2,Month-to-month,None,Yes,0,0,3.75,0
C102356,30,80.55,2286.76,One year,Fiber optic,No,2,1,3.83,0
C102357,16,82.56,1377.62,One year,DSL,Yes,1,0,2.9,0
C102358,45,83.55,3738.05,Two year,DSL,Yes,1,0,4.01,0
C102359,15,23.45,354.18,Month-to-month,None,Yes,2,0,3.49,0
C102360,47,78.68,3804.17,Month-to-month,Fiber optic,Yes,2,0,2.33,0
C102361,54,92.86,4999.7,One year,Fiber optic,Yes,2,0,3.55,0
C102362,70,89.81,6062.71,One year,Fiber optic,Yes,2,0,4.34,0
C102363,8,118.47,905.43,Month-to-month,Fiber optic,Yes,2,2,1.77,0
C102364,55,103.35,5843.37,One year,Fiber optic,No,0,2,5.0,0
C102365,6,90.66,487.06,Month-to-month,Fiber optic,Yes,0,0,3.17,0
C102366,24,78.52,2058.42,One year,DSL,Yes,1,0,2.24,1
C102367,12,53.11,641.94,Two year,Fiber optic,Yes,1,0,3.64,0
C102368,11,80.31,867.02,Month-to-month,Fiber optic,Yes,0,0,4.3,0
C102369,12,95.47,1162.41,Month-to-month,Fiber optic,No,2,1,3.11,0
C102370,3,86.19,250.12,Two year,DSL,No,1,0,3.77,0
C102371,60,95.8,5691.71,One year,Fiber optic,Yes,0,0,5.0,0
C102372,4,92.71,347.76,Two year,DSL,No,3,0,3.45,0
C102373,29,83.49,2471.16,Month-to-month,DSL,Yes,2,0,5.0,0
C102374,51,80.72,4098.96,Two year,Fiber optic,No,0,0,4.64,0
C102375,72,64.34,4680.24,Month-to-month,DSL,Yes,0,0,3.69,0
C102376,62,44.76,3001.49,Month-to-month,None,Yes,2,0,3.64,0
C102377,10,28.48,272.2,Month-to-month,None,Yes,0,1,3.32,1
C102378,72,96.09,6869.44,One year,DSL,Yes,0,1,3.76,0
C102379,47,68.93,2945.45,Two year,Fiber optic,No,3,1,3.65,1
C102380,13,98.01,1312.67,One year,Fiber optic,Yes,0,1,3.25,0
C102381,32,105.97,3387.78,One year,Fiber optic,Yes,1,2,2.29,0
C102382,67,31.04,2081.66,Month-to-month,None,Yes,0,0,4.68,0
C102383,28,79.76,2213.95,Month-to-month,Fiber optic,No,2,1,4.09,0
C102384,13,63.55,799.88,Month-to-month,DSL,No,3,0,2.18,0
C102385,63,80.43,5762.71,Month-to-month,DSL,No,0,1,3.7,0
C102386,69,80.5,5566.18,Month-to-month,Fiber optic,No,1,2,4.17,0
C102387,71,20.0,1443.16,Two year,None,No,0,0,4.37,0
C102388,69,113.86,7364.0,One year,Fiber optic,Yes,0,0,3.11,0
C102389,63,99.59,6579.6,One year,Fiber optic,Yes,2,1,4.1,0
C102390,33,86.15,2823.64,Month-to-month,DSL,Yes,3,0,3.3,0
C102391,14,51.43,737.67,Month-to-month,None,Yes,0,1,3.87,1
C102392,45,106.42,5026.57,Month-to-month,DSL,No,0,0,2.93,0
C102393,16,113.18,1800.53,Month-to-month,Fiber optic,Yes,2,1,1.0,1
C102394,34,78.24,2561.11,Month-to-month,Fiber optic,Yes,1,0,2.92,1
C102395,47,73.94,3030.27,Month-to-month,DSL,No,1,0,3.95,1
C102396,69,56.41,3809.4,Month-to-month,DSL,Yes,0,0,3.49,0
C102397,21,83.37,1685.06,One year,Fiber optic,Yes,1,0,4.04,0
C102398,18,40.16,677.43,Month-to-month,DSL,Yes,1,0,4.39,0
C102399,53,84.56,4839.85,Month-to-month,Fiber optic,No,0,1,3.31,0
C102400,0,102.36,107.89,Month-to-month,Fiber optic,Yes,1,0,3.2,0
C102401,41,65.75,2424.45,Month-to-month,DSL,Yes,3,1,1.5,1
C102402,54,71.11,3872.4,Month-to-month,Fiber optic,Yes,5,1,1.76,0
C102403,40,36.06,1377.57,Month-to-month,DSL,No,3,0,2.24,0
C102404,28,107.13,3060.15,One year,DSL,Yes,1,0,3.96,0
C102405,60,98.18,5631.72,Month-to-month,Fiber optic,Yes,1,0,3.28,0
C102406,27,74.34,1947.68,Two year,Fiber optic,No,1,2,2.95,0
C102407,51,98.77,5304.08,Month-to-month,Fiber optic,No,2,0,2.9,0
C102408,33,108.59,3744.95,Month-to-month,DSL,Yes,0,0,3.04,0
C102409,1,103.79,112.41,Month-to-month,Fiber optic,Yes,1,0,4.25,0
C102410,38,39.05,1466.19,Month-to-month,Fiber optic,Yes,1,0,3.6,0
C102411,3,85.39,235.66,Month-to-month,None,No,4,0,3.94,0
C102412,67,56.86,4002.66,Two year,Fiber optic,Yes,2,0,1.7,0
C102413,43,31.09,1405.04,Month-to-month,None,No,1,0,3.95,0
C102414,27,43.47,1214.25,One year,DSL,No,2,1,2.95,0
C102415,35,77.94,2616.31,Month-to-month,Fiber optic,Yes,2,0,3.19,0
C102416,45,97.4,4124.87,Month-to-month,Fiber optic,Yes,0,0,4.71,0
C102417,18,50.65,938.58,Month-to-month,Fiber optic,No,4,1,2.79,0
C102418,21,88.29,1763.72,Month-to-month,Fiber optic,No,2,0,3.79,1
C102419,30,111.8,3297.19,Month-to-month,Fiber optic,No,2,2,2.46,1
C102420,18,20.98,438.01,Two year,None,Yes,0,0,3.68,0
C102421,55,38.58,2370.36,One year,DSL,No,0,1,2.33,0
C102422,7,32.35,236.32,Two year,None,No,3,0,3.25,0
C102423,60,83.57,4831.56,Month-to-month,Fiber optic,No,3,1,3.51,0
C102424,25,80.69,1937.11,One year,Fiber optic,Yes,2,2,4.11,1
C102425,40,69.42,2886.12,Month-to-month,Fiber optic,Yes,3,1,2.57,0
C102426,11,76.86,915.07,One year,DSL,Yes,3,0,2.88,1
C102427,28,46.31,1260.19,Two year,None,No,2,1,2.83,0
C102428,55,20.0,1072.36,One year,None,No,1,0,3.33,0
C102429,19,20.0,381.83,Two year,None,Yes,0,2,2.74,0
C102430,9,39.59,329.09,One year,None,Yes,2,0,1.73,0
C102431,38,73.67,2590.31,Month-to-month,Fiber optic,Yes,2,0,2.6,1
C102432,11,93.39,960.84,One year,Fiber optic,No,2,1,3.29,0
C102433,22,62.89,1425.13,Month-to-month,None,No,0,0,3.53,0
C102434,32,65.86,2139.05,Two year,DSL,Yes,1,0,3.96,0
C102435,41,68.94,3003.29,One year,Fiber optic,Yes,0,4,3.99,0
C102436,46,97.45,4054.4,Month-to-month,Fiber optic,No,2,0,3.06,0
C102437,49,88.62,3980.09,Month-to-month,Fiber optic,Yes,2,0,2.17,1
C102438,61,89.15,5574.46,Month-to-month,Fiber optic,Yes,3,0,3.6,0
C102439,4,101.03,384.74,Month-to-month,Fiber optic,Yes,3,1,3.2,0
C102440,26,80.13,1991.78,Month-to-month,DSL,Yes,3,1,3.01,0
C102441,0,92.67,97.83,One year,Fiber optic,Yes,0,0,4.6,0
C102442,0,88.85,86.15,Month-to-month,Fiber optic,No,2,1,3.68,0
C102443,15,106.21,1554.95,Two year,DSL,Yes,1,0,3.63,0
C102444,43,87.81,3723.89,Month-to-month,DSL,No,2,1,3.46,0
C102445,65,105.84,6807.93,Month-to-month,Fiber optic,No,0,0,4.31,0
C102446,56,69.49,4038.04,Month-to-month,DSL,Yes,1,0,2.99,1
C102447,47,72.89,3197.84,Two year,Fiber optic,Yes,1,1,2.76,1
C102448,56,88.42,4900.29,Month-to-month,DSL,Yes,2,0,3.23,1
C102449,12,94.74,1209.56,Month-to-month,Fiber optic,Yes,3,0,2.37,0
C102450,61,54.03,3682.44,Month-to-month,DSL,No,0,2,3.45,0
C102451,64,87.38,5175.05,One year,Fiber optic,Yes,1,2,3.45,0
C102452,6,71.64,437.67,Month-to-month,Fiber optic,No,1,3,3.24,0
C102453,34,112.09,3771.21,One year,Fiber optic,Yes,1,0,3.25,0
C102454,60,104.98,6264.57,One year,Fiber optic,Yes,1,0,4.82,0
C102455,34,95.45,3104.37,One year,Fiber optic,Yes,0,0,4.38,0
C102456,61,66.19,4205.43,Month-to-month,DSL,Yes,0,1,3.49,0
C102457,68,77.07,5443.82,Month-to-month,Fiber optic,No,0,2,3.56,1
C102458,34,49.53,1917.69,Month-to-month,Fiber optic,No,2,1,4.4,0
C102459,4,65.15,241.66,Month-to-month,Fiber optic,Yes,2,0,2.95,0
C102460,24,75.89,1646.26,One year,Fiber optic,No,1,1,2.7,1
C102461,15,73.03,1219.25,Month-to-month,Fiber optic,No,4,0,3.35,0
C102462,34,97.5,3305.54,Month-to-month,Fiber optic,Yes,4,3,3.25,1
C102463,42,82.42,3374.67,Month-to-month,DSL,Yes,0,0,4.03,0
C102464,33,64.56,2152.54,One year,DSL,Yes,0,0,4.3,0
C102465,14,93.77,1212.07,Month-to-month,DSL,Yes,1,0,2.96,1
C102466,21,75.12,1610.13,One year,Fiber optic,No,2,1,2.23,0
C102467,49,89.42,4362.24,Month-to-month,Fiber optic,Yes,1,1,2.99,1
C102468,1,91.03,96.41,Two year,Fiber optic,Yes,2,0,3.86,0
C102469,15,110.75,1739.55,One year,Fiber optic,No,2,0,2.69,0
C102470,65,69.01,4717.64,Month-to-month,DSL,Yes,2,0,1.9,0
C102471,7,37.54,265.54,Month-to-month,None,No,1,0,3.64,0
C102472,30,35.56,1160.93,Month-to-month,DSL,Yes,2,2,2.81,0
C102473,15,74.9,1159.11,Month-to-month,Fiber optic,Yes,3,0,1.94,1
C102474,7,57.82,392.87,Month-to-month,None,Yes,1,1,3.51,0
C102475,30,52.57,1506.91,Two year,Fiber optic,Yes,2,0,3.11,0
C102476,38,92.52,3381.07,One year,DSL,Yes,3,2,4.44,0
C102477,12,74.49,922.83,Month-to-month,DSL,No,2,1,3.4,0
C102478,5,75.8,351.24,Month-to-month,Fiber optic,No,0,0,4.11,0
C102479,9,49.19,446.49,Month-to-month,DSL,No,4,0,3.16,0
C102480,47,128.02,5741.32,Two year,Fiber optic,Yes,2,0,2.94,0
C102481,62,116.82,6743.65,Month-to-month,Fiber optic,No,2,0,3.03,1
C102482,13,64.73,790.97,One year,DSL,Yes,3,0,4.13,0
C102483,23,67.56,1551.85,One year,DSL,No,0,1,4.15,0
C102484,25,77.72,2024.62,Month-to-month,Fiber optic,No,2,2,2.09,0
C102485,26,94.56,2367.16,Month-to-month,Fiber optic,Yes,1,0,2.56,1
C102486,17,79.2,1192.67,Month-to-month,Fiber optic,Yes,2,1,2.4,0
C102487,4,88.51,415.46,Two year,Fiber optic,No,2,0,4.24,0
C102488,38,99.4,4009.42,Month-to-month,DSL,No,1,1,2.1,0
C102489,26,90.18,2464.9,One year,Fiber optic,Yes,0,0,4.26,0
C102490,24,70.09,1832.77,One year,Fiber optic,No,1,1,3.76,0
C102491,19,66.04,1261.13,One year,Fiber optic,Yes,0,1,3.68,0
C102492,67,94.42,6279.17,Month-to-month,Fiber optic,Yes,2,0,3.04,0
C102493,44,20.54,971.15,Month-to-month,None,No,3,0,4.22,0
C102494,30,94.69,3051.47,One year,Fiber optic,No,1,1,3.54,0
C102495,14,61.23,886.22,Month-to-month,Fiber optic,Yes,2,2,2.12,0
C102496,58,105.11,6392.28,Two year,Fiber optic,Yes,2,1,2.39,0
C102497,64,71.86,4285.7,Month-to-month,Fiber optic,Yes,0,1,2.29,1
C102498,2,67.88,133.84,Month-to-month,DSL,Yes,1,2,4.31,0
C102499,67,85.57,6270.45,One year,Fiber optic,Yes,0,0,4.76,0
C102500,51,69.65,3709.29,Month-to-month,None,Yes,0,0,4.5,0
C102501,7,68.26,439.4,Month-to-month,DSL,No,2,0,3.3,0
C102502,54,73.96,3877.18,Month-to-month,None,Yes,1,0,2.42,0
C102503,7,102.65,779.45,Month-to-month,Fiber optic,Yes,0,1,2.75,1
C102504,3,119.08,366.18,Two year,Fiber optic,Yes,3,0,2.52,1
C102505,8,33.03,266.88,Month-to-month,None,Yes,1,1,3.41,0
C102506,33,73.56,2455.78,Month-to-month,DSL,Yes,2,0,4.49,0
C102507,45,90.15,4038.11,Month-to-month,DSL,Yes,0,3,4.49,0
C102508,29,84.19,2371.11,Two year,DSL,Yes,2,0,3.03,0
C102509,8,102.09,779.28,Month-to-month,Fiber optic,Yes,0,0,1.91,0
C102510,14,60.77,898.06,Two year,DSL,Yes,1,3,2.38,1
C102511,62,31.98,2008.66,Two year,None,No,1,0,4.46,0
C102512,70,88.62,6444.64,Month-to-month,DSL,Yes,0,1,3.75,0
C102513,55,92.57,5244.44,One year,DSL,Yes,1,0,3.25,0
C102514,7,80.74,608.97,One year,Fiber optic,Yes,1,1,3.12,0
C102515,59,52.87,3197.33,Month-to-month,DSL,Yes,1,0,2.94,0
C102516,50,74.82,3910.46,Month-to-month,Fiber optic,Yes,1,1,2.51,1
C102517,38,105.76,4055.86,One year,Fiber optic,No,1,0,5.0,0
C102518,10,20.0,189.58,One year,None,Yes,2,0,4.75,0
C102519,72,107.53,7646.09,One year,Fiber optic,Yes,0,0,3.01,0
C102520,32,77.37,2556.17,Two year,DSL,Yes,0,0,2.28,0
C102521,3,56.64,176.25,Month-to-month,DSL,Yes,1,0,3.66,1
C102522,15,94.71,1534.03,One year,DSL,No,3,0,3.17,0
C102523,29,20.0,565.33,Two year,None,Yes,0,0,4.14,0
C102524,4,123.53,500.26,Month-to-month,Fiber optic,Yes,0,0,4.32,1
C102525,23,98.06,2239.36,Month-to-month,Fiber optic,Yes,0,1,2.66,0
C102526,34,27.6,1022.23,Month-to-month,DSL,Yes,1,0,4.53,0
C102527,69,67.25,4736.32,Two year,None,Yes,0,0,3.37,0
C102528,6,85.47,523.98,Month-to-month,DSL,Yes,0,0,4.12,0
C102529,42,83.86,3515.21,One year,Fiber optic,Yes,1,1,3.25,0
C102530,66,73.67,4802.03,Month-to-month,Fiber optic,Yes,2,0,4.13,0
C102531,58,37.19,1985.16,Month-to-month,DSL,Yes,2,0,1.57,1
C102532,67,137.89,8597.78,One year,Fiber optic,Yes,1,0,4.11,0
C102533,12,49.46,599.36,Month-to-month,DSL,Yes,1,0,2.88,0
C102534,58,65.99,3838.82,Two year,Fiber optic,No,2,2,3.31,0
C102535,71,42.09,3018.7,Month-to-month,None,Yes,3,1,4.18,1
C102536,23,58.88,1424.36,Two year,Fiber optic,No,2,0,2.78,0
C102537,36,71.35,2581.73,Month-to-month,Fiber optic,No,0,2,2.74,1
C102538,38,110.9,4133.47,Two year,Fiber optic,Yes,1,1,3.16,1
C102539,36,75.82,2698.0,One year,DSL,Yes,0,0,3.31,0
C102540,21,82.66,1759.15,Month-to-month,Fiber optic,No,2,1,2.51,0
C102541,70,92.35,6329.39,Month-to-month,Fiber optic,Yes,0,0,3.73,0
C102542,69,58.59,4279.38,Month-to-month,DSL,Yes,3,0,3.41,0
C102543,27,90.82,2450.62,One year,Fiber optic,Yes,1,1,3.81,0
C102544,58,77.53,4558.98,One year,Fiber optic,Yes,3,1,2.57,0
C102545,29,78.98,2187.55,Month-to-month,Fiber optic,No,2,0,2.67,0
C102546,58,53.4,3278.6,Month-to-month,DSL,No,3,1,3.12,0
C102547,42,21.21,961.32,One year,None,No,2,0,3.22,0
C102548,34,109.83,3454.25,Month-to-month,Fiber optic,No,1,1,3.27,0
C102549,9,79.63,732.47,One year,DSL,No,1,1,2.9,0
C102550,47,49.29,2302.88,Month-to-month,DSL,Yes,1,1,3.71,0
C102551,23,67.31,1572.31,One year,Fiber optic,No,3,1,2.47,0
C102552,15,62.01,953.28,Two year,DSL,No,1,0,3.43,0
C102553,14,130.95,1607.95,Month-to-month,Fiber optic,No,1,2,3.13,1
C102554,71,45.47,3363.22,Month-to-month,DSL,No,4,1,3.06,0
C102555,7,88.94,660.67,Month-to-month,Fiber optic,Yes,1,1,4.37,0
C102556,58,93.69,5800.08,Month-to-month,Fiber optic,Yes,0,1,2.54,0
C102557,63,62.94,3759.21,Month-to-month,DSL,No,4,4,1.0,0
C102558,2,28.29,56.48,Two year,None,Yes,0,0,3.19,0
C102559,43,88.95,3711.48,One year,DSL,Yes,1,0,2.63,1
C102560,42,75.63,2841.86,Month-to-month,DSL,Yes,3,0,1.0,1
C102561,26,108.07,2713.92,One year,Fiber optic,Yes,5,0,4.41,1
C102562,48,103.2,4658.24,Month-to-month,Fiber optic,Yes,2,0,3.85,0
C102563,29,83.99,2480.52,One year,DSL,Yes,1,1,3.97,1
C102564,32,122.1,3556.61,Month-to-month,Fiber optic,Yes,0,1,3.35,0
C102565,31,92.29,2706.85,One year,DSL,Yes,0,1,3.9,0
C102566,58,136.17,7672.21,Two year,Fiber optic,Yes,4,0,2.84,1
C102567,46,115.13,5520.31,One year,Fiber optic,Yes,2,0,4.05,0
C102568,27,22.28,693.46,Two year,None,No,2,0,3.56,0
C102569,67,108.1,7363.44,Month-to-month,Fiber optic,Yes,1,0,3.5,0
C102570,58,105.5,5771.65,One year,Fiber optic,Yes,2,1,3.36,0
C102571,68,128.49,8410.98,Month-to-month,Fiber optic,Yes,2,1,4.47,0
C102572,53,48.62,2670.12,One year,DSL,Yes,3,0,3.42,0
C102573,28,75.6,1960.09,Month-to-month,DSL,No,0,1,2.77,0
C102574,56,24.06,1428.63,Month-to-month,None,Yes,1,1,3.71,1
C102575,24,76.74,1869.46,Month-to-month,DSL,Yes,1,0,3.91,0
C102576,19,85.92,1621.25,Month-to-month,Fiber optic,No,4,1,2.98,0
C102577,32,76.11,2209.82,One year,DSL,Yes,1,1,3.41,0
C102578,70,63.2,4647.95,Two year,Fiber optic,No,1,1,2.62,0
C102579,41,80.07,3145.35,Two year,DSL,No,0,2,3.57,0
C102580,28,40.92,1155.45,Month-to-month,None,Yes,1,1,2.5,0
C102581,33,92.89,3038.87,Two year,Fiber optic,No,3,0,3.09,0
C102582,21,104.05,1994.71,Month-to-month,DSL,Yes,0,0,3.13,0
C102583,48,84.73,4015.44,Month-to-month,Fiber optic,Yes,0,1,4.34,0
C102584,25,98.5,2298.58,Two year,Fiber optic,Yes,0,0,4.86,0
C102585,40,68.91,2657.55,Month-to-month,DSL,Yes,1,0,2.64,1
C102586,26,70.76,1883.55,Month-to-month,DSL,Yes,2,0,3.41,0
C102587,23,134.21,3206.09,Month-to-month,Fiber optic,Yes,2,0,3.17,0
C102588,70,93.21,6518.15,Month-to-month,Fiber optic,Yes,2,0,3.77,1
C102589,25,56.22,1337.17,One year,DSL,Yes,0,1,3.65,0
C102590,5,70.55,340.19,Month-to-month,None,No,4,1,2.79,0
C102591,27,61.15,1590.68,Month-to-month,DSL,Yes,2,0,3.48,1
C102592,38,36.5,1223.97,One year,DSL,Yes,0,0,3.48,0
C102593,6,77.92,469.4,Month-to-month,Fiber optic,Yes,1,0,4.77,1
C102594,22,41.31,825.54,One year,DSL,No,1,1,2.83,1
C102595,12,32.8,395.25,Two year,DSL,Yes,1,0,3.73,0
C102596,36,83.1,2751.47,One year,Fiber optic,No,1,0,3.93,0
C102597,52,65.67,3188.29,Two year,DSL,Yes,1,1,3.79,0
C102598,70,89.43,6490.31,Month-to-month,DSL,Yes,4,0,2.94,1
C102599,28,101.96,2858.74,Two year,Fiber optic,No,1,0,4.6,0
C102600,63,103.09,5821.39,Month-to-month,Fiber optic,Yes,0,0,2.02,1
C102601,15,75.03,1090.86,Month-to-month,Fiber optic,Yes,0,1,2.72,0
C102602,56,108.81,6181.15,One year,Fiber optic,Yes,1,0,4.05,0
C102603,41,118.43,4690.24,Month-to-month,Fiber optic,Yes,0,0,2.96,1
C102604,55,74.5,4020.17,Two year,DSL,Yes,3,1,2.48,1
C102605,55,100.03,5575.5,One year,Fiber optic,Yes,0,1,3.21,0
C102606,38,42.97,1636.87,Two year,DSL,Yes,1,0,2.92,0
C102607,18,85.03,1447.01,Month-to-month,DSL,No,1,1,3.95,1
C102608,38,125.84,4787.79,Month-to-month,Fiber optic,Yes,1,0,4.24,0
C102609,60,98.14,5795.34,One year,Fiber optic,Yes,1,0,3.6,0
C102610,70,78.71,6032.17,Month-to-month,Fiber optic,No,0,0,4.47,0
C102611,67,63.92,4258.36,Month-to-month,DSL,Yes,0,0,2.57,1
C102612,13,57.01,746.63,One year,DSL,No,0,1,3.63,1
C102613,43,85.15,3713.77,Two year,Fiber optic,Yes,2,1,4.38,0
C102614,7,102.31,703.47,One year,Fiber optic,No,0,0,4.41,0
C102615,48,95.31,4393.73,Month-to-month,Fiber optic,No,3,0,4.41,0
C102616,72,86.07,6353.75,Month-to-month,DSL,Yes,1,1,2.99,0
C102617,3,72.05,221.71,One year,DSL,No,2,0,4.13,0
C102618,47,73.58,3854.38,Month-to-month,Fiber optic,No,0,2,3.16,0
C102619,69,80.49,5780.59,Month-to-month,Fiber optic,No,1,1,3.91,0
C102620,61,56.31,3578.35,Month-to-month,DSL,Yes,1,1,4.47,0
C102621,28,63.46,1847.02,Month-to-month,DSL,Yes,1,1,2.83,0
C102622,7,101.1,680.83,Month-to-month,DSL,Yes,2,0,1.96,0
C102623,67,102.14,6369.9,Month-to-month,DSL,No,1,0,4.97,0
C102624,67,107.9,6830.26,One year,Fiber optic,Yes,1,0,3.91,0
C102625,42,69.26,3018.99,Month-to-month,DSL,Yes,0,1,3.49,0
C102626,71,64.13,4909.24,One year,Fiber optic,No,0,1,3.44,0
C102627,0,96.18,100.06,Month-to-month,Fiber optic,Yes,1,0,1.89,0
C102628,45,21.99,980.46,Two year,None,Yes,0,0,3.81,0
C102629,2,67.98,148.5,Month-to-month,None,Yes,1,0,3.12,1
C102630,68,34.48,2287.43,Month-to-month,DSL,No,4,3,2.97,0
C102631,49,74.31,3411.25,Month-to-month,DSL,Yes,1,0,3.55,0
C102632,66,50.39,3372.02,Month-to-month,DSL,Yes,1,1,1.0,0
C102633,41,91.82,4032.11,Month-to-month,Fiber optic,Yes,1,0,3.91,0
C102634,6,79.66,455.78,Two year,DSL,Yes,1,0,3.68,0
C102635,1,86.42,78.32,Two year,DSL,Yes,0,0,3.9,0
C102636,24,65.85,1583.68,Month-to-month,DSL,Yes,0,1,3.43,0
C102637,54,79.46,4472.9,Month-to-month,DSL,No,1,1,3.49,0
C102638,11,79.41,731.08,One year,Fiber optic,Yes,0,0,3.78,0
C102639,62,96.67,6315.72,One year,Fiber optic,Yes,2,1,3.54,0
C102640,17,111.04,1745.78,Month-to-month,Fiber optic,Yes,4,0,3.54,1
C102641,36,43.31,1621.32,One year,None,Yes,2,2,3.47,0
C102642,14,54.94,684.69,Month-to-month,DSL,No,0,0,5.0,0
C102643,34,61.7,1927.63,One year,DSL,Yes,0,1,3.0,0
C102644,33,109.3,3729.64,Month-to-month,Fiber optic,No,4,0,2.88,1
C102645,0,69.25,73.88,Month-to-month,Fiber optic,No,2,0,4.73,0
C102646,41,72.06,2952.97,Month-to-month,Fiber optic,No,1,0,3.41,0
C102647,57,76.43,4930.45,One year,DSL,No,0,2,4.22,1
C102648,68,28.66,1839.27,Month-to-month,None,Yes,0,1,3.68,0
C102649,24,37.39,846.26,One year,DSL,No,0,1,3.39,0
C102650,64,90.67,5706.43,One year,DSL,No,0,1,4.34,0
C102651,64,71.11,4463.48,One year,Fiber optic,Yes,0,0,4.05,0
C102652,72,33.21,2428.4,Month-to-month,None,Yes,3,1,2.01,0
C102653,27,80.23,2077.71,Month-to-month,Fiber optic,Yes,5,0,3.19,1
C102654,62,29.34,1875.86,Month-to-month,None,No,2,0,2.63,0
C102655,41,50.19,2119.31,One year,DSL,Yes,0,1,4.56,0
C102656,4,103.57,451.04,Two year,Fiber optic,No,1,2,4.74,0
C102657,19,94.11,1739.86,Month-to-month,Fiber optic,Yes,1,1,4.91,0
C102658,49,110.69,5524.33,Two year,Fiber optic,Yes,1,0,3.81,0
C102659,11,80.43,914.21,Month-to-month,Fiber optic,Yes,3,0,2.93,0
C102660,31,77.53,2402.47,Month-to-month,None,Yes,2,0,3.66,0
C102661,56,30.81,1705.27,Month-to-month,DSL,Yes,0,2,2.76,0
C102662,10,59.88,530.83,One year,Fiber optic,No,2,2,5.0,1
C102663,36,70.31,2542.77,Month-to-month,None,Yes,0,0,4.58,1
C102664,15,44.01,681.77,Month-to-month,None,No,6,1,3.09,1
C102665,39,41.49,1612.96,One year,None,No,1,1,4.23,0
C102666,17,43.19,702.64,Month-to-month,None,No,2,1,2.95,0
C102667,70,77.85,4946.2,Month-to-month,DSL,Yes,2,0,2.55,0
C102668,5,40.7,208.57,Month-to-month,None,No,1,1,1.72,0
C102669,70,71.65,5024.64,Month-to-month,Fiber optic,No,5,0,3.11,1
C102670,57,105.55,6476.28,Month-to-month,Fiber optic,No,1,0,3.37,0
C102671,62,104.55,5965.37,Month-to-month,Fiber optic,Yes,2,1,3.74,0
C102672,62,117.14,7074.82,One year,Fiber optic,No,1,1,3.46,0
C102673,13,125.52,1513.18,Month-to-month,Fiber optic,Yes,1,1,3.82,0
C102674,67,98.28,6956.09,One year,Fiber optic,Yes,1,0,4.16,0
C102675,43,41.68,1914.38,Month-to-month,DSL,No,1,1,2.31,0
C102676,70,98.68,7638.02,Month-to-month,DSL,No,1,1,4.13,0
C102677,64,72.66,4783.6,Month-to-month,Fiber optic,Yes,5,1,2.65,1
C102678,42,73.42,3217.5,Month-to-month,DSL,Yes,1,0,3.93,0
C102679,27,85.12,2353.36,Month-to-month,Fiber optic,No,3,0,4.09,0
C102680,8,58.82,485.39,Month-to-month,DSL,Yes,2,0,4.21,0
C102681,7,106.52,747.65,Two year,Fiber optic,Yes,2,0,3.51,0
C102682,28,69.64,2016.29,Two year,DSL,No,2,1,3.47,0
C102683,59,74.75,4929.33,Month-to-month,DSL,No,1,0,4.23,0
C102684,36,76.5,2787.12,One year,Fiber optic,Yes,2,0,2.24,0
C102685,35,63.69,2232.09,One year,DSL,Yes,0,1,2.83,0
C102686,17,52.38,900.16,One year,DSL,Yes,1,1,3.23,0
C102687,41,63.22,2570.77,Month-to-month,DSL,Yes,1,1,2.41,0
C102688,46,62.74,2925.16,Month-to-month,DSL,No,2,1,3.12,1
C102689,71,125.04,8788.49,Month-to-month,Fiber optic,No,2,0,3.16,0
C102690,53,62.07,3496.7,Month-to-month,DSL,Yes,3,2,3.2,1
C102691,44,51.61,2401.24,Month-to-month,Fiber optic,Yes,2,0,3.37,1
C102692,66,118.51,8753.43,Two year,Fiber optic,Yes,1,1,4.28,0
C102693,31,100.54,3112.7,Two year,Fiber optic,Yes,2,1,3.78,0
C102694,68,89.51,6183.31,Month-to-month,Fiber optic,Yes,1,0,3.47,0
C102695,27,58.69,1606.15,Month-to-month,DSL,Yes,3,0,3.03,0
C102696,9,20.0,181.98,Month-to-month,None,No,2,1,3.29,1
C102697,30,128.82,4104.78,Month-to-month,Fiber optic,Yes,2,0,3.39,0
C102698,9,65.99,540.83,Month-to-month,DSL,No,2,1,5.0,1
C102699,8,20.0,164.05,Month-to-month,None,Yes,1,1,2.31,0
C102700,64,96.23,6834.75,Two year,Fiber optic,No,3,1,2.49,0
C102701,58,112.92,7040.31,Two year,Fiber optic,No,2,2,2.41,0
C102702,16,39.97,683.44,One year,None,Yes,0,1,3.78,0
C102703,61,49.87,3182.96,One year,DSL,Yes,0,0,3.83,0
C102704,5,71.17,344.19,Month-to-month,Fiber optic,No,2,0,2.96,0
C102705,20,74.57,1429.89,Month-to-month,Fiber optic,Yes,5,1,3.67,1
C102706,51,95.91,4691.78,Month-to-month,DSL,Yes,4,2,3.3,0
C102707,22,65.64,1353.66,One year,DSL,Yes,1,0,4.26,0
C102708,53,33.1,1845.63,Month-to-month,DSL,No,1,1,4.39,0
C102709,63,44.3,3016.29,One year,None,Yes,0,0,1.99,0
C102710,4,69.68,285.38,Month-to-month,DSL,Yes,1,0,4.06,0
C102711,1,58.47,61.06,Month-to-month,DSL,Yes,3,2,2.12,1
C102712,68,70.61,4878.98,Month-to-month,Fiber optic,No,1,0,3.72,0
C102713,37,71.79,2739.32,Two year,Fiber optic,Yes,1,1,3.39,0
C102714,36,85.65,2724.38,Month-to-month,DSL,No,1,1,3.43,0
C102715,33,94.7,3179.19,Month-to-month,Fiber optic,No,1,3,2.35,1
C102716,31,101.09,3060.44,Month-to-month,Fiber optic,Yes,1,0,4.33,0
C102717,50,96.65,4821.83,One year,Fiber optic,Yes,1,0,2.52,0
C102718,42,71.23,3028.81,Two year,DSL,No,0,1,4.16,0
C102719,11,56.1,592.81,Month-to-month,DSL,No,0,0,2.53,0
C102720,45,88.09,3729.54,Two year,Fiber optic,Yes,3,0,3.28,0
C102721,48,89.13,4102.72,Month-to-month,DSL,Yes,1,0,4.94,0
C102722,8,118.88,875.28,One year,Fiber optic,Yes,2,0,5.0,0
C102723,27,43.78,1106.96,Month-to-month,DSL,Yes,0,0,2.39,1
C102724,57,88.04,4737.34,Month-to-month,Fiber optic,Yes,1,0,2.98,0
C102725,45,52.95,2194.68,One year,None,Yes,0,0,3.24,0
C102726,9,127.76,1183.28,Month-to-month,Fiber optic,Yes,1,1,5.0,1
C102727,2,68.86,130.9,Month-to-month,None,No,2,2,3.2,0
C102728,42,20.0,753.92,One year,None,No,1,1,4.29,0
C102729,33,114.23,3686.4,Two year,Fiber optic,No,2,1,3.56,0
C102730,70,91.11,5987.21,Month-to-month,Fiber optic,No,3,0,2.35,0
C102731,38,54.84,2251.15,One year,None,No,0,0,2.2,0
C102732,67,51.98,3508.12,One year,None,Yes,3,1,2.73,0
C102733,15,20.0,275.74,Month-to-month,None,No,0,0,5.0,0
C102734,32,102.45,3380.94,Two year,Fiber optic,Yes,4,1,3.29,0
C102735,10,86.11,865.12,Month-to-month,DSL,Yes,2,1,4.15,0
C102736,41,34.62,1400.79,One year,None,No,1,0,2.42,0
C102737,13,30.32,428.3,Month-to-month,None,No,0,0,3.4,0
C102738,35,62.14,2058.21,Month-to-month,Fiber optic,Yes,2,0,4.02,1
C102739,25,47.99,1268.06,Month-to-month,None,No,4,2,2.16,0
C102740,13,95.97,1219.51,Month-to-month,Fiber optic,Yes,3,1,3.16,1
C102741,7,20.0,139.86,Two year,None,Yes,0,0,2.96,0
C102742,37,60.81,2157.18,Two year,DSL,Yes,2,0,4.05,0
C102743,69,39.94,2651.87,Month-to-month,None,Yes,1,1,3.76,0
C102744,14,54.39,743.2,Month-to-month,DSL,No,2,1,3.86,0
C102745,29,67.05,1741.17,Month-to-month,DSL,Yes,3,2,3.81,0
C102746,16,33.75,550.3,Month-to-month,DSL,Yes,0,0,3.47,0
C102747,59,115.64,6865.87,Month-to-month,Fiber optic,No,0,1,4.35,0
C102748,30,67.3,1852.69,Two year,DSL,Yes,3,0,2.83,1
C102749,71,20.0,1471.54,One year,None,Yes,2,1,3.82,1
C102750,17,45.27,831.26,Month-to-month,Fiber optic,Yes,1,1,1.91,0
C102751,5,56.55,272.42,Month-to-month,None,Yes,2,0,2.83,0
C102752,42,77.6,3118.53,One year,DSL,Yes,1,1,5.0,0
C102753,47,69.0,3441.59,Month-to-month,DSL,No,1,0,4.01,0
C102754,72,106.41,7831.44,Month-to-month,Fiber optic,No,1,0,4.01,0
C102755,63,108.36,6775.65,Month-to-month,Fiber optic,Yes,4,0,2.53,0
C102756,64,95.69,6398.53,Month-to-month,Fiber optic,Yes,1,0,2.68,1
C102757,46,87.17,4070.27,Month-to-month,Fiber optic,Yes,1,1,3.24,1
C102758,26,82.07,2301.47,One year,Fiber optic,No,3,1,3.16,0
C102759,31,100.0,3097.14,Month-to-month,Fiber optic,Yes,1,0,5.0,0
C102760,9,63.54,585.27,One year,None,Yes,0,1,4.36,1
C102761,31,88.04,2894.07,Month-to-month,Fiber optic,No,1,0,3.61,0
C102762,26,120.05,2701.08,Two year,Fiber optic,Yes,1,0,3.58,0
C102763,2,99.09,210.54,Month-to-month,Fiber optic,Yes,2,0,4.0,0
C102764,14,74.23,1010.35,Month-to-month,DSL,Yes,1,0,2.5,0
C102765,39,112.7,4516.16,Month-to-month,DSL,Yes,2,1,1.83,0
C102766,26,121.4,3445.3,Month-to-month,Fiber optic,No,2,0,3.99,0
C102767,72,123.89,8770.0,Month-to-month,Fiber optic,Yes,1,0,3.59,0
C102768,34,51.85,1718.73,One year,DSL,Yes,3,1,2.19,0
C102769,69,133.65,9194.08,Month-to-month,Fiber optic,Yes,3,0,1.66,1
C102770,48,65.44,2890.22,Month-to-month,DSL,Yes,1,0,4.23,0
C102771,2,62.68,140.52,Month-to-month,DSL,Yes,1,0,3.12,0
C102772,14,20.0,279.35,One year,None,No,1,0,3.84,0
C102773,51,98.2,5461.48,Two year,Fiber optic,Yes,0,1,3.36,1
C102774,39,44.42,1700.63,One year,DSL,No,0,1,3.54,0
C102775,22,97.76,2154.74,Month-to-month,Fiber optic,No,4,1,2.63,1
C102776,38,69.93,2795.35,One year,Fiber optic,Yes,1,0,3.47,0
C102777,65,124.16,7581.16,One year,Fiber optic,No,0,1,4.02,0
C102778,28,45.48,1266.26,Month-to-month,None,No,1,1,3.23,0
C102779,3,135.32,426.21,Month-to-month,Fiber optic,Yes,2,1,3.07,0
C102780,22,72.56,1577.62,One year,Fiber optic,Yes,1,0,4.0,0
C102781,68,121.43,8037.85,Month-to-month,Fiber optic,Yes,3,1,3.74,0
C102782,55,57.75,3371.07,One year,Fiber optic,Yes,1,1,2.56,0
C102783,61,68.95,4530.07,Month-to-month,DSL,No,0,2,3.47,0
C102784,66,55.0,3941.48,Month-to-month,DSL,Yes,2,0,3.0,0
C102785,8,28.49,219.46,Month-to-month,None,Yes,0,0,3.66,0
C102786,20,82.19,1591.42,One year,Fiber optic,Yes,0,0,4.77,0
C102787,4,74.62,290.74,Two year,Fiber optic,Yes,0,1,3.85,0
C102788,0,41.07,42.69,Month-to-month,DSL,No,0,0,5.0,0
C102789,60,81.59,4573.17,Month-to-month,Fiber optic,No,1,2,3.54,0
C102790,68,67.2,4283.0,Month-to-month,DSL,No,1,0,3.4,0
C102791,11,114.11,1205.89,Month-to-month,Fiber optic,Yes,2,0,3.39,0
C102792,52,97.61,4813.8,Two year,Fiber optic,Yes,1,0,3.64,1
C102793,39,112.16,4587.0,Month-to-month,Fiber optic,No,1,0,3.78,0
C102794,5,20.0,104.49,Month-to-month,None,Yes,1,0,2.76,0
C102795,66,56.77,3647.56,Month-to-month,DSL,No,3,1,3.03,0
C102796,63,105.51,6576.25,Two year,Fiber optic,Yes,4,0,2.6,0
C102797,41,43.52,1535.08,Month-to-month,None,Yes,1,1,4.25,0
C102798,51,75.64,3760.59,One year,Fiber optic,Yes,1,0,2.03,0
C102799,28,107.75,3223.42,Month-to-month,Fiber optic,No,4,0,3.29,0
C102800,57,81.91,4537.44,Month-to-month,Fiber optic,Yes,1,0,2.35,0
C102801,32,75.23,2262.71,One year,Fiber optic,No,3,1,3.55,0
C102802,72,46.25,3582.06,Month-to-month,None,Yes,1,0,3.22,0
C102803,4,92.12,345.89,One year,Fiber optic,Yes,3,2,1.71,1
C102804,12,25.06,326.29,Month-to-month,None,No,1,1,4.18,0
C102805,70,81.42,6604.67,One year,Fiber optic,Yes,1,0,1.57,1
C102806,21,71.67,1496.02,One year,Fiber optic,Yes,1,0,3.51,0
C102807,22,57.48,1351.07,One year,DSL,No,1,0,4.07,0
C102808,57,110.9,5741.06,Month-to-month,Fiber optic,No,2,0,4.48,0
C102809,13,41.65,490.44,One year,None,Yes,1,1,2.19,0
C102810,37,108.21,3828.32,Two year,Fiber optic,No,1,0,3.13,0
C102811,20,76.81,1605.69,Month-to-month,DSL,Yes,2,0,4.26,0
C102812,14,80.37,1125.29,Month-to-month,Fiber optic,Yes,1,1,4.35,0
C102813,70,60.67,4203.36,One year,Fiber optic,Yes,3,1,4.21,0
C102814,14,20.0,260.12,Month-to-month,None,Yes,0,1,5.0,0
C102815,6,54.25,323.22,One year,DSL,Yes,2,0,3.01,0
C102816,49,52.78,2494.67,One year,DSL,Yes,0,0,3.94,0
C102817,63,108.64,6497.06,Month-to-month,Fiber optic,No,0,0,3.38,0
C102818,9,85.44,726.36,Month-to-month,DSL,Yes,2,0,1.87,0
C102819,51,79.03,4073.08,One year,None,Yes,0,0,3.58,0
C102820,39,75.49,2827.47,Month-to-month,Fiber optic,No,4,1,1.53,0
C102821,60,120.35,7218.41,Two year,Fiber optic,No,0,0,3.24,0
C102822,9,97.23,789.93,Month-to-month,DSL,Yes,1,1,2.3,0
C102823,71,85.59,6245.05,Month-to-month,Fiber optic,No,1,1,3.79,0
C102824,45,44.0,2006.21,Two year,None,No,1,0,2.92,0
C102825,61,115.57,6960.06,Month-to-month,Fiber optic,Yes,2,3,1.78,1
C102826,26,65.88,1728.1,One year,DSL,Yes,0,1,4.25,0
C102827,68,64.41,4604.91,Month-to-month,DSL,Yes,1,0,3.06,1
C102828,45,23.08,955.84,Month-to-month,None,No,1,0,3.19,0
C102829,9,20.0,180.66,Month-to-month,None,Yes,3,2,2.37,0
C102830,67,68.34,4250.1,One year,DSL,Yes,1,0,4.43,0
C102831,58,76.51,4458.96,One year,Fiber optic,No,1,1,3.66,0
C102832,21,46.57,964.05,Two year,DSL,Yes,1,1,2.97,0
C102833,39,100.02,3895.44,Two year,Fiber optic,Yes,2,0,1.92,0
C102834,28,37.43,1096.94,One year,DSL,No,0,2,5.0,0
C102835,39,105.32,4292.39,One year,Fiber optic,No,0,0,5.0,0
C102836,70,44.19,3278.18,Month-to-month,None,No,0,0,4.78,0
C102837,65,59.4,3776.83,Two year,DSL,Yes,0,0,3.1,0
C102838,15,90.8,1414.67,One year,Fiber optic,Yes,1,1,3.06,0
C102839,70,44.39,3193.89,Two year,DSL,Yes,4,2,3.32,0
C102840,31,81.26,2467.63,Month-to-month,DSL,Yes,1,0,2.83,1
C102841,51,70.56,3621.76,Month-to-month,DSL,Yes,0,1,2.8,0
C102842,55,69.98,3820.92,One year,DSL,No,2,1,4.47,0
C102843,35,44.54,1678.5,Month-to-month,None,No,1,0,3.49,0
C102844,33,54.79,1888.64,Month-to-month,DSL,Yes,1,0,2.66,0
C102845,33,20.0,647.81,Two year,None,Yes,2,0,4.15,0
C102846,62,85.19,5164.0,Month-to-month,DSL,Yes,4,1,2.64,0
C102847,28,105.09,3097.5,Month-to-month,Fiber optic,Yes,4,0,1.63,1
C102848,20,79.83,1714.27,Month-to-month,Fiber optic,No,1,1,2.56,0
C102849,26,44.77,1184.22,Month-to-month,None,Yes,1,2,2.97,0
C102850,14,88.9,1289.68,One year,DSL,No,1,1,3.62,0
C102851,28,88.64,2659.8,Two year,DSL,Yes,2,0,3.54,1
C102852,8,81.27,643.91,Two year,Fiber optic,Yes,1,0,4.49,0
C102853,6,61.71,371.96,One year,Fiber optic,No,0,1,3.39,0
C102854,52,66.97,3575.67,One year,Fiber optic,Yes,1,1,3.09,0
C102855,5,61.08,298.19,Month-to-month,DSL,Yes,1,0,4.5,0
C102856,41,92.78,4159.45,Two year,DSL,No,1,1,4.21,0
C102857,56,78.16,4271.52,Month-to-month,Fiber optic,Yes,3,0,3.12,0
C102858,52,80.67,4208.98,Month-to-month,Fiber optic,Yes,0,1,3.8,0
C102859,32,80.28,2839.73,Two year,Fiber optic,Yes,1,0,3.16,0
C102860,14,56.9,715.03,Two year,DSL,Yes,0,1,2.66,0
C102861,67,66.79,4528.08,Month-to-month,DSL,Yes,2,1,5.0,0
C102862,60,20.0,1156.4,One year,None,Yes,1,1,3.03,0
C102863,44,110.6,4866.45,Month-to-month,Fiber optic,No,2,0,3.64,0
C102864,6,62.25,348.73,Month-to-month,DSL,No,0,1,2.39,0
C102865,2,84.1,164.77,Month-to-month,None,Yes,3,1,3.78,1
C102866,23,69.7,1605.28,Month-to-month,Fiber optic,Yes,3,0,2.35,1
C102867,11,97.21,1083.33,Month-to-month,DSL,Yes,3,0,4.6,0
C102868,62,118.44,7705.01,Month-to-month,Fiber optic,Yes,2,1,4.73,1
C102869,15,84.18,1101.31,Month-to-month,Fiber optic,Yes,1,0,3.97,0
C102870,20,82.49,1638.38,Month-to-month,Fiber optic,No,2,0,3.5,0
C102871,71,74.5,5238.68,Two year,Fiber optic,Yes,2,0,3.26,0
C102872,59,74.71,4392.31,One year,Fiber optic,Yes,1,2,3.33,0
C102873,15,64.99,976.58,Two year,DSL,No,2,1,3.65,0
C102874,27,35.39,911.9,Month-to-month,None,No,2,2,3.32,0
C102875,37,36.56,1237.62,One year,DSL,Yes,1,1,4.22,0
C102876,48,135.58,6585.55,Two year,Fiber optic,Yes,0,0,2.93,0
C102877,68,85.07,5468.43,Month-to-month,Fiber optic,No,1,0,4.72,0
C102878,63,93.25,6004.88,Month-to-month,Fiber optic,Yes,4,0,2.84,0
C102879,71,78.1,5259.27,Month-to-month,Fiber optic,No,4,0,2.59,0
C102880,2,84.93,176.33,Month-to-month,Fiber optic,No,1,0,3.81,0
C102881,17,30.2,511.86,Month-to-month,None,Yes,1,0,3.86,0
C102882,41,91.94,3772.64,Month-to-month,Fiber optic,Yes,1,0,2.18,1
C102883,3,91.72,271.43,Month-to-month,Fiber optic,Yes,2,0,3.03,0
C102884,25,82.29,2011.23,One year,DSL,Yes,3,0,1.6,1
C102885,11,96.32,1045.94,Month-to-month,Fiber optic,Yes,1,1,2.92,1
C102886,68,103.38,7486.71,Month-to-month,Fiber optic,No,5,0,2.56,0
C102887,4,64.81,237.36,One year,DSL,No,2,0,3.64,0
C102888,10,94.39,910.25,Month-to-month,Fiber optic,No,1,0,2.92,1
C102889,14,60.42,895.04,Month-to-month,DSL,No,0,0,3.22,0
C102890,10,84.06,878.5,Month-to-month,DSL,No,2,0,4.43,0
C102891,41,73.13,3219.89,Month-to-month,DSL,Yes,2,0,5.0,0
C102892,26,64.0,1658.58,Month-to-month,DSL,Yes,0,0,2.93,0
C102893,66,63.43,3882.84,Month-to-month,DSL,Yes,1,1,4.25,0
C102894,19,89.92,1604.38,Month-to-month,Fiber optic,Yes,0,0,3.95,0
C102895,39,92.58,3551.3,Two year,Fiber optic,Yes,1,0,2.17,0
C102896,48,65.93,3297.04,Two year,DSL,Yes,1,2,2.75,0
C102897,45,56.38,2501.56,Month-to-month,DSL,Yes,2,1,1.0,0
C102898,58,106.53,6066.02,Month-to-month,Fiber optic,Yes,1,0,3.78,0
C102899,14,80.73,1154.89,Month-to-month,DSL,No,0,1,2.73,1
C102900,37,125.89,4665.03,Two year,Fiber optic,Yes,0,1,3.67,0
C102901,58,80.53,4557.56,One year,Fiber optic,Yes,1,0,5.0,0
C102902,63,104.66,6230.38,Month-to-month,Fiber optic,Yes,1,0,4.77,0
C102903,45,20.0,946.87,Month-to-month,None,Yes,2,0,2.81,0
C102904,47,107.75,5356.1,Month-to-month,Fiber optic,Yes,2,1,2.54,1
C102905,63,20.0,1186.7,Two year,None,Yes,1,0,4.54,0
C102906,45,20.0,880.07,Two year,None,Yes,1,0,2.75,0
C102907,69,71.31,5100.89,Month-to-month,DSL,No,2,2,4.02,1
C102908,9,55.19,465.63,One year,DSL,Yes,1,0,5.0,0
C102909,25,50.59,1290.15,Month-to-month,DSL,No,0,0,4.18,0
C102910,8,80.79,634.71,One year,Fiber optic,No,0,0,4.57,1
C102911,6,105.86,592.65,Two year,Fiber optic,Yes,1,0,4.36,0
C102912,34,49.28,1839.31,Month-to-month,DSL,Yes,3,0,2.86,0
C102913,16,65.97,1035.7,Month-to-month,DSL,Yes,0,1,3.8,0
C102914,29,82.81,2470.74,One year,Fiber optic,No,1,0,2.78,0
C102915,31,105.58,3071.15,Month-to-month,Fiber optic,No,1,1,4.46,0
C102916,45,106.11,5182.63,One year,Fiber optic,No,2,0,2.56,0
C102917,69,20.0,1527.81,Month-to-month,None,No,1,2,3.92,0
C102918,62,86.86,4940.39,Two year,DSL,Yes,1,1,4.33,1
C102919,27,78.4,2097.64,Month-to-month,Fiber optic,No,1,2,2.99,0
C102920,23,41.49,1023.96,Month-to-month,None,Yes,0,2,2.93,0
C102921,56,72.16,3936.85,Month-to-month,Fiber optic,No,0,0,3.52,0
C102922,9,99.05,911.52,Month-to-month,Fiber optic,Yes,0,0,2.95,0
C102923,39,138.48,4901.59,Month-to-month,Fiber optic,No,2,2,3.37,0
C102924,30,69.42,1992.31,One year,DSL,Yes,1,0,2.81,0
C102925,13,28.26,373.54,Month-to-month,None,Yes,6,0,2.27,0
C102926,45,87.59,3813.76,Month-to-month,Fiber optic,Yes,2,0,3.84,1
C102927,23,62.09,1399.75,Month-to-month,Fiber optic,No,2,1,3.81,0
C102928,13,119.53,1424.36,Month-to-month,Fiber optic,Yes,0,0,3.42,1
C102929,47,97.94,4768.77,Two year,Fiber optic,Yes,1,1,2.17,0
C102930,12,47.07,523.22,Two year,DSL,Yes,1,1,4.36,0
C102931,49,72.69,3863.63,Month-to-month,Fiber optic,Yes,2,0,3.06,0
C102932,11,90.29,955.9,One year,Fiber optic,No,1,1,5.0,0
C102933,31,82.71,2676.93,One year,DSL,No,1,0,3.43,0
C102934,58,68.13,4104.15,Two year,Fiber optic,No,0,0,3.76,0
C102935,16,56.15,849.73,Month-to-month,None,No,2,1,2.99,1
C102936,56,90.26,4894.5,Month-to-month,Fiber optic,Yes,1,0,3.72,0
C102937,52,74.33,3767.92,Month-to-month,Fiber optic,Yes,0,0,5.0,0
C102938,65,83.11,5286.38,Two year,Fiber optic,Yes,4,1,2.82,0
C102939,12,123.22,1373.11,One year,Fiber optic,No,1,2,4.37,0
C102940,52,65.62,3512.43,Month-to-month,Fiber optic,Yes,0,0,3.72,1
C102941,68,21.09,1379.79,Month-to-month,None,No,1,0,4.45,0
C102942,55,85.1,4651.11,One year,DSL,Yes,1,4,1.7,0
C102943,13,41.11,564.01,Two year,None,Yes,1,0,5.0,0
C102944,60,21.97,1359.66,Month-to-month,None,Yes,2,1,3.6,0
C102945,7,108.33,732.4,One year,Fiber optic,No,2,2,3.04,0
C102946,42,109.23,4850.31,Month-to-month,Fiber optic,No,1,0,4.23,0
C102947,36,73.3,2735.39,Month-to-month,DSL,Yes,1,2,3.48,1
C102948,38,78.36,2862.08,Month-to-month,Fiber optic,No,0,0,2.75,0
C102949,37,56.29,2023.85,One year,DSL,No,2,2,1.36,0
C102950,2,72.41,152.79,Two year,DSL,Yes,2,1,4.75,0
C102951,37,20.0,771.69,Month-to-month,None,No,0,0,3.48,0
C102952,68,92.23,5753.34,Month-to-month,DSL,Yes,2,1,2.85,0
C102953,31,124.3,3640.18,Month-to-month,Fiber optic,Yes,1,0,3.11,1
C102954,20,62.52,1298.22,Month-to-month,DSL,Yes,2,0,4.55,0
C102955,72,98.77,6652.11,Month-to-month,Fiber optic,Yes,3,0,2.91,0
C102956,7,114.53,837.2,Month-to-month,Fiber optic,Yes,1,0,4.03,0
C102957,35,104.16,4033.74,Month-to-month,DSL,Yes,0,1,3.31,0
C102958,37,121.58,4590.82,Month-to-month,Fiber optic,Yes,2,1,2.35,1
C102959,34,20.0,645.48,Month-to-month,None,No,2,1,4.03,0
C102960,67,84.0,5682.64,One year,Fiber optic,No,0,0,4.51,0
C102961,30,46.51,1474.7,Month-to-month,None,Yes,1,0,3.0,0
C102962,71,82.61,5897.22,One year,Fiber optic,Yes,2,2,3.22,0
C102963,4,125.87,516.88,Two year,Fiber optic,Yes,1,0,3.61,0
C102964,53,95.96,4862.27,One year,DSL,No,1,0,3.88,0
C102965,43,49.5,2043.78,Month-to-month,DSL,No,3,1,4.75,0
C102966,17,33.91,605.2,Month-to-month,None,Yes,2,1,3.08,0
C102967,16,75.76,1164.69,One year,Fiber optic,No,3,1,2.95,0
C102968,52,88.29,3938.04,Month-to-month,Fiber optic,Yes,2,0,3.27,0
C102969,46,85.72,3876.69,Month-to-month,Fiber optic,No,1,0,2.8,0
C102970,44,85.13,3810.45,Month-to-month,DSL,Yes,2,2,1.91,1
C102971,3,75.12,238.48,Month-to-month,Fiber optic,Yes,2,1,3.43,0
C102972,43,20.0,937.85,Month-to-month,DSL,Yes,2,0,3.82,0
C102973,71,20.0,1426.62,One year,None,Yes,0,0,3.65,0
C102974,1,47.46,49.18,Month-to-month,DSL,Yes,3,1,3.16,0
C102975,34,54.54,1866.66,Month-to-month,DSL,Yes,1,0,2.83,1
C102976,36,95.56,3507.15,One year,Fiber optic,Yes,4,0,3.37,0
C102977,65,44.48,2861.49,Month-to-month,DSL,No,1,0,3.66,0
C102978,20,20.0,408.5,One year,None,No,1,0,3.9,0
C102979,34,74.34,2426.09,Month-to-month,Fiber optic,Yes,0,0,3.9,0
C102980,52,43.8,2525.64,Month-to-month,DSL,No,3,2,3.44,0
C102981,4,56.46,196.14,Two year,DSL,Yes,0,3,4.44,0
C102982,58,23.65,1414.77,Month-to-month,None,No,2,1,3.78,0
C102983,60,105.09,6416.22,Month-to-month,Fiber optic,Yes,1,0,3.9,0
C102984,52,20.0,1061.24,Two year,None,No,2,1,1.97,0
C102985,47,58.21,2557.89,One year,DSL,No,1,2,4.19,0
C102986,54,24.64,1207.75,One year,None,No,0,0,3.42,0
C102987,57,105.37,6206.2,Month-to-month,Fiber optic,No,3,1,3.27,0
C102988,65,89.07,6216.56,Month-to-month,Fiber optic,Yes,1,1,2.46,0
C102989,31,109.96,3450.05,One year,Fiber optic,No,0,0,5.0,0
C102990,33,45.1,1554.22,Month-to-month,DSL,Yes,0,0,1.72,0
C102991,46,36.06,1616.96,Month-to-month,None,Yes,0,2,4.65,0
C102992,14,24.06,342.98,One year,None,No,1,0,3.86,0
C102993,62,68.71,4547.19,Month-to-month,Fiber optic,Yes,2,0,1.92,0
C102994,56,35.72,1965.82,Month-to-month,None,Yes,2,1,4.92,0
C102995,46,97.93,4798.56,Month-to-month,DSL,No,1,0,3.93,0
C102996,22,50.79,1016.93,Month-to-month,DSL,Yes,2,0,1.57,0
C102997,25,64.58,1560.07,One year,DSL,Yes,2,1,3.0,0
C102998,31,67.07,2141.6,Two year,Fiber optic,Yes,1,1,3.87,0
C102999,48,37.27,1976.18,Month-to-month,DSL,No,1,1,4.79,0
C103000,56,75.04,4205.54,Month-to-month,Fiber optic,No,4,2,2.69,1
C103001,49,58.45,2701.18,Month-to-month,DSL,Yes,2,0,1.35,0
C103002,67,82.29,6083.54,Month-to-month,Fiber optic,No,0,0,4.79,0
C103003,70,87.71,6097.1,Month-to-month,Fiber optic,Yes,0,0,4.04,0
C103004,51,58.68,3102.1,Two year,Fiber optic,No,2,1,1.59,0
C103005,27,53.11,1407.59,Month-to-month,DSL,No,2,1,3.6,0
C103006,43,99.53,4313.28,Month-to-month,Fiber optic,No,2,3,3.52,1
C103007,31,41.19,1237.41,Two year,DSL,Yes,1,2,3.12,0
C103008,45,85.25,4312.6,Month-to-month,Fiber optic,Yes,5,2,2.24,0
C103009,59,97.56,6133.16,Two year,Fiber optic,Yes,1,0,3.05,0
C103010,26,77.14,2200.68,Month-to-month,Fiber optic,Yes,1,0,3.28,0
C103011,36,73.49,2530.91,Month-to-month,DSL,Yes,1,0,3.81,0
C103012,3,63.1,170.3,Two year,Fiber optic,Yes,1,2,3.98,0
C103013,53,53.88,2809.63,Month-to-month,None,Yes,1,0,1.85,1
C103014,35,96.95,3862.9,Month-to-month,Fiber optic,No,1,1,3.65,1
C103015,33,38.06,1233.75,Month-to-month,None,Yes,2,1,3.71,0
C103016,38,58.37,2346.37,One year,None,Yes,2,0,3.54,0
C103017,15,58.74,831.44,One year,DSL,No,1,0,3.21,0
C103018,43,80.26,3293.82,Month-to-month,Fiber optic,Yes,3,1,4.32,0
C103019,54,93.08,5004.26,One year,DSL,Yes,0,0,4.7,0
C103020,25,126.97,3542.57,One year,Fiber optic,Yes,1,3,3.0,0
C103021,9,53.82,513.69,Month-to-month,DSL,Yes,1,1,3.39,1
C103022,28,34.84,865.36,Month-to-month,None,Yes,0,0,4.25,0
C103023,14,109.86,1594.44,Month-to-month,Fiber optic,No,3,0,4.29,0
C103024,27,65.52,1657.27,Month-to-month,DSL,Yes,1,0,2.89,0
C103025,45,103.3,4474.25,Month-to-month,Fiber optic,Yes,1,0,2.71,0
C103026,8,106.83,878.63,Month-to-month,Fiber optic,Yes,0,2,3.7,0
C103027,54,81.32,4729.03,Month-to-month,Fiber optic,Yes,1,0,2.65,1
C103028,16,44.97,772.92,Month-to-month,None,Yes,1,0,2.01,0
C103029,65,64.88,4294.11,One year,DSL,No,2,0,2.77,0
C103030,53,68.88,3720.03,Month-to-month,Fiber optic,Yes,3,0,3.62,0
C103031,19,73.2,1493.78,Two year,Fiber optic,Yes,3,3,4.26,0
C103032,41,79.6,2980.79,Two year,Fiber optic,Yes,2,2,2.7,0
C103033,8,107.64,947.67,One year,Fiber optic,No,2,0,3.31,0
C103034,7,83.27,559.3,Two year,DSL,No,2,0,3.53,0
C103035,69,81.25,5686.61,Two year,DSL,Yes,0,0,3.14,0
C103036,58,98.36,5549.17,Month-to-month,Fiber optic,No,1,3,2.72,1
C103037,11,44.84,461.88,One year,None,Yes,1,0,3.79,0
C103038,20,70.27,1441.08,Month-to-month,DSL,No,1,0,2.6,0
C103039,14,74.74,1059.97,One year,DSL,Yes,1,0,2.93,0
C103040,28,99.03,2756.77,Month-to-month,Fiber optic,No,0,1,3.41,0
C103041,21,20.0,416.47,Month-to-month,None,No,0,0,3.9,0
C103042,23,74.99,1869.52,Month-to-month,Fiber optic,No,3,1,2.03,0
C103043,38,47.45,2020.56,Two year,DSL,Yes,0,0,3.55,0
C103044,13,111.04,1542.99,Month-to-month,Fiber optic,No,5,0,2.04,1
C103045,64,121.43,7890.09,Month-to-month,Fiber optic,No,2,1,2.8,1
C103046,53,50.79,2449.47,Month-to-month,Fiber optic,Yes,4,1,3.71,0
C103047,55,96.73,5503.66,Month-to-month,DSL,Yes,2,0,3.35,0
C103048,12,68.65,854.22,Two year,DSL,Yes,1,0,4.83,0
C103049,51,86.24,4584.83,One year,DSL,Yes,1,0,3.47,0
C103050,61,99.62,5695.48,Month-to-month,Fiber optic,No,4,0,3.93,0
C103051,12,119.37,1499.41,Month-to-month,Fiber optic,Yes,1,1,4.07,0
C103052,54,68.99,4045.43,Month-to-month,DSL,No,0,0,3.64,0
C103053,26,64.09,1576.28,Month-to-month,Fiber optic,No,0,2,2.46,0
C103054,57,87.99,5204.29,One year,Fiber optic,No,1,1,3.37,0
C103055,34,74.8,2429.65,One year,DSL,No,2,0,2.99,0
C103056,58,85.9,4953.63,Month-to-month,Fiber optic,No,4,1,2.64,1
C103057,10,104.5,990.47,One year,Fiber optic,Yes,3,0,3.41,0
C103058,28,90.75,2491.99,Month-to-month,Fiber optic,Yes,2,2,2.12,1
C103059,19,23.69,441.62,One year,None,No,1,1,2.77,0
C103060,18,20.0,368.16,Month-to-month,None,No,0,1,2.78,0
C103061,22,59.56,1374.49,One year,DSL,Yes,0,1,3.37,0
C103062,27,68.89,1984.45,Month-to-month,DSL,No,0,0,3.05,0
C103063,9,27.77,240.97,Two year,DSL,No,0,1,3.02,0
C103064,51,52.18,2713.85,Month-to-month,DSL,Yes,0,0,3.76,0
C103065,40,52.06,1956.63,Month-to-month,Fiber optic,No,2,0,3.06,0
C103066,60,23.28,1388.3,Month-to-month,None,No,1,2,3.37,0
C103067,51,59.75,3054.41,Month-to-month,None,Yes,2,2,2.38,0
C103068,10,44.46,422.04,Month-to-month,DSL,Yes,2,1,2.68,0
C103069,5,105.36,543.0,Month-to-month,Fiber optic,Yes,2,1,4.92,1
C103070,30,119.13,3543.28,One year,DSL,No,0,1,3.03,0
C103071,35,119.62,4222.25,Month-to-month,Fiber optic,Yes,4,0,1.53,1
C103072,17,67.54,1225.51,One year,DSL,No,0,2,3.76,0
C103073,57,51.31,2855.88,One year,None,No,1,1,2.9,0
C103074,42,20.0,879.28,Month-to-month,None,No,3,0,3.48,1
C103075,54,37.11,2162.97,Month-to-month,DSL,Yes,1,0,3.46,1
C103076,7,92.55,697.08,Month-to-month,Fiber optic,Yes,1,0,3.96,0
C103077,59,99.57,5813.84,Month-to-month,Fiber optic,Yes,1,0,3.45,0
C103078,15,112.79,1601.34,One year,Fiber optic,Yes,1,1,3.27,0
C103079,32,81.19,2496.63,Two year,Fiber optic,Yes,2,0,4.31,0
C103080,32,70.67,2064.09,One year,DSL,Yes,0,0,1.92,0
C103081,59,95.02,5817.71,Month-to-month,Fiber optic,Yes,1,1,2.42,0
C103082,20,64.5,1343.08,One year,DSL,Yes,3,0,2.65,1
C103083,17,90.62,1550.49,One year,Fiber optic,Yes,2,1,2.01,0
C103084,24,50.76,1126.03,Month-to-month,DSL,Yes,3,1,2.84,0
C103085,26,95.31,2428.27,One year,Fiber optic,No,2,1,2.88,0
C103086,13,95.71,1338.68,Month-to-month,Fiber optic,Yes,1,0,4.29,0
C103087,12,56.64,702.47,Month-to-month,DSL,No,1,0,3.46,0
C103088,16,102.65,1713.13,Month-to-month,Fiber optic,No,1,2,3.2,0
C103089,34,111.53,4481.95,Month-to-month,Fiber optic,Yes,0,1,3.27,0
C103090,25,77.87,1981.88,Two year,DSL,No,0,2,2.67,0
C103091,28,70.19,1731.99,Month-to-month,Fiber optic,No,0,0,4.34,0
C103092,52,91.89,4488.9,Month-to-month,Fiber optic,No,1,2,4.31,0
C103093,17,49.68,858.75,Month-to-month,DSL,Yes,2,0,2.46,1
C103094,66,93.83,6199.16,Month-to-month,Fiber optic,Yes,1,1,4.71,0
C103095,54,74.76,3998.85,Month-to-month,Fiber optic,Yes,6,5,2.01,1
C103096,12,114.27,1359.59,Month-to-month,Fiber optic,No,1,1,2.86,1
C103097,22,81.88,1723.64,One year,DSL,Yes,0,0,4.02,0
C103098,13,88.91,1179.59,Month-to-month,DSL,Yes,1,0,3.97,0
C103099,19,86.98,1779.36,One year,DSL,Yes,1,0,3.47,0
C103100,26,31.86,907.29,Month-to-month,None,Yes,2,0,3.14,1
C103101,9,28.91,284.57,One year,None,Yes,1,0,4.44,0
C103102,1,125.09,118.51,One year,Fiber optic,Yes,2,0,2.92,0
C103103,32,61.86,1977.32,Month-to-month,DSL,No,0,0,3.6,0
C103104,51,66.26,3320.93,Month-to-month,Fiber optic,Yes,1,0,4.85,0
C103105,22,111.14,2524.69,Two year,Fiber optic,Yes,1,1,2.41,0
C103106,62,94.73,5846.55,Month-to-month,Fiber optic,Yes,2,1,2.97,0
C103107,26,95.61,2455.01,One year,DSL,Yes,0,1,4.37,0
C103108,65,39.62,2781.33,Month-to-month,None,No,1,1,3.86,0
C103109,17,66.62,1138.67,Month-to-month,DSL,Yes,1,0,4.23,0
C103110,39,94.0,3691.04,Month-to-month,DSL,No,2,1,2.3,0
C103111,55,20.0,1125.0,Two year,None,No,1,1,3.7,0
C103112,4,78.88,327.25,Month-to-month,Fiber optic,No,1,1,3.23,0
C103113,67,73.14,5084.18,One year,Fiber optic,No,2,2,5.0,0
C103114,26,50.29,1419.16,One year,Fiber optic,Yes,1,0,4.16,0
C103115,36,53.59,1792.83,Month-to-month,None,Yes,4,1,3.07,0
C103116,45,56.41,2583.75,Month-to-month,DSL,Yes,2,0,3.63,0
C103117,46,107.2,4903.43,Month-to-month,Fiber optic,No,0,2,3.53,0
C103118,1,74.39,73.16,Month-to-month,DSL,Yes,1,0,4.08,0
C103119,63,78.54,5154.24,One year,DSL,Yes,1,0,2.86,0
C103120,45,83.35,4018.22,Month-to-month,Fiber optic,Yes,0,1,4.63,0
C103121,72,77.48,5397.0,Month-to-month,Fiber optic,Yes,3,0,2.26,0
C103122,34,66.71,2478.58,One year,DSL,No,0,0,3.81,0
C103123,44,109.46,4437.01,One year,Fiber optic,Yes,0,1,2.93,0
C103124,32,91.04,3007.86,Month-to-month,Fiber optic,Yes,1,1,3.48,0
C103125,64,78.66,4787.62,Month-to-month,Fiber optic,Yes,1,1,4.22,0
C103126,60,67.22,3890.84,Month-to-month,Fiber optic,No,3,2,1.79,0
C103127,66,95.88,6348.99,One year,Fiber optic,Yes,0,0,3.52,1
C103128,36,81.47,2868.59,Month-to-month,Fiber optic,Yes,1,1,2.33,1
C103129,57,88.64,4256.81,Month-to-month,Fiber optic,No,1,2,3.15,0
C103130,26,87.46,2350.44,Month-to-month,Fiber optic,Yes,2,0,2.28,1
C103131,33,81.56,2806.91,One year,Fiber optic,No,0,0,3.78,0
C103132,55,72.58,3956.54,One year,DSL,Yes,1,1,3.12,0
C103133,5,75.54,372.72,Month-to-month,DSL,No,2,1,3.91,0
C103134,51,104.34,5212.2,Two year,DSL,Yes,1,1,4.41,0
C103135,1,106.4,96.38,Two year,Fiber optic,Yes,0,0,3.66,0
C103136,42,65.28,2467.72,Month-to-month,None,No,1,0,4.23,0
C103137,34,76.45,2714.19,One year,Fiber optic,Yes,1,0,4.61,0
C103138,34,59.58,2144.34,Month-to-month,Fiber optic,No,1,0,2.81,0
C103139,36,91.73,3410.68,Two year,Fiber optic,Yes,2,1,4.45,1
C103140,35,108.3,3869.57,Month-to-month,Fiber optic,Yes,1,0,3.5,0
C103141,29,105.32,3185.77,Month-to-month,Fiber optic,Yes,2,1,2.57,1
C103142,32,115.02,3825.61,Month-to-month,Fiber optic,Yes,3,0,3.52,0
C103143,41,41.81,1640.18,Month-to-month,Fiber optic,No,3,0,3.23,0
C103144,55,90.81,5055.66,One year,DSL,Yes,0,0,2.55,0
C103145,40,98.37,3870.73,Month-to-month,Fiber optic,Yes,0,0,2.79,1
C103146,46,62.66,2837.52,Month-to-month,Fiber optic,Yes,0,0,4.93,0
C103147,61,105.75,6855.28,Month-to-month,Fiber optic,Yes,2,0,3.63,0
C103148,72,40.22,3146.64,Two year,None,Yes,2,1,4.49,0
C103149,7,97.24,592.84,One year,Fiber optic,No,1,0,3.21,1
C103150,52,110.98,5690.0,Month-to-month,Fiber optic,Yes,0,0,3.02,0
C103151,16,75.18,1182.54,Month-to-month,DSL,Yes,2,1,2.02,1
C103152,14,64.02,953.54,Month-to-month,Fiber optic,Yes,2,2,4.01,1
C103153,57,89.28,4683.01,Two year,Fiber optic,Yes,1,1,3.77,0
C103154,5,20.0,83.56,One year,None,Yes,0,2,3.17,0
C103155,61,102.33,6523.97,One year,Fiber optic,No,0,1,2.95,0
C103156,56,91.56,5398.91,Two year,DSL,No,1,1,4.33,0
C103157,72,66.41,4312.36,Month-to-month,Fiber optic,No,2,1,3.19,0
C103158,48,24.24,1155.56,One year,None,Yes,0,0,3.52,0
C103159,63,75.23,5138.37,Month-to-month,Fiber optic,Yes,3,1,2.74,1
C103160,8,81.38,612.44,Month-to-month,Fiber optic,No,1,0,3.21,1
C103161,64,97.84,6296.56,Month-to-month,Fiber optic,No,4,0,3.6,1
C103162,11,81.58,922.45,Month-to-month,Fiber optic,No,0,2,2.39,0
C103163,22,79.4,1609.64,Two year,DSL,Yes,0,1,3.63,0
C103164,9,85.24,743.37,Month-to-month,DSL,No,1,1,4.2,0
C103165,29,110.93,2917.8,One year,Fiber optic,No,1,0,3.46,0
C103166,54,20.0,1070.23,One year,None,No,2,1,4.15,0
C103167,19,61.33,1114.58,One year,None,No,2,0,4.46,0
C103168,60,92.86,5635.24,Two year,DSL,No,2,1,4.03,0
C103169,44,96.5,4394.25,Month-to-month,DSL,Yes,3,2,2.71,1
C103170,45,62.0,3003.09,Month-to-month,DSL,No,3,2,3.1,0
C103171,68,75.71,5808.68,Month-to-month,Fiber optic,No,0,3,3.68,1
C103172,31,71.3,2235.55,Month-to-month,Fiber optic,No,3,0,2.92,1
C103173,25,20.0,491.29,Two year,None,No,4,0,2.78,0
C103174,72,67.22,4740.11,Month-to-month,DSL,Yes,2,3,2.73,1
C103175,40,108.11,4094.91,Month-to-month,Fiber optic,Yes,0,1,5.0,0
C103176,44,116.82,5266.78,Month-to-month,Fiber optic,Yes,1,0,3.32,1
C103177,21,55.77,1139.29,Month-to-month,DSL,No,3,1,4.04,0
C103178,15,34.26,528.54,One year,None,No,1,2,2.69,0
C103179,12,88.02,1002.04,Month-to-month,Fiber optic,No,1,1,4.78,0
C103180,16,52.93,825.17,One year,DSL,No,2,2,2.95,0
C103181,14,80.98,1160.68,One year,DSL,Yes,1,1,3.49,0
C103182,54,43.89,2353.78,One year,None,Yes,0,0,2.22,0
C103183,4,92.69,331.6,Month-to-month,Fiber optic,No,1,0,4.4,1
C103184,45,96.81,4352.81,One year,Fiber optic,No,0,2,4.53,0
C103185,69,101.69,6707.19,Month-to-month,Fiber optic,No,4,3,2.0,0
C103186,55,101.5,5945.24,Month-to-month,Fiber optic,No,2,0,4.33,0
C103187,29,74.07,2262.76,One year,Fiber optic,No,1,1,2.41,0
C103188,4,54.03,188.98,One year,None,Yes,0,0,4.14,0
C103189,60,69.85,4375.75,Month-to-month,DSL,No,1,2,3.15,1
C103190,0,83.74,85.53,Two year,Fiber optic,Yes,1,2,4.41,1
C103191,49,71.45,3215.29,Month-to-month,DSL,Yes,1,0,3.72,0
C103192,48,73.55,3700.95,One year,DSL,Yes,1,0,4.26,0
C103193,14,112.55,1464.78,Two year,Fiber optic,Yes,1,1,4.42,0
C103194,54,20.0,1148.04,Month-to-month,None,Yes,1,0,3.3,0
C103195,12,90.17,1043.58,One year,DSL,No,2,0,3.39,0
C103196,16,92.44,1355.55,One year,Fiber optic,Yes,1,0,2.66,0
C103197,59,82.38,5427.34,One year,Fiber optic,Yes,3,1,2.98,0
C103198,71,56.8,3689.82,One year,DSL,Yes,1,2,4.87,0
C103199,19,72.97,1324.97,One year,Fiber optic,Yes,1,1,4.04,0
C103200,67,20.0,1295.05,Month-to-month,None,No,1,0,2.72,0
C103201,66,79.87,5139.31,One year,DSL,Yes,3,0,4.56,0
C103202,56,104.64,6085.05,Month-to-month,DSL,Yes,4,0,3.47,0
C103203,10,20.0,200.64,Two year,None,No,3,1,3.86,0
C103204,21,46.94,1040.19,Month-to-month,DSL,No,0,0,4.03,0
C103205,49,79.28,3964.18,Month-to-month,DSL,No,1,3,3.62,0
C103206,72,34.13,2231.25,Two year,None,No,2,1,1.77,0
C103207,59,52.85,3212.45,Month-to-month,None,Yes,0,1,4.43,0
C103208,30,88.07,2676.08,Month-to-month,Fiber optic,No,1,1,1.69,0
C103209,17,80.97,1329.2,One year,Fiber optic,Yes,3,1,4.0,1
C103210,70,32.71,2550.85,Month-to-month,None,Yes,1,0,3.61,0
C103211,20,46.74,966.08,Month-to-month,Fiber optic,Yes,1,1,4.1,0
C103212,24,68.27,1723.35,Month-to-month,Fiber optic,No,2,0,3.53,0
C103213,70,110.02,8115.05,Month-to-month,Fiber optic,Yes,2,0,4.22,0
C103214,41,114.65,4592.05,Month-to-month,Fiber optic,Yes,1,0,3.54,0
C103215,19,118.72,2334.26,Month-to-month,Fiber optic,Yes,2,0,3.63,1
C103216,0,98.38,100.09,Month-to-month,Fiber optic,No,1,1,3.77,1
C103217,31,49.13,1476.37,Month-to-month,Fiber optic,Yes,3,4,4.44,0
C103218,71,79.93,5293.74,Month-to-month,Fiber optic,Yes,0,0,4.12,0
C103219,31,117.17,3637.11,One year,Fiber optic,Yes,2,1,2.3,0
C103220,51,120.84,6361.78,One year,Fiber optic,No,4,0,2.73,0
C103221,18,117.89,2123.92,Month-to-month,Fiber optic,Yes,0,1,4.04,0
C103222,56,85.51,4740.54,Month-to-month,Fiber optic,No,3,2,4.11,0
C103223,56,42.18,2365.63,Two year,DSL,Yes,1,0,2.97,0
C103224,44,66.23,2868.12,One year,DSL,Yes,0,0,5.0,0
C103225,56,67.28,4088.73,Month-to-month,DSL,Yes,4,0,3.31,0
C103226,42,121.75,5189.5,Month-to-month,Fiber optic,Yes,0,0,3.98,0
C103227,27,96.33,2531.32,Month-to-month,Fiber optic,Yes,0,0,2.67,0
C103228,53,67.32,3213.16,One year,DSL,Yes,0,1,4.44,0
C103229,60,91.4,5424.52,Two year,Fiber optic,No,1,1,3.1,0
C103230,61,74.6,4406.23,Two year,DSL,Yes,1,0,2.95,0
C103231,15,78.9,1143.54,Month-to-month,DSL,Yes,1,1,3.2,0
C103232,49,78.23,4032.0,Month-to-month,Fiber optic,Yes,3,0,4.37,0
C103233,0,71.91,72.23,Month-to-month,Fiber optic,Yes,2,1,3.69,0
C103234,41,118.04,4391.81,Month-to-month,Fiber optic,Yes,0,0,2.96,0
C103235,41,60.82,2578.49,Month-to-month,Fiber optic,Yes,3,0,2.88,0
C103236,26,68.12,1617.01,One year,None,Yes,1,0,4.63,0
C103237,72,30.7,2294.69,Month-to-month,DSL,Yes,1,1,3.27,0
C103238,64,78.89,4917.04,Two year,Fiber optic,No,1,1,3.89,0
C103239,2,108.47,217.98,Month-to-month,Fiber optic,No,0,0,4.28,0
C103240,15,65.01,973.81,Month-to-month,DSL,No,1,0,1.0,0
C103241,15,20.0,297.56,Two year,None,Yes,0,1,4.56,0
C103242,65,98.1,6449.98,One year,Fiber optic,No,3,2,2.47,0
C103243,37,38.27,1422.37,Month-to-month,None,Yes,2,0,3.13,0
C103244,53,87.9,5137.78,One year,Fiber optic,Yes,0,1,4.77,0
C103245,59,78.15,4667.64,Month-to-month,Fiber optic,No,0,0,4.78,0
C103246,56,66.34,3765.55,Month-to-month,DSL,Yes,2,2,3.63,1
C103247,6,25.94,149.57,Month-to-month,None,Yes,2,0,3.98,1
C103248,10,136.26,1391.15,Month-to-month,Fiber optic,No,2,0,4.17,0
C103249,28,60.44,1597.05,One year,DSL,No,1,0,4.65,0
C103250,24,59.9,1528.54,Month-to-month,DSL,Yes,1,1,4.66,0
C103251,54,81.71,4052.12,One year,Fiber optic,Yes,1,1,3.53,0
C103252,11,100.76,1056.93,One year,DSL,Yes,2,0,2.83,0
C103253,27,58.86,1446.82,Month-to-month,Fiber optic,No,2,0,3.21,0
C103254,17,98.83,1718.89,Month-to-month,Fiber optic,Yes,0,1,3.67,1
C103255,13,62.45,792.92,Month-to-month,DSL,Yes,0,3,3.37,0
C103256,12,64.96,808.93,One year,Fiber optic,Yes,3,1,2.42,0
C103257,14,49.44,655.02,One year,DSL,No,2,0,3.75,0
C103258,41,41.02,1730.98,One year,None,No,0,1,2.35,0
C103259,29,20.58,615.85,Month-to-month,None,Yes,1,0,3.6,0
C103260,31,69.93,2193.08,Month-to-month,DSL,No,1,0,3.65,0
C103261,34,124.85,4252.11,Month-to-month,Fiber optic,Yes,4,1,3.18,1
C103262,54,93.24,5072.95,Month-to-month,Fiber optic,No,0,0,4.31,0
C103263,62,20.0,1177.89,One year,None,Yes,0,1,4.13,0
C103264,38,75.91,2713.99,Month-to-month,Fiber optic,Yes,2,0,5.0,0
C103265,46,86.58,4101.81,Month-to-month,Fiber optic,Yes,1,1,3.05,0
C103266,53,28.31,1470.0,Month-to-month,None,No,1,2,3.59,0
C103267,50,67.89,3479.15,Month-to-month,DSL,No,1,0,3.7,0
C103268,9,97.94,956.65,One year,Fiber optic,Yes,2,1,3.46,0
C103269,71,99.88,6913.17,Month-to-month,DSL,Yes,0,2,2.5,0
C103270,12,91.93,1066.75,Two year,Fiber optic,Yes,1,0,2.61,0
C103271,30,70.11,2065.79,Two year,Fiber optic,Yes,0,0,3.66,0
C103272,47,58.92,2775.18,Two year,None,Yes,0,0,2.42,1
C103273,29,116.0,3477.63,One year,Fiber optic,Yes,0,0,3.39,0
C103274,17,69.42,1178.3,One year,DSL,No,1,4,2.7,0
C103275,67,85.32,6369.94,One year,Fiber optic,No,1,1,3.22,0
C103276,5,101.83,520.94,Month-to-month,Fiber optic,No,0,3,4.29,0
C103277,17,87.99,1560.07,Month-to-month,Fiber optic,Yes,0,0,2.81,1
C103278,72,52.94,3803.95,One year,Fiber optic,Yes,3,0,3.97,0
C103279,53,77.71,4347.83,Month-to-month,DSL,Yes,1,0,3.08,0
C103280,6,108.95,646.32,Month-to-month,Fiber optic,Yes,0,0,3.3,0
C103281,55,92.38,4900.87,Two year,DSL,No,1,0,3.89,0
C103282,70,51.12,3756.58,Month-to-month,DSL,No,1,1,3.24,0
C103283,7,41.3,288.19,Month-to-month,None,Yes,2,2,2.55,1
C103284,30,96.71,2940.44,One year,Fiber optic,Yes,1,1,3.16,0
C103285,34,66.62,2387.4,Month-to-month,DSL,No,1,1,2.06,0
C103286,9,69.18,627.38,Two year,DSL,Yes,0,1,3.87,0
C103287,14,37.71,523.61,Month-to-month,None,Yes,2,0,1.0,1
C103288,12,69.02,803.85,Two year,DSL,No,1,0,4.22,0
C103289,13,81.07,1115.45,One year,DSL,Yes,1,1,3.93,0
C103290,29,90.19,2566.35,Month-to-month,DSL,Yes,1,1,4.7,0
C103291,33,50.63,1666.09,Month-to-month,DSL,No,1,0,5.0,0
C103292,17,61.73,1065.97,Month-to-month,DSL,No,1,1,4.18,0
C103293,21,28.97,617.83,Month-to-month,None,Yes,0,0,3.16,0
C103294,14,56.25,831.41,Month-to-month,DSL,Yes,1,0,5.0,0
C103295,58,59.3,3426.19,Two year,Fiber optic,No,2,0,2.48,0
C103296,15,92.46,1491.89,Month-to-month,Fiber optic,Yes,1,0,2.05,0
C103297,66,101.11,6581.96,Two year,Fiber optic,Yes,0,1,5.0,0
C103298,39,89.05,3543.77,Month-to-month,Fiber optic,Yes,3,0,3.76,0
C103299,58,89.83,5157.48,Two year,Fiber optic,No,1,0,2.07,0
C103300,46,99.95,5127.0,Month-to-month,Fiber optic,Yes,0,1,2.51,0
C103301,19,118.81,2213.86,Month-to-month,Fiber optic,Yes,1,0,3.96,0
C103302,43,84.02,3561.16,Month-to-month,Fiber optic,Yes,0,0,2.97,0
C103303,20,69.74,1403.6,Month-to-month,Fiber optic,Yes,2,1,2.76,1
C103304,8,88.28,695.88,One year,Fiber optic,No,2,0,4.94,0
C103305,18,102.79,1882.22,Month-to-month,DSL,Yes,2,0,5.0,0
C103306,20,69.94,1493.36,Month-to-month,Fiber optic,Yes,1,1,3.56,0
C103307,9,102.35,928.61,Month-to-month,Fiber optic,No,1,0,3.41,0
C103308,1,89.0,89.9,One year,DSL,Yes,0,1,4.27,0
C103309,68,20.0,1342.86,Month-to-month,None,Yes,1,0,3.09,0
C103310,37,74.79,2690.36,Month-to-month,DSL,Yes,0,1,1.83,0
C103311,29,76.46,2229.11,Month-to-month,DSL,No,1,0,1.38,0
C103312,67,29.92,2005.48,Month-to-month,None,No,1,0,3.47,1
C103313,16,52.72,897.95,Month-to-month,DSL,No,1,0,4.22,0
C103314,29,80.78,2219.05,Two year,Fiber optic,Yes,3,0,3.3,0
C103315,61,85.76,5649.87,Month-to-month,Fiber optic,Yes,2,0,4.04,0
C103316,46,31.26,1426.35,One year,None,Yes,3,0,4.0,0
C103317,29,80.68,2358.83,Month-to-month,Fiber optic,No,1,0,4.61,0
C103318,18,85.45,1448.02,Month-to-month,Fiber optic,Yes,3,0,3.44,0
C103319,2,112.63,232.22,Month-to-month,Fiber optic,No,4,0,3.39,1
C103320,6,66.93,380.37,Month-to-month,Fiber optic,No,2,1,3.3,0
C103321,11,20.0,224.52,Month-to-month,None,Yes,0,2,3.29,1
C103322,57,114.93,6650.35,Month-to-month,Fiber optic,Yes,2,0,2.18,0
C103323,46,88.35,3991.32,Month-to-month,Fiber optic,Yes,1,1,4.36,0
C103324,31,29.62,813.92,Two year,None,Yes,1,2,3.07,0
C103325,57,87.89,5605.06,Month-to-month,Fiber optic,No,1,2,3.03,0
C103326,11,70.98,735.51,Month-to-month,DSL,Yes,1,0,3.11,0
C103327,15,55.04,837.98,Month-to-month,DSL,No,4,0,2.12,1
C103328,28,101.61,2730.88,Month-to-month,Fiber optic,Yes,0,1,3.5,0
C103329,66,48.72,3400.86,One year,DSL,Yes,0,0,4.05,0
C103330,44,84.27,3630.49,Month-to-month,Fiber optic,No,0,0,3.1,0
C103331,62,47.92,2848.16,One year,Fiber optic,No,0,0,4.46,0
C103332,18,114.27,2124.19,Month-to-month,Fiber optic,Yes,2,1,3.04,1
C103333,61,61.65,3497.56,Month-to-month,DSL,No,3,2,1.93,0
C103334,5,102.73,501.97,Two year,Fiber optic,No,3,2,4.2,0
C103335,16,99.05,1644.96,Month-to-month,Fiber optic,No,2,3,3.32,1
C103336,38,75.45,3104.71,One year,DSL,No,1,1,4.12,0
C103337,3,91.85,260.96,Month-to-month,Fiber optic,Yes,1,1,4.14,0
C103338,62,99.38,5954.31,Two year,Fiber optic,Yes,2,0,2.67,0
C103339,63,71.74,4607.15,Month-to-month,Fiber optic,No,1,0,3.12,0
C103340,39,69.75,2421.41,Month-to-month,Fiber optic,Yes,4,0,3.98,1
C103341,22,65.08,1538.67,One year,DSL,Yes,2,0,4.84,0
C103342,7,24.08,159.29,Month-to-month,None,Yes,1,0,3.58,0
C103343,45,119.08,5229.69,Month-to-month,Fiber optic,Yes,1,0,3.04,1
C103344,39,74.13,2932.55,Two year,DSL,Yes,1,0,4.84,0
C103345,55,78.39,4323.6,Month-to-month,Fiber optic,Yes,2,1,2.84,0
C103346,43,86.84,3536.22,One year,Fiber optic,Yes,0,1,3.83,0
C103347,9,94.53,931.32,One year,Fiber optic,Yes,1,0,3.2,0
C103348,8,88.71,609.17,One year,Fiber optic,No,0,0,3.86,0
C103349,57,97.16,5196.36,Two year,Fiber optic,Yes,1,0,2.79,1
C103350,11,93.3,990.36,One year,Fiber optic,Yes,1,0,3.24,0
C103351,68,40.58,2615.3,Month-to-month,DSL,Yes,0,0,3.16,1
C103352,7,26.13,195.18,Month-to-month,DSL,Yes,2,0,3.93,0
C103353,53,29.9,1440.16,One year,None,Yes,1,1,3.58,0
C103354,71,102.65,7912.46,One year,Fiber optic,Yes,2,0,4.1,1
C103355,32,83.11,2618.84,Month-to-month,Fiber optic,No,0,1,2.93,0
C103356,4,88.49,327.47,Month-to-month,DSL,No,3,0,3.13,0
C103357,63,91.11,5076.68,Month-to-month,Fiber optic,Yes,2,0,3.9,0
C103358,13,92.79,1192.0,Month-to-month,DSL,Yes,1,1,4.12,1
C103359,38,88.89,3247.41,Two year,DSL,Yes,2,1,2.2,0
C103360,71,86.97,6255.19,Month-to-month,DSL,Yes,2,0,3.66,1
C103361,54,69.13,3640.51,One year,Fiber optic,Yes,1,1,2.82,0
C103362,3,90.33,285.24,One year,Fiber optic,No,0,2,4.2,0
C103363,59,90.23,5281.85,Two year,DSL,Yes,1,1,4.9,0
C103364,11,70.17,753.87,Month-to-month,DSL,No,3,0,1.25,0
C103365,54,102.53,5832.99,Two year,Fiber optic,Yes,1,0,3.02,0
C103366,45,65.63,2990.41,One year,Fiber optic,Yes,0,0,3.86,0
C103367,21,126.46,2768.8,One year,Fiber optic,No,3,1,3.21,0
C103368,30,51.96,1657.28,Month-to-month,DSL,Yes,3,1,3.94,0
C103369,8,54.11,425.89,Month-to-month,Fiber optic,Yes,2,0,3.47,0
C103370,72,30.33,2188.35,One year,None,Yes,2,0,3.0,0
C103371,17,43.5,773.82,Month-to-month,Fiber optic,No,0,1,2.77,0
C103372,22,46.38,882.83,Month-to-month,DSL,Yes,0,0,2.72,0
C103373,36,138.61,4962.03,Month-to-month,Fiber optic,No,1,1,2.87,1
C103374,49,57.78,2796.2,Month-to-month,DSL,No,0,1,3.13,0
C103375,36,37.87,1391.37,Month-to-month,DSL,No,2,0,3.71,0
C103376,36,67.48,2322.24,Month-to-month,DSL,Yes,3,1,3.09,0
C103377,42,20.0,890.61,Month-to-month,None,No,3,0,2.78,0
C103378,62,108.43,6449.87,Two year,Fiber optic,Yes,0,1,2.78,0
C103379,28,20.0,545.86,Two year,None,No,0,0,3.1,0
C103380,60,97.14,5615.42,Month-to-month,Fiber optic,Yes,2,0,2.97,0
C103381,57,70.21,4272.68,Month-to-month,Fiber optic,Yes,1,1,2.87,0
C103382,70,116.38,7212.13,Month-to-month,DSL,Yes,1,2,3.9,0
C103383,66,99.57,7217.47,Month-to-month,Fiber optic,No,2,0,4.48,1
C103384,58,62.24,3902.45,Two year,DSL,No,1,1,2.53,0
C103385,18,86.43,1507.41,Month-to-month,Fiber optic,Yes,2,3,4.04,1
C103386,56,56.48,3341.52,Month-to-month,DSL,Yes,0,1,4.11,0
C103387,53,75.54,4032.27,Month-to-month,Fiber optic,No,0,0,3.79,0
C103388,21,75.02,1718.64,Month-to-month,Fiber optic,No,2,1,4.52,0
C103389,49,96.89,4995.84,Two year,DSL,No,1,0,3.4,0
C103390,18,56.5,1139.67,One year,DSL,Yes,1,2,3.68,0
C103391,38,20.0,694.7,One year,None,No,1,0,3.63,0
C103392,58,42.85,2511.46,Month-to-month,DSL,No,1,1,3.49,0
C103393,13,84.63,995.86,Two year,DSL,Yes,1,1,3.81,0
C103394,24,62.21,1450.44,Month-to-month,DSL,Yes,2,0,3.45,0
C103395,58,89.45,5830.03,Two year,Fiber optic,Yes,0,1,3.93,0
C103396,33,114.23,3866.66,Two year,Fiber optic,Yes,1,0,3.01,0
C103397,70,50.23,3706.5,Month-to-month,DSL,No,0,1,3.07,0
C103398,0,104.02,106.96,Two year,Fiber optic,Yes,0,0,3.12,0
C103399,52,79.31,4226.3,Month-to-month,Fiber optic,Yes,2,1,3.05,0
C103400,59,77.94,4466.35,One year,DSL,Yes,1,0,4.32,0
C103401,67,27.57,1775.2,Month-to-month,None,No,0,1,3.21,0
C103402,11,30.41,324.41,Month-to-month,None,No,3,0,3.8,0
C103403,71,82.58,4982.7,Month-to-month,DSL,Yes,0,0,3.86,0
C103404,28,79.21,2207.87,Month-to-month,DSL,No,2,1,2.99,0
C103405,25,63.86,1617.56,Month-to-month,DSL,Yes,0,1,4.59,0
C103406,25,56.04,1353.29,Month-to-month,DSL,No,1,2,3.94,0
C103407,46,120.38,5497.68,One year,Fiber optic,No,2,1,3.33,0
C103408,48,103.2,5096.65,Month-to-month,Fiber optic,Yes,2,0,3.35,0
C103409,34,82.57,2944.0,Month-to-month,Fiber optic,No,2,0,3.48,0
C103410,5,54.59,254.97,Two year,DSL,Yes,1,0,2.34,0
C103411,72,84.47,5815.99,Two year,DSL,No,1,0,2.89,0
C103412,16,39.19,653.01,Month-to-month,None,Yes,0,1,3.93,0
C103413,6,31.89,197.54,Month-to-month,None,No,0,2,2.26,0
C103414,43,69.18,3194.7,One year,DSL,Yes,0,0,3.07,0
C103415,30,98.42,3164.19,One year,Fiber optic,Yes,3,1,2.9,0
C103416,44,90.92,4531.82,Month-to-month,Fiber optic,Yes,5,0,5.0,0
C103417,63,112.87,6996.31,One year,Fiber optic,No,1,1,3.98,0
C103418,7,115.93,881.97,Month-to-month,Fiber optic,Yes,2,0,4.27,0
C103419,20,45.11,856.55,Month-to-month,None,No,0,0,3.02,0
C103420,37,93.12,3899.11,One year,DSL,Yes,1,0,3.81,0
C103421,57,65.16,3807.0,One year,DSL,No,0,0,2.28,0
C103422,43,50.12,2219.41,Two year,None,Yes,1,0,3.27,0
C103423,27,86.08,2450.7,Month-to-month,DSL,Yes,1,1,3.84,0
C103424,44,84.36,3435.14,Month-to-month,DSL,No,0,0,2.54,0
C103425,71,109.4,7308.26,Month-to-month,Fiber optic,Yes,1,2,3.68,0
C103426,35,103.99,3662.81,Month-to-month,Fiber optic,Yes,2,2,3.62,0
C103427,64,127.19,8294.94,Month-to-month,Fiber optic,No,0,0,3.18,0
C103428,56,81.75,5102.37,Month-to-month,Fiber optic,Yes,0,1,2.92,0
C103429,21,89.05,1772.42,Month-to-month,Fiber optic,Yes,1,0,2.97,0
C103430,18,62.92,1228.5,One year,DSL,Yes,1,2,3.1,0
C103431,56,83.01,4580.66,Month-to-month,Fiber optic,No,0,0,3.4,0
C103432,15,52.21,771.11,Month-to-month,Fiber optic,No,0,0,4.05,0
C103433,24,61.12,1453.66,One year,None,No,0,3,2.99,0
C103434,17,45.51,760.68,Month-to-month,DSL,No,0,1,4.82,0
C103435,44,70.23,3172.81,Two year,DSL,Yes,1,0,4.77,0
C103436,21,64.98,1334.94,Month-to-month,Fiber optic,Yes,1,1,3.63,0
C103437,48,78.79,3488.54,Month-to-month,DSL,Yes,2,1,3.06,0
C103438,68,52.08,3489.28,Two year,DSL,Yes,1,1,3.03,0
C103439,60,70.42,4331.32,One year,Fiber optic,Yes,4,0,3.42,0
C103440,69,93.69,5966.01,One year,Fiber optic,No,1,2,3.75,0
C103441,1,53.69,55.41,One year,DSL,Yes,1,0,3.37,0
C103442,33,56.09,1971.15,Month-to-month,DSL,Yes,1,1,3.14,1
C103443,16,70.26,1215.66,One year,DSL,Yes,1,0,3.81,0
C103444,67,107.2,7315.79,Two year,Fiber optic,Yes,2,0,3.46,0
C103445,51,76.45,3511.96,Two year,Fiber optic,Yes,0,0,3.2,0
C103446,23,48.17,1147.37,Month-to-month,DSL,Yes,1,0,3.62,0
C103447,41,67.45,2912.56,Month-to-month,DSL,Yes,2,0,2.94,0
C103448,44,77.25,3268.79,One year,DSL,Yes,0,0,3.06,0
C103449,36,92.79,3327.09,Month-to-month,DSL,No,0,1,3.57,0
C103450,34,44.64,1558.13,Month-to-month,DSL,No,1,2,2.92,0
C103451,4,83.96,368.85,Month-to-month,Fiber optic,No,0,1,3.0,0
C103452,33,87.34,2841.66,Month-to-month,DSL,No,2,0,4.23,0
C103453,25,102.49,2687.85,Month-to-month,DSL,No,1,1,3.14,1
C103454,59,73.13,4389.73,Month-to-month,Fiber optic,Yes,1,0,4.97,0
C103455,63,75.96,4837.97,Month-to-month,Fiber optic,No,0,2,3.98,0
C103456,54,74.24,4302.32,Month-to-month,DSL,Yes,0,0,3.01,0
C103457,2,56.02,106.92,Two year,DSL,Yes,0,2,4.39,0
C103458,61,52.57,3247.41,Month-to-month,DSL,Yes,0,1,3.01,0
C103459,28,71.64,2008.92,Month-to-month,DSL,Yes,5,0,4.59,0
C103460,30,119.44,3286.22,Month-to-month,Fiber optic,No,1,2,3.55,0
C103461,68,42.12,3058.33,Month-to-month,DSL,Yes,0,1,3.99,0
C103462,63,118.47,7803.92,Two year,Fiber optic,No,3,0,3.31,0
C103463,3,79.08,237.68,Two year,Fiber optic,No,1,1,3.66,0
C103464,26,73.57,1885.32,Month-to-month,DSL,Yes,2,0,3.23,0
C103465,54,97.23,5250.48,Month-to-month,DSL,Yes,3,0,2.57,0
C103466,39,73.18,2965.06,Month-to-month,DSL,Yes,0,0,3.91,0
C103467,18,61.35,1107.51,Month-to-month,DSL,Yes,3,1,4.01,0
C103468,38,103.65,3794.1,Month-to-month,Fiber optic,No,0,0,2.72,0
C103469,63,61.71,3777.17,Month-to-month,DSL,No,3,2,4.33,0
C103470,16,99.91,1597.49,Month-to-month,Fiber optic,No,1,3,3.76,0
C103471,54,88.11,4513.89,One year,Fiber optic,Yes,1,0,3.19,0
C103472,53,106.36,5740.42,Month-to-month,Fiber optic,No,1,0,3.18,0
C103473,64,63.51,3887.36,Month-to-month,Fiber optic,No,0,2,4.94,0
C103474,21,72.74,1447.36,Month-to-month,Fiber optic,Yes,1,1,4.18,0
C103475,15,20.0,352.69,Month-to-month,None,Yes,0,0,4.54,0
C103476,39,35.93,1550.77,Month-to-month,None,Yes,1,0,3.33,0
C103477,38,37.94,1453.13,Month-to-month,DSL,Yes,4,0,3.6,0
C103478,29,51.86,1574.33,Month-to-month,DSL,No,1,0,3.8,0
C103479,56,70.96,4196.9,Month-to-month,Fiber optic,Yes,0,1,3.43,0
C103480,58,95.11,5493.49,One year,DSL,Yes,1,0,3.62,0
C103481,17,71.18,1228.88,Two year,Fiber optic,No,1,1,4.32,1
C103482,58,67.56,3861.98,Month-to-month,Fiber optic,Yes,1,0,4.78,0
C103483,16,96.72,1654.39,Month-to-month,Fiber optic,Yes,3,0,3.09,0
C103484,29,122.05,3786.57,One year,Fiber optic,No,0,0,2.63,0
C103485,1,62.79,68.18,One year,DSL,No,1,1,4.73,0
C103486,24,89.26,2173.58,Month-to-month,Fiber optic,No,1,1,4.74,1
C103487,69,91.52,7067.8,Month-to-month,DSL,Yes,2,0,3.72,1
C103488,32,106.69,3399.74,Month-to-month,Fiber optic,No,2,0,4.81,0
C103489,51,98.08,5565.22,One year,Fiber optic,No,2,0,3.67,1
C103490,7,53.94,367.96,Month-to-month,DSL,No,2,1,2.62,0
C103491,46,100.66,4299.94,Month-to-month,Fiber optic,Yes,2,2,2.23,1
C103492,27,41.15,1234.96,Month-to-month,DSL,Yes,0,0,2.62,0
C103493,54,78.15,4373.38,Month-to-month,Fiber optic,No,3,1,3.21,0
C103494,67,117.2,8076.6,Month-to-month,Fiber optic,No,2,1,2.97,1
C103495,38,116.74,4348.17,One year,Fiber optic,Yes,1,0,3.08,0
C103496,7,100.31,669.53,Month-to-month,Fiber optic,Yes,2,2,3.17,0
C103497,34,20.0,651.94,Month-to-month,None,No,0,1,4.24,0
C103498,8,69.04,556.53,Month-to-month,Fiber optic,Yes,1,1,3.02,0
C103499,32,79.09,2509.97,One year,Fiber optic,Yes,4,0,2.61,0
